trade_id,year,p0_R,early_R,early_exit,exit_bar,premature,saved
1240,2022,0.2614818311640226,0.2614818311640226,False,22,False,False
1241,2022,0.855241179068224,0.855241179068224,False,22,False,False
1242,2022,0.5003903074796645,0.5003903074796645,False,22,False,False
1243,2022,-1.0604318811416018,-0.782375552658833,True,22,False,True
1244,2022,0.7684759502424897,0.7684759502424897,False,34,False,False
1245,2022,0.8129208343907087,0.8129208343907087,False,22,False,False
1246,2022,0.2411626622827101,-0.6172524644075674,True,2,True,False
1247,2022,3.3179328798337138,3.3179328798337138,False,22,False,False
1248,2022,0.21742138027461583,-0.5567192129987867,True,17,True,False
1249,2022,0.39588863542558184,0.39588863542558184,False,22,False,False
1250,2022,0.5374931266669555,0.5374931266669555,False,22,False,False
1251,2022,0.9754758438961466,0.9754758438961466,False,22,False,False
1252,2022,0.17554667389403147,-0.5652963344000528,True,20,True,False
1253,2022,-1.0468072084648061,-0.7390207455299204,True,24,False,True
1254,2022,-1.06109643870921,-0.6873968517391438,True,2,False,True
1255,2022,-1.060840970301443,-0.6240065109135455,True,15,False,True
1256,2022,0.273530860195046,-0.5206929457514796,True,30,True,False
1257,2022,0.4670487616562031,0.4670487616562031,False,52,False,False
1258,2022,0.19080845143634148,0.19080845143634148,False,34,False,False
1259,2022,0.5285799074949881,0.5285799074949881,False,16,False,False
1260,2022,0.8072526795108483,-0.6435211109099784,True,22,True,False
1261,2022,0.735032035210828,0.735032035210828,False,22,False,False
1262,2022,0.6044087667176868,0.6044087667176868,False,1,False,False
1263,2022,0.18036075877129615,-0.7264463788327745,True,19,True,False
1264,2022,0.286053126571259,0.286053126571259,False,22,False,False
1265,2022,0.2870722141218123,0.2870722141218123,False,22,False,False
1266,2022,0.3022728028109483,0.3022728028109483,False,22,False,False
1267,2022,0.254680311515021,0.254680311515021,False,22,False,False
1268,2022,0.20003850127124803,0.20003850127124803,False,22,False,False
1269,2022,-1.051276909711172,-0.8144901060445694,True,30,False,True
1270,2022,-1.0528880486182977,-0.7594332290814212,True,18,False,True
1271,2022,1.6601105565759198,1.6601105565759198,False,22,False,False
1272,2022,0.2385283488224937,0.2385283488224937,False,22,False,False
1273,2022,0.8682177929943021,0.8682177929943021,False,22,False,False
1274,2022,0.4462759706259692,0.4462759706259692,False,22,False,False
1275,2022,0.289612623934048,0.289612623934048,False,22,False,False
1276,2022,-1.060725457541619,-0.5349170712277465,True,44,False,True
1277,2022,0.15174516159834608,0.15174516159834608,False,22,False,False
1278,2022,-1.0630620617153173,-0.647747761995791,True,28,False,True
1279,2022,0.3947619789024669,0.3947619789024669,False,19,False,False
1280,2022,0.3164839114069301,0.3164839114069301,False,34,False,False
1281,2022,0.2816219114684467,0.2816219114684467,False,22,False,False
1282,2022,0.32139708263669137,0.32139708263669137,False,22,False,False
1283,2022,1.37917427443042,1.37917427443042,False,22,False,False
1285,2022,0.6578093178962138,-0.6372152979327653,True,42,True,False
1286,2022,0.6289674203607898,-0.5744145456868992,True,29,True,False
1287,2022,0.8830365312739293,0.8830365312739293,False,34,False,False
1288,2022,1.0378829642442435,1.0378829642442435,False,22,False,False
1289,2022,0.7368808199484979,0.7368808199484979,False,22,False,False
1290,2022,0.26771476954619366,0.26771476954619366,False,58,False,False
1291,2022,0.16814253674264698,0.16814253674264698,False,22,False,False
1292,2022,0.14021514174075642,0.14021514174075642,False,22,False,False
1293,2022,0.4697506454867159,0.4697506454867159,False,22,False,False
1295,2022,0.25353166509882435,0.25353166509882435,False,22,False,False
1296,2022,0.7195600757405158,0.7195600757405158,False,22,False,False
1297,2022,0.5467179692717651,0.5467179692717651,False,22,False,False
1298,2022,-1.059599702678708,-0.5716495558199524,True,2,False,True
1299,2022,0.19920448326694382,0.19920448326694382,False,34,False,False
1300,2022,0.30568694721916057,0.30568694721916057,False,22,False,False
1301,2022,0.17731475274284866,-0.7495833960679777,True,73,True,False
1302,2022,0.24883930610129318,0.24883930610129318,False,34,False,False
1303,2022,0.3580787559044523,0.3580787559044523,False,22,False,False
1304,2022,0.42277609065207994,0.42277609065207994,False,46,False,False
1305,2022,0.22066067825535043,0.22066067825535043,False,22,False,False
1306,2022,0.18990627668240728,-0.6872237177061977,True,22,True,False
1307,2022,0.17482531008747265,0.17482531008747265,False,22,False,False
1308,2022,1.953062839711421,1.953062839711421,False,22,False,False
1309,2022,0.5247715187979707,0.5247715187979707,False,22,False,False
1310,2022,0.1249403451126574,0.1249403451126574,False,22,False,False
1311,2022,1.0715803615621566,1.0715803615621566,False,22,False,False
1312,2022,0.986973994839955,0.986973994839955,False,22,False,False
1314,2022,0.1561292643773817,-0.5622994552952499,True,2,True,False
1315,2022,-1.0629930418945535,-0.8654866483474815,True,21,False,True
1316,2022,1.5121521381481469,-0.6814463631607357,True,22,True,False
1317,2022,1.9338685663280328,1.9338685663280328,False,18,False,False
1318,2022,0.312890847100522,0.312890847100522,False,34,False,False
1319,2022,0.507422639391696,0.507422639391696,False,22,False,False
1320,2022,-1.0555986217970803,-0.5831229170914769,True,2,False,True
1321,2022,-1.053854946367762,-0.6053651594093175,True,29,False,True
1322,2022,-1.054409199306063,-0.5249695288536917,True,49,False,True
1323,2022,0.16945184669712696,0.16945184669712696,False,22,False,False
1324,2022,-1.0555361601508524,-1.0555361601508524,False,27,False,False
1325,2022,-1.0566420762225663,-1.0566420762225663,False,16,False,False
1326,2022,0.16139118386269807,-0.6988762233054654,True,21,True,False
1327,2022,0.35405919391836776,0.35405919391836776,False,58,False,False
1328,2022,0.2583351620850848,0.2583351620850848,False,22,False,False
1329,2022,0.3330689306025967,0.3330689306025967,False,34,False,False
1330,2022,0.5014963609908714,0.5014963609908714,False,22,False,False
1331,2022,0.2534925542058631,0.2534925542058631,False,22,False,False
1332,2022,0.1505010486552422,0.1505010486552422,False,34,False,False
1333,2022,0.6192106732730097,0.6192106732730097,False,22,False,False
1334,2022,0.15585229799295017,0.15585229799295017,False,17,False,False
1335,2022,0.7168761162696781,0.7168761162696781,False,22,False,False
1336,2022,1.9539296752281547,-0.8982471028175327,True,2,True,False
1338,2022,0.2703091408557887,0.2703091408557887,False,34,False,False
1339,2022,0.2730089856239001,0.2730089856239001,False,22,False,False
1340,2022,-1.0523843007228122,-0.6575483084967131,True,18,False,True
1341,2022,-1.0506422455811795,-0.5812416885464956,True,16,False,True
1342,2022,0.2816616497877017,0.2816616497877017,False,22,False,False
1343,2022,0.4879845265912752,0.4879845265912752,False,34,False,False
1344,2022,0.6098143383711094,0.6098143383711094,False,22,False,False
1345,2022,0.44914754644389204,0.44914754644389204,False,22,False,False
1346,2022,0.22596909386158173,0.22596909386158173,False,22,False,False
1347,2022,0.6267154092391529,-0.8101267889115916,True,18,True,False
1348,2022,0.16779041262164437,0.16779041262164437,False,34,False,False
1349,2022,0.4416051442809908,0.4416051442809908,False,34,False,False
1350,2022,0.32571404797773146,0.32571404797773146,False,22,False,False
1351,2022,0.2799205796695095,-0.6525275153459227,True,4,True,False
1352,2022,0.5263837724782072,0.5263837724782072,False,22,False,False
1353,2022,-1.055956548550632,-0.5885537891161318,True,37,False,True
1354,2022,-1.0567880970008916,-0.6096778909628537,True,25,False,True
1355,2022,0.26524213667989216,-0.5484469232374501,True,21,True,False
1356,2022,0.550580578731311,0.550580578731311,False,20,False,False
1357,2022,0.4851497112418936,0.4851497112418936,False,22,False,False
1358,2022,0.1392135247383419,-0.6243654987176613,True,2,True,False
1359,2022,0.47962350749220023,0.47962350749220023,False,46,False,False
1360,2022,0.7939098134918875,0.7939098134918875,False,22,False,False
1361,2022,-1.059500585442271,-0.5723310037352701,True,19,False,True
1362,2022,0.6877078698080042,0.6877078698080042,False,22,False,False
1363,2022,2.4890608233723115,-0.573777768994796,True,5,True,False
1364,2022,0.5272626426334733,-0.6719225259841768,True,2,True,False
1365,2022,0.6352074249228951,0.6352074249228951,False,22,False,False
1366,2022,1.2316813588821391,-0.8524478260378445,True,2,True,False
1368,2022,0.15226051704840338,0.15226051704840338,False,22,False,False
1369,2022,1.1623196773814528,-0.6945871776733258,True,2,True,False
1370,2022,0.35019405288449523,0.35019405288449523,False,22,False,False
1371,2022,0.24010099616770425,0.24010099616770425,False,22,False,False
1372,2022,0.21373939167045003,0.21373939167045003,False,22,False,False
1373,2022,-1.048157317623132,-1.048157317623132,False,57,False,False
1374,2022,0.32854881474407904,0.32854881474407904,False,22,False,False
1375,2022,0.22087527655128092,0.22087527655128092,False,22,False,False
1376,2022,0.33555745541360643,0.33555745541360643,False,22,False,False
1377,2022,0.20957677675980324,0.20957677675980324,False,22,False,False
1378,2022,-1.0579053855457186,-0.9450371843724544,True,36,False,True
1379,2022,0.3495788148762034,0.3495788148762034,False,22,False,False
1380,2022,0.4200987128665828,-0.5136140337282958,True,32,True,False
1381,2022,0.2592610623053171,0.2592610623053171,False,46,False,False
1382,2022,0.5113585417372528,0.5113585417372528,False,34,False,False
1383,2022,0.4289417836434588,0.4289417836434588,False,22,False,False
1384,2022,0.4153922094415353,-0.6473044621455425,True,2,True,False
1385,2022,0.6587184796237413,0.6587184796237413,False,22,False,False
1386,2022,0.6482630352909381,0.6482630352909381,False,46,False,False
1387,2022,0.35755355080267803,0.35755355080267803,False,22,False,False
1388,2022,0.7118919278103847,0.7118919278103847,False,22,False,False
1389,2022,-1.0642171791891941,-0.5814992558097914,True,18,False,True
1390,2022,-1.0627175456968305,-0.5812152776711801,True,20,False,True
1391,2022,-1.0607477144866673,-0.510175260585635,True,42,False,True
1392,2022,0.23034563763140742,0.23034563763140742,False,38,False,False
1393,2022,0.27120314487381675,0.27120314487381675,False,26,False,False
1394,2022,0.6253713943935517,0.6253713943935517,False,22,False,False
1395,2022,0.4932717143609617,0.4932717143609617,False,22,False,False
1396,2022,0.3648948830590928,0.3648948830590928,False,22,False,False
1397,2022,0.4444381950919007,0.4444381950919007,False,22,False,False
1398,2022,0.18920703372021164,-0.5862163481089134,True,5,True,False
1399,2022,0.5816348618254676,0.5816348618254676,False,34,False,False
1400,2022,0.8371812965234718,0.8371812965234718,False,22,False,False
1401,2022,0.3834451750771525,0.3834451750771525,False,22,False,False
1402,2022,3.1850845270579806,3.1850845270579806,False,22,False,False
1403,2022,-1.0649862198409827,-0.5490533634974496,True,31,False,True
1404,2022,0.13845917135894478,0.13845917135894478,False,22,False,False
1405,2022,-1.0631665654799913,-0.7380958110198564,True,24,False,True
1406,2022,0.16873765894844492,-0.6550204779602077,True,18,True,False
1407,2022,0.6878644847209406,0.6878644847209406,False,22,False,False
1408,2022,3.4553169004522566,-0.5673445132338993,True,26,True,False
1409,2022,3.5022545296101057,-0.5802678717222921,True,14,True,False
1410,2022,0.19072160048413925,0.19072160048413925,False,22,False,False
1411,2022,-1.0510833354326785,-0.6041022205235042,True,24,False,True
1412,2022,0.4899052589265072,0.4899052589265072,False,22,False,False
1413,2022,0.24998886146290705,0.24998886146290705,False,22,False,False
1414,2022,0.30584593934319415,0.30584593934319415,False,22,False,False
1415,2022,-1.053133722760903,-0.6867210775878493,True,22,False,True
1416,2022,0.20848640979276417,0.20848640979276417,False,22,False,False
1417,2022,0.17943952139670097,-0.6304140036938898,True,17,True,False
1418,2022,1.1189536688481099,1.1189536688481099,False,34,False,False
1419,2022,0.9406962623795275,0.9406962623795275,False,22,False,False
1420,2022,-1.065837584255786,-0.6447491773599668,True,20,False,True
1421,2022,0.30817470147232745,0.30817470147232745,False,22,False,False
1422,2022,0.19577026786218996,0.19577026786218996,False,22,False,False
1423,2022,0.2879302042632156,0.2879302042632156,False,22,False,False
1424,2022,-1.0673455338024755,-1.0673455338024755,False,30,False,False
1425,2022,-1.0690853926648678,-0.5522777998145082,True,15,False,True
1426,2022,0.7595263822419175,0.7595263822419175,False,22,False,False
1427,2022,0.13866275072769152,0.13866275072769152,False,82,False,False
1428,2022,0.161974131077355,0.161974131077355,False,58,False,False
1429,2022,0.11980654522860858,0.11980654522860858,False,22,False,False
1430,2022,0.3210235894096176,0.3210235894096176,False,46,False,False
1431,2022,0.1594497946202438,0.1594497946202438,False,22,False,False
1432,2022,0.4030429043440662,0.4030429043440662,False,22,False,False
1433,2022,0.1903177563591506,0.1903177563591506,False,58,False,False
1434,2022,-1.0843946308034957,-1.0843946308034957,False,59,False,False
1435,2022,0.15937005848597885,0.15937005848597885,False,22,False,False
1436,2022,0.24647930669951026,0.24647930669951026,False,22,False,False
1437,2022,0.1546881135004391,0.1546881135004391,False,23,False,False
1438,2022,0.5457588045424668,0.5457588045424668,False,11,False,False
1440,2022,0.4509289215820485,-0.5088627522699766,True,27,True,False
1441,2022,0.8129118324917519,0.8129118324917519,False,94,False,False
1442,2022,1.1291467125100108,1.1291467125100108,False,34,False,False
1443,2022,1.2762089125804248,1.2762089125804248,False,22,False,False
1444,2022,0.22837460288624545,0.22837460288624545,False,22,False,False
1445,2022,0.44188821187453264,0.44188821187453264,False,46,False,False
1446,2022,0.6135014491116765,0.6135014491116765,False,34,False,False
1447,2022,0.41026135262614105,0.41026135262614105,False,22,False,False
1448,2022,3.1051700056941867,3.1051700056941867,False,19,False,False
1449,2022,1.020546691913722,1.020546691913722,False,7,False,False
1450,2022,-1.0535666166579876,-1.0535666166579876,False,12,False,False
1451,2022,0.28609426549333905,0.28609426549333905,False,22,False,False
1452,2022,-1.0522689188920769,-0.5341836769698428,True,64,False,True
1453,2022,0.15476115070700402,0.15476115070700402,False,22,False,False
1454,2022,-1.0551869125669422,-0.6124290962714419,True,40,False,True
1455,2022,-1.056048860700399,-0.5953536197568357,True,28,False,True
1456,2022,0.21833760601775862,-0.5494942738869539,True,18,True,False
1457,2022,0.9641615326331814,0.9641615326331814,False,22,False,False
1458,2022,-1.0367527230787208,-0.5645579581985011,True,24,False,True
1459,2022,0.3941228183938394,-0.5221126425917679,True,45,True,False
1460,2022,0.5663474559862912,-0.6252471495891408,True,46,True,False
1461,2022,0.5852252713225505,-0.6347393535436545,True,34,True,False
1462,2022,0.4623724872394576,0.4623724872394576,False,34,False,False
1463,2022,0.7470639129181282,0.7470639129181282,False,22,False,False
1464,2022,-1.0455706059669452,-1.0455706059669452,False,16,False,False
1465,2022,-1.0372905569839233,-0.6545432633895865,True,25,False,True
1466,2022,-1.0375175529389373,-0.6229795716365366,True,16,False,True
1467,2022,1.0984647855147367,1.0984647855147367,False,22,False,False
1468,2022,0.28976083201803254,0.28976083201803254,False,22,False,False
1469,2022,1.8139851339198947,-0.5384917972323103,True,5,True,False
1470,2022,0.24461472652246077,0.24461472652246077,False,22,False,False
1471,2022,0.32708902549532165,0.32708902549532165,False,22,False,False
1472,2022,0.44099874736487005,-0.5390284034927411,True,5,True,False
1473,2022,-1.0435312092236435,-0.6391032755670912,True,49,False,True
1474,2022,-1.0444634114889213,-1.0444634114889213,False,39,False,False
1475,2022,-1.0458062849716934,-1.0458062849716934,False,27,False,False
1476,2022,-1.0464118953801584,-1.0464118953801584,False,15,False,False
1477,2022,0.808333521089046,-0.7264651337137348,True,2,True,False
1478,2022,0.4547399603687605,0.4547399603687605,False,22,False,False
1479,2022,2.0503564760411965,2.0503564760411965,False,22,False,False
1480,2022,0.30423493358877485,0.30423493358877485,False,22,False,False
1481,2022,1.117170874068992,1.117170874068992,False,22,False,False
1482,2022,0.18526770752520083,-0.7057367355766657,True,2,True,False
1483,2022,0.5336239750851985,-0.5743530187103452,True,5,True,False
1484,2022,0.18903637987089822,0.18903637987089822,False,34,False,False
1485,2022,1.0718576038660559,1.0718576038660559,False,22,False,False
1486,2022,-1.0202827060142676,-0.7550893765627112,True,2,False,True
1487,2022,-1.0206709018692108,-0.5539736152238074,True,44,False,True
1488,2022,-1.0216107273538177,-0.5217866596276988,True,23,False,True
1489,2022,1.0773723197705591,-0.661874485530293,True,44,True,False
1490,2022,1.047746139265044,-0.7501097261273746,True,32,True,False
1491,2022,0.30983683109016724,0.30983683109016724,False,22,False,False
1492,2022,0.6188312713734809,0.6188312713734809,False,22,False,False
1493,2022,-1.0332025988998847,-0.7031240967397879,True,20,False,True
1494,2022,-1.0328122934335688,-0.5592780367844824,True,25,False,True
1495,2022,0.3186995855056103,-0.6961646269319686,True,21,True,False
1496,2022,0.1792146205212818,-0.5601558548010396,True,2,True,False
1497,2022,0.40742045179080766,0.40742045179080766,False,22,False,False
1498,2022,0.19743357138488668,0.19743357138488668,False,22,False,False
1499,2022,0.30621254075407855,0.30621254075407855,False,22,False,False
1500,2022,0.3450028128998925,0.3450028128998925,False,34,False,False
1501,2022,0.19701879610810688,0.19701879610810688,False,22,False,False
1502,2022,0.5540001012398897,0.5540001012398897,False,22,False,False
1503,2022,0.1909503383759447,-0.601456926139287,True,2,True,False
1504,2022,0.26373165172827373,0.26373165172827373,False,22,False,False
1505,2022,0.22059300126660647,0.22059300126660647,False,22,False,False
1506,2022,0.1804284883622845,0.1804284883622845,False,22,False,False
1507,2022,0.5423857587071095,0.5423857587071095,False,22,False,False
1508,2022,0.5705058850268548,-0.7093421024776532,True,2,True,False
1509,2022,1.6687041323954304,1.6687041323954304,False,22,False,False
1510,2022,0.47496056780652585,0.47496056780652585,False,22,False,False
1511,2022,-1.018576481799872,-0.6005811187080461,True,17,False,True
1512,2022,0.37016532314069733,0.37016532314069733,False,22,False,False
1513,2022,-1.0183788188190617,-0.5318047012865454,True,15,False,True
1514,2022,0.3989795103535408,0.3989795103535408,False,46,False,False
1515,2022,0.3035373369010098,0.3035373369010098,False,22,False,False
1516,2022,0.6105850553092006,0.6105850553092006,False,22,False,False
1517,2022,0.7954453649782498,-0.5267351545239572,True,2,True,False
1518,2022,1.003280855451929,-0.6081273111670075,True,35,True,False
1519,2022,0.5282190836964638,0.5282190836964638,False,22,False,False
1520,2022,0.3260010898556505,-0.6042216035864341,True,2,True,False
1521,2022,0.18519530753325728,0.18519530753325728,False,22,False,False
1522,2022,0.6364100245458161,0.6364100245458161,False,22,False,False
1523,2022,0.8291172439194192,0.8291172439194192,False,22,False,False
1524,2022,0.626691946096661,-0.7016490396041178,True,2,True,False
1525,2022,0.2643444654772313,0.2643444654772313,False,34,False,False
1526,2022,0.3876894826087408,0.3876894826087408,False,22,False,False
1527,2022,0.497519523422628,-0.5092351959434871,True,22,True,False
1528,2022,0.704475545114201,0.704475545114201,False,22,False,False
1529,2022,-1.0287661301819784,-0.6844274623485203,True,26,False,True
1530,2022,0.2722581206775543,0.2722581206775543,False,46,False,False
1531,2022,0.17987342600885783,0.17987342600885783,False,22,False,False
1532,2022,0.22289997997396205,0.22289997997396205,False,22,False,False
1533,2022,0.4590791521007731,0.4590791521007731,False,22,False,False
1534,2022,1.5098757408233645,-0.5941835408619275,True,22,True,False
1535,2022,0.5168571770524988,0.5168571770524988,False,22,False,False
1536,2022,1.5626254509824558,1.5626254509824558,False,22,False,False
1537,2022,0.37081705230553813,0.37081705230553813,False,22,False,False
1538,2022,0.17302844042590704,0.17302844042590704,False,22,False,False
1539,2022,0.2364587346117729,0.2364587346117729,False,34,False,False
1540,2022,0.39374964728478423,0.39374964728478423,False,22,False,False
1541,2022,0.29019527699460307,0.29019527699460307,False,22,False,False
1542,2022,0.3945821360194633,0.3945821360194633,False,34,False,False
1543,2022,0.3939968282457607,0.3939968282457607,False,22,False,False
1544,2022,0.8071641284587676,-0.6582329288168209,True,22,True,False
1545,2022,0.24463946933824762,-0.5198106693873923,True,13,True,False
1546,2022,0.3566637510838023,0.3566637510838023,False,34,False,False
1547,2022,0.249562965979395,0.249562965979395,False,22,False,False
1548,2022,1.419630659949624,1.419630659949624,False,22,False,False
1550,2022,0.6588638053684557,-0.5466175927012591,True,27,True,False
1551,2022,0.18831721703708626,0.18831721703708626,False,22,False,False
1552,2022,-1.044673005690352,-0.6383688523380602,True,25,False,True
1553,2022,-1.0455169462620526,-1.0455169462620526,False,23,False,False
1554,2022,-1.0442570190871994,-0.6695197759917293,True,20,False,True
1555,2022,0.5671693030258683,-0.5890020224931732,True,21,True,False
1556,2022,0.7059124739773702,0.7059124739773702,False,22,False,False
1557,2022,-1.0421851929837995,-1.0421851929837995,False,19,False,False
1558,2022,0.3233344049811614,0.3233344049811614,False,22,False,False
1559,2022,0.6885135368435499,-0.5088898153518181,True,4,True,False
1560,2022,0.744644863180547,0.744644863180547,False,22,False,False
1561,2022,1.1519647322513946,1.1519647322513946,False,22,False,False
1562,2022,0.3156734429092248,-0.7794982931768215,True,2,True,False
1563,2022,0.6665821884336195,0.6665821884336195,False,34,False,False
1564,2022,0.6469924685769478,0.6469924685769478,False,22,False,False
1565,2022,0.33726901508697216,0.33726901508697216,False,46,False,False
1566,2022,0.39024140733852153,0.39024140733852153,False,34,False,False
1568,2022,0.36786855768767973,0.36786855768767973,False,34,False,False
1569,2022,0.3390035372875047,0.3390035372875047,False,22,False,False
1570,2022,0.3777183086443799,0.3777183086443799,False,34,False,False
1571,2022,0.1743202748950755,0.1743202748950755,False,22,False,False
1572,2022,-1.0369244453786854,-0.6206909909172933,True,28,False,True
1573,2022,0.4922880863772739,-0.6625645278706936,True,20,True,False
1574,2022,0.1965017850810875,0.1965017850810875,False,22,False,False
1575,2022,0.24527980466006175,-0.5345824983674194,True,2,True,False
1576,2022,0.22752440429334292,0.22752440429334292,False,22,False,False
1577,2022,0.892493000882427,0.892493000882427,False,22,False,False
1578,2022,0.45720426567641964,-0.6630891007856994,True,9,True,False
1579,2022,0.6173211672253557,0.6173211672253557,False,34,False,False
1580,2022,0.9700142246610038,0.9700142246610038,False,22,False,False
1581,2022,0.260306909322973,-0.6416409126293217,True,2,True,False
1582,2022,0.48059472070147574,0.48059472070147574,False,22,False,False
1583,2022,0.4914516355539381,0.4914516355539381,False,22,False,False
1584,2022,0.20816688499303254,0.20816688499303254,False,22,False,False
1585,2022,0.4806176911020102,-0.5751318640552716,True,19,True,False
1586,2022,0.28767593372358385,0.28767593372358385,False,17,False,False
1587,2022,-1.0371887698556865,-0.6863122286880905,True,24,False,True
1588,2022,0.5179260646371687,-0.5519132454794046,True,15,True,False
1589,2022,0.94986163886201,0.94986163886201,False,22,False,False
1590,2022,0.42289658938049146,-0.8504145407177626,True,2,True,False
1591,2022,-1.0344778627174434,-0.5347269007873384,True,19,False,True
1592,2022,-1.0388448108259583,-0.5848731857317522,True,33,False,True
1593,2022,-1.0399424410060656,-0.520670768637793,True,29,False,True
1594,2022,-1.0407345262615135,-0.5219201323089837,True,64,False,True
1595,2022,0.17436826112913376,-0.717621717727112,True,57,True,False
1596,2022,0.2850371219975766,-0.6668020422060951,True,46,True,False
1597,2022,0.7518710853976638,0.7518710853976638,False,22,False,False
1598,2022,-1.0451407989280446,-1.0451407989280446,False,1,False,False
1599,2022,-1.0412007612784437,-1.0412007612784437,False,13,False,False
1600,2022,0.28657424636394346,0.28657424636394346,False,22,False,False
1601,2022,-1.041059181118797,-1.041059181118797,False,17,False,False
1602,2022,0.2512521902936839,-0.5283018620491052,True,21,True,False
1603,2022,0.6033395181725576,0.6033395181725576,False,22,False,False
1604,2022,0.2943957789720298,0.2943957789720298,False,22,False,False
1605,2022,-1.0361440424920287,-0.5586301418862655,True,27,False,True
1606,2022,0.16133210069442624,-0.631966575515626,True,25,True,False
1607,2022,0.3188566560367376,0.3188566560367376,False,34,False,False
1608,2022,0.231773078475681,0.231773078475681,False,22,False,False
1609,2022,0.6854155682408338,0.6854155682408338,False,22,False,False
1610,2022,0.19510496495583032,0.19510496495583032,False,22,False,False
1611,2022,0.22369083248030286,-0.5680074654992021,True,20,True,False
1612,2022,0.5437079699052,0.5437079699052,False,22,False,False
1613,2022,0.45399212427005375,-0.5288463557823044,True,2,True,False
1614,2022,-1.0364541051111515,-0.5141545025575147,True,19,False,True
1615,2022,0.3673643704284848,0.3673643704284848,False,46,False,False
1616,2022,0.3775431723592318,0.3775431723592318,False,22,False,False
1617,2022,1.9256575257461108,1.9256575257461108,False,34,False,False
1619,2022,0.2986503251093215,0.2986503251093215,False,22,False,False
1620,2022,-1.0376974862148125,-0.7055854050719065,True,34,False,True
1621,2022,0.39425347566412133,0.39425347566412133,False,22,False,False
1622,2022,-1.0372973156428897,-0.7140418011112066,True,26,False,True
1623,2022,1.0244611581403291,1.0244611581403291,False,34,False,False
1624,2022,0.9267278631956885,0.9267278631956885,False,22,False,False
1625,2022,0.9715058505046192,0.9715058505046192,False,22,False,False
1626,2022,0.42914833937879276,0.42914833937879276,False,22,False,False
1627,2022,1.0317660894903318,1.0317660894903318,False,22,False,False
1628,2022,1.7643199808554213,1.7643199808554213,False,22,False,False
1629,2022,0.36949511238528016,-0.8721098959867642,True,2,True,False
1630,2022,0.712817871619213,0.712817871619213,False,22,False,False
1631,2022,0.18836099394822073,0.18836099394822073,False,34,False,False
1632,2022,0.7513333440340997,0.7513333440340997,False,22,False,False
1633,2022,1.8298983359417964,1.8298983359417964,False,22,False,False
1634,2022,0.43168029814691605,0.43168029814691605,False,53,False,False
1635,2022,0.7213203198370954,0.7213203198370954,False,22,False,False
1636,2022,0.7253301416596796,-0.7293722541123315,True,47,True,False
1637,2022,0.8547961744248548,-0.6288405043201863,True,35,True,False
1638,2022,0.913946805315312,-0.6049887924734645,True,23,True,False
1639,2022,1.502913119212541,1.502913119212541,False,22,False,False
1640,2022,0.9021835645775487,-0.6744075862505761,True,2,True,False
1641,2022,0.23652665978745444,0.23652665978745444,False,22,False,False
1642,2022,0.4140296648902801,0.4140296648902801,False,22,False,False
1643,2022,0.49082877102247924,0.49082877102247924,False,22,False,False
1644,2022,0.28367170848762097,-0.5696107974204764,True,2,True,False
1645,2022,0.4344679438489902,0.4344679438489902,False,22,False,False
1646,2022,0.22690986504917715,0.22690986504917715,False,22,False,False
1647,2022,-1.033245854503198,-0.5163186691947187,True,20,False,True
1648,2022,0.7619285229803439,0.7619285229803439,False,22,False,False
1649,2022,0.28741993477070477,0.28741993477070477,False,22,False,False
1650,2022,0.2845807384647317,0.2845807384647317,False,22,False,False
1651,2022,0.3796725923577541,0.3796725923577541,False,22,False,False
1652,2022,0.40190275144893167,0.40190275144893167,False,34,False,False
1653,2022,0.6720705103336642,0.6720705103336642,False,22,False,False
1654,2022,0.7508332319286355,0.7508332319286355,False,22,False,False
1655,2022,0.18687736513572756,0.18687736513572756,False,22,False,False
1656,2022,-1.0354275718754737,-1.0354275718754737,False,29,False,False
1657,2022,1.5137870064516394,1.5137870064516394,False,22,False,False
1658,2022,0.32337238229588594,0.32337238229588594,False,22,False,False
1659,2022,0.6724044921576066,0.6724044921576066,False,22,False,False
1660,2022,0.32248972777316337,-0.6791160069540325,True,2,True,False
1661,2022,0.919990567409812,0.919990567409812,False,22,False,False
1662,2022,0.32938014024674356,0.32938014024674356,False,22,False,False
1663,2022,-1.0350393096892911,-0.8161963589399306,True,17,False,True
1664,2022,0.27361365543554556,-0.7430644499577249,True,15,True,False
1665,2022,0.6166566712744533,0.6166566712744533,False,22,False,False
1666,2022,0.258173020899229,-0.7003480799865401,True,2,True,False
1667,2022,0.16989159757227543,-0.6440856414846711,True,19,True,False
1668,2022,0.43243608001237477,0.43243608001237477,False,22,False,False
1669,2022,0.8360515468969292,0.8360515468969292,False,22,False,False
1670,2022,1.9661350465861056,1.9661350465861056,False,58,False,False
1671,2022,0.7622924844280736,0.7622924844280736,False,22,False,False
1672,2022,0.3481947296328373,-0.5666062134309123,True,5,True,False
1673,2022,0.577216081627309,0.577216081627309,False,34,False,False
1674,2022,0.4897141687564456,0.4897141687564456,False,22,False,False
1675,2022,0.18547524255083778,-0.7851387678333104,True,18,True,False
1676,2022,0.8394182443653612,0.8394182443653612,False,22,False,False
1677,2022,0.7617518168169749,0.7617518168169749,False,22,False,False
1678,2022,0.6014495641164933,-0.5305306321742388,True,2,True,False
1679,2022,-1.0343376247835772,-0.5207918269298045,True,25,False,True
1680,2022,0.6636721636498758,-0.8085304702675397,True,31,True,False
1681,2022,-1.035870342952074,-1.035870342952074,False,18,False,False
1682,2022,0.7505504481298118,0.7505504481298118,False,22,False,False
1683,2022,1.091732877504418,1.091732877504418,False,22,False,False
1684,2022,-1.0388968610239706,-0.7396884469493449,True,25,False,True
1685,2022,0.16682259122604684,0.16682259122604684,False,22,False,False
1686,2022,-1.0394797770095168,-0.5293784162256115,True,2,False,True
1687,2022,0.1669784167610502,0.1669784167610502,False,22,False,False
1688,2022,1.053724155058594,-0.6762939959147077,True,24,True,False
1689,2022,0.42666555244023163,0.42666555244023163,False,22,False,False
1690,2022,1.2843348357112718,1.2843348357112718,False,22,False,False
1691,2022,-1.0350918698320892,-0.7294840667237473,True,2,False,True
1692,2022,0.26514449121677636,0.26514449121677636,False,22,False,False
1693,2022,0.3999603149875141,0.3999603149875141,False,34,False,False
1694,2022,0.4181027278194372,0.4181027278194372,False,22,False,False
1695,2022,0.27103002076395494,0.27103002076395494,False,20,False,False
1696,2022,-1.0399509541453327,-0.6590432623752495,True,14,False,True
1697,2022,0.34285655621339395,0.34285655621339395,False,22,False,False
1698,2022,-1.0377689832364543,-1.0377689832364543,False,30,False,False
1699,2022,0.3391012865047202,0.3391012865047202,False,18,False,False
1700,2022,0.6295538511006581,0.6295538511006581,False,22,False,False
1701,2022,0.34845549050801333,0.34845549050801333,False,22,False,False
1702,2022,0.5685344603650913,0.5685344603650913,False,22,False,False
1703,2022,0.8376675023033213,-0.5361390282775167,True,2,True,False
1704,2022,0.7768099952004401,0.7768099952004401,False,22,False,False
1705,2022,0.49673299452555286,0.49673299452555286,False,22,False,False
1706,2022,0.6650345341395517,-0.5108028445288062,True,2,True,False
1707,2022,0.9350808047998879,0.9350808047998879,False,22,False,False
1709,2022,0.841033063018547,0.841033063018547,False,34,False,False
1710,2022,0.7130754442824061,0.7130754442824061,False,22,False,False
1711,2022,-1.0479529547799098,-0.8944207900472105,True,14,False,True
1712,2022,0.5998299626024525,0.5998299626024525,False,22,False,False
1713,2022,0.21902710459478686,-0.6073277035248746,True,2,True,False
1714,2022,0.18580689704524425,0.18580689704524425,False,22,False,False
1715,2022,0.4958206368756839,0.4958206368756839,False,34,False,False
1716,2022,0.5619608354898112,0.5619608354898112,False,22,False,False
1717,2022,-1.0439369407044872,-1.0439369407044872,False,20,False,False
1718,2022,0.6721445960895052,0.6721445960895052,False,22,False,False
1719,2022,0.6514618682596326,0.6514618682596326,False,22,False,False
1720,2022,0.3699397614204554,0.3699397614204554,False,34,False,False
1721,2022,0.5157679814433836,0.5157679814433836,False,22,False,False
1722,2022,0.6899118485021817,0.6899118485021817,False,34,False,False
1723,2022,0.8590308752144685,0.8590308752144685,False,22,False,False
1724,2022,0.6059989277990918,-0.6525676753815542,True,21,True,False
1725,2022,0.588205607153039,0.588205607153039,False,22,False,False
1726,2022,0.5378460674877389,0.5378460674877389,False,46,False,False
1727,2022,0.228069521569371,0.228069521569371,False,22,False,False
1728,2022,0.3351332616598213,0.3351332616598213,False,22,False,False
1729,2022,0.5716112390554493,0.5716112390554493,False,22,False,False
1730,2022,0.5072546974305828,0.5072546974305828,False,22,False,False
1731,2022,0.20772733569474183,-0.7175406903849546,True,22,True,False
1732,2022,0.18222274214403067,0.18222274214403067,False,22,False,False
1733,2022,0.9907847084055782,-0.5110166675996316,True,26,True,False
1734,2022,1.3177013954083832,1.3177013954083832,False,46,False,False
1735,2022,1.1867815251160276,1.1867815251160276,False,34,False,False
1736,2022,1.318700159305055,1.318700159305055,False,22,False,False
1737,2022,0.3655477653959491,0.3655477653959491,False,46,False,False
1738,2022,0.5828271081478702,0.5828271081478702,False,34,False,False
1739,2022,0.4163214360166429,0.4163214360166429,False,22,False,False
1740,2022,0.32977593453319476,-0.7306259482042614,True,3,True,False
1741,2022,0.26629918597329333,0.26629918597329333,False,22,False,False
1742,2022,0.5930748275801317,0.5930748275801317,False,22,False,False
1743,2022,-1.0489111569284466,-0.551956372650085,True,2,False,True
1744,2022,-1.0502881893825244,-0.5568532698354224,True,26,False,True
1745,2022,-1.0519076385531434,-0.8431258287972321,True,16,False,True
1746,2022,0.6517578320852976,-0.7032623765884022,True,39,True,False
1747,2022,0.32085463434847666,0.32085463434847666,False,34,False,False
1748,2022,0.40003036462004166,0.40003036462004166,False,22,False,False
1749,2022,0.5712482747599623,-0.5675247952151379,True,2,True,False
1750,2022,0.42149411370645207,-0.525529674844777,True,4,True,False
1751,2022,0.7539086309124946,0.7539086309124946,False,22,False,False
1752,2022,0.16671358519559257,0.16671358519559257,False,1,False,False
1753,2022,0.2722856842715389,0.2722856842715389,False,22,False,False
1754,2022,0.35441577925043505,0.35441577925043505,False,22,False,False
1755,2022,-1.0443644748987155,-0.6142906502372186,True,16,False,True
1756,2022,0.4811717528544807,0.4811717528544807,False,46,False,False
1757,2022,0.6783472893595555,0.6783472893595555,False,34,False,False
1758,2022,0.846580016959582,0.846580016959582,False,22,False,False
1759,2022,0.3462615657027888,0.3462615657027888,False,34,False,False
1760,2022,0.4611793535016265,0.4611793535016265,False,22,False,False
1761,2022,0.20722430836424713,0.20722430836424713,False,22,False,False
1762,2022,0.17017571107453655,0.17017571107453655,False,34,False,False
1763,2022,0.21281328475982242,0.21281328475982242,False,22,False,False
1764,2022,0.18520292693623627,0.18520292693623627,False,34,False,False
1765,2022,0.4775121826253995,0.4775121826253995,False,22,False,False
1766,2022,1.4050879265587704,-0.599258615909683,True,2,True,False
1767,2022,0.4319966314905273,-0.5828581249452328,True,36,True,False
1768,2022,0.29602714188282775,0.29602714188282775,False,22,False,False
1769,2022,0.15605453295023308,0.15605453295023308,False,22,False,False
1770,2022,0.36265832324219094,0.36265832324219094,False,22,False,False
1771,2022,0.31868537966544785,0.31868537966544785,False,22,False,False
1772,2022,0.3145391215160468,0.3145391215160468,False,25,False,False
1773,2022,0.5341225017919284,0.5341225017919284,False,22,False,False
1774,2022,0.814334131793817,-0.5544674441603941,True,5,True,False
1775,2022,0.6205950825845084,0.6205950825845084,False,22,False,False
1776,2022,-1.0545779529863468,-0.5837066087680651,True,2,False,True
1777,2022,-1.053200847898467,-0.5180847116143594,True,15,False,True
1778,2022,-1.0517335566642583,-0.6459497859873276,True,6,False,True
1779,2022,0.5967090217464683,-0.6429034308107319,True,33,True,False
1780,2022,0.7435330488159246,-0.5786369604350285,True,22,True,False
1781,2022,0.46521411096098625,0.46521411096098625,False,22,False,False
1782,2022,0.6986044468968546,-0.6153302944938152,True,3,True,False
1783,2022,0.33897366675242624,-0.5945595443527404,True,2,True,False
1784,2022,0.4922750992429078,0.4922750992429078,False,34,False,False
1785,2022,0.5189881703335129,0.5189881703335129,False,22,False,False
1786,2022,0.5502276903776823,0.5502276903776823,False,22,False,False
1787,2022,0.4409629375679299,-0.686973162109894,True,25,True,False
1788,2022,0.35650248458059336,0.35650248458059336,False,22,False,False
1789,2022,0.46434967957640283,-0.6502410880166309,True,2,True,False
1790,2022,1.1963304744925212,1.1963304744925212,False,22,False,False
1791,2022,-1.047272680165336,-0.6431969700323036,True,30,False,True
1792,2022,0.5743814967321131,0.5743814967321131,False,22,False,False
1793,2022,0.290094769218063,-0.6247967786183002,True,2,True,False
1794,2022,0.2334631063882543,0.2334631063882543,False,22,False,False
1795,2022,0.4325313241761011,0.4325313241761011,False,22,False,False
1796,2022,0.18357702096108364,0.18357702096108364,False,22,False,False
1797,2022,0.8450850830153767,0.8450850830153767,False,34,False,False
1798,2022,0.8631730833892831,0.8631730833892831,False,22,False,False
1799,2022,0.4064114656519896,-0.6160330801283225,True,8,True,False
1800,2022,0.7539218526137574,0.7539218526137574,False,22,False,False
1801,2022,0.2177760116694183,-0.5442057844727666,True,3,True,False
1802,2022,0.1702225037674271,0.1702225037674271,False,22,False,False
1803,2022,0.3429801221052818,-0.5512375853218323,True,18,True,False
1804,2022,0.14626232361279495,0.14626232361279495,False,22,False,False
1805,2022,0.4192890585673704,0.4192890585673704,False,22,False,False
1806,2022,1.9684562010950835,1.9684562010950835,False,34,False,False
1807,2022,1.999717224196248,1.999717224196248,False,22,False,False
1809,2022,0.4329170354189012,0.4329170354189012,False,22,False,False
1810,2022,1.345847945012491,1.345847945012491,False,22,False,False
1811,2022,0.9793815982479549,0.9793815982479549,False,22,False,False
1812,2022,0.4553581831824751,-0.7764015490874964,True,2,True,False
1813,2022,0.45983552321458476,0.45983552321458476,False,22,False,False
1815,2022,-1.0295301658613902,-0.547594428351248,True,13,False,True
1816,2022,0.3396420932243696,0.3396420932243696,False,34,False,False
1817,2022,0.31585955084529843,-0.5232761577973774,True,20,True,False
1818,2022,0.3573282154251291,0.3573282154251291,False,46,False,False
1819,2022,0.21850371686968728,0.21850371686968728,False,22,False,False
1820,2022,0.2604688776522401,-0.5160611465388841,True,2,True,False
1821,2022,-1.0365461080543055,-0.6113464856255161,True,31,False,True
1822,2022,0.35655453798127434,0.35655453798127434,False,22,False,False
1823,2022,1.2041229794220316,1.2041229794220316,False,22,False,False
1824,2022,0.5562866864265373,0.5562866864265373,False,22,False,False
1825,2022,0.3568083674280812,0.3568083674280812,False,58,False,False
1826,2022,0.2193727842742163,-0.6134166176946129,True,27,True,False
1827,2022,0.742799835130718,-0.5052107732413927,True,31,True,False
1828,2022,0.9683725509859605,0.9683725509859605,False,82,False,False
1829,2022,0.23255612999789557,0.23255612999789557,False,22,False,False
1830,2022,0.9525584874980713,0.9525584874980713,False,22,False,False
1831,2022,0.40379605231852805,-0.6239885983830618,True,2,True,False
1832,2022,0.1932734851874231,0.1932734851874231,False,22,False,False
1833,2022,0.45745969241945644,0.45745969241945644,False,22,False,False
1834,2022,0.16253976637825435,-0.6669783107984808,True,32,True,False
1835,2022,0.3077816593599476,0.3077816593599476,False,22,False,False
1836,2022,0.4753957366364579,0.4753957366364579,False,22,False,False
1837,2022,-1.0466249864163344,-0.5896870414862522,True,19,False,True
1838,2022,-1.0450592752763792,-1.0450592752763792,False,23,False,False
1839,2022,-1.0443165997239532,-1.0443165997239532,False,12,False,False
1840,2022,-1.039723270426397,-0.5292542360838252,True,17,False,True
1841,2022,0.33160801414563024,0.33160801414563024,False,22,False,False
1842,2022,0.6268028321190734,0.6268028321190734,False,22,False,False
1843,2022,0.8178366255945618,0.8178366255945618,False,22,False,False
1844,2022,-1.04351988959816,-0.637633143754886,True,22,False,True
1845,2022,-1.0424238647552964,-0.6585197837956952,True,17,False,True
1846,2022,0.6822986322084038,0.6822986322084038,False,34,False,False
1847,2022,0.5036786195636794,0.5036786195636794,False,22,False,False
1848,2022,0.2411651290323137,-0.7703646674067807,True,20,True,False
1849,2022,0.6931270645041836,0.6931270645041836,False,22,False,False
1850,2022,0.5194123756546666,-0.5067584030082428,True,2,True,False
1851,2022,0.512658418914537,0.512658418914537,False,22,False,False
1852,2022,0.37627220025751124,0.37627220025751124,False,22,False,False
1853,2022,0.3723280730991065,0.3723280730991065,False,22,False,False
1854,2022,0.2774742226073404,0.2774742226073404,False,22,False,False
1855,2022,0.49021041457506226,0.49021041457506226,False,34,False,False
1856,2022,0.5190807109815256,-0.6093084385849012,True,31,True,False
1857,2022,0.49743549114933394,-0.5613198632090532,True,18,True,False
1858,2022,0.16300793020602541,0.16300793020602541,False,22,False,False
1859,2022,0.4454938729377251,0.4454938729377251,False,34,False,False
1860,2022,0.3517764834792221,0.3517764834792221,False,22,False,False
1861,2022,0.3799776226110615,0.3799776226110615,False,22,False,False
1862,2022,0.5140190658685413,0.5140190658685413,False,22,False,False
1863,2022,0.6982044929784293,0.6982044929784293,False,22,False,False
1864,2022,0.5796220965279061,-0.5299207698379051,True,16,True,False
1865,2022,0.1808367400019852,0.1808367400019852,False,22,False,False
1866,2022,0.9887861601864341,0.9887861601864341,False,34,False,False
1867,2022,1.0820616262921154,1.0820616262921154,False,22,False,False
1868,2022,0.21415895785334266,-0.6353647105332161,True,2,True,False
1869,2022,0.15461059795171966,0.15461059795171966,False,22,False,False
1870,2022,0.8355752177366111,0.8355752177366111,False,22,False,False
1871,2022,-1.0551332778470508,-0.5043242864013086,True,2,False,True
1872,2022,-1.0468443594399504,-1.0468443594399504,False,29,False,False
1873,2022,-1.0473978483645698,-1.0473978483645698,False,17,False,False
1874,2022,0.40897314803542695,0.40897314803542695,False,22,False,False
1875,2022,0.8275126006565499,0.8275126006565499,False,22,False,False
1876,2022,0.4420007272094681,0.4420007272094681,False,22,False,False
1877,2022,1.3252763051157312,1.3252763051157312,False,22,False,False
1879,2022,0.6210073958472382,-0.5652609864047826,True,2,True,False
1880,2022,0.7186102012333168,0.7186102012333168,False,22,False,False
1881,2022,0.213251338243052,0.213251338243052,False,22,False,False
1882,2022,0.6932897843707423,0.6932897843707423,False,34,False,False
1883,2022,0.8295969936521322,0.8295969936521322,False,22,False,False
1884,2022,0.5789636216567607,0.5789636216567607,False,22,False,False
1885,2022,0.7437937267235535,0.7437937267235535,False,22,False,False
1886,2022,0.3533122086441833,0.3533122086441833,False,22,False,False
1887,2022,0.2734339785639641,0.2734339785639641,False,22,False,False
1888,2022,0.4536976045238889,0.4536976045238889,False,22,False,False
1889,2022,0.2692608384496519,-0.6989295998676536,True,20,True,False
1890,2022,0.4318293697046648,0.4318293697046648,False,22,False,False
1891,2022,0.19442018823570645,0.19442018823570645,False,58,False,False
1892,2022,0.4510607887189139,0.4510607887189139,False,46,False,False
1893,2022,0.1427791894738706,0.1427791894738706,False,22,False,False
1894,2022,0.6810906278506899,0.6810906278506899,False,22,False,False
1895,2022,0.6319076664616654,0.6319076664616654,False,22,False,False
1896,2022,1.0371993821610719,1.0371993821610719,False,22,False,False
1897,2022,0.5947959575156087,-0.7797166515003753,True,16,True,False
1898,2022,0.4287325837704207,0.4287325837704207,False,22,False,False
1899,2022,0.6248943998371135,0.6248943998371135,False,22,False,False
1900,2022,1.6471218758739097,1.6471218758739097,False,34,False,False
1901,2022,1.6471095307740564,1.6471095307740564,False,22,False,False
1902,2022,0.16561489151133035,0.16561489151133035,False,1,False,False
1903,2022,0.3645287650770002,-0.6492116646264824,True,2,True,False
1904,2022,0.29570225302854436,0.29570225302854436,False,22,False,False
1905,2022,0.6403046553207463,0.6403046553207463,False,34,False,False
1906,2022,0.4930830732068783,0.4930830732068783,False,22,False,False
1907,2022,0.24127518266606185,0.24127518266606185,False,34,False,False
1908,2022,0.4541540556123492,0.4541540556123492,False,22,False,False
1909,2022,0.16114788374672817,-0.5889719424381917,True,2,True,False
1910,2022,0.33750407986041625,0.33750407986041625,False,22,False,False
1911,2022,-1.043833396538485,-1.043833396538485,False,33,False,False
1912,2022,0.36904445648582684,-0.7475204814613488,True,23,True,False
1913,2022,-1.0374333746582634,-0.8181401449441579,True,20,False,True
1914,2022,0.20262001085498055,0.20262001085498055,False,22,False,False
1915,2022,0.1729955105362189,0.1729955105362189,False,22,False,False
1916,2022,0.46987947760100746,0.46987947760100746,False,22,False,False
1917,2022,-1.0449662855081767,-0.7784248613323603,True,38,False,True
1918,2022,0.16225020167865745,0.16225020167865745,False,22,False,False
1919,2022,3.5788883808834666,-0.6095771116799912,True,27,True,False
1920,2022,0.15317064324465635,0.15317064324465635,False,22,False,False
1921,2022,3.9206471551594047,3.9206471551594047,False,22,False,False
1922,2022,0.21813298977066828,0.21813298977066828,False,34,False,False
1923,2022,0.21820887836534703,0.21820887836534703,False,46,False,False
1924,2022,0.6295681013025591,0.6295681013025591,False,22,False,False
1925,2022,0.3080892508341742,0.3080892508341742,False,22,False,False
1926,2022,0.16670597683015564,0.16670597683015564,False,22,False,False
1927,2022,-1.0476073281850868,-0.6174786813053063,True,38,False,True
1928,2022,0.7888810300240167,-0.7064615323171476,True,34,True,False
1929,2022,0.7983876891376858,-0.7113505442105016,True,22,True,False
1930,2022,0.5724256842374267,0.5724256842374267,False,22,False,False
1931,2022,0.9281984453612311,-0.5556414405017759,True,2,True,False
1932,2022,0.6580618408515178,0.6580618408515178,False,22,False,False
1933,2022,0.4153466080704663,-0.5479145568076041,True,2,True,False
1934,2022,-1.055549816389157,-0.5119099032719014,True,40,False,True
1935,2022,-1.05604470612561,-1.05604470612561,False,29,False,False
1936,2022,-1.0564779311372898,-1.0564779311372898,False,17,False,False
1937,2022,1.101397945699001,1.101397945699001,False,22,False,False
1938,2022,-1.0498031873499665,-0.5617397723921129,True,17,False,True
1939,2022,-1.0477536795446392,-1.0477536795446392,False,17,False,False
1940,2022,0.7180731369964223,-0.6546107691163028,True,2,True,False
1941,2022,0.6760746703740723,0.6760746703740723,False,22,False,False
1942,2022,0.47431063884577807,0.47431063884577807,False,22,False,False
1943,2022,0.20343442793921152,0.20343442793921152,False,22,False,False
1944,2022,-1.0412860620005582,-1.0412860620005582,False,15,False,False
1945,2022,0.32932736918534705,0.32932736918534705,False,22,False,False
1946,2022,0.28538688759912223,-0.6401399813121715,True,22,True,False
1947,2022,0.6582959343401531,0.6582959343401531,False,22,False,False
1948,2022,0.17635782412417944,0.17635782412417944,False,20,False,False
1949,2022,-1.039848954943271,-0.7406339470477044,True,43,False,True
1950,2022,0.3227199083599695,0.3227199083599695,False,22,False,False
1951,2022,-1.0405213028162295,-0.7783908450777656,True,26,False,True
1952,2022,0.169683316530407,0.169683316530407,False,22,False,False
1953,2022,0.6912399687592948,-0.6328718376529456,True,25,True,False
1954,2022,0.18840119782934137,0.18840119782934137,False,46,False,False
1955,2022,0.29899205970279186,0.29899205970279186,False,22,False,False
1956,2022,0.5937094008303732,0.5937094008303732,False,22,False,False
1957,2022,1.0585243214725348,1.0585243214725348,False,22,False,False
1958,2022,0.774592439545159,0.774592439545159,False,22,False,False
1959,2022,0.22566300114528887,0.22566300114528887,False,22,False,False
1960,2022,0.7167494661624777,0.7167494661624777,False,34,False,False
1961,2022,0.48807465002119255,0.48807465002119255,False,34,False,False
1962,2022,0.7917846917217897,0.7917846917217897,False,22,False,False
1963,2022,0.1873556061480648,0.1873556061480648,False,22,False,False
1964,2022,-1.0414423870222986,-0.5608691395016236,True,38,False,True
1965,2022,-1.0435758463682758,-0.705913806721416,True,15,False,True
1966,2022,0.7067577826694654,0.7067577826694654,False,22,False,False
1967,2022,-1.037317559838252,-0.7237950345480593,True,29,False,True
1968,2022,0.26927911691662426,-0.5918137177422136,True,19,True,False
1969,2022,0.43463673826321214,0.43463673826321214,False,22,False,False
1970,2022,0.2671915202415688,0.2671915202415688,False,22,False,False
1971,2022,0.7913438984050137,0.7913438984050137,False,22,False,False
1972,2022,0.25747488450526246,0.25747488450526246,False,22,False,False
1973,2022,0.3842415449315555,0.3842415449315555,False,22,False,False
1974,2022,3.0739158487518314,-0.579239361246201,True,25,True,False
1975,2022,3.4797971874525064,3.4797971874525064,False,22,False,False
1976,2022,0.3910313066151448,-0.6427881986723152,True,21,True,False
1977,2022,0.8173934862230212,0.8173934862230212,False,22,False,False
1978,2022,-1.045790759378645,-0.5869617121743578,True,22,False,True
1979,2022,-1.0451969944350765,-0.8443282777653317,True,25,False,True
1980,2022,-1.045505737157346,-0.797843800187251,True,24,False,True
1981,2022,0.15501424688203425,0.15501424688203425,False,22,False,False
1982,2022,-1.0447890845521133,-0.593199615820116,True,5,False,True
1983,2022,0.2539275422304963,0.2539275422304963,False,34,False,False
1984,2022,0.7742813838139775,0.7742813838139775,False,22,False,False
1985,2022,0.2854957463203446,0.2854957463203446,False,22,False,False
1986,2022,-1.052595771208971,-0.937577985048745,True,15,False,True
1987,2022,0.1945758689761453,0.1945758689761453,False,22,False,False
1988,2022,0.1472921694536473,-0.6393209257183667,True,22,True,False
1989,2022,-1.0469097534177685,-0.5700579318401411,True,17,False,True
1990,2022,0.35651288806236614,0.35651288806236614,False,22,False,False
1991,2022,-1.058427122334785,-0.5225309283455442,True,25,False,True
1992,2022,-1.0599344746087291,-0.5871529504134696,True,35,False,True
1993,2022,0.44673767694412747,0.44673767694412747,False,22,False,False
1994,2022,0.2898016386759474,0.2898016386759474,False,34,False,False
1995,2022,0.6766910529702824,0.6766910529702824,False,22,False,False
1996,2022,0.24550547785073998,-0.6967404584400652,True,2,True,False
1997,2022,0.90312779024225,0.90312779024225,False,17,False,False
1998,2022,0.3686807586291092,0.3686807586291092,False,22,False,False
1999,2022,-1.0476266844967588,-0.5477305681731709,True,36,False,True
2000,2022,0.33007717791317487,0.33007717791317487,False,22,False,False
2001,2022,0.2201968301846762,0.2201968301846762,False,22,False,False
2002,2022,0.48260963318208694,-0.575801057398872,True,24,True,False
2003,2022,1.0415338627851272,1.0415338627851272,False,22,False,False
2004,2022,0.21615001095638364,0.21615001095638364,False,22,False,False
2005,2022,0.5092752429653512,0.5092752429653512,False,22,False,False
2006,2022,-1.0495818169470543,-0.7128133714447676,True,2,False,True
2007,2022,1.1693342992923519,1.1693342992923519,False,34,False,False
2008,2022,1.1687131004671085,1.1687131004671085,False,22,False,False
2010,2022,0.8345794803347943,-0.7828908609444166,True,2,True,False
2011,2022,0.778913407952024,0.778913407952024,False,22,False,False
2012,2022,0.2604386707790401,0.2604386707790401,False,15,False,False
2013,2022,0.4030531959818085,0.4030531959818085,False,22,False,False
2014,2022,0.735433502850158,0.735433502850158,False,22,False,False
2015,2022,0.2817808215238739,0.2817808215238739,False,22,False,False
2016,2022,0.21830399399033482,0.21830399399033482,False,34,False,False
2017,2022,0.2732728172992012,0.2732728172992012,False,22,False,False
2018,2022,0.37300147240125014,0.37300147240125014,False,22,False,False
2019,2022,-1.060934946075906,-0.817586743078007,True,54,False,True
2020,2022,0.9115308307039711,0.9115308307039711,False,22,False,False
2021,2022,0.38000885398557177,0.38000885398557177,False,22,False,False
2022,2022,0.4370789612434345,0.4370789612434345,False,22,False,False
2023,2022,0.9181578748410715,0.9181578748410715,False,22,False,False
2024,2022,0.7841587118217542,0.7841587118217542,False,22,False,False
2025,2022,0.3361956241019084,0.3361956241019084,False,22,False,False
2026,2022,-1.051829501519306,-0.7415059658040123,True,33,False,True
2027,2022,-1.053253363519952,-0.6324220852580038,True,22,False,True
2028,2022,-1.0529009916523484,-0.6310039110359188,True,24,False,True
2029,2022,0.3664019242991333,0.3664019242991333,False,46,False,False
2030,2022,0.5878505920156645,0.5878505920156645,False,34,False,False
2031,2022,0.7040423587438198,0.7040423587438198,False,22,False,False
2032,2022,0.7481878624282314,-0.7483091488269358,True,5,True,False
2033,2022,0.542500196711898,-0.6467987295316528,True,22,True,False
2034,2022,0.4078595217738721,0.4078595217738721,False,34,False,False
2035,2022,0.46762803651671,0.46762803651671,False,22,False,False
2036,2022,0.3093603133315077,0.3093603133315077,False,22,False,False
2037,2022,0.20856243519437298,0.20856243519437298,False,22,False,False
2038,2022,0.6291288633212844,0.6291288633212844,False,22,False,False
2039,2022,0.18750154316431208,0.18750154316431208,False,22,False,False
2040,2022,0.5157868162858568,-0.8225078731967969,True,20,True,False
2041,2022,0.9297297852520853,0.9297297852520853,False,22,False,False
2042,2022,0.2072172599995147,-0.5203702856248419,True,29,True,False
2043,2022,0.24381786091503088,0.24381786091503088,False,22,False,False
2044,2022,0.4559193699779747,0.4559193699779747,False,22,False,False
2045,2022,0.300534323856594,0.300534323856594,False,22,False,False
2046,2022,0.2928157491282327,0.2928157491282327,False,22,False,False
2047,2022,1.17000300894689,1.17000300894689,False,22,False,False
2048,2022,0.8687844835711701,-0.5975200189221739,True,2,True,False
2049,2022,0.5530619219572578,0.5530619219572578,False,22,False,False
2050,2022,0.44844308517722986,0.44844308517722986,False,22,False,False
2051,2022,0.6351863877102708,0.6351863877102708,False,22,False,False
2052,2022,0.9149183888733887,0.9149183888733887,False,22,False,False
2053,2022,-1.0455408014766734,-0.6912362409901216,True,15,False,True
2054,2022,0.3499328397676307,0.3499328397676307,False,34,False,False
2055,2022,0.41489254523566677,0.41489254523566677,False,22,False,False
2056,2022,0.14110310017930253,0.14110310017930253,False,22,False,False
2057,2022,-1.0538949117241394,-0.6241999486370763,True,16,False,True
2058,2022,0.3009718701070681,0.3009718701070681,False,22,False,False
2059,2022,1.2329828481629879,1.2329828481629879,False,22,False,False
2060,2022,-1.0450124691741094,-0.6153388524146414,True,19,False,True
2061,2022,0.14755312617156005,0.14755312617156005,False,22,False,False
2062,2022,0.5057594159625125,0.5057594159625125,False,22,False,False
2063,2022,-1.0537016487541533,-0.6656687508619705,True,19,False,True
2064,2022,0.5031159960591964,0.5031159960591964,False,22,False,False
2065,2022,0.2856449359296033,-0.798382280643203,True,2,True,False
2066,2022,0.3228128959077146,0.3228128959077146,False,22,False,False
2067,2022,-1.0544753928308852,-0.5580732771911563,True,19,False,True
2068,2022,0.5851790382779523,-0.5102014515115588,True,18,True,False
2069,2022,0.9691856286395021,0.9691856286395021,False,70,False,False
2070,2022,0.9889723296434256,0.9889723296434256,False,58,False,False
2071,2022,0.19668153226782376,0.19668153226782376,False,22,False,False
2072,2022,1.064403739573747,1.064403739573747,False,34,False,False
2073,2022,1.0087346652404086,1.0087346652404086,False,22,False,False
2074,2022,0.8280035401277369,0.8280035401277369,False,34,False,False
2075,2022,0.7369907822025968,-0.5884906168759894,True,6,True,False
2076,2022,0.5137796590404462,0.5137796590404462,False,22,False,False
2077,2022,0.5031991864398185,0.5031991864398185,False,22,False,False
2078,2022,0.6306392939359905,0.6306392939359905,False,22,False,False
2079,2022,0.5653553827106498,0.5653553827106498,False,22,False,False
2080,2022,0.1583998880875056,0.1583998880875056,False,17,False,False
2081,2022,0.410989992758182,0.410989992758182,False,22,False,False
2082,2022,0.20281799657076832,-0.5162316865691366,True,17,True,False
2083,2022,-1.0359056688632542,-0.7431188438147299,True,21,False,True
2084,2022,0.33575561177743546,0.33575561177743546,False,22,False,False
2085,2022,0.5505948252982603,0.5505948252982603,False,22,False,False
2086,2022,0.3378308951780222,0.3378308951780222,False,22,False,False
2087,2022,0.16282944256035836,0.16282944256035836,False,22,False,False
2088,2022,0.4984354488681704,0.4984354488681704,False,22,False,False
2089,2022,0.7757229786015452,0.7757229786015452,False,22,False,False
2090,2022,1.5392288178651483,1.5392288178651483,False,34,False,False
2091,2022,0.1491810254017935,0.1491810254017935,False,22,False,False
2092,2022,0.6206621060656649,0.6206621060656649,False,22,False,False
2093,2022,0.46293773165185254,0.46293773165185254,False,22,False,False
2094,2022,1.4820126566285075,1.4820126566285075,False,22,False,False
2096,2022,0.15424080250566094,0.15424080250566094,False,22,False,False
2097,2022,0.16164574483327,-0.6819355226821439,True,20,True,False
2098,2022,0.6324398902204444,0.6324398902204444,False,22,False,False
2099,2022,0.33334786813890216,-0.6519858142794704,True,18,True,False
2100,2022,0.5862051328716709,0.5862051328716709,False,22,False,False
2101,2022,0.3022580838759946,0.3022580838759946,False,22,False,False
2102,2022,0.6824319753000285,0.6824319753000285,False,22,False,False
2103,2022,-1.0435309755676847,-0.671758527548703,True,16,False,True
2104,2022,0.8529414490798352,0.8529414490798352,False,22,False,False
2105,2022,0.5888083417424843,0.5888083417424843,False,22,False,False
2106,2022,0.5270359760328647,0.5270359760328647,False,22,False,False
2107,2022,0.2669025989621182,-0.5647175825050534,True,33,True,False
2108,2022,0.1538094076833799,0.1538094076833799,False,22,False,False
2109,2022,0.21033368071168423,0.21033368071168423,False,34,False,False
2110,2022,0.3102314384391534,0.3102314384391534,False,22,False,False
2111,2022,0.2956739160576742,0.2956739160576742,False,22,False,False
2112,2022,0.20230256580407682,0.20230256580407682,False,22,False,False
2113,2022,-1.0565264695994059,-0.7370487606448578,True,26,False,True
2114,2022,-1.0579961005117846,-0.7828286918105698,True,17,False,True
2115,2022,1.1806825608267524,1.1806825608267524,False,22,False,False
2116,2022,0.6648058507990482,0.6648058507990482,False,46,False,False
2117,2022,-1.0470441873691363,-0.6085675092183023,True,17,False,True
2118,2022,0.28640277639977446,0.28640277639977446,False,22,False,False
2119,2022,-1.0458098690251456,-0.5182904993962473,True,23,False,True
2120,2022,-1.04629457180999,-0.5438628119071044,True,23,False,True
2121,2022,-1.0454961001656813,-0.6532811283458982,True,15,False,True
2122,2022,0.2948291860845661,0.2948291860845661,False,34,False,False
2123,2022,0.2015064522134079,0.2015064522134079,False,22,False,False
2124,2022,-1.0424727588185378,-0.8786709866777768,True,25,False,True
2125,2022,0.30241658421330064,0.30241658421330064,False,22,False,False
2126,2022,0.855801327556261,0.855801327556261,False,22,False,False
2127,2022,-1.0477146168779161,-0.6115695184664999,True,30,False,True
2128,2022,-1.0475802411289186,-0.5467818791694558,True,37,False,True
2129,2022,0.2810833130809642,0.2810833130809642,False,22,False,False
2130,2022,0.3247872105708251,0.3247872105708251,False,22,False,False
2131,2022,4.519315883211824,4.519315883211824,False,34,False,False
2132,2022,4.825078455077627,4.825078455077627,False,22,False,False
2133,2022,0.5180267149980277,0.5180267149980277,False,34,False,False
2134,2022,0.3177487375171094,0.3177487375171094,False,22,False,False
2135,2022,0.30811087256783876,-0.5357648311475047,True,20,True,False
2136,2022,0.267610992779451,0.267610992779451,False,22,False,False
2137,2022,0.3161432345848093,0.3161432345848093,False,22,False,False
2138,2022,0.5584375351722191,0.5584375351722191,False,22,False,False
2139,2022,0.18998512787693514,-0.6109897053011367,True,25,True,False
2140,2022,0.8671689982377243,0.8671689982377243,False,22,False,False
2141,2022,-1.0367253602834927,-0.5229644163914877,True,18,False,True
2142,2022,0.7175106679419005,0.7175106679419005,False,22,False,False
2143,2022,0.30896516730205464,0.30896516730205464,False,22,False,False
2144,2022,0.2024551823061573,0.2024551823061573,False,22,False,False
2145,2022,0.2797309323930147,0.2797309323930147,False,22,False,False
2146,2022,0.54442308140832,0.54442308140832,False,22,False,False
2147,2022,1.2832660840819954,1.2832660840819954,False,22,False,False
2148,2022,0.3226711247200761,0.3226711247200761,False,22,False,False
2149,2022,-1.0535293370479042,-0.6527404954467856,True,21,False,True
2150,2022,-1.0520437788926336,-1.0520437788926336,False,14,False,False
2151,2022,0.23818780955375776,0.23818780955375776,False,58,False,False
2152,2022,0.15346788992066437,0.15346788992066437,False,22,False,False
2153,2022,0.3360979871022498,0.3360979871022498,False,22,False,False
2154,2022,0.2924855243422263,0.2924855243422263,False,22,False,False
2155,2022,-1.0253653266405767,-1.0253653266405767,False,19,False,False
2156,2022,0.8555054386330656,0.8555054386330656,False,22,False,False
2157,2022,0.2493598359223625,-0.694430019403602,True,25,True,False
2158,2022,0.24372966850118016,0.24372966850118016,False,22,False,False
2159,2022,0.5213735575648506,0.5213735575648506,False,22,False,False
2161,2022,0.43366067690787746,0.43366067690787746,False,22,False,False
2162,2022,0.20741760596127606,0.20741760596127606,False,12,False,False
2163,2022,0.4526009545338926,-0.676505585606885,True,34,True,False
2164,2022,0.5155646250346018,-0.6543894264511686,True,22,True,False
2165,2022,0.2649784414347726,0.2649784414347726,False,22,False,False
2166,2022,0.37133475064809945,0.37133475064809945,False,22,False,False
2167,2022,0.35500823808637344,0.35500823808637344,False,22,False,False
2168,2022,-1.0322685239422256,-0.5664368457427564,True,19,False,True
2169,2022,0.2024758529578847,0.2024758529578847,False,34,False,False
2170,2022,0.1961798285286132,0.1961798285286132,False,34,False,False
2171,2022,0.24067630366363457,-0.5887736778301575,True,7,True,False
2172,2022,0.44747948627035644,0.44747948627035644,False,34,False,False
2173,2022,0.42200322381427563,0.42200322381427563,False,22,False,False
2174,2022,1.0477442136672732,1.0477442136672732,False,22,False,False
2175,2022,0.39204401912516756,0.39204401912516756,False,22,False,False
2176,2022,0.5003196370049392,0.5003196370049392,False,22,False,False
2177,2022,-1.0358717855966708,-1.0358717855966708,False,11,False,False
2178,2022,0.7195966791166791,0.7195966791166791,False,22,False,False
2179,2022,-1.0296083663877174,-0.5613720604388318,True,14,False,True
2180,2022,0.6113562912205814,0.6113562912205814,False,22,False,False
2181,2022,0.3054268570215035,0.3054268570215035,False,22,False,False
2182,2022,0.27524008386844584,-0.5108345219764379,True,24,True,False
2183,2022,0.41094301484683776,0.41094301484683776,False,22,False,False
2184,2022,0.6094396817162869,0.6094396817162869,False,22,False,False
2185,2022,0.31055326240755105,0.31055326240755105,False,22,False,False
2186,2022,0.3682265360595162,0.3682265360595162,False,22,False,False
2187,2022,-1.0352386974103323,-0.5494371813033672,True,31,False,True
2188,2022,0.25666615969494194,-0.7378477841480003,True,21,True,False
2189,2022,0.2067005384967162,-0.5571372327698335,True,22,True,False
2190,2022,-1.0361998114399025,-1.0361998114399025,False,38,False,False
2191,2022,0.2655426453507373,0.2655426453507373,False,22,False,False
2192,2022,-1.0332748589454412,-0.763255040837205,True,26,False,True
2193,2022,0.6285032836565191,-0.5897793489997676,True,53,True,False
2194,2022,0.19579484418044102,0.19579484418044102,False,22,False,False
2195,2022,0.34499891643291536,0.34499891643291536,False,22,False,False
2196,2022,0.24848920856458348,0.24848920856458348,False,22,False,False
2197,2022,0.6223062001415594,-0.5839640860151631,True,5,True,False
2198,2022,-1.0327007085500364,-0.8703063974978398,True,22,False,True
2199,2022,-1.0377703554906137,-0.6755172983074386,True,17,False,True
2200,2022,0.31433030257690653,-0.8422324909793087,True,2,True,False
2201,2022,0.2623427991199951,0.2623427991199951,False,70,False,False
2202,2022,0.29149213373835114,0.29149213373835114,False,22,False,False
2203,2022,0.4678298110570764,-0.5823216333295829,True,20,True,False
2204,2022,0.6546092612398773,0.6546092612398773,False,22,False,False
2205,2022,0.38198275053599096,-0.6991801294570406,True,28,True,False
2206,2022,0.6741836012762167,-0.5539081497121094,True,25,True,False
2207,2022,0.9092836256355259,0.9092836256355259,False,34,False,False
2208,2022,0.9898967159716442,0.9898967159716442,False,22,False,False
2209,2022,0.1685551323069943,0.1685551323069943,False,22,False,False
2210,2022,2.841679740483508,2.841679740483508,False,22,False,False
2212,2022,0.19179613058682482,0.19179613058682482,False,34,False,False
2213,2022,0.4338139427798116,0.4338139427798116,False,34,False,False
2214,2022,0.34895329360541566,0.34895329360541566,False,22,False,False
2215,2022,0.29713676049482707,-0.654852251717686,True,2,True,False
2216,2022,0.2101987033240175,0.2101987033240175,False,22,False,False
2217,2022,0.3060157026510378,0.3060157026510378,False,22,False,False
2218,2022,0.6123746366866593,0.6123746366866593,False,22,False,False
2219,2022,0.1710941355064024,0.1710941355064024,False,22,False,False
2220,2022,0.24643360476169515,-0.5683786195275262,True,25,True,False
2221,2022,0.29384249600995577,0.29384249600995577,False,34,False,False
2222,2022,0.3028669650654426,0.3028669650654426,False,22,False,False
2223,2022,0.2992399716318393,0.2992399716318393,False,34,False,False
2224,2022,0.44779447969462166,0.44779447969462166,False,22,False,False
2225,2022,-1.0366140533623978,-0.7003048820667898,True,24,False,True
2226,2022,0.6650990246966504,0.6650990246966504,False,22,False,False
2227,2022,0.21668002970490835,0.21668002970490835,False,46,False,False
2228,2022,0.43534384645181057,0.43534384645181057,False,34,False,False
2229,2022,0.21865355790022528,0.21865355790022528,False,22,False,False
2230,2022,-1.0485919189191772,-0.6702012108211239,True,22,False,True
2231,2022,0.21910438627260181,0.21910438627260181,False,22,False,False
2232,2022,0.18110310715047448,0.18110310715047448,False,34,False,False
2233,2022,0.18717969632047746,0.18717969632047746,False,22,False,False
2234,2022,-1.046892250320874,-1.046892250320874,False,18,False,False
2235,2022,5.599883703267832,5.599883703267832,False,22,False,False
2236,2022,0.6110719498326519,0.6110719498326519,False,22,False,False
2237,2022,1.2198470630067708,1.2198470630067708,False,22,False,False
2238,2022,0.4587365564956151,0.4587365564956151,False,1,False,False
2239,2022,0.7812547032560622,0.7812547032560622,False,22,False,False
2240,2022,0.1724803637500993,0.1724803637500993,False,22,False,False
2241,2022,1.3538533368968833,1.3538533368968833,False,22,False,False
2243,2022,0.6143664505911123,0.6143664505911123,False,22,False,False
2244,2022,0.41443346238817547,0.41443346238817547,False,22,False,False
2245,2022,0.2297610738515143,-0.6021985998666654,True,2,True,False
2246,2022,0.5682668392387901,-0.809982320448594,True,29,True,False
2247,2022,0.5539156535867555,-0.8506837558108454,True,17,True,False
2248,2022,0.5868656374291991,0.5868656374291991,False,22,False,False
2249,2022,-1.0367865881429241,-0.6718555503640798,True,21,False,True
2250,2022,0.81794058300643,0.81794058300643,False,22,False,False
2251,2022,0.27685102139657974,-0.5186077695448512,True,4,True,False
2252,2022,0.642606835775977,-0.5924126779443198,True,2,True,False
2253,2022,0.17875941752790475,0.17875941752790475,False,22,False,False
2254,2022,0.615837788171276,0.615837788171276,False,22,False,False
2255,2022,0.18595992930491861,0.18595992930491861,False,34,False,False
2256,2022,0.4808402633229854,0.4808402633229854,False,22,False,False
2257,2022,1.0558390494008136,1.0558390494008136,False,22,False,False
2258,2022,1.3143868555670692,1.3143868555670692,False,22,False,False
2260,2022,0.882242084127043,0.882242084127043,False,34,False,False
2261,2022,1.0763028649169855,1.0763028649169855,False,22,False,False
2262,2022,0.47957418532512486,0.47957418532512486,False,22,False,False
2263,2022,0.7660518402636667,0.7660518402636667,False,22,False,False
2264,2022,0.4952261260933766,-0.6459114685244788,True,2,True,False
2265,2022,0.27948113538096436,0.27948113538096436,False,22,False,False
2266,2022,1.428502007605127,1.428502007605127,False,22,False,False
2267,2022,0.254185280009815,-0.707024753634649,True,2,True,False
2268,2022,0.4313554434328749,0.4313554434328749,False,22,False,False
2269,2022,0.8467063467925063,0.8467063467925063,False,22,False,False
2270,2022,0.5161858186879982,-0.5827680660780368,True,37,True,False
2271,2022,0.36428332407559216,0.36428332407559216,False,22,False,False
2272,2022,0.5901085910329745,0.5901085910329745,False,34,False,False
2273,2022,0.5989417240176498,0.5989417240176498,False,22,False,False
2274,2022,0.5111267255309524,0.5111267255309524,False,22,False,False
2275,2022,0.28002623432162527,-0.6158601175126016,True,21,True,False
2276,2022,-1.0412358055568236,-0.662723507136937,True,18,False,True
2277,2022,-1.045515179945985,-0.5126918074157822,True,28,False,True
2278,2022,-1.045809662460675,-0.5099693795385024,True,41,False,True
2279,2022,-1.0460687498856256,-0.5668981999748072,True,17,False,True
2280,2022,0.2631835455727094,-0.5724960654598977,True,40,True,False
2281,2022,0.6866944892650013,0.6866944892650013,False,22,False,False
2282,2022,0.948479831161663,0.948479831161663,False,22,False,False
2283,2022,0.582256307423099,0.582256307423099,False,22,False,False
2284,2022,1.2840802655983112,1.2840802655983112,False,20,False,False
2285,2022,0.48183867494854227,0.48183867494854227,False,22,False,False
2286,2022,-1.0351022798016334,-0.6018375411106995,True,16,False,True
2287,2022,0.22296610550144833,0.22296610550144833,False,22,False,False
2288,2022,0.4232261308579049,0.4232261308579049,False,22,False,False
2289,2022,0.48938585967494885,0.48938585967494885,False,34,False,False
2290,2022,0.34402095581072634,0.34402095581072634,False,22,False,False
2291,2022,0.7015659321122379,0.7015659321122379,False,22,False,False
2292,2022,0.32992143788970174,-0.6577135600043249,True,2,True,False
2293,2022,0.1778756615958968,0.1778756615958968,False,22,False,False
2294,2022,0.6559338934365263,0.6559338934365263,False,22,False,False
2295,2022,0.29611416364755067,-0.5141056721025021,True,21,True,False
2296,2022,0.4706392050918978,0.4706392050918978,False,22,False,False
2297,2022,0.6702351874947534,0.6702351874947534,False,22,False,False
2298,2022,0.2137167477920487,-0.5132133426400645,True,14,True,False
2299,2022,0.3596150269957854,0.3596150269957854,False,22,False,False
2300,2022,0.40435521934986723,0.40435521934986723,False,22,False,False
2301,2022,0.3565507072174159,0.3565507072174159,False,22,False,False
2302,2022,-1.0419912633174533,-0.6869836917735416,True,29,False,True
2303,2022,-1.0432428499623811,-1.0432428499623811,False,17,False,False
2304,2022,0.5292910351040275,0.5292910351040275,False,34,False,False
2305,2022,0.4955456746322476,-0.5236182133064414,True,27,True,False
2306,2022,0.6104746675173756,0.6104746675173756,False,34,False,False
2307,2022,0.5774648905399533,0.5774648905399533,False,22,False,False
2308,2022,0.5313999027014447,0.5313999027014447,False,22,False,False
2309,2022,0.19659258480853894,0.19659258480853894,False,17,False,False
2310,2022,-1.0433114595246666,-0.6747519478238727,True,22,False,True
2311,2022,0.3357529281109786,0.3357529281109786,False,22,False,False
2312,2022,0.4792171736343761,0.4792171736343761,False,34,False,False
2313,2022,0.48304816538690776,0.48304816538690776,False,22,False,False
2314,2022,0.5087426513779764,0.5087426513779764,False,22,False,False
2315,2022,0.5857276015460967,0.5857276015460967,False,22,False,False
2316,2022,0.30562073801554707,0.30562073801554707,False,34,False,False
2317,2022,0.604060064161775,0.604060064161775,False,22,False,False
2318,2022,0.26450066712664255,-0.6712333084595721,True,19,True,False
2319,2022,0.6547643070312028,0.6547643070312028,False,34,False,False
2320,2022,0.8327448800547897,0.8327448800547897,False,22,False,False
2321,2022,0.2711387577292715,-0.7006706985607469,True,2,True,False
2322,2022,0.20676130565374068,-0.6443404057698698,True,17,True,False
2323,2022,1.6240499229316274,-0.5689357553267486,True,5,True,False
2324,2022,0.24707494980877182,-0.7346218695178931,True,2,True,False
2325,2022,0.7968718192622608,0.7968718192622608,False,22,False,False
2326,2022,-1.0473088543345985,-0.8789593500078878,True,16,False,True
2327,2022,-1.049876793128715,-0.7563861920670978,True,28,False,True
2328,2022,-1.0488322576259326,-0.8628547779396143,True,31,False,True
2329,2022,0.18284727014106256,-0.5346025149322129,True,20,True,False
2330,2022,0.617637776827597,0.617637776827597,False,58,False,False
2331,2022,0.46493017794040165,0.46493017794040165,False,46,False,False
2332,2022,0.3945629651967014,0.3945629651967014,False,22,False,False
2333,2022,0.5257569821783411,0.5257569821783411,False,22,False,False
2334,2022,-1.0533374086837721,-0.7044039898884509,True,22,False,True
2335,2022,-1.0527690986510572,-1.0527690986510572,False,18,False,False
2336,2022,0.7982655718416475,0.7982655718416475,False,22,False,False
2337,2022,0.6081487292601492,-0.6178172022329022,True,2,True,False
2338,2022,0.8159626099419788,0.8159626099419788,False,22,False,False
2339,2022,2.9070778475548047,2.9070778475548047,False,46,False,False
2340,2022,0.4520136823532724,0.4520136823532724,False,22,False,False
2341,2022,2.8926654090122637,2.8926654090122637,False,22,False,False
2342,2022,0.17981500660935373,0.17981500660935373,False,22,False,False
2343,2022,-1.0445357957621417,-0.5129652545061517,True,2,False,True
2344,2022,0.1991767683493083,0.1991767683493083,False,133,False,False
2345,2022,0.21401470390717123,0.21401470390717123,False,22,False,False
2346,2022,0.2884671511242327,0.2884671511242327,False,61,False,False
2347,2022,0.32398237674082847,0.32398237674082847,False,22,False,False
2348,2022,1.08285230130218,1.08285230130218,False,22,False,False
2350,2022,0.5529211839706852,0.5529211839706852,False,22,False,False
2351,2022,0.8883295195695636,-0.5405596426267057,True,18,True,False
2352,2022,0.19750549721758787,0.19750549721758787,False,22,False,False
2353,2022,0.9059780320033205,0.9059780320033205,False,34,False,False
2354,2022,0.9026314148157816,0.9026314148157816,False,22,False,False
2355,2022,0.7213048228726965,-0.5046244394509668,True,30,True,False
2356,2022,0.4173685097311501,0.4173685097311501,False,34,False,False
2357,2022,0.39119658510901695,0.39119658510901695,False,22,False,False
2358,2022,0.6563531474510816,0.6563531474510816,False,22,False,False
2359,2022,0.7290612539597533,0.7290612539597533,False,22,False,False
2360,2022,0.36756638989275897,0.36756638989275897,False,22,False,False
2361,2022,-1.0455034356307722,-0.5730922191510854,True,30,False,True
2362,2022,0.20319985169441465,-0.5243058079383852,True,24,True,False
2363,2022,0.23719633995458742,0.23719633995458742,False,22,False,False
2364,2022,0.6055762680250938,0.6055762680250938,False,22,False,False
2365,2022,0.753916195268671,0.753916195268671,False,22,False,False
2366,2022,0.6512770050623231,0.6512770050623231,False,22,False,False
2367,2022,-1.0549904059589055,-0.5143364402655287,True,18,False,True
2368,2022,-1.0541518412781559,-0.7486169035709608,True,22,False,True
2369,2022,0.9534144373898109,-0.7459553983456173,True,50,True,False
2370,2022,0.6079391996296298,0.6079391996296298,False,22,False,False
2371,2022,0.7817613179504348,-0.6198329229751286,True,2,True,False
2372,2022,0.2854548262134159,0.2854548262134159,False,22,False,False
2373,2022,1.1866910569508358,-0.5271378605853925,True,17,True,False
2374,2022,0.19793336325598682,-0.5594583684291564,True,43,True,False
2375,2022,0.3701871703722573,0.3701871703722573,False,22,False,False
2376,2022,0.23887119531797876,0.23887119531797876,False,22,False,False
2377,2022,0.3305632301384446,0.3305632301384446,False,22,False,False
2378,2022,0.29198558481282255,0.29198558481282255,False,22,False,False
2379,2022,3.728895340270268,3.728895340270268,False,22,False,False
2380,2022,0.6683992657550049,0.6683992657550049,False,22,False,False
2381,2022,0.7934698052025143,-0.5044624552730371,True,4,True,False
2382,2022,0.4279415284994509,0.4279415284994509,False,22,False,False
2383,2022,0.5542241198444466,0.5542241198444466,False,46,False,False
2384,2022,0.36756772849298214,0.36756772849298214,False,34,False,False
2385,2022,1.0013671589266944,1.0013671589266944,False,22,False,False
2386,2022,-1.0393783013374405,-0.5431735480595559,True,33,False,True
2387,2022,-1.0400982111682142,-0.6088570665267905,True,22,False,True
2388,2022,0.23309536012761362,0.23309536012761362,False,22,False,False
2389,2022,-1.0493861576168921,-0.6659338642970227,True,23,False,True
2390,2022,0.15454151001319538,-0.6164780042067423,True,35,True,False
2391,2022,0.1933194940950431,0.1933194940950431,False,22,False,False
2392,2022,0.6320102538414796,0.6320102538414796,False,22,False,False
2393,2022,0.19478651129343794,0.19478651129343794,False,46,False,False
2394,2022,0.21316886571964086,0.21316886571964086,False,34,False,False
2395,2022,-1.0479278814109525,-0.6619823295253773,True,23,False,True
2396,2022,-1.047032750937836,-0.5846845686996206,True,23,False,True
2397,2022,0.29219586130504893,0.29219586130504893,False,18,False,False
2398,2022,0.17522340695215252,0.17522340695215252,False,22,False,False
2399,2022,-1.04951391212801,-0.6846861564212696,True,25,False,True
2400,2022,-1.0496235771829159,-1.0496235771829159,False,18,False,False
2401,2022,0.7896030254100634,0.7896030254100634,False,22,False,False
2402,2022,0.8402527613350046,0.8402527613350046,False,22,False,False
2403,2022,0.3399202658633918,-0.5944176817773925,True,2,True,False
2404,2022,0.24519680698796043,0.24519680698796043,False,22,False,False
2405,2022,-1.0508948991620706,-1.0508948991620706,False,28,False,False
2406,2022,-1.0524962247438165,-0.8249477789591887,True,18,False,True
2407,2022,1.8427807235384286,1.8427807235384286,False,34,False,False
2408,2022,1.936374421337232,1.936374421337232,False,22,False,False
2409,2022,0.3041301530715931,-0.639722909972016,True,41,True,False
2410,2022,0.42036730563075264,-0.6243211982917162,True,20,True,False
2411,2022,0.5866228683205033,0.5866228683205033,False,22,False,False
2412,2022,0.4755646985772388,0.4755646985772388,False,22,False,False
2413,2022,0.28332724406037835,0.28332724406037835,False,22,False,False
2414,2022,-1.0514857584694735,-1.0514857584694735,False,40,False,False
2415,2022,-1.0531236888813833,-1.0531236888813833,False,28,False,False
2416,2022,0.383302713911279,0.383302713911279,False,16,False,False
2417,2022,-1.0360447199723755,-1.0360447199723755,False,14,False,False
2418,2022,0.4738378488461802,0.4738378488461802,False,22,False,False
2419,2022,0.2840617863383909,0.2840617863383909,False,22,False,False
2420,2022,-1.044069850112845,-0.5289013440376741,True,23,False,True
2421,2022,0.19989863374814332,-0.5946238098000223,True,33,True,False
2422,2022,0.3295667549727246,-0.5869749261275911,True,20,True,False
2423,2022,1.0285133403762823,1.0285133403762823,False,22,False,False
2425,2022,0.34522299442573856,0.34522299442573856,False,22,False,False
2426,2022,-1.0387619400875236,-0.7775598542499669,True,26,False,True
2427,2022,-1.0391653013925948,-0.6054989799389906,True,35,False,True
2428,2022,-1.0388015136112543,-1.0388015136112543,False,45,False,False
2429,2022,0.39478455610684315,0.39478455610684315,False,22,False,False
2430,2022,1.1588249914188589,1.1588249914188589,False,22,False,False
2431,2022,-1.0477572596026776,-0.6015967495981661,True,21,False,True
2432,2022,-1.0461421733863498,-0.6553603650257064,True,25,False,True
2433,2022,-1.0467592444803382,-0.5177777971674294,True,15,False,True
2434,2022,0.6413403417038153,-0.6236436586514512,True,21,True,False
2435,2022,0.24248955625513213,0.24248955625513213,False,22,False,False
2436,2022,0.3014312434631094,0.3014312434631094,False,22,False,False
2437,2022,0.44577427590781593,0.44577427590781593,False,22,False,False
2438,2022,-1.0487436902487983,-0.6612958941792131,True,50,False,True
2439,2022,-1.049607508547809,-0.662111975278764,True,37,False,True
2440,2022,-1.0506778400080123,-0.601674369941099,True,26,False,True
2441,2022,-1.0516838219366669,-0.5009584071315367,True,17,False,True
2442,2022,0.8539878705281025,0.8539878705281025,False,22,False,False
2443,2022,-1.0567526020551263,-1.0567526020551263,False,1,False,False
2444,2022,0.21549126177342162,0.21549126177342162,False,34,False,False
2445,2022,0.4216428110276566,0.4216428110276566,False,22,False,False
2446,2022,0.3846159265254218,0.3846159265254218,False,22,False,False
2447,2022,1.4591490254377972,-0.7893448173965301,True,36,True,False
2448,2022,1.720918282824127,-0.5125610682750096,True,28,True,False
2449,2022,2.1756550613961103,2.1756550613961103,False,22,False,False
2451,2022,0.28702093615852,-0.627356726993426,True,47,True,False
2452,2022,0.3598247910096212,0.3598247910096212,False,22,False,False
2453,2022,0.6889557537550435,0.6889557537550435,False,70,False,False
2454,2022,0.274133772773531,0.274133772773531,False,22,False,False
2455,2022,0.24065721090839345,0.24065721090839345,False,22,False,False
2456,2022,0.1639013168135312,0.1639013168135312,False,22,False,False
2457,2022,0.6840649998064436,0.6840649998064436,False,22,False,False
2458,2022,0.18576606508400206,0.18576606508400206,False,22,False,False
2459,2022,-1.054826114308538,-0.6639553655287612,True,29,False,True
2460,2022,-1.055924312819736,-0.6129472100119467,True,19,False,True
2461,2022,0.19874633802334984,0.19874633802334984,False,22,False,False
2462,2022,0.47129056621459564,0.47129056621459564,False,46,False,False
2463,2022,0.19434297512759274,0.19434297512759274,False,22,False,False
2464,2022,0.5418733458916831,0.5418733458916831,False,22,False,False
2465,2022,0.5683739367809174,0.5683739367809174,False,22,False,False
2466,2022,-1.0514154028545233,-0.698321015488762,True,18,False,True
2467,2022,0.9229025447320772,0.9229025447320772,False,34,False,False
2468,2022,0.722351873106289,0.722351873106289,False,22,False,False
2469,2022,-1.0494143757452414,-1.0494143757452414,False,42,False,False
2470,2022,0.1791480972249391,0.1791480972249391,False,22,False,False
2471,2022,-1.0511763585042808,-0.904474529924429,True,19,False,True
2472,2022,0.19402012539842453,-0.8183356516030162,True,19,True,False
2473,2022,0.6410910765198876,-0.577559368383106,True,25,True,False
2474,2022,0.9343065099842975,0.9343065099842975,False,22,False,False
2476,2022,0.3570141533171472,0.3570141533171472,False,22,False,False
2477,2022,0.2213965856362047,0.2213965856362047,False,22,False,False
2478,2022,-1.0558864727696011,-0.7569398988763816,True,19,False,True
2479,2022,0.48436121146258493,0.48436121146258493,False,34,False,False
2480,2022,0.5980357828540437,0.5980357828540437,False,22,False,False
2481,2022,0.6201759403458449,0.6201759403458449,False,22,False,False
2482,2023,0.2351867188283091,0.2351867188283091,False,22,False,False
2483,2023,0.6930939879363847,0.6930939879363847,False,34,False,False
2484,2023,0.485322186910103,0.485322186910103,False,22,False,False
2485,2023,-1.0429158957506806,-0.6624735787578201,True,29,False,True
2486,2023,0.1916704692044549,0.1916704692044549,False,34,False,False
2487,2023,0.2127339839865651,0.2127339839865651,False,22,False,False
2488,2023,0.22729843031389627,0.22729843031389627,False,17,False,False
2489,2023,0.3273657422474032,0.3273657422474032,False,22,False,False
2490,2023,0.20624209274169003,0.20624209274169003,False,46,False,False
2491,2023,0.3909208802834879,0.3909208802834879,False,34,False,False
2492,2023,0.6042841089335241,0.6042841089335241,False,22,False,False
2493,2023,0.24612560551749244,0.24612560551749244,False,22,False,False
2494,2023,-1.046014249822313,-0.5965868036772918,True,40,False,True
2495,2023,1.2612099353657649,1.2612099353657649,False,58,False,False
2496,2023,0.2771146645387505,0.2771146645387505,False,22,False,False
2497,2023,0.2293259017403395,0.2293259017403395,False,22,False,False
2498,2023,1.148789192250909,1.148789192250909,False,22,False,False
2499,2023,0.9909432328501269,0.9909432328501269,False,34,False,False
2500,2023,1.0290262852436427,1.0290262852436427,False,22,False,False
2501,2023,0.5342094425424235,0.5342094425424235,False,22,False,False
2502,2023,0.1461225309210173,0.1461225309210173,False,34,False,False
2503,2023,-1.0552782601971504,-0.6950986701092347,True,38,False,True
2504,2023,0.24382426079867697,0.24382426079867697,False,22,False,False
2505,2023,-1.0561005525647589,-1.0561005525647589,False,27,False,False
2506,2023,3.1627409122612313,-0.8147791251413615,True,25,True,False
2507,2023,3.4773995660597476,3.4773995660597476,False,17,False,False
2509,2023,0.2364933019850497,0.2364933019850497,False,34,False,False
2510,2023,0.18078263280724505,-0.5124325258511249,True,33,True,False
2511,2023,0.18457264274287974,-0.6971375531256723,True,18,True,False
2512,2023,0.6789512276786875,0.6789512276786875,False,22,False,False
2513,2023,-1.0350268011856938,-0.5090219826452853,True,50,False,True
2514,2023,0.37952294003639225,0.37952294003639225,False,22,False,False
2515,2023,-1.0487178641673731,-0.6526341439174084,True,23,False,True
2516,2023,0.46710815821611035,0.46710815821611035,False,22,False,False
2517,2023,0.21969938111309886,0.21969938111309886,False,22,False,False
2518,2023,0.43926175508610427,-0.5139613456636228,True,23,True,False
2519,2023,0.9400369493885222,0.9400369493885222,False,34,False,False
2520,2023,0.9966107982763112,0.9966107982763112,False,22,False,False
2521,2023,0.17415584866939834,-0.912648720748385,True,2,True,False
2522,2023,0.6991944449523082,0.6991944449523082,False,22,False,False
2523,2023,0.49469622688721715,0.49469622688721715,False,34,False,False
2524,2023,0.5425947216333248,0.5425947216333248,False,22,False,False
2525,2023,0.3499076405328637,0.3499076405328637,False,58,False,False
2526,2023,0.9134204439453402,0.9134204439453402,False,22,False,False
2527,2023,0.5626492013303634,-0.739026161010814,True,2,True,False
2528,2023,0.4513017561856783,0.4513017561856783,False,22,False,False
2529,2023,-1.0418427609516507,-0.6450787907346234,True,23,False,True
2530,2023,-1.0448175135784437,-1.0448175135784437,False,42,False,False
2531,2023,0.25534334076974347,0.25534334076974347,False,22,False,False
2532,2023,-1.045869410501916,-1.045869410501916,False,18,False,False
2533,2023,0.1929302107807219,0.1929302107807219,False,22,False,False
2534,2023,0.338905323464177,0.338905323464177,False,22,False,False
2535,2023,0.4445516698455133,0.4445516698455133,False,22,False,False
2536,2023,0.1927744789102518,0.1927744789102518,False,22,False,False
2537,2023,0.4418007424241488,0.4418007424241488,False,22,False,False
2538,2023,0.9834668867833289,0.9834668867833289,False,34,False,False
2539,2023,0.9172362437597459,0.9172362437597459,False,22,False,False
2540,2023,1.607581627295798,-0.6158847164371173,True,2,True,False
2541,2023,0.6264656959503939,-0.7543077913667786,True,19,True,False
2542,2023,0.7711396711963144,0.7711396711963144,False,22,False,False
2543,2023,0.7505017873120955,0.7505017873120955,False,46,False,False
2544,2023,0.8139824402592055,0.8139824402592055,False,34,False,False
2545,2023,0.652728391038653,0.652728391038653,False,22,False,False
2546,2023,0.26040369827711213,0.26040369827711213,False,22,False,False
2547,2023,0.3693888681313027,0.3693888681313027,False,22,False,False
2548,2023,0.8442007829638151,0.8442007829638151,False,22,False,False
2549,2023,-1.0396913398457515,-0.6714635690543784,True,41,False,True
2550,2023,-1.0404605855426283,-0.6661979459121193,True,29,False,True
2551,2023,-1.0416107827955337,-0.5243328690243019,True,37,False,True
2552,2023,1.0975365890145097,1.0975365890145097,False,22,False,False
2553,2023,0.22063612922521578,-0.7258773883936351,True,2,True,False
2554,2023,-1.0496846230131693,-0.6461354894397504,True,14,False,True
2555,2023,0.4053703387878194,0.4053703387878194,False,22,False,False
2556,2023,1.476213004417408,1.476213004417408,False,22,False,False
2557,2023,0.43884289329441717,0.43884289329441717,False,20,False,False
2558,2023,-1.039080848321293,-1.039080848321293,False,17,False,False
2559,2023,0.16648418458197897,0.16648418458197897,False,46,False,False
2560,2023,0.5809153315123449,0.5809153315123449,False,22,False,False
2561,2023,0.40016865139034086,0.40016865139034086,False,22,False,False
2562,2023,0.5314964813802092,0.5314964813802092,False,22,False,False
2563,2023,0.22046901755403106,-0.5066662939701498,True,20,True,False
2564,2023,0.2224010604659777,0.2224010604659777,False,34,False,False
2565,2023,0.26468158529195024,0.26468158529195024,False,22,False,False
2566,2023,4.095302078715556,4.095302078715556,False,34,False,False
2567,2023,4.33958237423183,4.33958237423183,False,22,False,False
2568,2023,1.1061208207258242,-0.5007232044609087,True,17,True,False
2569,2023,0.7039169602546616,0.7039169602546616,False,22,False,False
2570,2023,1.2752460473696097,-0.5525534057415409,True,18,True,False
2571,2023,0.3024432471617792,-0.8001719351095377,True,21,True,False
2572,2023,0.7294055591915639,0.7294055591915639,False,22,False,False
2573,2023,0.8261938649509648,0.8261938649509648,False,22,False,False
2574,2023,0.833410384177384,0.833410384177384,False,34,False,False
2575,2023,0.7912863911006423,0.7912863911006423,False,22,False,False
2576,2023,0.5632269013209277,0.5632269013209277,False,22,False,False
2577,2023,0.5071704224529088,0.5071704224529088,False,22,False,False
2578,2023,-1.0391897715204617,-0.6594451258036695,True,30,False,True
2579,2023,-1.039835139413781,-0.5766506257315845,True,20,False,True
2580,2023,-1.0491715935685437,-0.63160610161636,True,44,False,True
2581,2023,-1.053127946927058,-1.053127946927058,False,21,False,False
2582,2023,0.6823031792295009,0.6823031792295009,False,22,False,False
2583,2023,0.7574069671497154,-0.5006002855624986,True,2,True,False
2584,2023,1.0182207471190814,1.0182207471190814,False,46,False,False
2585,2023,0.48447700788671194,0.48447700788671194,False,22,False,False
2586,2023,0.8333131298658507,0.8333131298658507,False,22,False,False
2587,2023,1.0564053592145897,1.0564053592145897,False,29,False,False
2588,2023,1.5082011375612279,1.5082011375612279,False,17,False,False
2589,2023,0.9232148750124107,0.9232148750124107,False,22,False,False
2590,2023,0.35022651253362536,0.35022651253362536,False,46,False,False
2591,2023,0.32859293114601856,0.32859293114601856,False,34,False,False
2592,2023,0.16886661647528114,0.16886661647528114,False,22,False,False
2593,2023,0.17989692108038177,0.17989692108038177,False,34,False,False
2594,2023,0.3096105295133617,0.3096105295133617,False,22,False,False
2595,2023,-1.0405307163445063,-1.0405307163445063,False,17,False,False
2596,2023,0.4875249798232648,0.4875249798232648,False,22,False,False
2597,2023,0.4249130375720928,0.4249130375720928,False,22,False,False
2598,2023,0.2956237735729391,0.2956237735729391,False,22,False,False
2599,2023,0.17895545021625062,0.17895545021625062,False,22,False,False
2600,2023,0.20658727807770927,0.20658727807770927,False,70,False,False
2601,2023,0.26757892078324746,0.26757892078324746,False,34,False,False
2602,2023,0.3648950367779679,0.3648950367779679,False,22,False,False
2603,2023,1.058588713552108,1.058588713552108,False,22,False,False
2604,2023,0.15391230801121658,-0.7481140279982006,True,19,True,False
2605,2023,0.35476704800429776,0.35476704800429776,False,22,False,False
2606,2023,0.5812906714425059,0.5812906714425059,False,22,False,False
2607,2023,0.4850704760176637,0.4850704760176637,False,34,False,False
2608,2023,0.6052089388039825,0.6052089388039825,False,22,False,False
2609,2023,-1.0550127863306056,-0.5161772077738012,True,19,False,True
2610,2023,0.41272101281734963,-0.6245844963935163,True,16,True,False
2611,2023,0.8433402569201162,0.8433402569201162,False,22,False,False
2612,2023,0.21386399012574925,0.21386399012574925,False,58,False,False
2613,2023,0.20845828173527636,0.20845828173527636,False,34,False,False
2614,2023,0.16028139902119334,0.16028139902119334,False,22,False,False
2615,2023,0.2733676191630606,0.2733676191630606,False,22,False,False
2616,2023,0.15558908209357009,0.15558908209357009,False,22,False,False
2617,2023,0.354494819457557,0.354494819457557,False,22,False,False
2618,2023,0.3391225559111075,0.3391225559111075,False,22,False,False
2619,2023,0.15801113008902745,0.15801113008902745,False,22,False,False
2620,2023,0.6570362504398397,0.6570362504398397,False,34,False,False
2621,2023,0.8003794034979279,0.8003794034979279,False,22,False,False
2622,2023,0.5811164666900773,-0.5962387613033006,True,2,True,False
2623,2023,0.8555023284701669,0.8555023284701669,False,22,False,False
2624,2023,1.0438472293565149,1.0438472293565149,False,22,False,False
2625,2023,-1.0510368589893349,-0.5740018729348975,True,22,False,True
2626,2023,0.31141798705376955,0.31141798705376955,False,34,False,False
2627,2023,0.20960479689339062,-0.5153013961635995,True,8,True,False
2628,2023,-1.0503461944645403,-0.6013513680312718,True,25,False,True
2629,2023,-1.0508813136887165,-1.0508813136887165,False,45,False,False
2630,2023,0.14876334577349906,0.14876334577349906,False,22,False,False
2631,2023,-1.0525761782887622,-0.6327485296980285,True,22,False,True
2632,2023,0.3653521503327574,-0.6945654581665678,True,25,True,False
2633,2023,1.0627147935486152,1.0627147935486152,False,22,False,False
2634,2023,0.32279459430075996,0.32279459430075996,False,2,False,False
2635,2023,0.16259236125228224,0.16259236125228224,False,22,False,False
2636,2023,0.875473524068939,0.875473524068939,False,34,False,False
2637,2023,0.4775352989821419,-0.6788073221727884,True,40,True,False
2638,2023,0.33436881138719976,-0.6673853596636959,True,7,True,False
2639,2023,0.2850231368223368,-0.8539630605891024,True,16,True,False
2640,2023,0.4453172405164552,0.4453172405164552,False,22,False,False
2641,2023,0.5088683674707025,-0.5093664707118133,True,2,True,False
2642,2023,-1.0445843962763994,-0.6992832801828743,True,2,False,True
2643,2023,0.25734645347479307,0.25734645347479307,False,22,False,False
2644,2023,0.21369612860611234,0.21369612860611234,False,22,False,False
2645,2023,0.4295906777885228,0.4295906777885228,False,22,False,False
2646,2023,0.8948642444657957,0.8948642444657957,False,33,False,False
2647,2023,0.9792040310474794,0.9792040310474794,False,21,False,False
2648,2023,0.3281656130293347,-0.6471507001129487,True,2,True,False
2649,2023,0.20145058176571345,-0.5329775885039595,True,2,True,False
2650,2023,0.48739995331810304,0.48739995331810304,False,22,False,False
2651,2023,-1.0566944017059774,-0.5451907030492179,True,17,False,True
2652,2023,0.2716989870702865,0.2716989870702865,False,22,False,False
2653,2023,0.3819022382840393,0.3819022382840393,False,22,False,False
2654,2023,-1.0580079128013513,-0.7113235540573634,True,21,False,True
2655,2023,0.3219266379021531,0.3219266379021531,False,22,False,False
2656,2023,-1.056731565526008,-0.5979449771639651,True,17,False,True
2657,2023,0.1658009904662983,0.1658009904662983,False,22,False,False
2658,2023,-1.0581663717017733,-0.5669848760927706,True,16,False,True
2659,2023,0.6432819659775869,0.6432819659775869,False,22,False,False
2660,2023,0.446342930970287,-0.678111080523446,True,2,True,False
2661,2023,0.1728898515381349,0.1728898515381349,False,22,False,False
2662,2023,0.4435203639499584,0.4435203639499584,False,22,False,False
2663,2023,-1.0527713484385859,-0.713724315488463,True,23,False,True
2664,2023,0.2862188323074862,0.2862188323074862,False,22,False,False
2665,2023,0.3182521357317445,0.3182521357317445,False,34,False,False
2666,2023,0.21101212865212968,0.21101212865212968,False,16,False,False
2667,2023,-1.0590853815086152,-0.5589539706359947,True,23,False,True
2668,2023,-1.058394063722677,-0.637656896409212,True,37,False,True
2669,2023,-1.0604732460659885,-0.7831352686740569,True,31,False,True
2670,2023,-1.0604488741974236,-0.5229122439938768,True,24,False,True
2671,2023,1.246431147626025,1.246431147626025,False,22,False,False
2672,2023,-1.0554522160589637,-1.0554522160589637,False,19,False,False
2673,2023,0.2826865376840328,0.2826865376840328,False,22,False,False
2674,2023,0.15659756680807135,0.15659756680807135,False,34,False,False
2675,2023,0.4080076015028092,0.4080076015028092,False,58,False,False
2676,2023,0.29450206280728247,0.29450206280728247,False,22,False,False
2677,2023,0.20551336075464285,0.20551336075464285,False,22,False,False
2678,2023,0.3428833733183387,0.3428833733183387,False,46,False,False
2679,2023,0.24848792926416036,0.24848792926416036,False,22,False,False
2680,2023,0.5556587185226224,0.5556587185226224,False,22,False,False
2681,2023,-1.0631794717795346,-1.0631794717795346,False,30,False,False
2682,2023,0.1539661801764914,-0.8937911998997645,True,20,True,False
2683,2023,0.4053416800783663,0.4053416800783663,False,22,False,False
2684,2023,0.2326767478528717,0.2326767478528717,False,22,False,False
2685,2023,0.4459919403889265,0.4459919403889265,False,17,False,False
2686,2023,-1.0542435054332948,-0.9847666920665218,True,19,False,True
2687,2023,0.7789525414947256,0.7789525414947256,False,34,False,False
2688,2023,0.7773204398184644,0.7773204398184644,False,22,False,False
2689,2023,1.0169143321402938,1.0169143321402938,False,22,False,False
2690,2023,0.3409343125044972,0.3409343125044972,False,22,False,False
2691,2023,0.2924029250910037,0.2924029250910037,False,22,False,False
2692,2023,0.5080649049457141,0.5080649049457141,False,22,False,False
2693,2023,0.8398761272856747,-0.5614092230870728,True,3,True,False
2694,2023,-1.0304177399012395,-1.0304177399012395,False,31,False,False
2695,2023,0.9434268456911274,0.9434268456911274,False,22,False,False
2696,2023,0.20743843774441173,-0.511635321909916,True,16,True,False
2697,2023,-1.031392719995553,-0.6630408944361434,True,2,False,True
2698,2023,0.18651101853972143,0.18651101853972143,False,22,False,False
2699,2023,0.2777498419168453,0.2777498419168453,False,22,False,False
2700,2023,0.33894933855174925,0.33894933855174925,False,22,False,False
2701,2023,0.805820366282573,0.805820366282573,False,22,False,False
2702,2023,0.33507670305237747,0.33507670305237747,False,22,False,False
2703,2023,0.4729346044095393,0.4729346044095393,False,22,False,False
2704,2023,-1.0395828057697871,-0.5996995750619143,True,31,False,True
2705,2023,-1.040275018933419,-1.040275018933419,False,27,False,False
2706,2023,-1.0414820220777408,-1.0414820220777408,False,15,False,False
2707,2023,0.3418464249828019,-0.5325793323774303,True,5,True,False
2708,2023,0.32442942830114607,0.32442942830114607,False,22,False,False
2709,2023,-1.045707603676454,-0.5359135852768777,True,25,False,True
2710,2023,0.48242284279513414,0.48242284279513414,False,22,False,False
2711,2023,0.19178648317968847,0.19178648317968847,False,22,False,False
2712,2023,-1.0473645290101996,-0.5487939574002182,True,18,False,True
2713,2023,0.5670439128221028,0.5670439128221028,False,22,False,False
2714,2023,0.49442426221270247,0.49442426221270247,False,22,False,False
2715,2023,0.6830489172195031,-0.601052055194003,True,2,True,False
2716,2023,0.3109195157459863,0.3109195157459863,False,22,False,False
2717,2023,0.15306131621700014,0.15306131621700014,False,22,False,False
2718,2023,-1.0457351461741882,-1.0457351461741882,False,52,False,False
2719,2023,-1.047839325329411,-1.047839325329411,False,40,False,False
2720,2023,-1.0479597019532623,-1.0479597019532623,False,29,False,False
2721,2023,1.0102110206848502,1.0102110206848502,False,22,False,False
2722,2023,0.6796884285372411,0.6796884285372411,False,22,False,False
2723,2023,0.39421741675357597,0.39421741675357597,False,22,False,False
2724,2023,1.5592682631338066,1.5592682631338066,False,22,False,False
2725,2023,0.1781249357529435,-0.6176446069903837,True,2,True,False
2726,2023,0.32206806976476143,0.32206806976476143,False,46,False,False
2727,2023,0.4489203650267646,0.4489203650267646,False,34,False,False
2728,2023,0.4787466011159423,0.4787466011159423,False,22,False,False
2729,2023,0.26232879232699663,0.26232879232699663,False,22,False,False
2730,2023,1.333999683782626,1.333999683782626,False,22,False,False
2731,2023,0.6587796077669291,-0.632170275678884,True,43,True,False
2732,2023,0.8054276118433217,0.8054276118433217,False,58,False,False
2733,2023,0.1987383218034206,0.1987383218034206,False,22,False,False
2734,2023,0.39529692298135843,0.39529692298135843,False,22,False,False
2735,2023,1.0118409523636485,1.0118409523636485,False,22,False,False
2736,2023,1.6073629607076143,-0.7116200849066181,True,2,True,False
2737,2023,-1.043816269031517,-0.7881096414326574,True,15,False,True
2738,2023,0.17479197678098496,0.17479197678098496,False,22,False,False
2739,2023,0.37349335413766394,0.37349335413766394,False,22,False,False
2740,2023,-1.0471445081653932,-0.7149878015604568,True,42,False,True
2741,2023,2.993040517186782,2.993040517186782,False,34,False,False
2742,2023,3.2556535743465806,3.2556535743465806,False,22,False,False
2743,2023,0.5359411392228237,0.5359411392228237,False,22,False,False
2744,2023,0.18586611771416836,0.18586611771416836,False,22,False,False
2745,2023,0.7403037099728158,0.7403037099728158,False,22,False,False
2746,2023,0.6806849256964125,0.6806849256964125,False,22,False,False
2747,2023,2.1563675582621897,-0.5811196961318497,True,2,True,False
2749,2023,0.24003633161315122,-0.6527132895512439,True,2,True,False
2750,2023,0.3653382029533069,0.3653382029533069,False,22,False,False
2751,2023,-1.0361459370761308,-0.805864040461076,True,17,False,True
2752,2023,-1.0440143876716192,-1.0440143876716192,False,20,False,False
2753,2023,0.4239024855743728,0.4239024855743728,False,22,False,False
2754,2023,0.28421843643016376,0.28421843643016376,False,22,False,False
2755,2023,0.5316760030776817,0.5316760030776817,False,22,False,False
2756,2023,0.18943355059289477,-0.5104971020723714,True,18,True,False
2757,2023,0.2606086158204315,0.2606086158204315,False,22,False,False
2758,2023,0.4046336263298564,0.4046336263298564,False,17,False,False
2759,2023,-1.047677776590629,-0.6180734988187911,True,19,False,True
2760,2023,0.36357925693739807,0.36357925693739807,False,17,False,False
2761,2023,-1.0406668850640397,-0.7493876701055576,True,34,False,True
2762,2023,0.19710589597365852,0.19710589597365852,False,22,False,False
2763,2023,0.20112988312539648,0.20112988312539648,False,46,False,False
2764,2023,0.2865008698775762,0.2865008698775762,False,34,False,False
2765,2023,0.19107306660718076,0.19107306660718076,False,29,False,False
2766,2023,0.4932593602868983,0.4932593602868983,False,53,False,False
2767,2023,1.0508615368908347,1.0508615368908347,False,22,False,False
2768,2023,0.270364537842989,0.270364537842989,False,22,False,False
2769,2023,0.38798023982040913,0.38798023982040913,False,34,False,False
2770,2023,0.5525669144207342,0.5525669144207342,False,22,False,False
2771,2023,-1.0502092837950612,-0.6297809193485296,True,2,False,True
2773,2023,2.516976418071082,2.516976418071082,False,34,False,False
2774,2023,2.508672192486893,2.508672192486893,False,22,False,False
2775,2023,0.19274842321491692,0.19274842321491692,False,46,False,False
2776,2023,0.2834933612165935,0.2834933612165935,False,34,False,False
2777,2023,0.6420187997124521,0.6420187997124521,False,22,False,False
2778,2023,0.38415198156058,0.38415198156058,False,22,False,False
2779,2023,-1.0507928322070852,-0.5212886949509479,True,25,False,True
2780,2023,-1.0491392298366458,-0.5943992037052476,True,21,False,True
2781,2023,0.2966337530520872,0.2966337530520872,False,22,False,False
2782,2023,0.21147033337871757,0.21147033337871757,False,34,False,False
2783,2023,-1.0492050563417994,-1.0492050563417994,False,23,False,False
2784,2023,-1.0547112900083926,-1.0547112900083926,False,14,False,False
2785,2023,0.2862165642741033,0.2862165642741033,False,34,False,False
2786,2023,0.4743034686646677,0.4743034686646677,False,22,False,False
2787,2023,3.4373707937404383,3.4373707937404383,False,22,False,False
2788,2023,0.16058856293982376,0.16058856293982376,False,22,False,False
2789,2023,0.24932350917842633,0.24932350917842633,False,34,False,False
2790,2023,0.3560081242978962,0.3560081242978962,False,22,False,False
2791,2023,0.37594638161806876,-0.5878290769584223,True,4,True,False
2792,2023,0.49809321225231185,0.49809321225231185,False,22,False,False
2793,2023,-1.0549714450492942,-0.588058584306252,True,24,False,True
2794,2023,0.20599230644100594,-0.6789173131708481,True,25,True,False
2795,2023,0.680237591423852,0.680237591423852,False,34,False,False
2796,2023,0.7305726087716029,0.7305726087716029,False,22,False,False
2797,2023,0.6328941135777911,-0.7436941349199112,True,2,True,False
2798,2023,0.34521316388832124,-0.5464906076653333,True,2,True,False
2799,2023,0.19358901055043626,0.19358901055043626,False,34,False,False
2800,2023,0.4890870079532039,0.4890870079532039,False,22,False,False
2801,2023,0.18990154040279913,-0.6916420248053406,True,22,True,False
2802,2023,0.6314964956395622,0.6314964956395622,False,22,False,False
2803,2023,0.9244400224592033,0.9244400224592033,False,22,False,False
2804,2023,0.5063511325520631,-0.5439235299504143,True,29,True,False
2805,2023,0.46537717548787005,0.46537717548787005,False,22,False,False
2806,2023,0.6607522152002611,0.6607522152002611,False,34,False,False
2807,2023,0.9147420633162109,0.9147420633162109,False,22,False,False
2808,2023,0.4354410662518461,0.4354410662518461,False,22,False,False
2809,2023,0.7440294457964621,0.7440294457964621,False,46,False,False
2810,2023,0.7580968006611751,0.7580968006611751,False,34,False,False
2811,2023,0.6476957668636809,0.6476957668636809,False,22,False,False
2812,2023,1.8759326169339503,-0.6366344605413414,True,2,True,False
2813,2023,0.4417086684793633,0.4417086684793633,False,22,False,False
2814,2023,0.7135825651061434,-0.696915475769329,True,55,True,False
2815,2023,0.7406769885778932,-0.7375318658170532,True,43,True,False
2816,2023,0.2659883403720442,0.2659883403720442,False,22,False,False
2817,2023,0.4605673816351634,0.4605673816351634,False,22,False,False
2818,2023,0.705974213248314,-0.5061206270877322,True,2,True,False
2819,2023,0.6807330668067926,0.6807330668067926,False,22,False,False
2820,2023,-1.0551106085433266,-0.6272810690158079,True,24,False,True
2821,2023,0.1803665358720378,0.1803665358720378,False,22,False,False
2822,2023,0.4207616572397945,0.4207616572397945,False,34,False,False
2823,2023,0.21858191629565923,0.21858191629565923,False,22,False,False
2824,2023,0.3258626249096696,0.3258626249096696,False,22,False,False
2825,2023,0.2899903412745232,-0.6047572460112588,True,16,True,False
2826,2023,0.20164663180339815,0.20164663180339815,False,22,False,False
2827,2023,0.9644560097831273,0.9644560097831273,False,22,False,False
2828,2023,1.4263651100737842,1.4263651100737842,False,22,False,False
2829,2023,0.5248147216472329,0.5248147216472329,False,22,False,False
2830,2023,0.28719031484648644,0.28719031484648644,False,22,False,False
2831,2023,0.16755726418150246,0.16755726418150246,False,22,False,False
2832,2023,-1.0559613956000515,-0.5755656155016053,True,24,False,True
2833,2023,-1.0561546465701235,-1.0561546465701235,False,17,False,False
2835,2023,0.9599359634228584,0.9599359634228584,False,22,False,False
2836,2023,0.33387785138125686,0.33387785138125686,False,22,False,False
2837,2023,0.2762505126219181,0.2762505126219181,False,22,False,False
2838,2023,-1.043133321266199,-1.043133321266199,False,38,False,False
2839,2023,-1.0443016519280037,-1.0443016519280037,False,26,False,False
2840,2023,0.2789653492422692,0.2789653492422692,False,22,False,False
2841,2023,-1.0485495283122968,-1.0485495283122968,False,17,False,False
2842,2023,0.258829856760283,0.258829856760283,False,46,False,False
2843,2023,0.4758459007756658,0.4758459007756658,False,34,False,False
2844,2023,0.4241336902644046,0.4241336902644046,False,22,False,False
2845,2023,0.5425008151545433,0.5425008151545433,False,22,False,False
2846,2023,0.4036976225843284,-0.6507572028552279,True,57,True,False
2847,2023,0.20161812978731272,0.20161812978731272,False,22,False,False
2848,2023,0.1867487491928836,-0.7647451228023079,True,34,True,False
2849,2023,0.19666506248009635,-0.6404727848174323,True,22,True,False
2850,2023,0.6481794481465999,0.6481794481465999,False,22,False,False
2851,2023,0.3857945587560808,0.3857945587560808,False,45,False,False
2852,2023,0.25546592860604306,0.25546592860604306,False,22,False,False
2853,2023,1.3925198466716722,1.3925198466716722,False,22,False,False
2855,2023,0.3181990348943444,0.3181990348943444,False,22,False,False
2856,2023,-1.0521080399186078,-0.6295866109695163,True,21,False,True
2857,2023,0.3396016170520162,-0.7826319023134656,True,22,True,False
2858,2023,-1.0452027797369328,-0.6897936502906585,True,31,False,True
2859,2023,-1.045516853489163,-0.7386995975390879,True,23,False,True
2860,2023,-1.0512724801726465,-0.5210299140011463,True,14,False,True
2861,2023,1.1206651957138816,1.1206651957138816,False,34,False,False
2862,2023,0.35318289157941896,0.35318289157941896,False,22,False,False
2863,2023,1.173484171337644,-0.5161279749845795,True,22,True,False
2864,2023,1.6881941552700306,1.6881941552700306,False,58,False,False
2865,2023,0.2841165996556701,0.2841165996556701,False,22,False,False
2866,2023,1.6710431803911105,1.6710431803911105,False,34,False,False
2867,2023,1.726175301544367,1.726175301544367,False,22,False,False
2869,2023,0.3669976104494142,0.3669976104494142,False,22,False,False
2870,2023,0.4077715400710021,-0.5312117055372216,True,21,True,False
2871,2023,0.14654409206487157,-0.510655807333968,True,16,True,False
2872,2023,0.23768397818038867,0.23768397818038867,False,22,False,False
2873,2023,0.311814530816183,0.311814530816183,False,22,False,False
2874,2023,0.7103599939177248,0.7103599939177248,False,22,False,False
2875,2023,1.2211223285128063,1.2211223285128063,False,22,False,False
2877,2023,1.021615968348519,1.021615968348519,False,22,False,False
2878,2023,0.7597332639005001,-0.568774996761314,True,23,True,False
2879,2023,0.322966836063594,0.322966836063594,False,22,False,False
2880,2023,0.23237573937452224,0.23237573937452224,False,22,False,False
2881,2023,0.6705958498797129,0.6705958498797129,False,22,False,False
2882,2023,-1.054898042892981,-1.054898042892981,False,20,False,False
2883,2023,0.5534227156320698,0.5534227156320698,False,34,False,False
2884,2023,-1.0513731156934834,-0.50367871598776,True,26,False,True
2885,2023,0.1718652429244285,0.1718652429244285,False,34,False,False
2886,2023,0.22234414094609117,0.22234414094609117,False,22,False,False
2887,2023,-1.055770263226306,-1.055770263226306,False,17,False,False
2888,2023,0.1766327063573032,0.1766327063573032,False,22,False,False
2889,2023,-1.0654096377522664,-0.7786544724487355,True,24,False,True
2890,2023,0.30289557384834426,0.30289557384834426,False,46,False,False
2891,2023,0.25652976386092113,0.25652976386092113,False,22,False,False
2892,2023,-1.0675154810111411,-0.6928476616567623,True,27,False,True
2893,2023,0.21762050962303756,-0.5329256279527551,True,26,True,False
2894,2023,0.842526701496485,0.842526701496485,False,17,False,False
2895,2023,1.063910513216795,-0.5690997660253038,True,2,True,False
2896,2023,0.49111568308815284,0.49111568308815284,False,22,False,False
2897,2023,0.9289939039634768,0.9289939039634768,False,34,False,False
2898,2023,0.8797116779602064,0.8797116779602064,False,22,False,False
2899,2023,0.28214166255415035,0.28214166255415035,False,34,False,False
2900,2023,0.24301839383680132,0.24301839383680132,False,22,False,False
2901,2023,0.2550138379060145,0.2550138379060145,False,34,False,False
2902,2023,0.2765816738318881,0.2765816738318881,False,22,False,False
2903,2023,-1.0572902789685457,-0.5128924257154129,True,17,False,True
2904,2023,2.570653718630072,-0.6443178264484729,True,59,True,False
2905,2023,2.8307468470103836,-0.5521573954175528,True,24,True,False
2906,2023,0.3593209070166981,0.3593209070166981,False,22,False,False
2907,2023,2.952951977889748,2.952951977889748,False,17,False,False
2908,2023,0.22940413555991823,0.22940413555991823,False,22,False,False
2909,2023,0.6977314061356804,0.6977314061356804,False,22,False,False
2910,2023,0.41887777356562717,-0.6270300998723656,True,2,True,False
2911,2023,-1.0361749332111434,-0.7621500236893668,True,16,False,True
2912,2023,-1.046336431231017,-0.5490042411315061,True,17,False,True
2913,2023,-1.0450733911760741,-0.5409444428064284,True,52,False,True
2914,2023,0.15320639603282146,0.15320639603282146,False,22,False,False
2915,2023,0.9496708514830956,-0.5954309577579858,True,50,True,False
2916,2023,0.15001923517187415,0.15001923517187415,False,22,False,False
2917,2023,0.1930272207585291,0.1930272207585291,False,22,False,False
2918,2023,0.8603730003611925,-0.6294052120302246,True,17,True,False
2919,2023,1.1227594248726045,1.1227594248726045,False,22,False,False
2921,2023,0.1620885583667821,0.1620885583667821,False,22,False,False
2922,2023,-1.0572802478543217,-0.5624702720133884,True,17,False,True
2923,2023,0.16741344300375036,0.16741344300375036,False,34,False,False
2924,2023,0.5674478126173493,0.5674478126173493,False,22,False,False
2925,2023,-1.0637067839772574,-0.5099864168177132,True,16,False,True
2926,2023,-1.0602148779044176,-0.9278656127870146,True,19,False,True
2927,2023,0.28172999813119964,0.28172999813119964,False,22,False,False
2928,2023,0.5471114958711606,0.5471114958711606,False,34,False,False
2929,2023,0.26452303431681423,-0.7859679852495022,True,43,True,False
2930,2023,0.3007908749633017,0.3007908749633017,False,22,False,False
2931,2023,0.532915976580409,-0.6605121631109051,True,20,True,False
2932,2023,0.2547709872526035,-0.7072822975632211,True,13,True,False
2933,2023,0.3772868965347802,-0.5583998392279499,True,2,True,False
2934,2023,-1.058423451936054,-1.058423451936054,False,60,False,False
2935,2023,0.37636281734515514,0.37636281734515514,False,22,False,False
2936,2023,-1.0588640052455718,-1.0588640052455718,False,27,False,False
2937,2023,-1.0603615856281736,-1.0603615856281736,False,15,False,False
2938,2023,-1.057710844153494,-0.5002355850195097,True,24,False,True
2939,2023,0.453247525484699,0.453247525484699,False,22,False,False
2940,2023,0.1683447924577969,-0.6946812457146576,True,19,True,False
2941,2023,0.27972361084770103,-0.6725879376627363,True,2,True,False
2942,2023,0.2752061907574431,0.2752061907574431,False,22,False,False
2943,2023,0.5279181519104679,0.5279181519104679,False,22,False,False
2944,2023,0.6058317145823959,0.6058317145823959,False,22,False,False
2945,2023,0.678084291840626,0.678084291840626,False,5,False,False
2946,2023,0.30788645432143813,0.30788645432143813,False,22,False,False
2947,2023,-1.0527207737538344,-0.6281760106125602,True,19,False,True
2948,2023,0.15280784354509322,0.15280784354509322,False,46,False,False
2949,2023,-1.0512103086184297,-1.0512103086184297,False,51,False,False
2950,2023,-1.0522874546991212,-1.0522874546991212,False,39,False,False
2951,2023,-1.0545182780692568,-1.0545182780692568,False,27,False,False
2952,2023,-1.0550176990123072,-0.7262570583085921,True,20,False,True
2953,2023,0.7903736871294491,0.7903736871294491,False,22,False,False
2954,2023,-1.0535080005254704,-0.5751364002536455,True,2,False,True
2955,2023,0.3235864144250998,0.3235864144250998,False,22,False,False
2956,2023,0.588789482513015,0.588789482513015,False,22,False,False
2957,2023,0.369800179761938,0.369800179761938,False,22,False,False
2958,2023,-1.0570452028936912,-0.6873344346000174,True,37,False,True
2959,2023,1.1819152755530413,-0.7803303525638031,True,30,True,False
2960,2023,0.6757506820701036,0.6757506820701036,False,22,False,False
2961,2023,1.4041298588172162,-0.5989895720158352,True,6,True,False
2962,2023,0.5318550437024134,0.5318550437024134,False,22,False,False
2963,2023,1.1576221620285174,1.1576221620285174,False,22,False,False
2964,2023,0.2232089833921476,0.2232089833921476,False,22,False,False
2965,2023,0.1941823130440759,0.1941823130440759,False,34,False,False
2966,2023,0.15749585546994968,0.15749585546994968,False,22,False,False
2967,2023,0.8112165614892413,0.8112165614892413,False,22,False,False
2968,2023,0.48643001860443713,0.48643001860443713,False,22,False,False
2969,2023,0.3876613813527914,0.3876613813527914,False,22,False,False
2970,2023,0.6577208546315266,0.6577208546315266,False,34,False,False
2971,2023,0.31155981669829075,-0.7329064003292084,True,2,True,False
2972,2023,0.5971794436827866,0.5971794436827866,False,22,False,False
2973,2023,0.36952530624017393,0.36952530624017393,False,22,False,False
2974,2023,0.8498130203691956,0.8498130203691956,False,22,False,False
2975,2023,-1.056472108135033,-0.5879356306452059,True,2,False,True
2976,2023,-1.0559022231560347,-1.0559022231560347,False,41,False,False
2977,2023,0.2834291918163158,0.2834291918163158,False,22,False,False
2978,2023,-1.058536864586429,-1.058536864586429,False,17,False,False
2979,2023,-1.0518561560493729,-1.0518561560493729,False,24,False,False
2980,2023,0.5928129309036873,-0.6002406563636522,True,2,True,False
2981,2023,-1.0569083561531891,-0.5863940730533177,True,24,False,True
2982,2023,0.3264027029240875,-0.625380393586974,True,2,True,False
2983,2023,-1.0560262640761273,-1.0560262640761273,False,54,False,False
2984,2023,0.14112356662903472,0.14112356662903472,False,22,False,False
2985,2023,1.5371860278321547,1.5371860278321547,False,34,False,False
2986,2023,1.8383892130376007,1.8383892130376007,False,22,False,False
2987,2023,-1.0680664734495873,-0.535333484846494,True,32,False,True
2988,2023,0.7971897375960074,0.7971897375960074,False,22,False,False
2989,2023,0.1294166528712851,-0.6077675378135713,True,2,True,False
2990,2023,0.5007534395555973,0.5007534395555973,False,34,False,False
2991,2023,0.3816948723950065,0.3816948723950065,False,22,False,False
2992,2023,0.15044889954087337,0.15044889954087337,False,22,False,False
2993,2023,0.16638429337328872,0.16638429337328872,False,22,False,False
2994,2023,0.4553080233585997,0.4553080233585997,False,22,False,False
2995,2023,0.5271666551437515,-0.8092958304023821,True,2,True,False
2996,2023,0.525175002538826,0.525175002538826,False,34,False,False
2997,2023,0.6616744881712119,0.6616744881712119,False,22,False,False
2998,2023,0.1423435763501665,-0.5846382713397887,True,6,True,False
2999,2023,0.9855043216133657,0.9855043216133657,False,58,False,False
3000,2023,0.9580373717394288,-0.5671540545458864,True,30,True,False
3001,2023,1.2971807348404774,1.2971807348404774,False,34,False,False
3002,2023,1.3372431798490068,1.3372431798490068,False,22,False,False
3003,2023,-1.0839256733770655,-0.503604400702468,True,2,False,True
3004,2023,0.4741724820032804,0.4741724820032804,False,22,False,False
3005,2023,0.3527432761684006,-0.5528261930106702,True,24,True,False
3006,2023,0.47593086662911716,0.47593086662911716,False,22,False,False
3007,2023,0.15310887609223298,0.15310887609223298,False,22,False,False
3008,2023,0.5112798787879107,0.5112798787879107,False,22,False,False
3009,2023,1.4791121286419064,1.4791121286419064,False,14,False,False
3010,2023,0.19240210660140825,0.19240210660140825,False,22,False,False
3011,2023,0.9274658502012038,-0.7998945215964204,True,27,True,False
3012,2023,1.299589655656279,1.299589655656279,False,46,False,False
3013,2023,0.23683546806284253,0.23683546806284253,False,22,False,False
3014,2023,1.6662144928887073,1.6662144928887073,False,22,False,False
3016,2023,-1.0602050973058061,-1.0602050973058061,False,14,False,False
3017,2023,0.3425503967770155,0.3425503967770155,False,34,False,False
3018,2023,0.5452904935247409,0.5452904935247409,False,22,False,False
3019,2023,0.13845418020760605,0.13845418020760605,False,22,False,False
3020,2023,0.24290291508747214,0.24290291508747214,False,22,False,False
3021,2023,0.3367631579604523,0.3367631579604523,False,22,False,False
3022,2023,2.162847664578897,2.162847664578897,False,22,False,False
3023,2023,1.9499015027829822,1.9499015027829822,False,22,False,False
3024,2023,0.2663493062253483,-0.8477334105045238,True,20,True,False
3025,2023,0.16326737354264123,0.16326737354264123,False,22,False,False
3026,2023,0.14159344687051761,0.14159344687051761,False,58,False,False
3027,2023,0.16910735621682715,0.16910735621682715,False,46,False,False
3028,2023,0.24781764931567696,0.24781764931567696,False,22,False,False
3029,2023,-1.0674079880243657,-1.0674079880243657,False,29,False,False
3030,2023,0.1144370804333545,0.1144370804333545,False,17,False,False
3031,2023,-1.054260004062249,-1.054260004062249,False,15,False,False
3032,2023,0.3724455583463066,0.3724455583463066,False,22,False,False
3033,2023,1.3244762867252238,1.3244762867252238,False,22,False,False
3034,2023,0.5662697144646323,0.5662697144646323,False,22,False,False
3035,2023,0.33562497991809964,-0.5688416738638975,True,2,True,False
3036,2023,0.19810039816700437,0.19810039816700437,False,34,False,False
3037,2023,0.7678852756242595,0.7678852756242595,False,34,False,False
3038,2023,0.7399837377683597,0.7399837377683597,False,22,False,False
3039,2023,0.6417179016988843,0.6417179016988843,False,22,False,False
3040,2023,0.4112875921264455,0.4112875921264455,False,22,False,False
3041,2023,0.16279773618817583,0.16279773618817583,False,22,False,False
3042,2023,0.4096223078428195,0.4096223078428195,False,22,False,False
3043,2023,0.17786831372846834,-0.5028449765354884,True,27,True,False
3044,2023,0.23607522930368835,0.23607522930368835,False,18,False,False
3045,2023,0.5215462558481484,0.5215462558481484,False,22,False,False
3046,2023,0.41566613506724875,-0.597416575633039,True,2,True,False
3047,2023,0.2119067674401858,0.2119067674401858,False,22,False,False
3048,2023,0.25836674667962883,0.25836674667962883,False,22,False,False
3049,2023,0.1772010656674761,0.1772010656674761,False,22,False,False
3050,2023,1.966642421899742,1.966642421899742,False,22,False,False
3051,2023,0.3202191243857423,0.3202191243857423,False,2,False,False
3052,2023,0.2224688731984567,-0.5820315942539885,True,2,True,False
3053,2023,-1.0538219026712214,-0.671220452276056,True,45,False,True
3054,2023,0.22925446338472819,0.22925446338472819,False,22,False,False
3055,2023,0.3085051038530132,0.3085051038530132,False,22,False,False
3056,2023,0.7796409273792829,0.7796409273792829,False,22,False,False
3057,2023,0.19035614693069183,0.19035614693069183,False,34,False,False
3058,2023,1.4502028586953641,1.4502028586953641,False,34,False,False
3059,2023,1.6295206325456078,1.6295206325456078,False,22,False,False
3061,2023,0.49551296359699937,0.49551296359699937,False,22,False,False
3062,2023,-1.0643597786999937,-0.685845894074973,True,19,False,True
3063,2023,0.36751364770214623,0.36751364770214623,False,58,False,False
3064,2023,0.49302918620622926,0.49302918620622926,False,22,False,False
3065,2023,0.42365756388532566,0.42365756388532566,False,34,False,False
3066,2023,0.46870054268579997,0.46870054268579997,False,22,False,False
3067,2023,0.35440965118036,-0.542445865449198,True,2,True,False
3068,2023,0.4945037310217961,0.4945037310217961,False,34,False,False
3069,2023,0.35755156083613987,0.35755156083613987,False,22,False,False
3070,2023,0.7585201440064656,-0.5257002851345456,True,2,True,False
3071,2023,0.488108952390277,-0.6008587364741892,True,19,True,False
3072,2023,1.2450089842275935,1.2450089842275935,False,22,False,False
3074,2023,0.35633983854483425,0.35633983854483425,False,22,False,False
3075,2023,0.42611715349552126,0.42611715349552126,False,22,False,False
3076,2023,1.5183358749067444,1.5183358749067444,False,22,False,False
3077,2023,0.21113360385342753,0.21113360385342753,False,22,False,False
3078,2023,0.4243975536588261,0.4243975536588261,False,22,False,False
3079,2023,0.26522844809942664,0.26522844809942664,False,22,False,False
3080,2023,0.22043956221200947,0.22043956221200947,False,22,False,False
3081,2023,-1.061687620062493,-0.8320799519170253,True,24,False,True
3082,2023,0.18661336392891387,-0.9215255249305024,True,14,True,False
3083,2023,0.7390553231950937,0.7390553231950937,False,22,False,False
3084,2023,0.32689461682829835,0.32689461682829835,False,22,False,False
3085,2023,1.2202892134607737,1.2202892134607737,False,22,False,False
3086,2023,0.48598931175719134,0.48598931175719134,False,34,False,False
3087,2023,0.430468713051783,0.430468713051783,False,22,False,False
3088,2023,0.34220622694400354,0.34220622694400354,False,22,False,False
3089,2023,0.18725058347871024,0.18725058347871024,False,22,False,False
3090,2023,-1.0530133761012868,-0.7838998658842121,True,15,False,True
3091,2023,0.14214928946171643,0.14214928946171643,False,22,False,False
3092,2023,0.16355762292988893,0.16355762292988893,False,22,False,False
3093,2023,0.2051005518034923,0.2051005518034923,False,22,False,False
3094,2023,0.651288338414173,0.651288338414173,False,22,False,False
3095,2023,-1.0560273655093957,-0.663468877778248,True,20,False,True
3096,2023,-1.0556641516033358,-0.5556298146472707,True,30,False,True
3097,2023,-1.0574293965197168,-1.0574293965197168,False,29,False,False
3098,2023,0.20245413091435094,0.20245413091435094,False,17,False,False
3099,2023,0.3474714074120607,0.3474714074120607,False,20,False,False
3100,2023,-1.0614468836260835,-0.5750810147590644,True,26,False,True
3101,2023,-1.0611560334050105,-0.5706621833410964,True,22,False,True
3102,2023,0.26113158515182133,0.26113158515182133,False,22,False,False
3103,2023,0.2770558739683134,0.2770558739683134,False,22,False,False
3104,2023,-1.0637036909119377,-0.6792872755078564,True,27,False,True
3105,2023,-1.0639240778191819,-0.5467897427613431,True,15,False,True
3106,2023,0.4007215001774795,0.4007215001774795,False,19,False,False
3107,2023,0.5586522091231504,0.5586522091231504,False,22,False,False
3108,2023,1.1401668226652335,1.1401668226652335,False,22,False,False
3109,2023,0.527454235811186,-0.5166088746471252,True,25,True,False
3110,2023,0.84319130888145,0.84319130888145,False,22,False,False
3111,2023,0.7816808722364157,0.7816808722364157,False,34,False,False
3112,2023,0.9074463965239945,0.9074463965239945,False,22,False,False
3113,2023,0.7547841999133359,0.7547841999133359,False,22,False,False
3114,2023,0.2469271812222854,0.2469271812222854,False,58,False,False
3115,2023,0.22850016784100693,0.22850016784100693,False,46,False,False
3116,2023,0.1417745712632566,0.1417745712632566,False,34,False,False
3117,2023,0.3878412457418424,0.3878412457418424,False,22,False,False
3118,2023,0.181497361908033,0.181497361908033,False,22,False,False
3119,2023,1.592408171219248,1.592408171219248,False,17,False,False
3120,2023,-1.048668889872414,-0.7144910755905998,True,13,False,True
3121,2023,0.2064079552513769,0.2064079552513769,False,22,False,False
3122,2023,0.18865769960697967,-0.5909763128891505,True,43,True,False
3123,2023,0.17178543416954126,0.17178543416954126,False,22,False,False
3124,2023,0.16598560345110866,0.16598560345110866,False,22,False,False
3125,2023,0.5186371789782636,0.5186371789782636,False,34,False,False
3126,2023,0.320851816976208,0.320851816976208,False,22,False,False
3127,2023,0.8001606477483652,-0.5916510712566039,True,17,True,False
3128,2023,0.1550730425142778,-0.7821899600134075,True,46,True,False
3129,2023,0.184381422401516,0.184381422401516,False,22,False,False
3130,2023,0.5591555161358258,0.5591555161358258,False,22,False,False
3131,2023,-1.0658038557198002,-0.6499213575850626,True,2,False,True
3132,2023,0.40216680031586916,0.40216680031586916,False,22,False,False
3133,2023,0.8648423873551118,0.8648423873551118,False,22,False,False
3134,2023,0.42317925685594465,0.42317925685594465,False,22,False,False
3135,2023,0.8961297086819199,-0.717942585448819,True,2,True,False
3136,2023,0.38446607344226236,0.38446607344226236,False,22,False,False
3137,2023,0.4818042083899845,0.4818042083899845,False,22,False,False
3138,2023,0.5225481019466411,0.5225481019466411,False,34,False,False
3139,2023,0.6133538665877316,0.6133538665877316,False,22,False,False
3140,2023,0.36471875094770045,0.36471875094770045,False,22,False,False
3141,2023,0.2502586224405942,0.2502586224405942,False,22,False,False
3142,2023,0.3234513494053174,0.3234513494053174,False,22,False,False
3143,2023,0.46151564656147687,0.46151564656147687,False,22,False,False
3144,2023,0.6438908536061567,0.6438908536061567,False,22,False,False
3145,2023,0.37627819830389686,0.37627819830389686,False,22,False,False
3146,2023,0.3574669252137155,0.3574669252137155,False,58,False,False
3147,2023,0.16904987719101297,0.16904987719101297,False,34,False,False
3148,2023,0.5970721765028688,0.5970721765028688,False,22,False,False
3149,2023,-1.0690192495849182,-0.7316799483987045,True,28,False,True
3150,2023,-1.0681861687554366,-0.6157972957504922,True,42,False,True
3151,2023,-1.0684760524452699,-0.5945990865610944,True,30,False,True
3152,2023,0.13937103443983295,0.13937103443983295,False,22,False,False
3153,2023,-1.069518292648691,-1.069518292648691,False,29,False,False
3154,2023,-1.0713552917368352,-1.0713552917368352,False,17,False,False
3155,2023,1.4588009295967834,1.4588009295967834,False,22,False,False
3156,2023,-1.0612033623142196,-0.5693574067340392,True,25,False,True
3157,2023,0.42763057993814135,-0.6362334067313882,True,38,True,False
3158,2023,0.5688634143294846,-0.6145595908179192,True,33,True,False
3159,2023,0.2833695455050196,0.2833695455050196,False,22,False,False
3160,2023,0.3058040151944699,0.3058040151944699,False,22,False,False
3161,2023,0.5375957357798016,-0.8984591945346337,True,45,True,False
3162,2023,0.9967927161201537,0.9967927161201537,False,34,False,False
3163,2023,0.3258682507618721,0.3258682507618721,False,17,False,False
3164,2023,0.24244827103396635,0.24244827103396635,False,22,False,False
3165,2023,-1.0654311412462445,-0.8215176351332064,True,80,False,True
3166,2023,0.19146957519350913,-0.733194675584653,True,68,True,False
3167,2023,0.30941758081358745,-0.6719273563930063,True,44,True,False
3168,2023,0.23372210532897392,0.23372210532897392,False,22,False,False
3169,2023,0.23557515715757152,-0.7468488940246932,True,20,True,False
3170,2023,0.2810685633190186,-0.5666374963325794,True,2,True,False
3171,2023,-1.0672980561687258,-1.0672980561687258,False,49,False,False
3172,2023,-1.068428940766784,-1.068428940766784,False,37,False,False
3173,2023,0.13972600259519827,0.13972600259519827,False,22,False,False
3174,2023,1.8694606116506658,1.8694606116506658,False,22,False,False
3175,2023,0.5499876018503946,0.5499876018503946,False,34,False,False
3176,2023,0.3602601785263232,0.3602601785263232,False,22,False,False
3177,2023,-1.065872933333291,-0.5509524332782403,True,61,False,True
3178,2023,-1.0673040810135295,-0.5511602092479263,True,49,False,True
3179,2023,0.26756194837610403,0.26756194837610403,False,53,False,False
3180,2023,0.226567463506501,0.226567463506501,False,41,False,False
3181,2023,0.35088938761650856,0.35088938761650856,False,29,False,False
3182,2023,0.28456514004896977,0.28456514004896977,False,17,False,False
3183,2023,0.7212184611889129,0.7212184611889129,False,5,False,False
3184,2023,0.21988862408061652,0.21988862408061652,False,22,False,False
3185,2023,0.4131181129740391,0.4131181129740391,False,46,False,False
3186,2023,-1.0701240337818423,-0.7505851380714659,True,20,False,True
3187,2023,0.2603246919401873,0.2603246919401873,False,22,False,False
3188,2023,0.7428821202536313,0.7428821202536313,False,22,False,False
3189,2023,0.6821393979960141,-0.5111151483755697,True,14,True,False
3190,2023,0.3080004231636735,0.3080004231636735,False,22,False,False
3191,2023,0.14195780164944494,0.14195780164944494,False,22,False,False
3192,2023,0.3585062183320959,0.3585062183320959,False,22,False,False
3193,2023,0.6664384289978205,0.6664384289978205,False,34,False,False
3194,2023,0.8330852692627555,0.8330852692627555,False,22,False,False
3196,2023,0.43767818695996535,-0.5908096246593767,True,19,True,False
3197,2023,0.4009174459312831,0.4009174459312831,False,22,False,False
3198,2023,0.3633424137444443,0.3633424137444443,False,22,False,False
3199,2023,0.1876403920169619,0.1876403920169619,False,69,False,False
3200,2023,0.16718287855960115,0.16718287855960115,False,57,False,False
3201,2023,0.14979123281165344,-0.7212951671046358,True,19,True,False
3202,2023,0.2003877614442562,-0.5801876442217545,True,39,True,False
3203,2023,0.1789722097891048,0.1789722097891048,False,22,False,False
3204,2023,0.30619503502306467,0.30619503502306467,False,34,False,False
3205,2023,0.3671120592012943,0.3671120592012943,False,22,False,False
3206,2023,0.23522398211128087,0.23522398211128087,False,22,False,False
3207,2023,0.20227571423513205,0.20227571423513205,False,22,False,False
3208,2023,1.2490517179120204,1.2490517179120204,False,22,False,False
3209,2023,0.1844515630405438,0.1844515630405438,False,22,False,False
3210,2023,0.23250431033256055,0.23250431033256055,False,22,False,False
3211,2023,-1.0722387413619245,-0.5413478955289918,True,55,False,True
3212,2023,0.48908588613329546,0.48908588613329546,False,22,False,False
3213,2023,-1.0722118741280475,-0.6091925016270382,True,41,False,True
3214,2023,0.695088332301347,0.695088332301347,False,34,False,False
3215,2023,0.6231315407797138,0.6231315407797138,False,22,False,False
3216,2023,1.112923230055594,-0.6115061214463624,True,2,True,False
3217,2023,0.12628354899393662,0.12628354899393662,False,34,False,False
3218,2023,0.3246474464873625,0.3246474464873625,False,22,False,False
3219,2023,-1.0804424686920444,-0.583059645291385,True,19,False,True
3220,2023,0.1399722385413203,0.1399722385413203,False,22,False,False
3221,2023,-1.0792631281625988,-0.5490129794349267,True,18,False,True
3222,2023,-1.078451127919047,-0.8215878178056237,True,36,False,True
3223,2023,0.30576190920827867,0.30576190920827867,False,22,False,False
3224,2023,0.3933499426161223,0.3933499426161223,False,22,False,False
3225,2023,0.8968969194467329,-0.756038201781642,True,2,True,False
3226,2023,0.1953311088324703,0.1953311088324703,False,34,False,False
3227,2023,0.26340221387568885,0.26340221387568885,False,22,False,False
3228,2023,0.16050279139264914,-0.5616072061196619,True,69,True,False
3229,2023,0.20229883787167213,-0.5193828979269582,True,58,True,False
3230,2023,-1.0776918866626795,-0.5686057160932072,True,25,False,True
3231,2023,0.13720537692009876,0.13720537692009876,False,58,False,False
3232,2023,0.27688861732758374,0.27688861732758374,False,22,False,False
3233,2023,0.2888152075731234,0.2888152075731234,False,22,False,False
3234,2023,0.22641148193349256,0.22641148193349256,False,22,False,False
3235,2023,0.1481377582426414,0.1481377582426414,False,22,False,False
3236,2023,0.5948104979843175,0.5948104979843175,False,34,False,False
3237,2023,-1.0759956632500038,-0.5197691825198353,True,20,False,True
3238,2023,1.0658724762936804,1.0658724762936804,False,34,False,False
3239,2023,1.1095368476274323,1.1095368476274323,False,22,False,False
3240,2023,0.1994137472108315,0.1994137472108315,False,22,False,False
3241,2023,0.18230621557439197,0.18230621557439197,False,82,False,False
3242,2023,0.16084093478531825,0.16084093478531825,False,46,False,False
3243,2023,-1.0814237230527661,-0.8919274797806446,True,53,False,True
3244,2023,0.19044425919022928,0.19044425919022928,False,22,False,False
3245,2023,0.17155384937395918,0.17155384937395918,False,22,False,False
3246,2023,-1.0865566673745208,-0.634674699713547,True,41,False,True
3247,2023,0.27278999192282255,0.27278999192282255,False,22,False,False
3248,2023,-1.0868449803835538,-0.5168410470292487,True,25,False,True
3249,2023,0.13616756292186608,0.13616756292186608,False,17,False,False
3250,2023,0.3457959674902128,0.3457959674902128,False,22,False,False
3251,2023,0.2853255455125256,0.2853255455125256,False,22,False,False
3252,2023,0.4009653214610472,0.4009653214610472,False,46,False,False
3253,2023,0.2509201369116223,0.2509201369116223,False,22,False,False
3254,2023,0.257547357786895,0.257547357786895,False,26,False,False
3255,2023,0.56092944645574,0.56092944645574,False,22,False,False
3256,2023,0.3511809990108734,0.3511809990108734,False,34,False,False
3257,2023,0.3484790556966044,0.3484790556966044,False,22,False,False
3258,2023,2.4463521972999622,2.4463521972999622,False,22,False,False
3259,2023,0.4005725242459652,0.4005725242459652,False,34,False,False
3260,2023,0.5372605544782283,0.5372605544782283,False,22,False,False
3261,2023,0.43040245499989094,-0.5722314702515922,True,2,True,False
3262,2023,0.46406151491924974,0.46406151491924974,False,34,False,False
3263,2023,0.2177155781114634,0.2177155781114634,False,34,False,False
3264,2023,0.3397005116710216,0.3397005116710216,False,22,False,False
3265,2023,0.2738254573638967,0.2738254573638967,False,22,False,False
3266,2023,0.4285557414375651,0.4285557414375651,False,22,False,False
3267,2023,-1.08114349676228,-0.739576081073749,True,98,False,True
3268,2023,-1.0886834325124666,-0.8082982381926085,True,74,False,True
3269,2023,-1.092581585321778,-1.092581585321778,False,61,False,False
3270,2023,-1.0984395381043772,-1.0984395381043772,False,49,False,False
3271,2023,-1.1026594036933302,-1.1026594036933302,False,45,False,False
3272,2023,0.553170066099173,0.553170066099173,False,22,False,False
3273,2023,0.4976043928775837,0.4976043928775837,False,22,False,False
3274,2023,0.3762455912247636,0.3762455912247636,False,22,False,False
3275,2023,0.9676856006947376,-0.7812033263347723,True,2,True,False
3276,2023,-1.0916896448719715,-0.7556230862522705,True,18,False,True
3277,2023,0.36245184194925956,0.36245184194925956,False,22,False,False
3278,2023,0.11337555091747664,0.11337555091747664,False,22,False,False
3279,2023,1.1752802350675102,-0.5083314340699422,True,19,True,False
3280,2023,-1.077859960033677,-0.7408523669655577,True,2,False,True
3281,2023,0.42344703780080545,0.42344703780080545,False,22,False,False
3282,2023,0.1567859220538563,0.1567859220538563,False,34,False,False
3283,2023,0.24533539800031975,0.24533539800031975,False,22,False,False
3284,2023,-1.096157633643604,-0.7089466813459436,True,17,False,True
3285,2023,0.4709756855923521,0.4709756855923521,False,22,False,False
3286,2023,0.11399834939601303,0.11399834939601303,False,22,False,False
3287,2023,0.5748109412872194,-0.6981864334640764,True,6,True,False
3288,2023,0.13247429749036718,-0.76726385279776,True,34,True,False
3289,2023,0.4466310447097504,0.4466310447097504,False,22,False,False
3290,2023,1.567562357378199,-0.5153354511483623,True,16,True,False
3291,2023,0.13164508826991228,-0.5159071545805797,True,34,True,False
3292,2023,0.4868281015584837,0.4868281015584837,False,22,False,False
3293,2023,0.43225386505042757,0.43225386505042757,False,46,False,False
3294,2023,0.13205379240590912,0.13205379240590912,False,22,False,False
3295,2023,0.3213558065458989,0.3213558065458989,False,22,False,False
3296,2023,0.4749990524098124,0.4749990524098124,False,34,False,False
3297,2023,0.534900949935327,0.534900949935327,False,22,False,False
3298,2023,1.4496366669611436,1.4496366669611436,False,22,False,False
3299,2023,-1.0721782813773086,-1.0721782813773086,False,5,False,False
3300,2023,-1.0771623762578664,-1.0771623762578664,False,18,False,False
3301,2023,0.1558382535157331,-0.5500472775680852,True,23,True,False
3302,2023,0.3768509169293101,0.3768509169293101,False,34,False,False
3303,2023,0.2620471583117555,0.2620471583117555,False,22,False,False
3304,2023,0.2848493341257326,0.2848493341257326,False,58,False,False
3305,2023,0.24272095222475934,0.24272095222475934,False,34,False,False
3306,2023,0.4002513939366912,0.4002513939366912,False,22,False,False
3307,2023,0.11570916510984762,0.11570916510984762,False,22,False,False
3308,2023,0.6295438050807383,0.6295438050807383,False,22,False,False
3309,2023,-1.0782145251979782,-0.7439499389638227,True,2,False,True
3310,2023,0.1314653260804396,0.1314653260804396,False,22,False,False
3311,2023,0.5860018354293998,0.5860018354293998,False,22,False,False
3312,2023,0.184153347832664,0.184153347832664,False,22,False,False
3313,2023,0.42774507530447503,-0.5784178168918073,True,23,True,False
3314,2023,0.16283600909810056,0.16283600909810056,False,34,False,False
3315,2023,-1.0828845270608072,-0.5835491090409347,True,23,False,True
3316,2023,0.234857418360703,0.234857418360703,False,22,False,False
3317,2023,0.1792634284557248,0.1792634284557248,False,22,False,False
3318,2023,1.0939187616412236,-0.6022045243507158,True,18,True,False
3319,2023,0.20098488099011153,0.20098488099011153,False,22,False,False
3320,2023,-1.0878653751899563,-1.0878653751899563,False,18,False,False
3321,2023,-1.081039156988834,-0.7248381098696928,True,17,False,True
3322,2023,-1.0760224460984622,-0.8080532662836919,True,16,False,True
3323,2023,0.41611236966809517,0.41611236966809517,False,22,False,False
3324,2023,0.4031924527294104,0.4031924527294104,False,34,False,False
3325,2023,0.4798480442640945,0.4798480442640945,False,22,False,False
3326,2023,0.15733033083916725,0.15733033083916725,False,58,False,False
3327,2023,0.119657492098953,0.119657492098953,False,46,False,False
3328,2023,0.26003256542349595,0.26003256542349595,False,22,False,False
3329,2023,0.4182014578843577,-0.5777428841476627,True,27,True,False
3330,2023,0.5028889134025455,-0.5637262355053032,True,16,True,False
3331,2023,0.7234749611557352,0.7234749611557352,False,5,False,False
3332,2023,0.16315252277150671,-0.7113933299177012,True,33,True,False
3333,2023,0.34872453608356324,0.34872453608356324,False,58,False,False
3334,2023,0.277365267454405,0.277365267454405,False,22,False,False
3335,2023,0.359599213473261,0.359599213473261,False,34,False,False
3336,2023,0.6506645620549641,0.6506645620549641,False,22,False,False
3337,2023,0.20834477078458996,-0.5413138296559057,True,2,True,False
3338,2023,0.6541417079095465,0.6541417079095465,False,17,False,False
3339,2023,0.7599148912107919,0.7599148912107919,False,22,False,False
3340,2023,0.20875455222746434,-0.552388787594101,True,15,True,False
3341,2023,0.15196376689659485,0.15196376689659485,False,34,False,False
3342,2023,0.1739977158985644,0.1739977158985644,False,22,False,False
3343,2023,0.3841746408535569,0.3841746408535569,False,34,False,False
3344,2023,0.6303411800498934,0.6303411800498934,False,22,False,False
3345,2023,0.21519877424715828,0.21519877424715828,False,22,False,False
3346,2023,2.307896969752374,2.307896969752374,False,22,False,False
3347,2023,-1.0736699267506342,-0.5573449114995489,True,32,False,True
3348,2023,-1.0745145558940508,-0.5254687228600994,True,24,False,True
3349,2023,0.14431922554170912,0.14431922554170912,False,46,False,False
3350,2023,0.24351768816661162,0.24351768816661162,False,34,False,False
3351,2023,0.2199886462604193,0.2199886462604193,False,34,False,False
3352,2023,0.26266538824506286,0.26266538824506286,False,22,False,False
3353,2023,0.23212912775437988,0.23212912775437988,False,22,False,False
3354,2023,0.45337861423333736,-0.5236437650987237,True,37,True,False
3355,2023,0.6758022650826729,-0.5078123147254565,True,33,True,False
3356,2023,0.9918625775093338,0.9918625775093338,False,46,False,False
3357,2023,1.1652278154257392,1.1652278154257392,False,34,False,False
3358,2023,1.3349325226764002,1.3349325226764002,False,22,False,False
3360,2023,0.37472316341402473,0.37472316341402473,False,22,False,False
3361,2023,0.187014541862127,-0.5160802792297221,True,39,True,False
3362,2023,0.11782096690254189,0.11782096690254189,False,22,False,False
3363,2023,0.5463659967671657,0.5463659967671657,False,22,False,False
3364,2023,-1.0911373348955378,-0.7250272275643016,True,19,False,True
3365,2023,-1.0898623868191055,-0.6388295617707989,True,37,False,True
3366,2023,0.21268865951570184,0.21268865951570184,False,46,False,False
3367,2023,0.25865382135409126,0.25865382135409126,False,34,False,False
3368,2023,0.2974982292896897,0.2974982292896897,False,22,False,False
3369,2023,0.6967687704535347,0.6967687704535347,False,22,False,False
3370,2023,-1.098129111500195,-0.549486391974923,True,26,False,True
3371,2023,-1.0992518017854809,-0.9089416872082072,True,23,False,True
3372,2023,0.12593737264945432,0.12593737264945432,False,34,False,False
3373,2023,0.3926675774778512,0.3926675774778512,False,22,False,False
3374,2023,0.2505373507407911,0.2505373507407911,False,22,False,False
3375,2023,-1.0964850715780143,-1.0964850715780143,False,17,False,False
3376,2023,0.19974298656024106,0.19974298656024106,False,22,False,False
3377,2023,0.6923321248580072,0.6923321248580072,False,22,False,False
3378,2023,0.14720072484843677,-0.64633007927302,True,32,True,False
3379,2023,0.322173981918848,-0.5065849665276119,True,34,True,False
3380,2023,0.14088153630068345,0.14088153630068345,False,22,False,False
3381,2023,0.44305892824815857,0.44305892824815857,False,22,False,False
3382,2023,0.1415561971148688,0.1415561971148688,False,22,False,False
3383,2023,0.2106308222259685,-0.6034256716965737,True,47,True,False
3384,2023,0.14756890305432208,-0.6893922016075946,True,22,True,False
3385,2023,0.8170117959746581,-0.7838358992571967,True,2,True,False
3386,2023,0.29239010012041045,-0.6365782120022424,True,16,True,False
3387,2023,0.2656833369516839,0.2656833369516839,False,22,False,False
3388,2023,-1.0837991492908539,-0.5113548598825408,True,24,False,True
3389,2023,0.20621331840673826,0.20621331840673826,False,22,False,False
3390,2023,0.39444452789295104,-0.7945322155609836,True,21,True,False
3391,2023,0.911501499340568,0.911501499340568,False,22,False,False
3392,2023,0.1768181801041975,0.1768181801041975,False,22,False,False
3393,2023,0.19830206521552945,0.19830206521552945,False,22,False,False
3394,2023,0.8718870100244617,0.8718870100244617,False,22,False,False
3395,2023,-1.09059180939023,-0.9420494851454951,True,2,False,True
3396,2023,0.326807599386794,0.326807599386794,False,34,False,False
3397,2023,0.35295846734587333,0.35295846734587333,False,22,False,False
3398,2023,-1.085455150446572,-0.6909220929381402,True,25,False,True
3399,2023,0.4272763599808831,0.4272763599808831,False,22,False,False
3400,2023,0.23813847019739068,0.23813847019739068,False,18,False,False
3401,2023,-1.0714154369684565,-1.0714154369684565,False,6,False,False
3402,2023,0.5029145976757641,0.5029145976757641,False,34,False,False
3403,2023,0.7234999183088271,0.7234999183088271,False,22,False,False
3404,2023,0.5322282405781683,0.5322282405781683,False,22,False,False
3405,2023,-1.071711882846551,-0.6221349427962198,True,38,False,True
3406,2023,0.17205389294926646,0.17205389294926646,False,22,False,False
3407,2023,-1.0714504884094105,-0.6304037496027731,True,34,False,True
3408,2023,-1.0726725914151851,-0.697757477345153,True,27,False,True
3409,2023,-1.0724054945089232,-0.7697357003527104,True,26,False,True
3410,2023,-1.074288313417926,-1.074288313417926,False,28,False,False
3411,2023,-1.0723328763246054,-0.6653021778915333,True,18,False,True
3412,2023,0.6367792756742886,0.6367792756742886,False,22,False,False
3413,2023,0.1692800559400521,0.1692800559400521,False,34,False,False
3414,2023,0.21508374250627565,0.21508374250627565,False,34,False,False
3415,2023,0.5742794692051102,0.5742794692051102,False,22,False,False
3416,2023,0.2028134997460801,-0.6064159191227895,True,2,True,False
3417,2023,-1.0423819474786074,-0.6642056823650966,True,20,False,True
3418,2023,0.4134688260004307,0.4134688260004307,False,22,False,False
3419,2023,0.5314019767305772,0.5314019767305772,False,34,False,False
3420,2023,-1.0480179569757524,-0.5513553284839638,True,22,False,True
3421,2023,1.1458541860639138,1.1458541860639138,False,34,False,False
3422,2023,0.33061255804082196,0.33061255804082196,False,22,False,False
3423,2023,0.2994665738853904,0.2994665738853904,False,34,False,False
3424,2023,0.40250823766587096,-0.9091113436047507,True,29,True,False
3425,2023,0.5047291600420403,0.5047291600420403,False,22,False,False
3426,2023,-1.0613949059924388,-0.5984040523977797,True,36,False,True
3427,2023,0.3572590103991592,0.3572590103991592,False,22,False,False
3428,2023,0.3187899566184906,0.3187899566184906,False,22,False,False
3429,2023,0.3056731218289631,0.3056731218289631,False,22,False,False
3430,2023,2.3051220681322797,2.3051220681322797,False,22,False,False
3432,2023,1.5338230917606852,1.5338230917606852,False,22,False,False
3433,2023,2.8381350547198894,2.8381350547198894,False,70,False,False
3434,2023,0.3071317010166639,0.3071317010166639,False,22,False,False
3435,2023,-1.0527655758134349,-0.6303554213550109,True,41,False,True
3436,2023,0.3016173485344051,-0.5904743898040558,True,37,True,False
3437,2023,0.14814486294137194,0.14814486294137194,False,34,False,False
3438,2023,-1.068789678536545,-1.068789678536545,False,19,False,False
3439,2023,-1.0651079393051548,-1.0651079393051548,False,19,False,False
3441,2023,0.20319410212178945,0.20319410212178945,False,22,False,False
3442,2023,0.8457423922199199,0.8457423922199199,False,22,False,False
3443,2023,-1.0601489898905179,-0.8580714514296041,True,2,False,True
3444,2023,0.31476228569585707,0.31476228569585707,False,22,False,False
3445,2023,0.8203212011669454,0.8203212011669454,False,22,False,False
3446,2023,-1.0659105574404568,-0.769418973386896,True,32,False,True
3447,2023,0.24565821243691705,0.24565821243691705,False,22,False,False
3448,2023,0.6701601075398398,0.6701601075398398,False,22,False,False
3449,2023,-1.0640399833690914,-0.5748978374025087,True,32,False,True
3450,2023,1.0146044583588125,-0.841453238453334,True,44,True,False
3451,2023,1.1578133778827315,-0.790052035676832,True,33,True,False
3452,2023,1.2868850558775817,-0.7007163411869884,True,21,True,False
3453,2023,1.7779306724044932,1.7779306724044932,False,22,False,False
3454,2023,1.126302194098494,-0.85228398400413,True,2,True,False
3455,2023,0.29787032495531873,0.29787032495531873,False,22,False,False
3456,2023,0.21462020782745145,0.21462020782745145,False,22,False,False
3457,2023,-1.0686775821104202,-0.6732594067107781,True,16,False,True
3458,2023,-1.0628747477295213,-0.5612206115676579,True,17,False,True
3459,2023,0.8562034303340993,0.8562034303340993,False,22,False,False
3461,2023,2.4385109009359094,2.4385109009359094,False,22,False,False
3462,2023,-1.052386560117946,-0.5904559061509271,True,26,False,True
3463,2023,-1.053722663847483,-0.586526630023226,True,22,False,True
3464,2023,0.21130036911521474,0.21130036911521474,False,22,False,False
3465,2023,-1.0446203590437226,-1.0446203590437226,False,41,False,False
3466,2023,0.2743000071153064,0.2743000071153064,False,22,False,False
3467,2023,-1.0458613505017438,-1.0458613505017438,False,18,False,False
3468,2023,0.4674017131310383,0.4674017131310383,False,46,False,False
3469,2023,0.28323110763253967,0.28323110763253967,False,22,False,False
3470,2023,0.30469325564421346,0.30469325564421346,False,46,False,False
3471,2023,0.2210395078946207,0.2210395078946207,False,22,False,False
3472,2023,0.37802404176881643,0.37802404176881643,False,22,False,False
3473,2023,0.2867136871901974,0.2867136871901974,False,22,False,False
3474,2023,0.2231007907488815,-0.5557961222430629,True,32,True,False
3475,2023,0.32882269635376854,-0.5897774779875445,True,18,True,False
3476,2023,0.24034614148727235,0.24034614148727235,False,57,False,False
3477,2023,0.15889443075081308,0.15889443075081308,False,34,False,False
3478,2023,0.33286612658854775,0.33286612658854775,False,22,False,False
3479,2023,0.754785879113965,0.754785879113965,False,22,False,False
3480,2023,-1.0472614605545638,-0.6526831746281865,True,18,False,True
3481,2023,-1.0470702545110968,-0.537546808868824,True,39,False,True
3482,2023,0.26928695048146106,0.26928695048146106,False,22,False,False
3483,2023,-1.0470141084291458,-1.0470141084291458,False,20,False,False
3484,2023,-1.050258696657868,-0.5205353279094481,True,60,False,True
3485,2023,0.16508890989070554,0.16508890989070554,False,22,False,False
3486,2023,-1.051236788516812,-0.6049927981898833,True,43,False,True
3487,2023,-1.0530612941918038,-0.5269766251717165,True,32,False,True
3488,2023,0.7288637713865181,-0.6077043764509357,True,19,True,False
3489,2023,0.5736530067314877,0.5736530067314877,False,22,False,False
3490,2023,0.2065501908917421,-0.5516246556845669,True,2,True,False
3491,2023,0.2910020813218847,0.2910020813218847,False,22,False,False
3492,2023,0.21869243053877935,0.21869243053877935,False,22,False,False
3493,2023,0.2553317786952988,0.2553317786952988,False,22,False,False
3494,2023,0.1573513366640095,0.1573513366640095,False,22,False,False
3495,2023,0.19653201421045155,0.19653201421045155,False,22,False,False
3496,2023,0.19830478326943143,-0.5685432762634784,True,15,True,False
3497,2023,-1.0555647308302767,-0.6244543747168652,True,31,False,True
3498,2023,-1.0565800374139365,-0.6012635808113829,True,45,False,True
3499,2023,0.15306357534200862,-0.5760749505210089,True,46,True,False
3500,2023,0.2959391116233434,-0.544877744478421,True,47,True,False
3501,2023,0.38093112746254004,-0.6846604428884395,True,40,True,False
3502,2023,0.3486462822762051,0.3486462822762051,False,22,False,False
3503,2023,0.8731797259910133,0.8731797259910133,False,22,False,False
3504,2023,-1.054901236897175,-0.7556242475809124,True,2,False,True
3505,2023,0.5093520413498501,-0.583903591871592,True,16,True,False
3506,2023,-1.0510776764632055,-1.0510776764632055,False,21,False,False
3507,2023,0.22359222936997616,0.22359222936997616,False,22,False,False
3508,2023,0.24122576592984105,0.24122576592984105,False,22,False,False
3509,2023,0.7971034901091989,0.7971034901091989,False,22,False,False
3510,2023,0.43380061189834945,0.43380061189834945,False,34,False,False
3511,2023,0.5644398179587327,0.5644398179587327,False,22,False,False
3512,2023,0.44633509894182,0.44633509894182,False,22,False,False
3513,2023,3.129552511085674,3.129552511085674,False,46,False,False
3514,2023,0.16707763093070638,0.16707763093070638,False,22,False,False
3515,2023,0.2370045581797401,0.2370045581797401,False,17,False,False
3517,2023,0.28198295400323564,-0.5500530483669429,True,16,True,False
3518,2023,0.15441964441277403,0.15441964441277403,False,22,False,False
3519,2023,0.19700854947116914,0.19700854947116914,False,46,False,False
3520,2023,0.7049452426262961,0.7049452426262961,False,22,False,False
3521,2023,0.2932483977455751,0.2932483977455751,False,34,False,False
3522,2023,0.22908479919106084,0.22908479919106084,False,22,False,False
3523,2023,0.7809886014995086,-0.5243722218292312,True,23,True,False
3524,2023,0.4591110463652969,0.4591110463652969,False,22,False,False
3525,2023,0.7321907399074102,0.7321907399074102,False,22,False,False
3526,2023,0.6034564081732806,0.6034564081732806,False,22,False,False
3527,2023,0.3561252723204831,0.3561252723204831,False,22,False,False
3528,2023,0.22974131090187563,0.22974131090187563,False,22,False,False
3529,2023,-1.0615287629643342,-0.5486803398678511,True,20,False,True
3530,2023,-1.0609620399874986,-0.5463160299092725,True,18,False,True
3531,2023,1.4186300610832,1.4186300610832,False,22,False,False
3532,2023,0.13655298967737933,0.13655298967737933,False,22,False,False
3533,2023,0.17022760288370287,0.17022760288370287,False,22,False,False
3534,2023,-1.0644030477349216,-1.0644030477349216,False,23,False,False
3535,2023,1.1754539106073854,1.1754539106073854,False,22,False,False
3536,2023,-1.0580244602925684,-1.0580244602925684,False,38,False,False
3537,2023,0.8270102899997508,0.8270102899997508,False,34,False,False
3538,2023,0.8793367625402378,0.8793367625402378,False,22,False,False
3539,2023,0.29883713535105705,0.29883713535105705,False,22,False,False
3540,2023,0.22272575496568991,-0.5180366136112254,True,2,True,False
3541,2023,0.2981033610843774,0.2981033610843774,False,34,False,False
3542,2023,0.651340796273164,0.651340796273164,False,22,False,False
3543,2023,-1.0590728922744932,-1.0590728922744932,False,22,False,False
3544,2023,0.5327204650238283,0.5327204650238283,False,22,False,False
3545,2023,0.26027923651261226,0.26027923651261226,False,34,False,False
3546,2023,0.1724373800359895,0.1724373800359895,False,22,False,False
3547,2023,0.38878935716140145,0.38878935716140145,False,22,False,False
3548,2023,1.3133135007628833,1.3133135007628833,False,22,False,False
3550,2023,0.6640553751353891,0.6640553751353891,False,22,False,False
3551,2023,0.7522619417168487,0.7522619417168487,False,22,False,False
3552,2023,0.2402405576690088,0.2402405576690088,False,22,False,False
3553,2023,1.9153400453529512,-0.6170590559783503,True,40,True,False
3554,2023,0.20058300950371608,0.20058300950371608,False,22,False,False
3555,2023,2.196637681881024,-0.6005696803319001,True,26,True,False
3556,2023,3.025337888953883,3.025337888953883,False,41,False,False
3557,2023,3.3173160524885077,3.3173160524885077,False,29,False,False
3558,2023,2.2377232081037484,2.2377232081037484,False,17,False,False
3559,2023,0.6407956988555016,0.6407956988555016,False,22,False,False
3560,2023,0.18011943124835864,0.18011943124835864,False,22,False,False
3561,2023,0.3497527452684821,0.3497527452684821,False,22,False,False
3562,2023,0.40873485513068575,0.40873485513068575,False,34,False,False
3563,2023,0.4202144710888757,0.4202144710888757,False,22,False,False
3564,2023,0.34471825407755424,0.34471825407755424,False,41,False,False
3565,2023,0.3918289524651221,0.3918289524651221,False,29,False,False
3566,2023,0.6862170303276007,0.6862170303276007,False,18,False,False
3567,2023,0.22210326631238073,-0.5884735635763668,True,2,True,False
3568,2023,0.3196397848600899,0.3196397848600899,False,34,False,False
3569,2023,-1.0621804733549283,-0.8406567647641429,True,50,False,True
3570,2023,1.3102637600391587,-0.6985437312940688,True,39,True,False
3571,2023,0.1763577764155103,0.1763577764155103,False,22,False,False
3572,2023,1.533280325428248,1.533280325428248,False,34,False,False
3573,2023,1.7850321739040964,1.7850321739040964,False,22,False,False
3574,2023,-1.0635024551213947,-0.6167918428625019,True,22,False,True
3575,2023,0.49865304086725043,0.49865304086725043,False,22,False,False
3576,2023,0.13971659173470538,-0.5826418104422442,True,19,True,False
3577,2023,0.6506245419068571,0.6506245419068571,False,34,False,False
3578,2023,0.7542381620540038,0.7542381620540038,False,22,False,False
3579,2023,0.9061569042325041,0.9061569042325041,False,34,False,False
3580,2023,0.8832817827084835,0.8832817827084835,False,22,False,False
3581,2023,0.26287100586693135,0.26287100586693135,False,22,False,False
3582,2023,0.39384738283960163,0.39384738283960163,False,22,False,False
3583,2023,0.22700797507782983,0.22700797507782983,False,34,False,False
3584,2023,0.6515797732845381,0.6515797732845381,False,22,False,False
3585,2023,0.5251390062012693,0.5251390062012693,False,22,False,False
3586,2023,0.38968513589810405,0.38968513589810405,False,22,False,False
3587,2023,1.1029341208668402,1.1029341208668402,False,22,False,False
3588,2023,0.16291612661149557,-0.723440373461438,True,24,True,False
3589,2023,0.6954480613583389,0.6954480613583389,False,22,False,False
3590,2023,0.2522346097747309,0.2522346097747309,False,22,False,False
3591,2023,0.36913426401027094,0.36913426401027094,False,22,False,False
3592,2023,0.4199882984873852,0.4199882984873852,False,22,False,False
3593,2023,0.3118277738884491,0.3118277738884491,False,22,False,False
3594,2023,0.18635384381470566,0.18635384381470566,False,34,False,False
3595,2023,0.38835244537736224,-0.7029291570362715,True,62,True,False
3596,2023,0.39072801770655863,0.39072801770655863,False,34,False,False
3597,2023,0.512538744787818,0.512538744787818,False,46,False,False
3598,2023,0.3981620921862338,0.3981620921862338,False,22,False,False
3599,2023,0.28489344365328956,0.28489344365328956,False,22,False,False
3600,2023,0.2694924841981862,0.2694924841981862,False,22,False,False
3601,2023,0.20206480811977223,0.20206480811977223,False,22,False,False
3602,2023,-1.0803136589078361,-0.5694061202339744,True,33,False,True
3603,2023,-1.0821598799437566,-0.5986508046051287,True,38,False,True
3604,2023,0.19569969526996286,0.19569969526996286,False,22,False,False
3605,2023,-1.0852837496048937,-0.8121284870456321,True,30,False,True
3606,2023,0.16973839078382313,-0.7369795185932198,True,18,True,False
3607,2023,0.428333513390584,-0.8155566925220537,True,19,True,False
3608,2023,0.27708260513958544,-0.6125295120646586,True,24,True,False
3609,2023,0.2626319620813715,0.2626319620813715,False,34,False,False
3610,2023,0.1809284396919536,0.1809284396919536,False,22,False,False
3611,2023,0.39650715998568425,0.39650715998568425,False,34,False,False
3612,2023,0.5973791670508428,0.5973791670508428,False,22,False,False
3613,2023,0.18373048098592915,0.18373048098592915,False,34,False,False
3614,2023,1.2820792670694776,-0.5484725173253184,True,27,True,False
3615,2023,1.517306848094505,1.517306848094505,False,22,False,False
3616,2023,0.15774202080373284,0.15774202080373284,False,22,False,False
3617,2023,-1.0504975221470996,-1.0504975221470996,False,17,False,False
3618,2023,0.4883245629680523,0.4883245629680523,False,22,False,False
3619,2023,0.6593244239903038,0.6593244239903038,False,22,False,False
3620,2023,0.1866090747370504,-0.7682559685449649,True,2,True,False
3621,2023,0.4225444278558447,0.4225444278558447,False,22,False,False
3622,2023,0.30161009332842365,0.30161009332842365,False,22,False,False
3623,2023,1.0894283835307437,1.0894283835307437,False,22,False,False
3624,2023,-1.0580496181560537,-0.6410382626894717,True,34,False,True
3625,2023,-1.0589375124781972,-0.8438139191395052,True,22,False,True
3626,2023,0.28648418867782505,-0.7284029133838896,True,19,True,False
3627,2023,1.1512591650114508,1.1512591650114508,False,22,False,False
3628,2023,0.6272519980738293,-0.6519586769481376,True,3,True,False
3629,2023,0.2641455986704474,0.2641455986704474,False,46,False,False
3630,2023,0.7005211446414233,0.7005211446414233,False,46,False,False
3631,2023,0.26645650573519447,0.26645650573519447,False,22,False,False
3632,2023,0.8439807882823757,0.8439807882823757,False,22,False,False
3633,2023,0.8993334029096014,-0.634599966730847,True,2,True,False
3634,2023,0.2216186090409569,0.2216186090409569,False,22,False,False
3635,2023,-1.036836144006011,-0.5892130814588914,True,23,False,True
3636,2023,0.33287934471825326,-0.7843934916600591,True,30,True,False
3637,2023,0.7220334350991965,0.7220334350991965,False,34,False,False
3638,2023,0.755541977951246,0.755541977951246,False,22,False,False
3639,2023,0.16785501046167448,0.16785501046167448,False,22,False,False
3640,2023,0.8160266884300663,-0.5225861933802854,True,38,True,False
3641,2023,0.24486497392095066,0.24486497392095066,False,22,False,False
3642,2023,0.39726241596414386,0.39726241596414386,False,19,False,False
3643,2023,2.266176585370935,2.266176585370935,False,22,False,False
3645,2023,1.4388896624413234,-0.5572379353088425,True,36,True,False
3646,2023,1.3917143120119297,-0.5644855412706221,True,21,True,False
3647,2023,0.2951408479014672,0.2951408479014672,False,22,False,False
3648,2023,0.3004587110319451,0.3004587110319451,False,22,False,False
3649,2023,0.27986987905936683,0.27986987905936683,False,22,False,False
3650,2023,0.17023860726313855,0.17023860726313855,False,22,False,False
3651,2023,0.9074194438402122,0.9074194438402122,False,17,False,False
3652,2023,-1.0575458495109058,-0.5537654617824775,True,2,False,True
3653,2023,-1.0541376039332406,-0.6218122915040807,True,36,False,True
3654,2023,-1.0540786460257714,-1.0540786460257714,False,65,False,False
3655,2023,0.16405562418210837,0.16405562418210837,False,22,False,False
3656,2023,0.31120959827552036,0.31120959827552036,False,34,False,False
3657,2023,0.25388965189671303,0.25388965189671303,False,22,False,False
3658,2023,0.24530795521590706,0.24530795521590706,False,17,False,False
3659,2023,0.49421402601472314,0.49421402601472314,False,22,False,False
3660,2023,0.3887942534694743,0.3887942534694743,False,22,False,False
3661,2023,0.3558614344500944,0.3558614344500944,False,22,False,False
3662,2023,0.20166015444956095,0.20166015444956095,False,22,False,False
3663,2023,-1.046027980151706,-0.6245532662923409,True,2,False,True
3664,2023,0.16161558073829943,-0.5155964173056972,True,34,True,False
3665,2023,0.3339763298086999,0.3339763298086999,False,34,False,False
3666,2023,0.700003463185721,0.700003463185721,False,22,False,False
3667,2023,-1.0552704131491115,-0.6152442562096258,True,43,False,True
3668,2023,0.23580282771529607,0.23580282771529607,False,22,False,False
3669,2023,-1.0562809445520347,-0.5244064047591389,True,19,False,True
3670,2023,-1.0582610694720396,-0.7171135942018775,True,27,False,True
3671,2023,0.5922132769378979,0.5922132769378979,False,22,False,False
3672,2023,0.5179785560173297,0.5179785560173297,False,22,False,False
3673,2023,0.17635513530351682,0.17635513530351682,False,34,False,False
3674,2023,0.4274927065365842,0.4274927065365842,False,22,False,False
3675,2023,0.18696909880767743,0.18696909880767743,False,22,False,False
3676,2023,0.8370537955936777,0.8370537955936777,False,22,False,False
3677,2023,-1.0652207276460888,-0.5467040689645614,True,17,False,True
3678,2023,0.700289710738262,0.700289710738262,False,34,False,False
3679,2023,0.7895419035827429,0.7895419035827429,False,22,False,False
3680,2023,0.236415300863844,0.236415300863844,False,22,False,False
3681,2023,0.40232948952422337,-0.6774349265904278,True,55,True,False
3682,2023,0.3433329716817194,0.3433329716817194,False,22,False,False
3683,2023,0.5068260454046496,-0.5597661064040914,True,32,True,False
3684,2023,0.3713228288201779,0.3713228288201779,False,22,False,False
3685,2023,-1.0644964708463465,-0.6214632512282539,True,30,False,True
3686,2023,-1.0670227177563232,-0.6414056582419878,True,18,False,True
3687,2023,1.0801476847954579,1.0801476847954579,False,19,False,False
3688,2023,0.6154671517138911,0.6154671517138911,False,22,False,False
3689,2023,-1.0486038807981473,-0.6359155643492067,True,49,False,True
3690,2023,-1.0505192262892689,-0.6200605324287302,True,32,False,True
3691,2023,-1.0512107141202867,-0.6095234823563299,True,30,False,True
3692,2023,-1.0526689457306393,-0.6058977514979801,True,27,False,True
3693,2023,-1.0534508430419323,-0.6594081411299874,True,27,False,True
3694,2023,-1.053591202445776,-1.053591202445776,False,16,False,False
3695,2023,0.3720649270316849,-0.6871826674709197,True,19,True,False
3696,2023,0.2820075727916084,-0.6460948106038698,True,6,True,False
3697,2023,0.34275549650468545,0.34275549650468545,False,34,False,False
3698,2023,0.3987307300120644,0.3987307300120644,False,22,False,False
3699,2023,-1.0580833679351627,-0.6586500914364224,True,34,False,True
3700,2023,0.28686644879036133,0.28686644879036133,False,22,False,False
3701,2023,0.4867359403905558,-0.5533462838084601,True,64,True,False
3702,2023,0.17859819860792667,0.17859819860792667,False,22,False,False
3703,2023,0.6321736732191653,-0.5716097029479683,True,33,True,False
3704,2023,0.7222470760374529,0.7222470760374529,False,22,False,False
3705,2023,0.30052606006270627,0.30052606006270627,False,22,False,False
3706,2023,0.27724403980160933,0.27724403980160933,False,22,False,False
3707,2023,0.517709144668488,0.517709144668488,False,22,False,False
3708,2023,0.1602278901641773,0.1602278901641773,False,22,False,False
3709,2023,0.21575558984549886,0.21575558984549886,False,22,False,False
3710,2023,1.6237773799844544,1.6237773799844544,False,22,False,False
3712,2023,0.25464858661687073,0.25464858661687073,False,22,False,False
3713,2023,0.2585130999360909,0.2585130999360909,False,22,False,False
3714,2023,0.17697248604038526,0.17697248604038526,False,22,False,False
3715,2023,-1.0575353394618912,-0.7156690201176442,True,24,False,True
3716,2023,0.5698102986549853,-0.5392967736645655,True,2,True,False
3717,2023,0.5306859542920608,0.5306859542920608,False,22,False,False
3718,2023,-1.05657082811583,-0.554471121359942,True,21,False,True
3719,2024,0.2885930582888755,0.2885930582888755,False,34,False,False
3720,2024,0.7060348415496956,-0.8885227814140197,True,31,True,False
3721,2024,0.4980755823721918,0.4980755823721918,False,22,False,False
3722,2024,0.6194430415240643,0.6194430415240643,False,22,False,False
3723,2024,0.8900044123650529,-0.6315522003569239,True,2,True,False
3724,2024,0.18353994575512328,0.18353994575512328,False,46,False,False
3725,2024,0.37219064248965816,0.37219064248965816,False,34,False,False
3726,2024,0.3715165666930479,0.3715165666930479,False,22,False,False
3727,2024,0.18353168207347262,0.18353168207347262,False,22,False,False
3728,2024,0.5175822823682982,-0.6199622704188839,True,15,True,False
3729,2024,0.18695405215001332,0.18695405215001332,False,46,False,False
3730,2024,0.6292588435977003,0.6292588435977003,False,22,False,False
3731,2024,0.6949106648863599,-0.6827193518653654,True,15,True,False
3732,2024,0.2261401814004915,0.2261401814004915,False,22,False,False
3733,2024,0.672948158792104,0.672948158792104,False,22,False,False
3734,2024,0.16285899370253007,-0.7404010971665812,True,2,True,False
3735,2024,0.44535746319986613,0.44535746319986613,False,22,False,False
3736,2024,2.6904895204530788,2.6904895204530788,False,34,False,False
3737,2024,2.9392750549550573,2.9392750549550573,False,22,False,False
3738,2024,1.4075992941517799,1.4075992941517799,False,22,False,False
3739,2024,0.6430606655727417,0.6430606655727417,False,22,False,False
3740,2024,0.36674174301762635,0.36674174301762635,False,22,False,False
3741,2024,-1.0530399719170993,-0.6095313895537978,True,16,False,True
3742,2024,-1.0499340563123236,-0.5966218936802999,True,17,False,True
3743,2024,0.2999401376010961,0.2999401376010961,False,46,False,False
3744,2024,0.384476414261495,0.384476414261495,False,34,False,False
3745,2024,0.23067930970646952,0.23067930970646952,False,22,False,False
3746,2024,0.3400856329511756,0.3400856329511756,False,22,False,False
3747,2024,0.7198943304956706,-0.6360191294865407,True,2,True,False
3748,2024,0.5132069977175133,0.5132069977175133,False,22,False,False
3749,2024,-1.0537652100194896,-0.5739250460680043,True,55,False,True
3750,2024,-1.0544296366720352,-0.5810175710861849,True,43,False,True
3751,2024,0.9422073223125935,-0.6585443563813598,True,41,True,False
3752,2024,0.20506744507474764,0.20506744507474764,False,58,False,False
3753,2024,0.3720823828708316,0.3720823828708316,False,46,False,False
3754,2024,0.5820342077689779,0.5820342077689779,False,34,False,False
3755,2024,0.5712822785167124,0.5712822785167124,False,22,False,False
3756,2024,1.0047747367087756,-0.5568747555252259,True,45,True,False
3757,2024,1.127243439440511,-0.6061329197658678,True,35,True,False
3758,2024,1.3093791202825615,1.3093791202825615,False,39,False,False
3759,2024,0.44264405425841574,0.44264405425841574,False,22,False,False
3760,2024,1.3787068415395967,1.3787068415395967,False,15,False,False
3761,2024,0.6166925247575605,-0.7357362453469334,True,2,True,False
3762,2024,-1.0463482199589262,-0.7259646435322956,True,33,False,True
3763,2024,-1.0480335186415057,-0.8500033882550256,True,21,False,True
3764,2024,0.22250111361101968,-0.6183954323030681,True,21,True,False
3765,2024,0.3452060633794801,0.3452060633794801,False,22,False,False
3766,2024,0.16112871363169687,0.16112871363169687,False,34,False,False
3767,2024,0.21708535203892151,0.21708535203892151,False,22,False,False
3768,2024,0.48610770530881514,0.48610770530881514,False,46,False,False
3769,2024,0.3402576789337957,0.3402576789337957,False,22,False,False
3770,2024,0.1509982432521711,0.1509982432521711,False,22,False,False
3771,2024,0.421517368187174,0.421517368187174,False,22,False,False
3772,2024,1.514641661791547,1.514641661791547,False,22,False,False
3774,2024,0.26967405219946683,0.26967405219946683,False,22,False,False
3775,2024,0.42662059509166544,0.42662059509166544,False,22,False,False
3776,2024,0.7257268877566403,0.7257268877566403,False,22,False,False
3777,2024,-1.0465270364063877,-0.7649896043521713,True,21,False,True
3778,2024,0.5452935640349689,0.5452935640349689,False,22,False,False
3779,2024,0.24254923678951565,0.24254923678951565,False,22,False,False
3780,2024,0.6074532988945497,-0.6255968683566532,True,47,True,False
3781,2024,-1.0475904700242027,-0.7137891456434304,True,2,False,True
3782,2024,-1.0597077353625133,-0.5770690120107524,True,34,False,True
3783,2024,-1.0621305974240367,-0.6720232403752687,True,25,False,True
3784,2024,-1.0619866613201094,-0.5390490689787235,True,18,False,True
3785,2024,0.24354629552780555,0.24354629552780555,False,22,False,False
3786,2024,0.28537665372259585,0.28537665372259585,False,22,False,False
3787,2024,-1.0583612339678328,-0.695803459464774,True,37,False,True
3788,2024,0.20661776143696384,0.20661776143696384,False,22,False,False
3789,2024,-1.0603923020851103,-0.6083778528156824,True,21,False,True
3790,2024,-1.0602657316676223,-0.9051935585608278,True,15,False,True
3791,2024,1.5212911243774154,1.5212911243774154,False,22,False,False
3792,2024,0.48976067868675616,0.48976067868675616,False,22,False,False
3793,2024,-1.054313499267934,-0.6321978844455611,True,56,False,True
3794,2024,0.17706705018894708,0.17706705018894708,False,22,False,False
3795,2024,-1.052643184362693,-0.6249283656594129,True,32,False,True
3796,2024,-1.0530278382454337,-0.5767172263883152,True,23,False,True
3797,2024,0.7383846847120704,-0.6196716699154161,True,23,True,False
3798,2024,1.3318190974908095,1.3318190974908095,False,22,False,False
3799,2024,1.1838230369081566,1.1838230369081566,False,22,False,False
3800,2024,0.19328553543966204,0.19328553543966204,False,22,False,False
3801,2024,0.5397671421147611,0.5397671421147611,False,22,False,False
3802,2024,0.3250881063252511,0.3250881063252511,False,22,False,False
3803,2024,-1.0490593731906146,-1.0490593731906146,False,28,False,False
3804,2024,0.28485009283386964,0.28485009283386964,False,22,False,False
3805,2024,0.21531214733562484,0.21531214733562484,False,22,False,False
3806,2024,-1.0606788294115097,-0.6473911057324973,True,20,False,True
3807,2024,-1.0595837040020148,-1.0595837040020148,False,19,False,False
3808,2024,0.14113006631801608,0.14113006631801608,False,22,False,False
3809,2024,0.18885928055814485,0.18885928055814485,False,34,False,False
3810,2024,0.17394298426512517,0.17394298426512517,False,22,False,False
3811,2024,0.2377697033870301,0.2377697033870301,False,22,False,False
3812,2024,0.22698376249937696,0.22698376249937696,False,22,False,False
3813,2024,0.16186436253885667,0.16186436253885667,False,22,False,False
3814,2024,1.8840036763312562,1.8840036763312562,False,22,False,False
3815,2024,0.3185916366897227,0.3185916366897227,False,22,False,False
3816,2024,0.4763289888865715,0.4763289888865715,False,22,False,False
3817,2024,-1.0571896014651154,-0.5490362286417417,True,20,False,True
3818,2024,0.7113186180068628,0.7113186180068628,False,46,False,False
3819,2024,0.39203188123328764,0.39203188123328764,False,22,False,False
3820,2024,0.676411892431186,0.676411892431186,False,22,False,False
3821,2024,0.638763688500341,-0.5291105565938129,True,16,True,False
3822,2024,0.23617506192229915,0.23617506192229915,False,22,False,False
3823,2024,0.49930722054140053,0.49930722054140053,False,34,False,False
3824,2024,0.3463897349319933,0.3463897349319933,False,22,False,False
3825,2024,0.28747923316986557,-0.561847339163285,True,22,True,False
3826,2024,0.5459524262918367,0.5459524262918367,False,34,False,False
3827,2024,0.5548201515147348,0.5548201515147348,False,22,False,False
3828,2024,0.39568729134943376,0.39568729134943376,False,17,False,False
3829,2024,0.4942706530293452,-0.8802554915870248,True,18,True,False
3830,2024,0.5232737589650868,0.5232737589650868,False,34,False,False
3831,2024,0.5775174850003307,0.5775174850003307,False,22,False,False
3832,2024,0.40560759620508985,0.40560759620508985,False,22,False,False
3833,2024,0.27259160615284406,0.27259160615284406,False,22,False,False
3834,2024,-1.0577607223441583,-0.7328655495625621,True,30,False,True
3835,2024,-1.0593894682814458,-0.6968189390465586,True,18,False,True
3836,2024,-1.054153311958023,-0.5240906714044798,True,15,False,True
3837,2024,-1.0540752379779919,-1.0540752379779919,False,18,False,False
3838,2024,0.647239849388182,0.647239849388182,False,22,False,False
3839,2024,-1.0536602982446852,-0.6699723135000345,True,36,False,True
3840,2024,0.377133731877208,0.377133731877208,False,22,False,False
3841,2024,0.15096385133557552,0.15096385133557552,False,22,False,False
3842,2024,-1.0614780436588704,-0.5318771135440968,True,16,False,True
3843,2024,-1.0597388647110126,-0.572975584984062,True,19,False,True
3844,2024,0.380586399015689,0.380586399015689,False,34,False,False
3845,2024,0.21270577836646715,0.21270577836646715,False,22,False,False
3846,2024,-1.062384522470905,-0.6329525958502895,True,43,False,True
3847,2024,0.13848834982473598,-0.5722425958208053,True,31,True,False
3848,2024,0.39983892837041274,-0.8100947332699919,True,22,True,False
3849,2024,-1.0596800900995131,-1.0596800900995131,False,18,False,False
3850,2024,1.4939227831182595,1.4939227831182595,False,22,False,False
3852,2024,0.36665137334910003,0.36665137334910003,False,22,False,False
3853,2024,0.3863345907639747,0.3863345907639747,False,19,False,False
3854,2024,0.26200424954532253,0.26200424954532253,False,34,False,False
3855,2024,3.790999914914027,3.790999914914027,False,70,False,False
3856,2024,3.754731775132184,3.754731775132184,False,58,False,False
3857,2024,4.121041883997246,4.121041883997246,False,46,False,False
3858,2024,0.30625896069838826,0.30625896069838826,False,22,False,False
3859,2024,4.441045030980931,4.441045030980931,False,22,False,False
3861,2024,0.16561085373183598,-0.5510471343612262,True,22,True,False
3862,2024,0.6440111409028437,0.6440111409028437,False,22,False,False
3863,2024,1.0356950845321404,-0.5446541624817942,True,2,True,False
3864,2024,0.47497534703040806,0.47497534703040806,False,34,False,False
3865,2024,0.4077361331534702,0.4077361331534702,False,22,False,False
3866,2024,-1.0564549683189772,-0.6341332554884809,True,48,False,True
3867,2024,-1.057717850438781,-0.6369994036038884,True,31,False,True
3868,2024,-1.0583772303484156,-0.5768643528586732,True,19,False,True
3869,2024,0.31245891506076195,0.31245891506076195,False,22,False,False
3870,2024,0.36793260609032336,0.36793260609032336,False,46,False,False
3871,2024,0.42026404634550063,0.42026404634550063,False,34,False,False
3872,2024,0.7967706090633371,0.7967706090633371,False,22,False,False
3873,2024,0.40754064005322654,0.40754064005322654,False,58,False,False
3874,2024,0.26961545569022444,0.26961545569022444,False,22,False,False
3875,2024,0.5037036212833241,0.5037036212833241,False,34,False,False
3876,2024,0.7037049948479444,0.7037049948479444,False,22,False,False
3877,2024,0.1375830653616801,-0.5911379077136406,True,20,True,False
3878,2024,0.641035400238331,0.641035400238331,False,19,False,False
3879,2024,0.1911564043620419,0.1911564043620419,False,22,False,False
3880,2024,0.8273420058391386,0.8273420058391386,False,22,False,False
3881,2024,0.22006663947669095,-0.595977339886399,True,2,True,False
3882,2024,0.5824233644728137,0.5824233644728137,False,58,False,False
3883,2024,0.14826055250318293,0.14826055250318293,False,22,False,False
3884,2024,0.24274743041365615,0.24274743041365615,False,22,False,False
3885,2024,0.739522824291065,0.739522824291065,False,22,False,False
3886,2024,-1.064798175225477,-0.593468773761702,True,22,False,True
3887,2024,1.3669999007140623,1.3669999007140623,False,34,False,False
3888,2024,1.5102531013828955,1.5102531013828955,False,22,False,False
3890,2024,0.5959407798717198,-0.5167736339990666,True,2,True,False
3891,2024,0.14051629536409843,0.14051629536409843,False,22,False,False
3892,2024,0.3443064410696217,0.3443064410696217,False,58,False,False
3893,2024,0.3790119159146322,0.3790119159146322,False,46,False,False
3894,2024,0.6186446821840633,0.6186446821840633,False,34,False,False
3895,2024,0.5575545078839651,0.5575545078839651,False,22,False,False
3896,2024,0.16000133483656886,0.16000133483656886,False,22,False,False
3897,2024,0.5575129434536586,0.5575129434536586,False,46,False,False
3898,2024,0.17654062403447676,0.17654062403447676,False,22,False,False
3899,2024,0.5832597750173338,0.5832597750173338,False,22,False,False
3900,2024,0.5900821202735994,-0.7111700185662713,True,2,True,False
3901,2024,0.6379678822497759,0.6379678822497759,False,5,False,False
3902,2024,0.6954762877545142,-0.632106657356129,True,40,True,False
3903,2024,0.17218845366033572,0.17218845366033572,False,22,False,False
3904,2024,0.35215760058756523,0.35215760058756523,False,22,False,False
3905,2024,0.6584406691587411,-0.6708392331552078,True,4,True,False
3906,2024,0.38203479155047404,-0.5595639718570747,True,3,True,False
3907,2024,0.4348087194309882,0.4348087194309882,False,37,False,False
3908,2024,0.16571965072479053,0.16571965072479053,False,22,False,False
3909,2024,0.5655739747770457,0.5655739747770457,False,13,False,False
3910,2024,0.47262537794271803,0.47262537794271803,False,46,False,False
3911,2024,0.185112013620508,0.185112013620508,False,22,False,False
3912,2024,-1.0759530291400765,-0.7316812984191723,True,22,False,True
3913,2024,-1.0746021389052263,-0.5283898839783633,True,34,False,True
3914,2024,-1.075378331037056,-0.9180889807431962,True,52,False,True
3915,2024,0.12245291962187534,0.12245291962187534,False,22,False,False
3916,2024,5.9985050209878175,-0.5604217746109832,True,29,True,False
3917,2024,6.085220942567798,-0.5888242590549987,True,17,True,False
3918,2024,6.267990790886027,6.267990790886027,False,29,False,False
3919,2024,6.6036096978099605,6.6036096978099605,False,17,False,False
3921,2024,0.4786275217318215,0.4786275217318215,False,22,False,False
3922,2024,0.5376437765487324,-0.5520708692625672,True,4,True,False
3923,2024,0.32909423968835816,-0.5489651543079597,True,24,True,False
3924,2024,0.20781787419372588,0.20781787419372588,False,46,False,False
3925,2024,0.3145685247523446,0.3145685247523446,False,22,False,False
3926,2024,0.42276311909795566,0.42276311909795566,False,22,False,False
3927,2024,0.20079044760843542,0.20079044760843542,False,22,False,False
3928,2024,0.4460929500804597,-0.615914810353807,True,7,True,False
3929,2024,0.16389602885753757,0.16389602885753757,False,22,False,False
3930,2024,0.35694668012427744,0.35694668012427744,False,34,False,False
3931,2024,0.4995578102786212,0.4995578102786212,False,22,False,False
3932,2024,-1.0623869826673904,-0.6810954222678522,True,53,False,True
3933,2024,-1.0644799178357338,-0.6732606238652827,True,50,False,True
3934,2024,-1.0674515316896986,-0.7472490641768872,True,38,False,True
3935,2024,-1.069263510720703,-0.5351243748269441,True,28,False,True
3936,2024,-1.0700427474040362,-0.5831596826713698,True,36,False,True
3937,2024,0.19930690401173198,0.19930690401173198,False,22,False,False
3938,2024,-1.0705236104317364,-0.5251734422724937,True,51,False,True
3939,2024,-1.071612846613946,-0.6793003416320178,True,33,False,True
3940,2024,0.1495761172424343,0.1495761172424343,False,22,False,False
3941,2024,0.426703875761707,0.426703875761707,False,17,False,False
3942,2024,0.3724075643006476,-0.5141779209452739,True,19,True,False
3943,2024,0.3299236169358838,0.3299236169358838,False,22,False,False
3944,2024,-1.078439205136368,-0.5454234911502162,True,20,False,True
3945,2024,0.20210684471421134,0.20210684471421134,False,22,False,False
3946,2024,2.446750294084206,-0.6588512909823924,True,33,True,False
3947,2024,2.5019625899053466,-0.6300392782970369,True,21,True,False
3948,2024,3.0283814083836282,3.0283814083836282,False,46,False,False
3949,2024,3.1591512516789026,3.1591512516789026,False,34,False,False
3950,2024,3.105448619769571,3.105448619769571,False,22,False,False
3952,2024,0.2266375641061419,0.2266375641061419,False,22,False,False
3953,2024,0.3115982188258412,0.3115982188258412,False,46,False,False
3954,2024,0.3392974056387843,0.3392974056387843,False,34,False,False
3955,2024,-1.0824661778025286,-1.0824661778025286,False,27,False,False
3956,2024,-1.0808237227540831,-0.7924522196900422,True,17,False,True
3957,2024,-1.0776619404775813,-0.563460875123652,True,29,False,True
3958,2024,-1.0785812000952113,-0.7329200366137716,True,28,False,True
3959,2024,-1.0784421803709132,-0.6045789450785906,True,18,False,True
3960,2024,-1.0803274022865945,-0.5843185086002799,True,17,False,True
3961,2024,0.24701926152122566,0.24701926152122566,False,22,False,False
3962,2024,0.3167377129195598,0.3167377129195598,False,22,False,False
3963,2024,0.2876174173849512,0.2876174173849512,False,22,False,False
3964,2024,0.5618524214050751,0.5618524214050751,False,22,False,False
3965,2024,-1.0799092724648989,-0.60459662051147,True,2,False,True
3966,2024,0.147529893351302,-0.7074748515258503,True,49,True,False
3967,2024,0.5601454663676413,0.5601454663676413,False,22,False,False
3968,2024,0.19518294199889955,-0.6619891725179577,True,25,True,False
3969,2024,0.3506204191819937,0.3506204191819937,False,22,False,False
3970,2024,0.3001183105347592,-0.5757038973749926,True,2,True,False
3971,2024,-1.068924884280214,-0.5464695111000542,True,59,False,True
3972,2024,0.22829385752439185,0.22829385752439185,False,46,False,False
3973,2024,-1.0738988030409076,-0.5877503844736889,True,30,False,True
3974,2024,-1.0749111328968548,-0.5463546780437328,True,23,False,True
3975,2024,0.5789226328673618,-0.617598827782498,True,14,True,False
3976,2024,0.9930823312653139,0.9930823312653139,False,22,False,False
3977,2024,0.13792053549115654,0.13792053549115654,False,22,False,False
3978,2024,0.376184616322288,0.376184616322288,False,22,False,False
3979,2024,0.17883668290067414,0.17883668290067414,False,22,False,False
3980,2024,1.1441089645647025,1.1441089645647025,False,22,False,False
3981,2024,-1.0591185064720352,-1.0591185064720352,False,30,False,False
3982,2024,-1.0611407578021037,-0.7632827123271372,True,20,False,True
3983,2024,0.5615806350910307,0.5615806350910307,False,22,False,False
3984,2024,0.16944793960990154,0.16944793960990154,False,22,False,False
3985,2024,0.2670070288219116,0.2670070288219116,False,22,False,False
3986,2024,0.18968618141944685,0.18968618141944685,False,22,False,False
3987,2024,0.16798939787274733,-0.5725833734825452,True,3,True,False
3988,2024,1.0306731800536455,-0.5319496788250031,True,22,True,False
3989,2024,0.14366811985106745,0.14366811985106745,False,22,False,False
3990,2024,1.4078839177070457,1.4078839177070457,False,22,False,False
3991,2024,0.14042336534018118,0.14042336534018118,False,22,False,False
3992,2024,-1.0837536708765765,-0.6617045201041049,True,31,False,True
3993,2024,-1.085428498533532,-0.702976907857274,True,19,False,True
3994,2024,-1.084120866512531,-0.6722836274296976,True,18,False,True
3995,2024,0.5645200654904429,0.5645200654904429,False,22,False,False
3996,2024,0.386097441653601,0.386097441653601,False,22,False,False
3997,2024,0.1851599128711159,-0.5054623379444001,True,26,True,False
3998,2024,0.13968093431296358,0.13968093431296358,False,22,False,False
3999,2024,0.6466684554659546,0.6466684554659546,False,22,False,False
4000,2024,0.5132712128477714,0.5132712128477714,False,22,False,False
4001,2024,0.2564148533891601,-0.597614474432916,True,2,True,False
4002,2024,0.25014887766825017,0.25014887766825017,False,22,False,False
4003,2024,0.37625939197303604,-0.563426469159569,True,2,True,False
4004,2024,-1.0822552104393854,-0.5253683115050684,True,21,False,True
4005,2024,-1.0808800166546895,-0.5186227558417986,True,31,False,True
4006,2024,-1.0843299312408272,-0.5573992525203738,True,19,False,True
4007,2024,-1.08169216150566,-0.8989250461305093,True,15,False,True
4008,2024,0.2787899739178057,0.2787899739178057,False,22,False,False
4009,2024,0.17121349783282397,-0.540856294158648,True,37,True,False
4010,2024,0.30731963488213027,-0.509995757963456,True,32,True,False
4011,2024,0.12359519504168617,0.12359519504168617,False,22,False,False
4012,2024,0.3903364125832503,0.3903364125832503,False,22,False,False
4013,2024,0.7852939345260763,0.7852939345260763,False,22,False,False
4014,2024,1.0090150206955462,1.0090150206955462,False,22,False,False
4016,2024,0.4475481885378131,0.4475481885378131,False,22,False,False
4017,2024,-1.0804404834643528,-1.0804404834643528,False,17,False,False
4018,2024,0.24575277962087597,0.24575277962087597,False,22,False,False
4019,2024,1.4044322103942937,-0.7202670357973927,True,2,True,False
4021,2024,0.13731265155045155,-0.8892149012865574,True,22,True,False
4022,2024,-1.049262351865849,-0.7601463746147629,True,20,False,True
4023,2024,-1.0473045008259871,-0.7127790849577257,True,34,False,True
4024,2024,0.313403025146156,0.313403025146156,False,22,False,False
4025,2024,0.2341425197451906,0.2341425197451906,False,22,False,False
4026,2024,1.3975744390332006,1.3975744390332006,False,17,False,False
4027,2024,0.28784969208608124,0.28784969208608124,False,22,False,False
4028,2024,0.41906736201724665,0.41906736201724665,False,34,False,False
4029,2024,0.6138507247399567,-0.5629333197448185,True,37,True,False
4030,2024,0.8916190765583144,0.8916190765583144,False,58,False,False
4031,2024,0.2847170904500491,0.2847170904500491,False,34,False,False
4032,2024,0.16065641365364755,0.16065641365364755,False,22,False,False
4033,2024,0.882531829500128,0.882531829500128,False,22,False,False
4034,2024,1.662292509236409,1.662292509236409,False,18,False,False
4035,2024,0.15771230357169075,0.15771230357169075,False,22,False,False
4036,2024,-1.048030263240301,-0.7032379709363118,True,32,False,True
4037,2024,-1.0493985964613528,-0.6743439958712699,True,20,False,True
4038,2024,0.17348630884505428,0.17348630884505428,False,22,False,False
4039,2024,0.1695903335467309,0.1695903335467309,False,22,False,False
4040,2024,0.22834571303350096,0.22834571303350096,False,18,False,False
4041,2024,0.17602260548361834,-0.5825787248716859,True,45,True,False
4042,2024,0.18727488296021264,-0.6035151102929064,True,33,True,False
4043,2024,0.21850662169191065,0.21850662169191065,False,22,False,False
4044,2024,0.26409260201867174,0.26409260201867174,False,22,False,False
4045,2024,0.5521785567301934,0.5521785567301934,False,22,False,False
4046,2024,1.4424755717737068,1.4424755717737068,False,22,False,False
4048,2024,0.25438687757767825,0.25438687757767825,False,22,False,False
4049,2024,0.17178039889904165,0.17178039889904165,False,22,False,False
4050,2024,0.46811287505891924,0.46811287505891924,False,22,False,False
4051,2024,0.4707920832593137,0.4707920832593137,False,22,False,False
4052,2024,1.5821390829169124,1.5821390829169124,False,22,False,False
4053,2024,0.7612649345828043,0.7612649345828043,False,22,False,False
4054,2024,0.2858155755159191,0.2858155755159191,False,22,False,False
4055,2024,0.5688732044784035,0.5688732044784035,False,58,False,False
4056,2024,0.1357650910544476,0.1357650910544476,False,34,False,False
4057,2024,0.26837451361199466,0.26837451361199466,False,22,False,False
4058,2024,0.5353104755740458,0.5353104755740458,False,22,False,False
4059,2024,0.6115442045722236,0.6115442045722236,False,22,False,False
4060,2024,0.4111815548428792,0.4111815548428792,False,22,False,False
4061,2024,1.6461555772678582,1.6461555772678582,False,22,False,False
4062,2024,0.15489094208739207,0.15489094208739207,False,22,False,False
4063,2024,0.3364666555011709,-0.5278087380333925,True,37,True,False
4064,2024,0.4984947484587602,-0.6298683724143609,True,33,True,False
4065,2024,0.7829086902707432,0.7829086902707432,False,22,False,False
4066,2024,0.9906443184167488,0.9906443184167488,False,22,False,False
4068,2024,0.41752774483796534,-0.5151432599240171,True,48,True,False
4069,2024,0.17476817077616558,0.17476817077616558,False,22,False,False
4070,2024,0.3059205617847085,0.3059205617847085,False,34,False,False
4071,2024,0.5064837825307302,0.5064837825307302,False,22,False,False
4072,2024,0.38474292106062347,-0.5147696944258097,True,2,True,False
4073,2024,0.5142161159285508,0.5142161159285508,False,46,False,False
4074,2024,0.42926895105470003,0.42926895105470003,False,34,False,False
4075,2024,0.7277242209557314,0.7277242209557314,False,22,False,False
4076,2024,0.5671710650523331,0.5671710650523331,False,22,False,False
4077,2024,0.39771317735759115,0.39771317735759115,False,22,False,False
4078,2024,0.3251628218802471,0.3251628218802471,False,22,False,False
4079,2024,0.8464092655662221,0.8464092655662221,False,22,False,False
4080,2024,0.44271358704930897,0.44271358704930897,False,22,False,False
4081,2024,0.30515079429702524,0.30515079429702524,False,11,False,False
4082,2024,-1.038950226099921,-0.7404644269233503,True,28,False,True
4083,2024,-1.0402864869030635,-0.8208345822931202,True,15,False,True
4084,2024,0.22278424243307615,0.22278424243307615,False,22,False,False
4085,2024,0.13748066241306453,-0.7354376956125604,True,17,True,False
4086,2024,-1.0536974608558025,-0.8250161935642785,True,15,False,True
4087,2024,0.4734263993844281,0.4734263993844281,False,22,False,False
4088,2024,-1.04660020116655,-0.6563117233501478,True,3,False,True
4089,2024,-1.036024368485979,-0.7815007951855955,True,7,False,True
4090,2024,0.45582941183957626,0.45582941183957626,False,34,False,False
4091,2024,0.6346613136090606,0.6346613136090606,False,22,False,False
4092,2024,0.7220605276629979,-0.6734175533790059,True,2,True,False
4093,2024,0.308384397044504,0.308384397044504,False,22,False,False
4094,2024,0.948083288939785,0.948083288939785,False,22,False,False
4095,2024,0.3251976656080127,0.3251976656080127,False,22,False,False
4096,2024,0.2456185388357417,0.2456185388357417,False,22,False,False
4097,2024,0.2010032001232094,0.2010032001232094,False,22,False,False
4098,2024,0.7789877502523739,0.7789877502523739,False,58,False,False
4099,2024,0.8966365592256261,0.8966365592256261,False,46,False,False
4100,2024,1.0763338885114346,1.0763338885114346,False,34,False,False
4101,2024,0.6059677382625109,0.6059677382625109,False,34,False,False
4102,2024,-1.0351867673369204,-1.0351867673369204,False,26,False,False
4103,2024,-1.0363484566333498,-1.0363484566333498,False,13,False,False
4104,2024,-1.0341887236694918,-0.6293724841272372,True,27,False,True
4105,2024,0.6783417411340963,-0.6912007771028302,True,17,True,False
4106,2024,0.6106199526478905,0.6106199526478905,False,22,False,False
4107,2024,0.5568631226257894,0.5568631226257894,False,22,False,False
4108,2024,0.730221365317365,0.730221365317365,False,22,False,False
4109,2024,0.44692152697787557,0.44692152697787557,False,22,False,False
4110,2024,0.2917953234239483,0.2917953234239483,False,22,False,False
4111,2024,1.6062065811183646,-0.8428899123141144,True,2,True,False
4112,2024,0.34978549563169564,0.34978549563169564,False,22,False,False
4113,2024,0.189391177663245,0.189391177663245,False,22,False,False
4114,2024,0.39019739551682925,0.39019739551682925,False,22,False,False
4115,2024,0.2249152751168545,0.2249152751168545,False,22,False,False
4116,2024,0.3006100664722383,-0.5446795607826717,True,26,True,False
4117,2024,0.2674293645623754,0.2674293645623754,False,34,False,False
4118,2024,-1.0283607614270942,-0.6146214938969484,True,90,False,True
4119,2024,-1.0295890509492334,-0.6187432763307316,True,78,False,True
4120,2024,0.473600298907787,0.473600298907787,False,34,False,False
4121,2024,0.5017033618644932,0.5017033618644932,False,22,False,False
4122,2024,0.1871070656999269,-0.5624850302115418,True,31,True,False
4123,2024,3.11499409520505,3.11499409520505,False,22,False,False
4124,2024,0.32467651765033495,0.32467651765033495,False,22,False,False
4125,2024,0.4782489526450334,0.4782489526450334,False,22,False,False
4126,2024,0.337248815925256,0.337248815925256,False,22,False,False
4127,2024,0.6089863368247319,0.6089863368247319,False,22,False,False
4128,2024,0.18661869115883703,0.18661869115883703,False,46,False,False
4129,2024,0.2620597187268583,0.2620597187268583,False,22,False,False
4130,2024,0.31163168226540844,0.31163168226540844,False,22,False,False
4131,2024,0.5920967058898665,0.5920967058898665,False,22,False,False
4132,2024,0.981737395351899,-0.5234597718941799,True,43,True,False
4133,2024,0.23522364983689212,0.23522364983689212,False,22,False,False
4134,2024,1.3384532931616189,1.3384532931616189,False,34,False,False
4135,2024,1.4617990101676053,1.4617990101676053,False,22,False,False
4136,2024,-1.0329744080781973,-0.5996478660384633,True,35,False,True
4137,2024,-1.034238187423102,-0.7216039985002382,True,35,False,True
4138,2024,-1.0344967034707027,-0.6107524002733983,True,35,False,True
4139,2024,0.16363358594959185,0.16363358594959185,False,22,False,False
4140,2024,0.16828098452537674,0.16828098452537674,False,70,False,False
4141,2024,0.19708953882729532,0.19708953882729532,False,22,False,False
4142,2024,-1.0374993441833384,-0.5010859026639577,True,33,False,True
4143,2024,0.4568359287080956,0.4568359287080956,False,34,False,False
4144,2024,0.5057950961415238,0.5057950961415238,False,22,False,False
4145,2024,1.7704405869339142,1.7704405869339142,False,22,False,False
4146,2024,-1.038280300086417,-0.6942697816625298,True,29,False,True
4147,2024,0.2276503115031512,-0.5042510847078776,True,21,True,False
4148,2024,0.43200828109000566,-0.6011833395904345,True,27,True,False
4149,2024,0.2873858859519385,0.2873858859519385,False,46,False,False
4150,2024,0.2901625366582629,0.2901625366582629,False,22,False,False
4151,2024,0.41766793853835554,0.41766793853835554,False,22,False,False
4152,2024,0.37983802898567803,0.37983802898567803,False,22,False,False
4153,2024,0.7386955165604445,0.7386955165604445,False,22,False,False
4154,2024,0.2111953377585815,0.2111953377585815,False,22,False,False
4155,2024,-1.0351653974047834,-0.7649531030272942,True,19,False,True
4156,2024,0.1861524122697659,-0.5144705883474845,True,23,True,False
4157,2024,0.23924915831273902,0.23924915831273902,False,22,False,False
4158,2024,0.5074265046960461,0.5074265046960461,False,22,False,False
4159,2024,0.7982784241548426,-0.5630887765757738,True,5,True,False
4160,2024,0.7152733242885219,0.7152733242885219,False,34,False,False
4161,2024,0.39700079450296694,0.39700079450296694,False,22,False,False
4162,2024,0.7050756610324401,0.7050756610324401,False,22,False,False
4163,2024,0.5110546699957483,0.5110546699957483,False,34,False,False
4164,2024,0.6055080897322392,0.6055080897322392,False,22,False,False
4165,2024,0.8653259938028772,0.8653259938028772,False,22,False,False
4166,2024,0.186658167175548,0.186658167175548,False,22,False,False
4167,2024,-1.038710758974876,-0.6250516362961577,True,28,False,True
4168,2024,0.37119805159463515,0.37119805159463515,False,34,False,False
4169,2024,0.2979902036111459,0.2979902036111459,False,22,False,False
4170,2024,0.15986975076457138,0.15986975076457138,False,22,False,False
4171,2024,-1.0419433519484316,-0.7313873448385952,True,22,False,True
4172,2024,0.23878122821519024,0.23878122821519024,False,22,False,False
4173,2024,-1.0412699798392644,-0.6670768297759354,True,33,False,True
4174,2024,-1.0412350556852323,-0.784710813034312,True,29,False,True
4175,2024,0.27829058933657824,0.27829058933657824,False,22,False,False
4176,2024,0.30372764598789914,0.30372764598789914,False,22,False,False
4177,2024,-1.0326545169493866,-0.6276095782976364,True,27,False,True
4178,2024,-1.0326239700997462,-0.6847225834557544,True,29,False,True
4179,2024,-1.0323595571163957,-0.5754459640828795,True,18,False,True
4180,2024,0.382446067857382,-0.5587193577315626,True,23,True,False
4181,2024,0.9399520461775772,0.9399520461775772,False,34,False,False
4182,2024,0.260189139572942,0.260189139572942,False,58,False,False
4183,2024,0.3107538091672703,0.3107538091672703,False,34,False,False
4184,2024,2.5701229832536203,2.5701229832536203,False,5,False,False
4185,2024,0.21470046202940474,0.21470046202940474,False,22,False,False
4186,2024,1.060804318153707,1.060804318153707,False,22,False,False
4187,2024,0.2750283461035531,0.2750283461035531,False,22,False,False
4188,2024,0.21609108072139876,0.21609108072139876,False,22,False,False
4189,2024,0.813941239135547,0.813941239135547,False,22,False,False
4190,2024,0.2619298607439955,0.2619298607439955,False,22,False,False
4191,2024,0.19652190578044393,0.19652190578044393,False,22,False,False
4192,2024,0.3483343511653125,-0.6867084691602523,True,15,True,False
4193,2024,1.1342808242951419,1.1342808242951419,False,22,False,False
4195,2024,-1.0431130573702763,-0.6552382489421769,True,25,False,True
4196,2024,-1.0437463923973398,-0.596958484006231,True,17,False,True
4197,2024,0.2402920011866514,0.2402920011866514,False,22,False,False
4198,2024,0.8721051250534849,0.8721051250534849,False,34,False,False
4199,2024,0.8483353057790298,0.8483353057790298,False,22,False,False
4200,2024,0.33294185717516156,0.33294185717516156,False,22,False,False
4201,2024,0.902195501157841,0.902195501157841,False,22,False,False
4202,2024,0.2853042967394133,-0.5578239622760642,True,3,True,False
4203,2024,0.4325017336646161,0.4325017336646161,False,22,False,False
4204,2024,-1.0493564523474492,-0.6758960343998276,True,20,False,True
4205,2024,-1.0487557595605468,-0.57930335901303,True,22,False,True
4206,2024,-1.0481207817437201,-1.0481207817437201,False,17,False,False
4207,2024,-1.0424029801421875,-0.6404197041567317,True,17,False,True
4209,2024,-1.039131168055671,-0.8091044457175698,True,26,False,True
4210,2024,0.7603995433147074,-0.641617940130966,True,29,True,False
4211,2024,1.0854024578378891,1.0854024578378891,False,46,False,False
4212,2024,0.3049016373672497,0.3049016373672497,False,22,False,False
4213,2024,1.0470925901648866,1.0470925901648866,False,22,False,False
4214,2024,0.5235790984473561,0.5235790984473561,False,22,False,False
4215,2024,0.26724179986411956,0.26724179986411956,False,22,False,False
4216,2024,0.7298859647729745,0.7298859647729745,False,22,False,False
4217,2024,0.37507520463005967,-0.6092051024388629,True,2,True,False
4218,2024,-1.0402931203241936,-0.5796737206760378,True,36,False,True
4219,2024,0.47369799935121654,0.47369799935121654,False,22,False,False
4220,2024,1.0232654615822254,1.0232654615822254,False,22,False,False
4221,2024,0.33856061367494306,0.33856061367494306,False,22,False,False
4222,2024,0.3471926111061861,0.3471926111061861,False,22,False,False
4223,2024,0.8728248598148993,0.8728248598148993,False,22,False,False
4224,2024,0.14655839496364043,0.14655839496364043,False,22,False,False
4225,2024,-1.0543794156771102,-0.6101740201354452,True,15,False,True
4226,2024,-1.052759937357546,-0.948396229811104,True,17,False,True
4227,2024,0.42344243111188634,-0.5251363002347731,True,2,True,False
4228,2024,0.4090004014879512,-0.6125379763740867,True,6,True,False
4229,2024,0.4443975549620791,0.4443975549620791,False,17,False,False
4230,2024,2.134241083567777,2.134241083567777,False,22,False,False
4231,2024,-1.039261994961737,-0.7329932794618739,True,48,False,True
4232,2024,-1.0398794443168702,-0.6856017011517282,True,36,False,True
4233,2024,-1.0503244203520299,-0.6480920786508415,True,19,False,True
4234,2024,0.3186432355153173,0.3186432355153173,False,22,False,False
4235,2024,0.2480876405776512,0.2480876405776512,False,22,False,False
4236,2024,0.2502654804147576,0.2502654804147576,False,22,False,False
4237,2024,-1.049844938268484,-0.6346173430532079,True,22,False,True
4238,2024,-1.0492189176831899,-0.66934500899073,True,34,False,True
4239,2024,0.29120226035676344,0.29120226035676344,False,22,False,False
4240,2024,-1.048090292037629,-1.048090292037629,False,13,False,False
4241,2024,1.0356139701847156,1.0356139701847156,False,22,False,False
4242,2024,0.21708286381244368,-0.5171183722351974,True,2,True,False
4243,2024,0.21519822453854942,0.21519822453854942,False,22,False,False
4244,2024,0.16735061293788042,0.16735061293788042,False,34,False,False
4245,2024,0.43551494076675357,-0.6714242050640082,True,78,True,False
4246,2024,0.17445533914235198,0.17445533914235198,False,22,False,False
4247,2024,-1.0356390638757134,-0.6362802645560722,True,17,False,True
4248,2024,0.36085246601507837,0.36085246601507837,False,34,False,False
4249,2024,0.16239130825937348,0.16239130825937348,False,22,False,False
4250,2024,0.16133818001129518,-0.5527826788498521,True,18,True,False
4251,2024,0.20335771344817785,0.20335771344817785,False,22,False,False
4252,2024,0.3207254709668201,0.3207254709668201,False,22,False,False
4253,2024,-1.0456048386503771,-0.5772591583604587,True,18,False,True
4254,2024,-1.0439456249323713,-0.7998589402041937,True,64,False,True
4255,2024,0.231256504940456,0.231256504940456,False,22,False,False
4256,2024,0.5390237193553614,0.5390237193553614,False,34,False,False
4257,2024,-1.0481517028349725,-0.7597399627697288,True,28,False,True
4258,2024,1.215362950418028,1.215362950418028,False,22,False,False
4259,2024,0.3675386961530966,0.3675386961530966,False,34,False,False
4260,2024,0.27728722313426274,-0.5481866761950366,True,22,True,False
4261,2024,0.34824235672704357,0.34824235672704357,False,22,False,False
4262,2024,0.4390204472250962,0.4390204472250962,False,22,False,False
4263,2024,1.2719809645802913,1.2719809645802913,False,46,False,False
4264,2024,1.349051178738025,1.349051178738025,False,34,False,False
4265,2024,1.27219772276824,1.27219772276824,False,22,False,False
4267,2024,0.22606028858336324,0.22606028858336324,False,46,False,False
4268,2024,0.2732443299308204,0.2732443299308204,False,22,False,False
4269,2024,-1.0520626980996979,-0.6619683252995613,True,34,False,True
4270,2024,0.21705953485405083,0.21705953485405083,False,22,False,False
4271,2024,-1.0529288712521625,-1.0529288712521625,False,15,False,False
4272,2024,-1.0479362478168062,-1.0479362478168062,False,14,False,False
4273,2024,0.6608098079522331,0.6608098079522331,False,22,False,False
4274,2024,0.6782164923090127,0.6782164923090127,False,22,False,False
4275,2024,0.6359230277267456,-0.5152736831297746,True,2,True,False
4276,2024,0.48447964738024624,-0.611526232819793,True,3,True,False
4277,2024,0.2542954974230725,0.2542954974230725,False,22,False,False
4278,2024,0.7914999051492629,0.7914999051492629,False,22,False,False
4280,2024,-1.0386795145981815,-0.714045935114392,True,60,False,True
4281,2024,0.18299590903474358,0.18299590903474358,False,22,False,False
4282,2024,0.2847546636728853,0.2847546636728853,False,22,False,False
4283,2024,0.18482979923502793,0.18482979923502793,False,22,False,False
4284,2024,0.4956448524791561,0.4956448524791561,False,22,False,False
4285,2024,0.3167381034633864,0.3167381034633864,False,18,False,False
4286,2024,0.21660569667326537,0.21660569667326537,False,22,False,False
4287,2024,1.6173409728605161,1.6173409728605161,False,34,False,False
4288,2024,-1.0491594908042103,-0.6166434975867121,True,19,False,True
4289,2024,0.4418820007348181,0.4418820007348181,False,34,False,False
4290,2024,0.3477284541457162,-0.5650903598178879,True,4,True,False
4291,2024,0.5867943764235529,-0.5636627477485535,True,20,True,False
4292,2024,1.126340304068017,1.126340304068017,False,22,False,False
4293,2024,-1.045504256425561,-0.7803583554939134,True,20,False,True
4294,2024,0.3731952977328315,0.3731952977328315,False,22,False,False
4295,2024,-1.039688165237888,-0.5486892042962375,True,33,False,True
4296,2024,-1.0402242508588466,-0.6446194047892136,True,27,False,True
4297,2024,0.1702900164882072,-0.5956250171147178,True,68,True,False
4298,2024,0.17208466592209729,-0.6176280413718419,True,56,True,False
4299,2024,0.4743683858118659,0.4743683858118659,False,22,False,False
4300,2024,0.37691366674304777,0.37691366674304777,False,18,False,False
4301,2024,0.20943351103891403,0.20943351103891403,False,22,False,False
4302,2024,1.4746498203019267,1.4746498203019267,False,34,False,False
4303,2024,-1.046841307103716,-0.813315813220728,True,15,False,True
4304,2024,0.4871685463470241,0.4871685463470241,False,34,False,False
4305,2024,0.19268939845296285,-0.5630482178802794,True,31,True,False
4306,2024,0.48721469498617903,0.48721469498617903,False,34,False,False
4307,2024,0.4634613382414757,0.4634613382414757,False,22,False,False
4308,2024,0.46937481377610263,0.46937481377610263,False,22,False,False
4309,2024,-1.0533843791369963,-1.0533843791369963,False,53,False,False
4310,2024,0.1605339379869917,0.1605339379869917,False,22,False,False
4311,2024,0.16429045280095475,0.16429045280095475,False,29,False,False
4312,2024,-1.05762724216269,-1.05762724216269,False,17,False,False
4313,2024,1.196836182470403,1.196836182470403,False,22,False,False
4314,2024,1.18582741594515,1.18582741594515,False,46,False,False
4315,2024,-1.0362488756141344,-0.6986851621045505,True,2,False,True
4316,2024,-1.0480851004478073,-0.814001504978142,True,15,False,True
4317,2024,0.3539405191666009,0.3539405191666009,False,22,False,False
4318,2024,0.3968911680009634,0.3968911680009634,False,22,False,False
4319,2024,0.6509651070751096,0.6509651070751096,False,22,False,False
4320,2024,0.5899464259738051,0.5899464259738051,False,22,False,False
4321,2024,0.5822190379849851,0.5822190379849851,False,34,False,False
4322,2024,0.568981038503021,0.568981038503021,False,22,False,False
4323,2024,-1.050612323223939,-0.6519399892526091,True,22,False,True
4324,2024,0.16722491296153502,0.16722491296153502,False,19,False,False
4325,2024,-1.0548988605967997,-0.5109605626184157,True,44,False,True
4326,2024,0.18081002480750943,-0.7962321802849984,True,37,True,False
4327,2024,0.2974107226434595,-0.7145808987739777,True,26,True,False
4328,2024,0.577913177274777,0.577913177274777,False,34,False,False
4329,2024,0.706076822118532,0.706076822118532,False,22,False,False
4330,2024,0.27531708112924286,0.27531708112924286,False,34,False,False
4331,2024,0.24849932512971062,0.24849932512971062,False,22,False,False
4332,2024,0.7493224907623846,0.7493224907623846,False,22,False,False
4333,2024,0.6027686584006464,0.6027686584006464,False,34,False,False
4334,2024,0.4440923138136118,0.4440923138136118,False,22,False,False
4335,2024,-1.0556764705259924,-0.7364139132363792,True,29,False,True
4336,2024,-1.0578308924264195,-0.7334606256682228,True,17,False,True
4337,2024,0.18868964546711295,-0.6136270540132441,True,29,True,False
4338,2024,0.45876772382557,0.45876772382557,False,22,False,False
4339,2024,0.23275134248422738,-0.5502999531338589,True,61,True,False
4340,2024,0.2257851927603448,0.2257851927603448,False,22,False,False
4341,2024,0.23898898164166912,0.23898898164166912,False,22,False,False
4342,2024,0.3298894444449889,0.3298894444449889,False,34,False,False
4343,2024,0.6857055406507385,0.6857055406507385,False,22,False,False
4344,2024,-1.0393271384496423,-0.5626998618320079,True,4,False,True
4345,2024,-1.0409431251676284,-0.8557881784601994,True,42,False,True
4346,2024,0.46986333698319166,0.46986333698319166,False,22,False,False
4347,2024,-1.0493167940915344,-0.6842280705379055,True,18,False,True
4348,2024,-1.0466565738735767,-0.5259462745303715,True,20,False,True
4349,2024,0.32706072467284997,0.32706072467284997,False,22,False,False
4350,2024,0.2178163333849402,0.2178163333849402,False,22,False,False
4351,2024,0.8717855381718334,0.8717855381718334,False,34,False,False
4352,2024,0.9893448045453794,0.9893448045453794,False,22,False,False
4353,2024,0.37302576344017985,-0.6273320266006173,True,2,True,False
4354,2024,0.23678021252344483,0.23678021252344483,False,22,False,False
4355,2024,0.4565757882275097,0.4565757882275097,False,22,False,False
4356,2024,-1.05477061209014,-0.8280336575758062,True,18,False,True
4357,2024,-1.0523845914356795,-0.7390690413355102,True,32,False,True
4358,2024,-1.0539750567232233,-0.7376908355082331,True,21,False,True
4359,2024,-1.0523227522684504,-0.7966443178671853,True,16,False,True
4360,2024,-1.050783916855412,-0.6558732818816853,True,35,False,True
4361,2024,0.16227513066924928,0.16227513066924928,False,22,False,False
4362,2024,-1.0519539734331298,-1.0519539734331298,False,18,False,False
4363,2024,-1.053841757858732,-0.6835045673194928,True,21,False,True
4364,2024,-1.0523604497480112,-0.5313221772411165,True,41,False,True
4365,2024,0.3078385259774504,0.3078385259774504,False,22,False,False
4366,2024,-1.053841914225775,-0.8992392949751289,True,39,False,True
4367,2024,-1.0529009816216035,-0.7754021923514294,True,28,False,True
4368,2024,-1.054089069528332,-0.6808561511570411,True,17,False,True
4369,2024,0.2826357609298541,0.2826357609298541,False,22,False,False
4370,2024,-1.0491880580913069,-0.7725543943718075,True,17,False,True
4371,2024,0.2817479882629893,0.2817479882629893,False,22,False,False
4372,2024,0.15325646968649667,0.15325646968649667,False,22,False,False
4373,2024,-1.0485278884077924,-0.6899251496309644,True,31,False,True
4375,2024,0.90532490190435,0.90532490190435,False,22,False,False
4376,2024,0.24040273646938615,0.24040273646938615,False,22,False,False
4377,2024,1.0301672054853142,1.0301672054853142,False,22,False,False
4378,2024,0.2439767303675551,0.2439767303675551,False,22,False,False
4379,2024,0.9267628223796991,0.9267628223796991,False,22,False,False
4380,2024,0.17815488363007123,-0.8633830960139668,True,2,True,False
4381,2024,0.5291733260719931,0.5291733260719931,False,22,False,False
4382,2024,-1.048510477105075,-0.515623405564684,True,2,False,True
4383,2024,-1.053499949463314,-1.053499949463314,False,22,False,False
4384,2024,-1.0504596098262902,-0.5031305508440863,True,16,False,True
4385,2024,0.5194792973838835,0.5194792973838835,False,22,False,False
4386,2024,-1.0485658921108703,-1.0485658921108703,False,17,False,False
4387,2024,0.8383248666628782,0.8383248666628782,False,22,False,False
4388,2024,0.2972341593477719,0.2972341593477719,False,22,False,False
4389,2024,0.18352559735820584,0.18352559735820584,False,22,False,False
4390,2024,0.3635269058240949,0.3635269058240949,False,22,False,False
4391,2024,0.2246712706272547,0.2246712706272547,False,82,False,False
4392,2024,0.27602824240786,0.27602824240786,False,70,False,False
4393,2024,0.3536294420643289,0.3536294420643289,False,58,False,False
4394,2024,0.24022209325056149,0.24022209325056149,False,46,False,False
4395,2024,0.4790731811818134,0.4790731811818134,False,34,False,False
4396,2024,0.7148485919299085,0.7148485919299085,False,22,False,False
4397,2024,2.246991190079581,-0.5979938192920042,True,2,True,False
4398,2024,0.36811428495943116,0.36811428495943116,False,22,False,False
4399,2024,2.865873925329187,2.865873925329187,False,17,False,False
4400,2024,-1.0432178687456966,-0.5968647279547461,True,34,False,True
4401,2024,0.3677977384965112,0.3677977384965112,False,34,False,False
4402,2024,0.5310328605326731,0.5310328605326731,False,22,False,False
4403,2024,0.20078393899671398,0.20078393899671398,False,22,False,False
4404,2024,-1.0533680438812718,-0.5302898884494216,True,23,False,True
4405,2024,-1.0524744624585338,-0.7462924535927534,True,68,False,True
4406,2024,-1.0532635208015066,-0.7004311143641503,True,57,False,True
4407,2024,-1.0547293839161889,-0.6842710677315991,True,45,False,True
4408,2024,-1.0564045738729007,-0.6198792627030971,True,31,False,True
4409,2024,-1.0570324555938932,-0.7308124017578476,True,20,False,True
4410,2024,0.4398412468166539,-0.7557883118337608,True,2,True,False
4411,2024,0.45137742798862723,0.45137742798862723,False,34,False,False
4412,2024,0.5589225074500095,0.5589225074500095,False,22,False,False
4413,2024,0.3854579920943236,0.3854579920943236,False,22,False,False
4414,2024,0.20361190992771128,-0.5729980977986767,True,14,True,False
4415,2024,0.488367266609961,0.488367266609961,False,22,False,False
4416,2024,0.46226947168323945,0.46226947168323945,False,22,False,False
4417,2024,0.3560749533361178,0.3560749533361178,False,17,False,False
4418,2024,0.5341230675997056,0.5341230675997056,False,22,False,False
4419,2024,0.9637435809352135,0.9637435809352135,False,34,False,False
4420,2024,1.1705323623769561,1.1705323623769561,False,22,False,False
4421,2024,0.7361378094359827,-0.7325080521188004,True,4,True,False
4422,2024,0.5764776740664767,0.5764776740664767,False,22,False,False
4423,2024,0.6291065236044685,0.6291065236044685,False,22,False,False
4424,2024,0.2446731167664935,0.2446731167664935,False,22,False,False
4425,2024,0.4777415088668092,0.4777415088668092,False,22,False,False
4426,2024,1.1862129565015314,1.1862129565015314,False,22,False,False
4427,2024,-1.0339612428185352,-0.5389756837947081,True,26,False,True
4428,2024,0.34298681680074705,0.34298681680074705,False,22,False,False
4429,2024,0.822837944133576,0.822837944133576,False,22,False,False
4430,2024,0.5893168462597959,0.5893168462597959,False,22,False,False
4431,2024,0.22943624349273647,0.22943624349273647,False,34,False,False
4432,2024,0.30103045024898195,0.30103045024898195,False,22,False,False
4433,2024,0.7442004760124442,0.7442004760124442,False,22,False,False
4434,2024,0.19525580578433355,0.19525580578433355,False,22,False,False
4435,2024,0.20844390931595672,0.20844390931595672,False,22,False,False
4436,2024,0.43928776969398875,0.43928776969398875,False,22,False,False
4437,2024,-1.0442557912813029,-0.519627567870479,True,19,False,True
4438,2024,-1.042253600647018,-0.7636122117652757,True,21,False,True
4439,2024,0.6916383793432551,0.6916383793432551,False,22,False,False
4440,2024,0.4094317969031632,0.4094317969031632,False,22,False,False
4441,2024,0.16989402125307076,0.16989402125307076,False,22,False,False
4442,2024,0.3901930402751622,-0.639212813566413,True,23,True,False
4443,2024,0.36623085985408876,-0.6541760015781154,True,2,True,False
4444,2024,0.25064412872493425,0.25064412872493425,False,34,False,False
4445,2024,-1.0350023463468627,-0.6333575265135292,True,40,False,True
4446,2024,-1.0354798521110162,-0.5800757054519301,True,29,False,True
4447,2024,0.21825898882923075,0.21825898882923075,False,46,False,False
4448,2024,0.22696597668046628,0.22696597668046628,False,34,False,False
4449,2024,0.236286739247459,0.236286739247459,False,46,False,False
4450,2024,0.20920847095050024,0.20920847095050024,False,34,False,False
4451,2024,0.5669241839775971,0.5669241839775971,False,22,False,False
4452,2024,-1.0505728799531686,-0.6228917765492711,True,3,False,True
4453,2024,-1.052221187964095,-1.052221187964095,False,14,False,False
4454,2024,0.16356241641727584,-0.6666208823105916,True,18,True,False
4455,2024,0.5761020915354393,0.5761020915354393,False,94,False,False
4456,2024,0.39463248925483646,0.39463248925483646,False,22,False,False
4457,2024,0.5603317678055486,0.5603317678055486,False,70,False,False
4458,2024,0.2898293407583619,0.2898293407583619,False,22,False,False
4459,2024,-1.0371115555549077,-0.5760889009249922,True,23,False,True
4460,2024,1.2857165669666275,-0.5069798410204568,True,2,True,False
4461,2024,0.554745933942458,0.554745933942458,False,22,False,False
4462,2024,-1.022367343286194,-0.6999682761298248,True,2,False,True
4463,2024,1.0451157939434763,1.0451157939434763,False,70,False,False
4464,2024,-1.0392678364760182,-0.5772583678041013,True,29,False,True
4465,2024,0.2861881843380433,-0.702340182300252,True,33,True,False
4466,2024,-1.0422561472201153,-0.7636999732786571,True,20,False,True
4467,2024,0.49500957374221805,0.49500957374221805,False,22,False,False
4468,2024,-1.045626365224764,-0.502243274402345,True,30,False,True
4469,2024,-1.0468171183747448,-0.6519482119987287,True,24,False,True
4470,2024,-1.0455491487890876,-0.5211174643159265,True,76,False,True
4471,2024,0.19708301850668303,0.19708301850668303,False,46,False,False
4472,2024,0.27852849563104964,0.27852849563104964,False,34,False,False
4473,2024,0.19896022623024795,0.19896022623024795,False,18,False,False
4474,2024,0.3326834435382939,0.3326834435382939,False,46,False,False
4475,2024,0.1928648756518726,0.1928648756518726,False,22,False,False
4476,2024,0.5376336737589823,0.5376336737589823,False,22,False,False
4477,2024,-1.0437067152200843,-0.6134126237930381,True,47,False,True
4478,2024,-1.0451925245530682,-0.6281305610051287,True,35,False,True
4479,2024,-1.0460138924881488,-1.0460138924881488,False,29,False,False
4480,2024,0.7483682943679023,-0.6690727906921773,True,19,True,False
4481,2024,0.9470368069096184,-0.516645935746954,True,21,True,False
4482,2024,0.6250077951165716,0.6250077951165716,False,34,False,False
4483,2024,-1.0467263608907909,-0.5820423628648482,True,18,False,True
4484,2024,-1.0455325831764373,-0.840270689036225,True,31,False,True
4485,2024,0.1706932538437292,0.1706932538437292,False,22,False,False
4486,2024,0.2920820153313843,0.2920820153313843,False,22,False,False
4487,2024,0.17821591535219952,0.17821591535219952,False,22,False,False
4488,2024,0.2907875445783981,0.2907875445783981,False,22,False,False
4489,2024,1.3839350192308528,1.3839350192308528,False,22,False,False
4490,2024,1.9339091207265544,1.9339091207265544,False,5,False,False
4491,2024,-1.044997525034969,-0.6185983010757207,True,61,False,True
4492,2024,0.2024991575991672,0.2024991575991672,False,34,False,False
4493,2024,0.17468304416493144,0.17468304416493144,False,22,False,False
4494,2024,-1.0476989065482167,-0.5193229515189165,True,27,False,True
4495,2024,-1.0499257481639526,-0.7912077058774565,True,31,False,True
4496,2024,2.2282871583268253,-0.6189092399329937,True,19,True,False
4497,2024,2.907451603569261,2.907451603569261,False,22,False,False
4498,2024,0.3783293103342338,0.3783293103342338,False,21,False,False
4499,2024,0.17954499817115094,-0.9440864655837756,True,2,True,False
4500,2024,0.1772428643931571,-0.5798795544567876,True,18,True,False
4501,2024,0.23142327935640672,-0.584785468258051,True,34,True,False
4502,2024,0.4348379407571475,0.4348379407571475,False,22,False,False
4503,2024,0.30936659726188176,0.30936659726188176,False,22,False,False
4504,2024,0.6135778417764722,0.6135778417764722,False,22,False,False
4505,2024,0.21230216911354619,-0.6198199227074284,True,3,True,False
4506,2024,0.20481055144972982,0.20481055144972982,False,22,False,False
4507,2024,0.7668605765102271,-0.5659629480341141,True,31,True,False
4508,2024,0.18717880606241497,0.18717880606241497,False,22,False,False
4509,2024,0.43576090862300043,0.43576090862300043,False,22,False,False
4510,2024,1.3084391185869106,1.3084391185869106,False,22,False,False
4511,2024,0.19477799114630287,0.19477799114630287,False,22,False,False
4512,2024,0.9495555908345255,0.9495555908345255,False,34,False,False
4513,2024,0.7415394197157008,0.7415394197157008,False,22,False,False
4514,2024,-1.0463701876282197,-0.6488403418040559,True,40,False,True
4515,2024,-1.0472785174081403,-0.8698875983622253,True,33,False,True
4516,2024,-1.0491689202754877,-0.8334829404202476,True,21,False,True
4517,2024,0.15138499332039537,0.15138499332039537,False,22,False,False
4518,2024,0.3232012097087183,0.3232012097087183,False,22,False,False
4519,2024,0.5000054446100417,0.5000054446100417,False,46,False,False
4520,2024,0.31315817710715677,0.31315817710715677,False,22,False,False
4521,2024,0.8055865906407135,0.8055865906407135,False,22,False,False
4522,2024,-1.0520006433396796,-0.6393620762883752,True,22,False,True
4523,2024,-1.0515526440430536,-0.7611465042306484,True,19,False,True
4524,2024,0.6760049801088246,-0.6721818939720312,True,59,True,False
4525,2024,0.32940912044709375,0.32940912044709375,False,46,False,False
4526,2024,0.23324803138631242,0.23324803138631242,False,22,False,False
4527,2024,0.4498422755678212,0.4498422755678212,False,22,False,False
4528,2024,0.4210105302390136,0.4210105302390136,False,22,False,False
4529,2024,1.0367869658894846,1.0367869658894846,False,22,False,False
4530,2024,0.5827702707483988,0.5827702707483988,False,22,False,False
4531,2024,0.4461650753563554,0.4461650753563554,False,22,False,False
4532,2024,0.2875036000104033,0.2875036000104033,False,22,False,False
4533,2024,0.2966114300682892,0.2966114300682892,False,22,False,False
4534,2024,-1.0550578968690356,-0.5680161872637581,True,19,False,True
4535,2024,1.1534706348996224,1.1534706348996224,False,34,False,False
4536,2024,1.3464752549091752,1.3464752549091752,False,22,False,False
4538,2024,0.25677842539753354,0.25677842539753354,False,22,False,False
4539,2024,0.5429667776282913,-0.5567480057589623,True,37,True,False
4540,2024,0.5694799874788741,-0.5592066310492796,True,25,True,False
4541,2024,0.6745624044391775,0.6745624044391775,False,22,False,False
4542,2024,0.20366331478055913,0.20366331478055913,False,22,False,False
4543,2024,0.21467339995461587,0.21467339995461587,False,34,False,False
4544,2024,0.40079871190210986,0.40079871190210986,False,22,False,False
4545,2024,0.6125237423422218,0.6125237423422218,False,34,False,False
4546,2024,0.8824743645885221,0.8824743645885221,False,22,False,False
4547,2024,0.4801701767083463,0.4801701767083463,False,22,False,False
4548,2024,0.8834629514524656,0.8834629514524656,False,22,False,False
4549,2024,0.2258774771298287,0.2258774771298287,False,22,False,False
4550,2024,1.645758506250899,-0.8007096905539229,True,47,True,False
4551,2024,0.4440994273962779,0.4440994273962779,False,22,False,False
4552,2024,1.707822453239012,-0.7730512754299291,True,23,True,False
4553,2024,2.042687416122549,2.042687416122549,False,22,False,False
4554,2024,-1.0522595703410618,-1.0522595703410618,False,16,False,False
4555,2024,0.875105367089203,0.875105367089203,False,34,False,False
4557,2024,0.28086100343009085,0.28086100343009085,False,22,False,False
4558,2024,-1.046815207823541,-0.8795037081808873,True,20,False,True
4559,2024,0.8494893629581775,0.8494893629581775,False,22,False,False
4560,2024,0.23846221372496193,0.23846221372496193,False,113,False,False
4561,2024,0.15578772814170816,0.15578772814170816,False,46,False,False
4562,2024,0.22901856809735394,0.22901856809735394,False,22,False,False
4563,2024,0.21346550807804937,0.21346550807804937,False,34,False,False
4564,2024,0.4128835810468292,0.4128835810468292,False,22,False,False
4565,2024,0.24830570032611582,0.24830570032611582,False,22,False,False
4566,2024,-1.058942399411787,-0.5789285543078846,True,25,False,True
4567,2024,1.1593376488329592,-0.6536695324391345,True,18,True,False
4568,2024,0.35315321981367914,0.35315321981367914,False,22,False,False
4569,2024,1.1438615501384979,1.1438615501384979,False,22,False,False
4570,2024,1.6732028322356212,1.6732028322356212,False,22,False,False
4572,2024,1.1055113606124412,1.1055113606124412,False,22,False,False
4574,2024,1.0530181859065233,1.0530181859065233,False,22,False,False
4576,2024,-1.0535316492869042,-0.7697804608616485,True,21,False,True
4577,2024,0.5454449814091735,-0.5199439294338658,True,8,True,False
4578,2024,0.17932539862407731,0.17932539862407731,False,34,False,False
4579,2024,0.4526966935004872,0.4526966935004872,False,22,False,False
4580,2024,0.3386661677095752,0.3386661677095752,False,22,False,False
4581,2024,0.1877030116541191,-0.5115610627777837,True,33,True,False
4582,2024,0.4070971941039076,0.4070971941039076,False,46,False,False
4583,2024,0.22081494526503972,0.22081494526503972,False,22,False,False
4584,2024,0.614452010349859,0.614452010349859,False,22,False,False
4585,2024,1.3534625570940002,-0.6026026992624722,True,4,True,False
4586,2024,0.2594030013073678,0.2594030013073678,False,22,False,False
4587,2024,-1.0397817394202378,-0.5932883679778168,True,28,False,True
4588,2024,-1.054146628509819,-0.538212480424314,True,25,False,True
4589,2024,0.14367748881183737,0.14367748881183737,False,34,False,False
4590,2024,0.338350982334821,0.338350982334821,False,22,False,False
4591,2024,0.15645518675271086,0.15645518675271086,False,34,False,False
4592,2024,-1.0550769378495184,-0.6931372858093335,True,32,False,True
4593,2024,-1.0565267871414226,-0.8485980637773702,True,19,False,True
4594,2024,-1.060048309783554,-1.060048309783554,False,25,False,False
4595,2024,-1.0612430066922003,-0.5570497661186031,True,15,False,True
4596,2024,0.7740869353963867,0.7740869353963867,False,22,False,False
4597,2024,2.6703886509142887,-0.5724744444153128,True,2,True,False
4598,2024,0.227858583253773,0.227858583253773,False,22,False,False
4599,2024,2.8820020515017313,2.8820020515017313,False,22,False,False
4600,2024,0.2798309245896411,-0.6644888774464606,True,25,True,False
4601,2024,0.30717050123160644,0.30717050123160644,False,22,False,False
4602,2024,0.2523351504323655,-0.590099746265409,True,2,True,False
4603,2024,0.3038204860077479,-0.6717966238102241,True,38,True,False
4604,2024,0.5342740599549343,0.5342740599549343,False,34,False,False
4605,2024,0.776475448935299,0.776475448935299,False,22,False,False
4606,2024,-1.0571986068529495,-1.0571986068529495,False,1,False,False
4607,2024,-1.0547617629581105,-0.8940542218082345,True,19,False,True
4608,2024,0.6830514380231322,-0.5057293986438355,True,10,True,False
4609,2024,0.2990774777048118,0.2990774777048118,False,22,False,False
4610,2024,0.2732348206372845,0.2732348206372845,False,22,False,False
4611,2024,0.3706105796339886,0.3706105796339886,False,22,False,False
4612,2024,0.24221857467339325,0.24221857467339325,False,22,False,False
4613,2024,-1.045671524816332,-0.6985453692887286,True,22,False,True
4614,2024,0.7762601940053816,0.7762601940053816,False,46,False,False
4615,2024,0.4084016605191015,0.4084016605191015,False,22,False,False
4616,2024,0.7153875004703412,0.7153875004703412,False,22,False,False
4617,2024,0.8139071672264173,-0.5935002482239485,True,16,True,False
4618,2024,0.25246988578732255,0.25246988578732255,False,22,False,False
4619,2024,1.2627541343413489,1.2627541343413489,False,22,False,False
4620,2024,0.3223747300532665,0.3223747300532665,False,22,False,False
4621,2024,0.6940489588225403,0.6940489588225403,False,34,False,False
4622,2024,0.6494972710408317,0.6494972710408317,False,22,False,False
4623,2024,0.3863572730120999,0.3863572730120999,False,22,False,False
4624,2024,0.15506206048280755,0.15506206048280755,False,22,False,False
4625,2024,0.7381971851613851,0.7381971851613851,False,34,False,False
4626,2024,0.579833318711432,-0.6590319278840441,True,5,True,False
4627,2024,0.22401877032589212,0.22401877032589212,False,22,False,False
4628,2024,0.23081974344957806,0.23081974344957806,False,22,False,False
4629,2024,-1.0559571775396128,-0.6812113994610403,True,16,False,True
4630,2024,0.8249841104389184,0.8249841104389184,False,34,False,False
4631,2024,0.7713764046003013,0.7713764046003013,False,22,False,False
4632,2024,1.0517920674743093,1.0517920674743093,False,22,False,False
4633,2024,0.3940396805764747,0.3940396805764747,False,22,False,False
4634,2024,-1.04982725323556,-0.6403626862767887,True,19,False,True
4635,2024,1.2873869237215894,1.2873869237215894,False,22,False,False
4636,2024,0.3969403403574811,0.3969403403574811,False,6,False,False
4637,2024,-1.047057504307756,-0.6011232523238647,True,60,False,True
4638,2024,-1.048411206604466,-0.7751200052667113,True,53,False,True
4639,2024,-1.0508317737879127,-0.7253081886893076,True,29,False,True
4640,2024,-1.0421029544409248,-0.7344878505944478,True,22,False,True
4641,2024,0.25600096139122924,0.25600096139122924,False,22,False,False
4642,2024,-1.0580992151067619,-0.6152796028951527,True,15,False,True
4643,2024,-1.0593382557562716,-0.7599105619207669,True,19,False,True
4644,2024,1.6915552662798616,1.6915552662798616,False,22,False,False
4646,2024,0.6440064212862466,0.6440064212862466,False,22,False,False
4647,2024,0.2522967529223301,0.2522967529223301,False,22,False,False
4648,2024,0.5783633624776259,-0.590576653265414,True,28,True,False
4649,2024,0.809322102152572,-0.5329535449941953,True,20,True,False
4650,2024,1.1389164680636386,1.1389164680636386,False,22,False,False
4651,2024,0.35371915502733214,0.35371915502733214,False,22,False,False
4652,2024,0.18720773744764604,0.18720773744764604,False,22,False,False
4653,2024,-1.0511786688199676,-0.6453465305938181,True,18,False,True
4654,2024,0.165208719519704,0.165208719519704,False,22,False,False
4655,2024,-1.0524626904517993,-0.7994254825405751,True,21,False,True
4656,2024,0.3647007180839243,0.3647007180839243,False,22,False,False
4657,2024,-1.0434891642044295,-0.5137513923071219,True,33,False,True
4658,2024,-1.0448141134362459,-0.664956887341516,True,31,False,True
4659,2024,0.32663246869711354,0.32663246869711354,False,22,False,False
4660,2024,0.5424178406675234,0.5424178406675234,False,22,False,False
4661,2024,-1.0478753083956138,-0.5873168561264092,True,38,False,True
4662,2024,-1.0489352634573748,-0.6996285956519432,True,38,False,True
4663,2024,0.3350917637828932,0.3350917637828932,False,22,False,False
4664,2024,0.17655810342197836,-0.5652367864513281,True,15,True,False
4665,2024,0.5461104213512236,0.5461104213512236,False,22,False,False
4666,2024,1.1428583003669797,1.1428583003669797,False,34,False,False
4667,2024,1.47013544596212,1.47013544596212,False,22,False,False
4668,2024,0.21058983887932145,-0.582804968681308,True,41,True,False
4669,2024,0.27435588897127455,0.27435588897127455,False,22,False,False
4670,2024,0.5939201337160888,0.5939201337160888,False,22,False,False
4671,2024,0.8905443609181458,0.8905443609181458,False,22,False,False
4672,2024,0.17768419844745523,0.17768419844745523,False,22,False,False
4673,2024,3.2833890410470183,-0.5617490525752696,True,33,True,False
4674,2024,3.456925712805718,3.456925712805718,False,34,False,False
4675,2024,3.8644491503248077,3.8644491503248077,False,22,False,False
4676,2024,-1.0379230544106675,-0.5121152563536214,True,26,False,True
4677,2024,0.822682556101924,-0.535662972959937,True,49,True,False
4678,2024,0.328070542324456,0.328070542324456,False,22,False,False
4679,2024,0.27425348060858007,0.27425348060858007,False,22,False,False
4680,2024,0.22806343450365266,0.22806343450365266,False,22,False,False
4681,2024,0.18184269871099262,0.18184269871099262,False,22,False,False
4682,2024,0.28441095932155197,0.28441095932155197,False,22,False,False
4683,2024,0.42113064922989524,0.42113064922989524,False,46,False,False
4684,2024,0.6383859611675294,0.6383859611675294,False,34,False,False
4685,2024,0.7608501313462035,0.7608501313462035,False,22,False,False
4686,2024,1.2914554872776594,-0.5577914539576593,True,2,True,False
4687,2024,0.42135364242654305,-0.5784291753625651,True,4,True,False
4688,2024,0.16442872783644893,0.16442872783644893,False,22,False,False
4689,2024,0.17458852927753543,0.17458852927753543,False,22,False,False
4690,2024,0.5106944629407831,-0.5364967670481855,True,33,True,False
4691,2024,0.1803426699813063,0.1803426699813063,False,22,False,False
4692,2024,1.0277365707889234,1.0277365707889234,False,22,False,False
4693,2024,0.7742242539563299,0.7742242539563299,False,22,False,False
4694,2024,0.6801323639625313,0.6801323639625313,False,22,False,False
4695,2024,-1.0490016877454225,-0.6046751584125967,True,19,False,True
4696,2024,0.26598898084448175,-0.6212051200887683,True,27,True,False
4697,2024,0.5100398340270879,-0.5031630915382369,True,40,True,False
4698,2024,0.24445866578469524,0.24445866578469524,False,22,False,False
4699,2024,0.80353884117355,0.80353884117355,False,22,False,False
4700,2024,-1.046580298419359,-0.5512475231487444,True,2,False,True
4701,2024,0.15900803134864017,-0.7993696254662442,True,5,True,False
4702,2024,-1.0513563832285497,-1.0513563832285497,False,25,False,False
4703,2024,0.19830104258120537,-0.8412679493941256,True,16,True,False
4704,2024,0.3744224920984456,0.3744224920984456,False,22,False,False
4705,2024,0.24493949633855,-0.6237817379583716,True,32,True,False
4706,2024,0.6639439948441532,0.6639439948441532,False,34,False,False
4707,2024,0.746251454050811,0.746251454050811,False,22,False,False
4708,2024,-1.0482025351390707,-0.6104294202713151,True,20,False,True
4709,2024,0.5788414030185476,-0.6662978829081937,True,31,True,False
4710,2024,0.9834335938146986,0.9834335938146986,False,22,False,False
4711,2024,-1.0520212910093742,-0.8637758724971745,True,32,False,True
4712,2024,0.15759549543280574,-0.5725048292446433,True,23,True,False
4713,2024,0.34312557390709175,0.34312557390709175,False,22,False,False
4714,2024,0.17470785556089388,0.17470785556089388,False,22,False,False
4715,2024,0.5203963673097394,0.5203963673097394,False,34,False,False
4716,2024,0.5204905641882298,0.5204905641882298,False,22,False,False
4717,2024,-1.0514436372596436,-0.7820759448587522,True,16,False,True
4718,2024,0.6880067314852766,0.6880067314852766,False,22,False,False
4719,2024,0.8621842847295419,-0.6062450397039105,True,2,True,False
4720,2024,0.20846030284678202,-0.5903585119809451,True,21,True,False
4721,2024,0.9286079506431101,0.9286079506431101,False,22,False,False
4722,2024,0.47557614450759933,0.47557614450759933,False,22,False,False
4723,2024,-1.0454111541105424,-0.6889975163593085,True,3,False,True
4724,2024,-1.0462316155171905,-0.5626279319649077,True,16,False,True
4725,2024,0.44561410247770555,-0.7521749653121226,True,18,True,False
4726,2024,0.40824303269277407,-0.7610785614480934,True,6,True,False
4727,2024,0.6345830639087295,0.6345830639087295,False,22,False,False
4728,2024,-1.0511079383214537,-0.6439807552792465,True,22,False,True
4729,2024,0.4922927171390537,0.4922927171390537,False,22,False,False
4730,2024,0.21573742472384905,-0.5171360110655029,True,30,True,False
4731,2024,0.34384635745214814,-0.584109882807163,True,20,True,False
4732,2024,0.716216153675928,0.716216153675928,False,22,False,False
4733,2024,1.194110031400512,-0.5366174107011943,True,30,True,False
4734,2024,1.3350654030903732,-0.5502962034008834,True,35,True,False
4735,2024,0.47855479240724413,0.47855479240724413,False,22,False,False
4736,2024,0.5447511706503839,0.5447511706503839,False,22,False,False
4737,2024,0.19842992935779522,0.19842992935779522,False,22,False,False
4738,2024,0.4160236360692613,0.4160236360692613,False,22,False,False
4739,2024,0.49546009661041956,0.49546009661041956,False,22,False,False
4740,2024,0.21070863939605589,0.21070863939605589,False,22,False,False
4741,2024,0.15192546014379016,0.15192546014379016,False,22,False,False
4742,2024,0.4977091789115797,0.4977091789115797,False,22,False,False
4743,2024,-1.0484004652754655,-0.7938511266450374,True,19,False,True
4744,2024,0.9635894561793977,0.9635894561793977,False,22,False,False
4745,2024,0.8334124133328008,0.8334124133328008,False,22,False,False
4746,2024,0.20869707104085575,0.20869707104085575,False,22,False,False
4747,2024,-1.0522960661991747,-0.8261320190068749,True,21,False,True
4748,2024,0.45687339599357213,-0.8420300993593147,True,2,True,False
4749,2024,1.0980145722471575,-0.6341200965571318,True,24,True,False
4750,2024,0.5276389710956351,0.5276389710956351,False,34,False,False
4751,2024,0.7763591774106807,0.7763591774106807,False,22,False,False
4752,2024,1.1428678844342692,1.1428678844342692,False,34,False,False
4753,2024,1.066663635612979,1.066663635612979,False,22,False,False
4754,2024,1.3103689097598434,-0.5938487451593962,True,2,True,False
4755,2024,0.17073354568109692,0.17073354568109692,False,34,False,False
4756,2024,0.40303167883200175,0.40303167883200175,False,22,False,False
4757,2024,1.0791811137926872,1.0791811137926872,False,22,False,False
4758,2024,0.16146337379376888,0.16146337379376888,False,22,False,False
4759,2024,0.840961007216331,-0.6838087892910726,True,33,True,False
4760,2024,0.3688592163069242,0.3688592163069242,False,22,False,False
4761,2024,0.7278536308307888,0.7278536308307888,False,22,False,False
4762,2024,0.8697472850323935,0.8697472850323935,False,22,False,False
4763,2024,0.1942156122305848,-0.6824951151331293,True,2,True,False
4764,2024,0.39978830769958595,0.39978830769958595,False,22,False,False
4765,2024,-1.051428346379576,-0.8740823231154833,True,19,False,True
4766,2024,-1.0495665684487308,-0.5143320563826566,True,8,False,True
4767,2024,0.5540778557413213,0.5540778557413213,False,22,False,False
4768,2024,0.3328976472082686,0.3328976472082686,False,22,False,False
4769,2024,0.2318059093813821,0.2318059093813821,False,22,False,False
4770,2024,-1.0484429730547786,-0.7530400596601307,True,14,False,True
4771,2024,0.20518502913018813,-0.6255576740653327,True,20,True,False
4772,2024,0.4162271170622019,0.4162271170622019,False,22,False,False
4773,2024,0.47295484780264835,0.47295484780264835,False,22,False,False
4774,2024,0.4852923333130159,0.4852923333130159,False,34,False,False
4775,2024,0.5915756152267195,0.5915756152267195,False,22,False,False
4776,2024,0.26714786858300965,-0.7129912898524264,True,2,True,False
4777,2024,0.5419240388209566,0.5419240388209566,False,22,False,False
4778,2024,0.6152380392108676,0.6152380392108676,False,34,False,False
4779,2024,0.5181197238108476,0.5181197238108476,False,22,False,False
4780,2024,0.41072085083867416,0.41072085083867416,False,22,False,False
4781,2024,0.8267763274072025,0.8267763274072025,False,22,False,False
4782,2024,2.102261249055113,-0.8993937801815709,True,2,True,False
4783,2024,0.17835505290370093,-0.6208850435424548,True,35,True,False
4784,2024,1.1360788022505846,1.1360788022505846,False,22,False,False
4785,2024,0.2089280681818526,0.2089280681818526,False,22,False,False
4786,2024,0.39866388317133705,-0.500616595771609,True,2,True,False
4787,2024,0.3832142223797679,0.3832142223797679,False,22,False,False
4788,2024,-1.0460458594407016,-0.547157892858283,True,43,False,True
4789,2024,0.3751930236551325,0.3751930236551325,False,22,False,False
4790,2024,-1.0467526116775316,-0.5532752409197246,True,19,False,True
4791,2024,1.3632663893524914,1.3632663893524914,False,22,False,False
4793,2024,1.8529557816528701,-0.6525787436443503,True,2,True,False
4794,2024,0.3350607073953414,0.3350607073953414,False,22,False,False
4795,2024,0.47644423824815685,0.47644423824815685,False,34,False,False
4796,2024,0.48451784744424475,0.48451784744424475,False,22,False,False
4797,2024,0.49433555562819853,-0.6822989911777392,True,15,True,False
4798,2024,0.17553181758574904,-0.9254436778463873,True,2,True,False
4799,2024,0.4488012483468159,0.4488012483468159,False,22,False,False
4800,2024,2.0432729239177423,2.0432729239177423,False,22,False,False
4801,2024,0.22814478967520438,0.22814478967520438,False,22,False,False
4802,2024,1.10904887662001,1.10904887662001,False,22,False,False
4803,2024,0.22638902746509756,-0.9292076576264818,True,2,True,False
4804,2024,1.0800466853504322,1.0800466853504322,False,22,False,False
4805,2024,0.5522706643142408,-0.7156886499681323,True,2,True,False
4806,2024,0.7556845905351262,0.7556845905351262,False,22,False,False
4807,2024,0.2089432782892875,0.2089432782892875,False,22,False,False
4808,2024,0.26494330436885094,0.26494330436885094,False,22,False,False
4809,2024,-1.0331637804323923,-0.6238320606494006,True,22,False,True
4810,2024,0.43606261213797415,0.43606261213797415,False,22,False,False
4811,2024,0.4491322070320634,0.4491322070320634,False,22,False,False
4812,2024,-1.0396058113486382,-1.0396058113486382,False,65,False,False
4813,2024,0.18613117186280345,0.18613117186280345,False,34,False,False
4814,2024,0.32072114038722044,0.32072114038722044,False,22,False,False
4815,2024,1.5848269320828339,1.5848269320828339,False,22,False,False
4817,2024,-1.0292553146432752,-0.5612805829886988,True,24,False,True
4818,2024,-1.029490161236117,-0.7372193654155351,True,28,False,True
4819,2024,-1.0358761700279175,-0.5813912081905637,True,24,False,True
4820,2024,0.24870804441211614,0.24870804441211614,False,22,False,False
4821,2024,-1.0349894175022596,-0.5901444323793748,True,33,False,True
4822,2024,0.18576673089446202,0.18576673089446202,False,22,False,False
4823,2024,0.18419548075655065,0.18419548075655065,False,22,False,False
4824,2024,0.17767237356701657,-0.5970840631677901,True,30,True,False
4825,2024,0.1957956026296678,-0.6148206240633864,True,3,True,False
4826,2024,0.7676053418260039,0.7676053418260039,False,22,False,False
4827,2024,-1.0455127594432123,-0.8422367512578485,True,21,False,True
4828,2024,-1.0442412456574506,-0.7939799104654651,True,19,False,True
4829,2024,0.5845352439610516,0.5845352439610516,False,22,False,False
4830,2024,0.9282450279074876,0.9282450279074876,False,22,False,False
4831,2024,0.8851044485334758,0.8851044485334758,False,22,False,False
4832,2024,0.2141770711078376,-0.8873749778993764,True,2,True,False
4833,2024,0.2749437984090248,0.2749437984090248,False,22,False,False
4834,2024,-1.0458906543934587,-0.8331566688643437,True,36,False,True
4835,2024,0.3254508242362462,0.3254508242362462,False,22,False,False
4836,2024,-1.0456499611677985,-0.7469361987120536,True,25,False,True
4837,2024,-1.04597501123842,-1.04597501123842,False,16,False,False
4838,2024,-1.0440731253675173,-1.0440731253675173,False,18,False,False
4839,2024,-1.0473843560019573,-0.7894955218468963,True,29,False,True
4840,2024,-1.047347283325175,-0.6416705878250845,True,29,False,True
4841,2024,-1.0480079732394891,-0.7343149522060709,True,19,False,True
4842,2024,0.5181215237609451,0.5181215237609451,False,22,False,False
4843,2024,0.3265797342269405,0.3265797342269405,False,22,False,False
4844,2024,0.6870237076871772,0.6870237076871772,False,34,False,False
4845,2024,0.8662346156923751,0.8662346156923751,False,22,False,False
4846,2024,0.23295754685226508,0.23295754685226508,False,22,False,False
4847,2024,0.34238960475889296,0.34238960475889296,False,22,False,False
4848,2024,-1.0413915017029411,-0.696829215745273,True,31,False,True
4849,2024,0.19728257188229867,0.19728257188229867,False,31,False,False
4850,2024,0.2862794732794778,0.2862794732794778,False,19,False,False
4851,2024,0.9141519039283998,0.9141519039283998,False,22,False,False
4852,2024,-1.0361707212105442,-1.0361707212105442,False,16,False,False
4853,2024,-1.0228013008511563,-0.5857576644148011,True,48,False,True
4854,2024,2.169940458979985,-0.6629268556902608,True,38,True,False
4855,2024,0.236661067489597,0.236661067489597,False,22,False,False
4856,2024,0.26870124938566803,0.26870124938566803,False,22,False,False
4857,2024,0.5856527113906919,0.5856527113906919,False,22,False,False
4858,2024,-1.0332041942947092,-0.6843911467516941,True,30,False,True
4859,2024,-1.033882332307768,-0.5823679763877321,True,20,False,True
4860,2024,-1.0342413918265947,-0.6007604415119439,True,18,False,True
4861,2024,0.18125250638627333,0.18125250638627333,False,34,False,False
4862,2024,0.527741565836323,0.527741565836323,False,46,False,False
4863,2024,1.0802095264640397,-0.5566588025334354,True,17,True,False
4864,2024,-1.0461564373588097,-0.7541844388837694,True,17,False,True
4865,2024,0.646964409138333,0.646964409138333,False,22,False,False
4866,2024,0.9686748202625453,0.9686748202625453,False,22,False,False
4867,2024,0.46215475190043337,-0.605171949483264,True,2,True,False
4868,2024,0.2115307760437446,0.2115307760437446,False,22,False,False
4869,2024,0.4430299559967698,-0.5021884189507093,True,25,True,False
4871,2024,0.6766834717104171,0.6766834717104171,False,22,False,False
4872,2024,-1.0440105770537438,-0.5572385307394793,True,28,False,True
4873,2024,-1.0448939482027129,-0.5284802926720785,True,31,False,True
4874,2024,0.914842687087739,0.914842687087739,False,22,False,False
4875,2024,0.8247172672150858,0.8247172672150858,False,22,False,False
4876,2024,0.6504515848198036,-0.6005841892416356,True,23,True,False
4877,2024,0.2741214376481017,-0.5267412721418299,True,2,True,False
4878,2024,-1.0446517518601985,-0.6795951989977487,True,30,False,True
4879,2024,1.215676383718039,1.215676383718039,False,22,False,False
4880,2024,-1.042210422354676,-0.6186804748225202,True,35,False,True
4881,2024,0.47815530093350944,0.47815530093350944,False,22,False,False
4882,2024,-1.040684951041247,-0.7609695011868479,True,19,False,True
4883,2024,0.7987964793474048,0.7987964793474048,False,22,False,False
4884,2024,0.267215307879247,0.267215307879247,False,22,False,False
4885,2024,1.121375575539935,1.121375575539935,False,22,False,False
4886,2024,-1.0463499176220077,-0.5624566031885003,True,29,False,True
4887,2024,0.3760117827774856,-0.649685713778175,True,36,True,False
4888,2024,0.47727726232659956,-0.5824707883020842,True,24,True,False
4889,2024,0.6273754564248031,0.6273754564248031,False,22,False,False
4890,2024,0.6013513099188664,0.6013513099188664,False,34,False,False
4891,2024,0.8314715030041444,0.8314715030041444,False,22,False,False
4892,2024,0.473752699810883,0.473752699810883,False,22,False,False
4893,2024,0.4077945746949003,0.4077945746949003,False,22,False,False
4894,2024,0.2607928076517309,0.2607928076517309,False,22,False,False
4895,2024,0.24730949933155869,0.24730949933155869,False,22,False,False
4896,2024,0.8900921353412887,0.8900921353412887,False,22,False,False
4897,2024,-1.052782482556566,-0.7519184408112837,True,16,False,True
4898,2024,1.3710190077901863,1.3710190077901863,False,22,False,False
4900,2024,0.280508921868889,0.280508921868889,False,34,False,False
4901,2024,0.2854616500069011,-0.5375247357725561,True,30,True,False
4902,2024,0.7454771258555778,0.7454771258555778,False,34,False,False
4903,2024,0.8242588986787079,0.8242588986787079,False,22,False,False
4905,2024,0.17392621329680263,0.17392621329680263,False,22,False,False
4906,2024,0.30587706738609227,0.30587706738609227,False,22,False,False
4907,2024,0.2811209847170856,0.2811209847170856,False,58,False,False
4908,2024,0.26228808948289867,0.26228808948289867,False,22,False,False
4909,2024,0.3385559700879741,0.3385559700879741,False,22,False,False
4910,2024,0.23526913446834496,-0.545986820847964,True,22,True,False
4911,2024,0.2142955889778427,0.2142955889778427,False,22,False,False
4912,2024,0.34251678162473614,0.34251678162473614,False,46,False,False
4913,2024,0.252164913164606,0.252164913164606,False,22,False,False
4914,2024,0.2773496607675233,0.2773496607675233,False,22,False,False
4915,2024,0.29661660182953314,0.29661660182953314,False,22,False,False
4916,2024,0.8492298056195883,0.8492298056195883,False,22,False,False
4917,2024,0.24436030818141818,0.24436030818141818,False,22,False,False
4918,2024,0.1872810274520381,0.1872810274520381,False,22,False,False
4919,2024,0.7682136116407191,-0.6798648727207329,True,2,True,False
4920,2024,0.35630518583080917,0.35630518583080917,False,70,False,False
4921,2024,0.2193954771102338,0.2193954771102338,False,34,False,False
4922,2024,0.4574339080353829,0.4574339080353829,False,46,False,False
4923,2024,0.41400927605663546,0.41400927605663546,False,34,False,False
4924,2024,0.35781304272651815,0.35781304272651815,False,22,False,False
4925,2024,0.3075964053316945,0.3075964053316945,False,32,False,False
4926,2024,0.30903578581375374,0.30903578581375374,False,20,False,False
4927,2024,-1.040495720051505,-0.5711032370901379,True,17,False,True
4928,2024,-1.0431883872659904,-0.8222151044400744,True,61,False,True
4929,2024,0.17221963339958396,0.17221963339958396,False,22,False,False
4930,2024,0.41583866841036465,0.41583866841036465,False,34,False,False
4931,2024,0.3323189711725294,0.3323189711725294,False,22,False,False
4932,2024,0.20602172310990854,0.20602172310990854,False,34,False,False
4933,2024,0.6447967956556858,0.6447967956556858,False,34,False,False
4934,2024,0.5186626271634325,0.5186626271634325,False,22,False,False
4935,2024,0.2766566113512718,-0.5830266125329447,True,16,True,False
4936,2024,0.3381763397905279,0.3381763397905279,False,22,False,False
4937,2024,0.2699488711327771,0.2699488711327771,False,22,False,False
4938,2024,0.30624785060327475,0.30624785060327475,False,22,False,False
4939,2024,0.52625547303871,0.52625547303871,False,22,False,False
4940,2024,0.31120491838612147,0.31120491838612147,False,34,False,False
4941,2024,0.14589051686986768,0.14589051686986768,False,22,False,False
4942,2024,0.2861911958611336,0.2861911958611336,False,22,False,False
4943,2024,0.45869817120617695,-0.572129707244562,True,46,True,False
4944,2024,0.14831780488962912,0.14831780488962912,False,22,False,False
4945,2024,0.35087324188031954,0.35087324188031954,False,46,False,False
4946,2024,0.5749413891578272,0.5749413891578272,False,34,False,False
4947,2024,0.4551456056878293,0.4551456056878293,False,22,False,False
4948,2024,0.7373178373835131,-0.5113912552866637,True,13,True,False
4950,2024,0.39791805000947333,0.39791805000947333,False,22,False,False
4951,2024,0.1421907398673428,0.1421907398673428,False,22,False,False
4952,2024,0.17183421790286188,0.17183421790286188,False,22,False,False
4953,2024,1.0753527165173735,-0.5088294875811863,True,2,True,False
4954,2024,0.263508043735212,-0.5072475815103225,True,6,True,False
4955,2024,-1.0598733036159795,-0.631269262395931,True,33,False,True
4956,2024,1.2079905820627685,-0.6554481949316558,True,27,True,False
4957,2024,0.37039194448935386,0.37039194448935386,False,22,False,False
4958,2024,1.1124818609953675,-0.6210450736094136,True,2,True,False
4959,2024,0.900079720790036,0.900079720790036,False,1,False,False
4960,2024,0.3470273155518574,0.3470273155518574,False,22,False,False
4961,2024,0.8799811982704477,0.8799811982704477,False,22,False,False
4962,2024,0.2604713793382951,-0.5197747136612653,True,16,True,False
4963,2024,0.19222147347244528,0.19222147347244528,False,22,False,False
4964,2024,-1.04983250766329,-0.5319682505246692,True,4,False,True
4965,2025,0.38393959122019766,0.38393959122019766,False,46,False,False
4966,2025,0.14559654666815586,0.14559654666815586,False,22,False,False
4967,2025,0.15248816510249008,0.15248816510249008,False,22,False,False
4968,2025,0.3459201250629656,0.3459201250629656,False,22,False,False
4969,2025,1.2868411821972732,1.2868411821972732,False,22,False,False
4971,2025,0.4553435204539925,0.4553435204539925,False,22,False,False
4972,2025,0.3806557157258786,-0.6968419869967085,True,15,True,False
4973,2025,0.8202826057587914,-0.5914123934065393,True,4,True,False
4974,2025,-1.0466053941280962,-0.6813500336445246,True,29,False,True
4975,2025,-1.0478461594603974,-0.8455769029831703,True,16,False,True
4976,2025,-1.0483698137417345,-1.0483698137417345,False,39,False,False
4977,2025,-1.0500029916554123,-1.0500029916554123,False,27,False,False
4978,2025,0.24122442890540435,0.24122442890540435,False,22,False,False
4979,2025,-1.0492587061576995,-1.0492587061576995,False,30,False,False
4980,2025,0.16010166461573458,-0.5851420134715761,True,21,True,False
4981,2025,0.5713236783392156,0.5713236783392156,False,22,False,False
4982,2025,0.4052736181255147,0.4052736181255147,False,22,False,False
4983,2025,0.19248290633406756,0.19248290633406756,False,22,False,False
4984,2025,1.7922507322336902,1.7922507322336902,False,22,False,False
4985,2025,0.2673074657060633,0.2673074657060633,False,18,False,False
4986,2025,0.19049910804809628,0.19049910804809628,False,22,False,False
4987,2025,-1.0469627430110808,-0.6875100254279032,True,33,False,True
4988,2025,0.47896014598222625,0.47896014598222625,False,22,False,False
4989,2025,0.4271803477826922,-0.5184836989292391,True,4,True,False
4990,2025,1.4188856145548492,1.4188856145548492,False,22,False,False
4991,2025,0.22232165283485786,0.22232165283485786,False,34,False,False
4992,2025,0.3133206297475498,0.3133206297475498,False,22,False,False
4993,2025,-1.056599309395073,-0.7181173715149625,True,30,False,True
4994,2025,-1.0586175347734559,-0.6922701700388065,True,18,False,True
4995,2025,1.2498809140666831,1.2498809140666831,False,34,False,False
4996,2025,0.9437356859002721,0.9437356859002721,False,22,False,False
4997,2025,0.6836687501318399,-0.8971221808806674,True,2,True,False
4998,2025,0.4502804056438839,0.4502804056438839,False,22,False,False
4999,2025,0.16088409108275423,0.16088409108275423,False,22,False,False
5000,2025,0.31984335087987953,0.31984335087987953,False,22,False,False
5001,2025,0.6205582149960638,0.6205582149960638,False,22,False,False
5002,2025,0.5959974142269027,0.5959974142269027,False,22,False,False
5003,2025,-1.0602607869495637,-0.5329372128451587,True,26,False,True
5004,2025,0.23771805406328622,0.23771805406328622,False,22,False,False
5005,2025,0.5197800658801862,0.5197800658801862,False,22,False,False
5006,2025,0.7782421160499868,0.7782421160499868,False,34,False,False
5007,2025,0.8604594408715225,0.8604594408715225,False,22,False,False
5008,2025,2.062722385890038,2.062722385890038,False,22,False,False
5009,2025,-1.0436081069445737,-0.531756755128367,True,41,False,True
5010,2025,0.3677866759523234,0.3677866759523234,False,22,False,False
5011,2025,-1.0438933141293318,-0.7067351121548531,True,25,False,True
5012,2025,-1.0445668975667424,-0.7049526705978976,True,17,False,True
5013,2025,0.20699125736870458,-0.616731767458115,True,20,True,False
5014,2025,0.5443405161234823,0.5443405161234823,False,34,False,False
5015,2025,0.5428226299870551,0.5428226299870551,False,22,False,False
5016,2025,0.3044636066467495,-0.6229074452156442,True,28,True,False
5017,2025,0.19527247412375262,0.19527247412375262,False,34,False,False
5018,2025,0.270523201552104,0.270523201552104,False,22,False,False
5019,2025,0.19331574549386585,0.19331574549386585,False,22,False,False
5020,2025,0.6205186960538256,0.6205186960538256,False,22,False,False
5021,2025,0.2433182783058517,0.2433182783058517,False,22,False,False
5022,2025,0.3307347237031459,0.3307347237031459,False,22,False,False
5023,2025,0.2859363626359843,0.2859363626359843,False,22,False,False
5024,2025,0.23520166094490386,0.23520166094490386,False,17,False,False
5025,2025,0.7257145732880931,0.7257145732880931,False,22,False,False
5026,2025,0.564704534594161,0.564704534594161,False,22,False,False
5027,2025,0.8224165345301889,0.8224165345301889,False,22,False,False
5028,2025,0.27545116285956084,0.27545116285956084,False,22,False,False
5029,2025,0.3391337693007652,0.3391337693007652,False,22,False,False
5030,2025,1.418534937125656,-0.668054515919668,True,18,True,False
5031,2025,0.15791424318494915,-0.7933191965517044,True,16,True,False
5032,2025,0.17424026187458808,0.17424026187458808,False,22,False,False
5033,2025,0.4080152929659404,0.4080152929659404,False,22,False,False
5034,2025,0.1619227392623463,0.1619227392623463,False,22,False,False
5035,2025,0.4274262712247979,0.4274262712247979,False,22,False,False
5036,2025,0.8142549112043483,0.8142549112043483,False,34,False,False
5037,2025,1.017703959107543,1.017703959107543,False,22,False,False
5038,2025,0.1784117547080067,-0.7433062873540539,True,2,True,False
5039,2025,-1.0581256290939471,-0.8541395440691714,True,24,False,True
5040,2025,0.4018860875516485,0.4018860875516485,False,34,False,False
5041,2025,0.8165095317975061,0.8165095317975061,False,22,False,False
5042,2025,0.8963862236244557,0.8963862236244557,False,22,False,False
5043,2025,-1.0470179077384718,-0.6423401514887984,True,42,False,True
5044,2025,0.38073414934869804,0.38073414934869804,False,22,False,False
5045,2025,0.4584231281710376,-0.5899000224563891,True,26,True,False
5046,2025,0.3331627285249356,0.3331627285249356,False,22,False,False
5047,2025,0.16513416958143182,0.16513416958143182,False,22,False,False
5048,2025,0.7010670070631859,0.7010670070631859,False,22,False,False
5049,2025,-1.0417088786560773,-0.7181964817130189,True,20,False,True
5050,2025,0.30789162957379956,0.30789162957379956,False,58,False,False
5051,2025,0.19671859642946865,0.19671859642946865,False,22,False,False
5052,2025,0.3840872264878085,0.3840872264878085,False,22,False,False
5053,2025,0.24333549782505542,-0.5234663464417243,True,2,True,False
5054,2025,0.23498166849489377,0.23498166849489377,False,22,False,False
5055,2025,-1.0497487579758216,-0.8177367349796617,True,2,False,True
5056,2025,0.6703856652258502,0.6703856652258502,False,22,False,False
5057,2025,0.4660140833637094,0.4660140833637094,False,22,False,False
5058,2025,0.8729914605834123,0.8729914605834123,False,22,False,False
5059,2025,0.39641178432727525,0.39641178432727525,False,22,False,False
5060,2025,-1.0436226999781824,-0.6090429316325369,True,25,False,True
5061,2025,0.45672187441259315,0.45672187441259315,False,34,False,False
5062,2025,0.2448414667436846,-0.5843250559795015,True,18,True,False
5063,2025,0.15521929192509243,-0.5758262180516881,True,19,True,False
5064,2025,0.40193461709538336,0.40193461709538336,False,22,False,False
5065,2025,-1.0599509547517798,-1.0599509547517798,False,39,False,False
5066,2025,0.1789245589570279,0.1789245589570279,False,22,False,False
5067,2025,-1.0633091050988428,-1.0633091050988428,False,15,False,False
5068,2025,0.7664544911424562,0.7664544911424562,False,22,False,False
5069,2025,0.3114843534050905,-0.6133221132847331,True,2,True,False
5070,2025,-1.054986723420142,-0.7299965461963389,True,16,False,True
5071,2025,-1.0503532523905086,-1.0503532523905086,False,18,False,False
5072,2025,0.5888736187429909,0.5888736187429909,False,22,False,False
5073,2025,0.2439805906782288,0.2439805906782288,False,22,False,False
5074,2025,1.4956736615079462,1.4956736615079462,False,22,False,False
5075,2025,0.3482914827236843,0.3482914827236843,False,46,False,False
5076,2025,-1.050090476931127,-0.7435007690204513,True,38,False,True
5077,2025,0.243495064481127,-0.6316524648777646,True,26,True,False
5078,2025,0.4883807304406547,-0.6099983770751807,True,21,True,False
5079,2025,0.9325974538046825,0.9325974538046825,False,22,False,False
5080,2025,0.24568623217578114,-0.6100339239824122,True,21,True,False
5081,2025,0.728158342679365,0.728158342679365,False,22,False,False
5082,2025,1.0387031863366676,1.0387031863366676,False,22,False,False
5083,2025,0.7594846608813751,0.7594846608813751,False,22,False,False
5084,2025,0.2709472658730811,0.2709472658730811,False,22,False,False
5085,2025,0.6132433913223898,0.6132433913223898,False,58,False,False
5086,2025,0.17288539915466397,0.17288539915466397,False,34,False,False
5087,2025,0.24259476375076125,0.24259476375076125,False,22,False,False
5088,2025,0.39149634314982296,0.39149634314982296,False,22,False,False
5089,2025,0.8255427064136747,0.8255427064136747,False,22,False,False
5090,2025,0.12737542035931007,0.12737542035931007,False,22,False,False
5091,2025,1.1481043365645214,1.1481043365645214,False,34,False,False
5092,2025,1.1450138946555837,1.1450138946555837,False,22,False,False
5093,2025,-1.0711837455482018,-0.5239334482553769,True,18,False,True
5094,2025,0.32702494556261447,-0.6161627356750792,True,2,True,False
5095,2025,-1.070423801872827,-1.070423801872827,False,26,False,False
5096,2025,0.6091700253513892,0.6091700253513892,False,22,False,False
5097,2025,0.7597823790414987,0.7597823790414987,False,22,False,False
5098,2025,0.4567098854949069,-0.6067110769872779,True,2,True,False
5099,2025,0.9628096194243146,0.9628096194243146,False,22,False,False
5100,2025,0.5488842160192052,0.5488842160192052,False,22,False,False
5101,2025,0.5690033628804444,0.5690033628804444,False,22,False,False
5102,2025,0.2987542896230368,0.2987542896230368,False,34,False,False
5103,2025,0.39695133169189395,0.39695133169189395,False,22,False,False
5104,2025,0.6929974010698652,0.6929974010698652,False,22,False,False
5105,2025,0.34348403882028133,-0.5242492608770217,True,2,True,False
5106,2025,0.6490858155943262,0.6490858155943262,False,34,False,False
5107,2025,-1.0601168874566174,-0.8912201232906626,True,16,False,True
5108,2025,0.793131927657813,0.793131927657813,False,22,False,False
5109,2025,0.1727518916170993,-0.6078130749333911,True,2,True,False
5110,2025,0.24883692338747868,0.24883692338747868,False,22,False,False
5111,2025,-1.0561536804759561,-0.7864970762305938,True,22,False,True
5112,2025,-1.0536458145659748,-0.6207454097189454,True,16,False,True
5113,2025,-1.05188963234702,-1.05188963234702,False,35,False,False
5114,2025,-1.052266877067319,-0.839365254536405,True,24,False,True
5115,2025,0.4777756894989756,0.4777756894989756,False,34,False,False
5116,2025,0.5490708025284903,0.5490708025284903,False,22,False,False
5117,2025,0.5401765914296582,0.5401765914296582,False,22,False,False
5118,2025,1.4247208518644616,-0.593478651784281,True,19,True,False
5119,2025,0.6499165247175853,0.6499165247175853,False,34,False,False
5120,2025,0.6138697519790727,0.6138697519790727,False,22,False,False
5121,2025,1.3229603880978296,1.3229603880978296,False,22,False,False
5122,2025,0.4092154270288008,0.4092154270288008,False,22,False,False
5123,2025,0.43029520976377095,-0.7073246205874912,True,2,True,False
5124,2025,0.35594451300080715,0.35594451300080715,False,22,False,False
5125,2025,0.5642326812386982,0.5642326812386982,False,22,False,False
5126,2025,0.17144948245949584,0.17144948245949584,False,22,False,False
5127,2025,0.2833946668996224,-0.8749685976704087,True,33,True,False
5128,2025,-1.0421069437993435,-1.0421069437993435,False,19,False,False
5129,2025,0.9058836644044176,0.9058836644044176,False,22,False,False
5130,2025,0.16416912922764354,0.16416912922764354,False,22,False,False
5131,2025,0.15647152452630045,0.15647152452630045,False,22,False,False
5132,2025,0.25200932636037054,0.25200932636037054,False,22,False,False
5133,2025,0.6447353565914732,0.6447353565914732,False,34,False,False
5134,2025,0.6546954546187221,0.6546954546187221,False,22,False,False
5135,2025,0.3109470379201589,-0.5313638989040448,True,2,True,False
5136,2025,-1.0394956573968537,-0.7206892872526532,True,23,False,True
5137,2025,0.1812563790615125,-0.6161054676167539,True,22,True,False
5138,2025,0.3425243650810261,0.3425243650810261,False,22,False,False
5139,2025,0.18943424044918433,0.18943424044918433,False,22,False,False
5140,2025,0.2306248902808093,0.2306248902808093,False,34,False,False
5141,2025,0.5184487154096705,0.5184487154096705,False,22,False,False
5142,2025,0.17818947402010002,0.17818947402010002,False,22,False,False
5143,2025,1.1975930049898704,1.1975930049898704,False,22,False,False
5144,2025,1.0987550897836034,1.0987550897836034,False,22,False,False
5145,2025,0.603368415262231,-0.5598251000835857,True,2,True,False
5146,2025,0.20382508527935134,-0.5638388683269127,True,2,True,False
5147,2025,0.4961607124283227,0.4961607124283227,False,22,False,False
5148,2025,0.19144445976002628,0.19144445976002628,False,22,False,False
5149,2025,0.2015255977041774,0.2015255977041774,False,22,False,False
5150,2025,0.4681161650596031,0.4681161650596031,False,34,False,False
5151,2025,0.6373043393407962,0.6373043393407962,False,22,False,False
5152,2025,0.19137221472340285,0.19137221472340285,False,22,False,False
5153,2025,0.2045893035323303,0.2045893035323303,False,22,False,False
5154,2025,0.18000901351234752,0.18000901351234752,False,46,False,False
5155,2025,0.5903040766504546,-0.5268802813815557,True,2,True,False
5156,2025,0.3141028657480935,0.3141028657480935,False,22,False,False
5157,2025,0.2081696727278388,0.2081696727278388,False,22,False,False
5158,2025,0.9590574035159837,0.9590574035159837,False,46,False,False
5159,2025,0.956886135658167,0.956886135658167,False,34,False,False
5160,2025,1.0899043254192724,1.0899043254192724,False,22,False,False
5161,2025,0.4198954540247428,-0.7202841056771278,True,2,True,False
5162,2025,0.2900951252797912,0.2900951252797912,False,34,False,False
5163,2025,0.18241188771379677,0.18241188771379677,False,22,False,False
5164,2025,-1.0362777481639678,-0.7909523409219508,True,43,False,True
5165,2025,-1.0368931838278683,-0.711957606239981,True,31,False,True
5166,2025,-1.037129397809917,-0.5564942283306542,True,26,False,True
5167,2025,0.17539161329837705,0.17539161329837705,False,22,False,False
5168,2025,0.45451506009083176,0.45451506009083176,False,22,False,False
5169,2025,-1.036862572288816,-0.9395329819753861,True,15,False,True
5170,2025,0.22464832021346098,-0.5564737074980507,True,44,True,False
5171,2025,0.32723508033749205,0.32723508033749205,False,22,False,False
5172,2025,0.2288930996143468,0.2288930996143468,False,22,False,False
5173,2025,0.5034121037119325,0.5034121037119325,False,22,False,False
5174,2025,0.2755751674355269,0.2755751674355269,False,22,False,False
5175,2025,0.22787043284962466,0.22787043284962466,False,34,False,False
5176,2025,-1.042176545181486,-1.042176545181486,False,21,False,False
5177,2025,0.5282426105856672,0.5282426105856672,False,22,False,False
5178,2025,0.3727354226714976,0.3727354226714976,False,34,False,False
5179,2025,0.6340103777996052,0.6340103777996052,False,22,False,False
5180,2025,0.28159506972379517,0.28159506972379517,False,22,False,False
5181,2025,0.42398364171534514,0.42398364171534514,False,22,False,False
5182,2025,0.42424025995821557,0.42424025995821557,False,34,False,False
5183,2025,0.3020766003889128,0.3020766003889128,False,22,False,False
5184,2025,0.2716393691206775,0.2716393691206775,False,58,False,False
5185,2025,0.16418696390470955,0.16418696390470955,False,46,False,False
5186,2025,0.14867687088825593,0.14867687088825593,False,34,False,False
5187,2025,0.31358039816697325,0.31358039816697325,False,22,False,False
5188,2025,0.4189354782640968,0.4189354782640968,False,22,False,False
5189,2025,0.99930250997013,0.99930250997013,False,22,False,False
5190,2025,-1.0468548733108833,-0.7446651671141383,True,22,False,True
5192,2025,0.22359685143044924,-0.693868709174246,True,13,True,False
5193,2025,0.6577406017826868,0.6577406017826868,False,34,False,False
5194,2025,0.5709377400379013,0.5709377400379013,False,22,False,False
5195,2025,0.4940941984292668,0.4940941984292668,False,22,False,False
5196,2025,-1.0445322092780278,-0.5758111492393061,True,46,False,True
5197,2025,0.23535858864826092,0.23535858864826092,False,22,False,False
5198,2025,-1.0457574948822599,-1.0457574948822599,False,27,False,False
5199,2025,0.94063294055333,0.94063294055333,False,22,False,False
5200,2025,1.0271313037580918,1.0271313037580918,False,22,False,False
5201,2025,0.3691664289682995,0.3691664289682995,False,22,False,False
5202,2025,0.47162244659209746,0.47162244659209746,False,22,False,False
5203,2025,0.28177601701355137,0.28177601701355137,False,22,False,False
5204,2025,0.593676104857342,0.593676104857342,False,22,False,False
5205,2025,0.7250542456882072,0.7250542456882072,False,22,False,False
5206,2025,0.19952963632451573,-0.7206898073851193,True,2,True,False
5207,2025,0.5834094145682417,0.5834094145682417,False,22,False,False
5208,2025,0.3188861317734714,-0.5438314026587633,True,34,True,False
5209,2025,0.21357408605589054,0.21357408605589054,False,22,False,False
5210,2025,0.15297995229053304,0.15297995229053304,False,17,False,False
5211,2025,0.7352089902076383,0.7352089902076383,False,22,False,False
5212,2025,0.5402670499014112,-0.5388708796765594,True,2,True,False
5213,2025,-1.0362485973863371,-0.9023346055813573,True,24,False,True
5214,2025,0.6035923413857254,0.6035923413857254,False,22,False,False
5215,2025,-1.0386748979195077,-0.7928953867677996,True,26,False,True
5216,2025,-1.0382018998872502,-0.8577671079032834,True,17,False,True
5217,2025,0.5280793612224461,0.5280793612224461,False,22,False,False
5218,2025,0.5343083115182731,-0.51420050950231,True,17,True,False
5219,2025,0.17976220418516523,0.17976220418516523,False,34,False,False
5220,2025,0.3900263279810723,0.3900263279810723,False,22,False,False
5221,2025,0.2577030645598457,0.2577030645598457,False,22,False,False
5222,2025,0.22052872565518986,0.22052872565518986,False,22,False,False
5223,2025,0.9460666467290119,0.9460666467290119,False,34,False,False
5224,2025,1.172039593435061,1.172039593435061,False,22,False,False
5227,2025,0.2048781221780358,0.2048781221780358,False,34,False,False
5228,2025,0.4676085336257804,0.4676085336257804,False,22,False,False
5229,2025,0.34716615863348277,0.34716615863348277,False,22,False,False
5230,2025,0.28927234805560775,0.28927234805560775,False,34,False,False
5231,2025,0.7299724670890256,0.7299724670890256,False,22,False,False
5232,2025,0.23403518229271095,0.23403518229271095,False,22,False,False
5233,2025,0.41112916500034935,0.41112916500034935,False,22,False,False
5234,2025,-1.0365797477231145,-0.5218653136168419,True,19,False,True
5235,2025,0.19560475245899198,0.19560475245899198,False,22,False,False
5236,2025,-1.0396567136829993,-0.5395397349958136,True,19,False,True
5237,2025,-1.0375381288663115,-0.5048256330578234,True,22,False,True
5238,2025,-1.0366011616441473,-0.9038972856148499,True,22,False,True
5239,2025,0.36276778408570026,0.36276778408570026,False,22,False,False
5240,2025,0.6492470634639291,0.6492470634639291,False,46,False,False
5241,2025,0.7406064895026552,0.7406064895026552,False,34,False,False
5242,2025,0.7431423317991923,0.7431423317991923,False,22,False,False
5243,2025,0.3613943951129095,0.3613943951129095,False,22,False,False
5244,2025,0.8850121530221101,0.8850121530221101,False,22,False,False
5245,2025,-1.0408732170116695,-0.8263916183967241,True,21,False,True
5246,2025,1.4585926818907418,1.4585926818907418,False,22,False,False
5247,2025,0.5004367311414522,0.5004367311414522,False,22,False,False
5248,2025,0.5877585987241047,-0.6161821567688972,True,2,True,False
5249,2025,0.7208395397734801,0.7208395397734801,False,22,False,False
5250,2025,0.2958872679516593,0.2958872679516593,False,34,False,False
5251,2025,0.23034521848146267,0.23034521848146267,False,34,False,False
5252,2025,0.3770882716133825,-0.7020932106808425,True,44,True,False
5253,2025,0.186092082918463,0.186092082918463,False,22,False,False
5254,2025,0.7772997667145098,0.7772997667145098,False,22,False,False
5255,2025,0.1738239010152255,-0.8682161289597137,True,2,True,False
5256,2025,0.3308939855900587,0.3308939855900587,False,22,False,False
5257,2025,0.7521573661149885,0.7521573661149885,False,22,False,False
5258,2025,0.24630400250681325,-0.6669360808965896,True,2,True,False
5259,2025,0.7434484199986918,0.7434484199986918,False,46,False,False
5260,2025,0.16104183715469095,0.16104183715469095,False,22,False,False
5261,2025,0.7227674859268868,0.7227674859268868,False,22,False,False
5262,2025,-1.0446380285311994,-1.0446380285311994,False,15,False,False
5263,2025,0.5711017415754542,0.5711017415754542,False,22,False,False
5264,2025,0.9070457574210599,0.9070457574210599,False,22,False,False
5265,2025,0.35119180764659674,0.35119180764659674,False,22,False,False
5266,2025,-1.051176007623692,-0.770644232029119,True,15,False,True
5267,2025,0.7175757625952979,0.7175757625952979,False,22,False,False
5268,2025,0.4020355301109197,-0.5801775266939856,True,2,True,False
5269,2025,0.36529757710110217,0.36529757710110217,False,22,False,False
5270,2025,0.22905413924046739,0.22905413924046739,False,22,False,False
5271,2025,0.5509676168351045,0.5509676168351045,False,46,False,False
5272,2025,0.6140576193763072,0.6140576193763072,False,34,False,False
5273,2025,-1.0427904483422554,-0.6399092996681067,True,24,False,True
5274,2025,0.5230047380344889,0.5230047380344889,False,22,False,False
5275,2025,1.044267824724355,1.044267824724355,False,22,False,False
5276,2025,0.4114230847521609,0.4114230847521609,False,22,False,False
5277,2025,0.4441400069084891,0.4441400069084891,False,22,False,False
5278,2025,0.6565267815590609,-0.6084659652872725,True,22,True,False
5279,2025,0.21485094520438805,0.21485094520438805,False,22,False,False
5280,2025,0.8206235853842154,0.8206235853842154,False,22,False,False
5281,2025,1.0414942759102366,1.0414942759102366,False,46,False,False
5282,2025,0.16731332895584858,0.16731332895584858,False,22,False,False
5283,2025,1.271194854504204,1.271194854504204,False,22,False,False
5284,2025,-1.0452110580011011,-0.6124867558436217,True,26,False,True
5285,2025,0.16461164093357705,0.16461164093357705,False,22,False,False
5286,2025,0.4317885185151384,0.4317885185151384,False,46,False,False
5287,2025,0.5122145177086654,0.5122145177086654,False,34,False,False
5288,2025,0.8355067925955558,0.8355067925955558,False,22,False,False
5289,2025,0.5341862168006756,0.5341862168006756,False,22,False,False
5290,2025,-1.0491014756623462,-0.6882134073033417,True,28,False,True
5291,2025,-1.0501143377986362,-0.8760773476350793,True,17,False,True
5292,2025,0.7604933035681551,0.7604933035681551,False,22,False,False
5293,2025,-1.0454182742894116,-0.7439200531277235,True,31,False,True
5294,2025,-1.0456729083033014,-0.657511133202529,True,25,False,True
5295,2025,-1.0454745076738625,-0.6841088426029907,True,20,False,True
5296,2025,0.6781423552562552,0.6781423552562552,False,22,False,False
5297,2025,0.35802822293423986,0.35802822293423986,False,22,False,False
5298,2025,-1.0531721964593173,-0.6236686221862381,True,26,False,True
5299,2025,-1.0537901631004818,-0.5875663571203875,True,39,False,True
5300,2025,-1.0531014428672374,-0.5923110428213468,True,32,False,True
5301,2025,-1.054757577300893,-0.5951283299946666,True,20,False,True
5302,2025,0.6238657114538142,0.6238657114538142,False,22,False,False
5303,2025,0.5627515408291895,0.5627515408291895,False,46,False,False
5304,2025,0.981333833605747,0.981333833605747,False,34,False,False
5305,2025,0.8324914295687424,0.8324914295687424,False,22,False,False
5306,2025,0.37877221945668327,-0.5466891218381288,True,23,True,False
5307,2025,0.3597949652638291,0.3597949652638291,False,22,False,False
5308,2025,0.6368601970867478,0.6368601970867478,False,22,False,False
5309,2025,-1.043908908783508,-0.5063817566761158,True,20,False,True
5310,2025,0.3425478233260329,0.3425478233260329,False,22,False,False
5311,2025,-1.0437327095930844,-0.5718512858301827,True,22,False,True
5312,2025,0.29507144358898507,0.29507144358898507,False,34,False,False
5313,2025,0.3301185561435175,0.3301185561435175,False,22,False,False
5314,2025,0.558259475634941,0.558259475634941,False,22,False,False
5315,2025,2.878323318997601,-0.7099068176590809,True,25,True,False
5316,2025,3.15247266545703,3.15247266545703,False,34,False,False
5317,2025,3.191419294852853,3.191419294852853,False,22,False,False
5318,2025,0.7523646163853028,0.7523646163853028,False,22,False,False
5319,2025,0.2612077859836411,0.2612077859836411,False,22,False,False
5320,2025,0.27581217212752357,0.27581217212752357,False,22,False,False
5321,2025,0.5267240911926576,0.5267240911926576,False,22,False,False
5322,2025,0.3165208592080183,0.3165208592080183,False,34,False,False
5323,2025,0.800808101986354,0.800808101986354,False,22,False,False
5324,2025,0.647414163401893,0.647414163401893,False,22,False,False
5325,2025,0.25615484303972885,-0.5859950323343797,True,32,True,False
5326,2025,1.0334704282686489,1.0334704282686489,False,22,False,False
5327,2025,0.20637222161411184,0.20637222161411184,False,22,False,False
5328,2025,0.15983450203925045,0.15983450203925045,False,22,False,False
5329,2025,0.8363653182305304,-0.5564636885372015,True,4,True,False
5330,2025,0.6441060758267831,-0.5567156775799823,True,4,True,False
5331,2025,-1.0557952292390809,-0.5312017839902965,True,21,False,True
5332,2025,0.8672349107109563,0.8672349107109563,False,34,False,False
5333,2025,0.8198343189389676,0.8198343189389676,False,22,False,False
5334,2025,0.27515928955681557,0.27515928955681557,False,22,False,False
5335,2025,-1.054290771039351,-0.6062158522023339,True,21,False,True
5337,2025,0.41823524954898955,0.41823524954898955,False,22,False,False
5338,2025,-1.0522408419637301,-0.7527813487649162,True,22,False,True
5339,2025,0.5996523824651195,-0.5732510961994154,True,19,True,False
5340,2025,0.5916459319007485,0.5916459319007485,False,22,False,False
5341,2025,0.6616858929402624,-0.530230247738935,True,2,True,False
5342,2025,0.1746100669373126,0.1746100669373126,False,22,False,False
5343,2025,-1.0492737290950216,-0.5317574344460225,True,20,False,True
5344,2025,0.4207561210440768,0.4207561210440768,False,22,False,False
5345,2025,0.3144092082685957,0.3144092082685957,False,22,False,False
5346,2025,0.644742466180531,0.644742466180531,False,22,False,False
5347,2025,0.491990643959815,-0.5407512651000718,True,5,True,False
5348,2025,0.4724428215728924,0.4724428215728924,False,22,False,False
5349,2025,1.6859504090165303,-0.503778059762112,True,5,True,False
5350,2025,0.3398222996813573,-0.5319466548841962,True,2,True,False
5351,2025,-1.04663241941807,-0.8671453293784572,True,26,False,True
5352,2025,-1.04383681501979,-0.5258394031266742,True,24,False,True
5353,2025,-1.0432322651656116,-0.7572415010415311,True,16,False,True
5354,2025,0.18909426468510493,0.18909426468510493,False,22,False,False
5355,2025,0.5235679250471109,0.5235679250471109,False,34,False,False
5356,2025,0.3980090351555671,0.3980090351555671,False,22,False,False
5357,2025,0.31510793607128873,0.31510793607128873,False,22,False,False
5358,2025,-1.0316785800554455,-0.6151108404884855,True,32,False,True
5359,2025,0.21573369645350296,-0.6290011124115159,True,22,True,False
5360,2025,0.5060793145207506,0.5060793145207506,False,22,False,False
5361,2025,0.4658020690109305,0.4658020690109305,False,34,False,False
5362,2025,0.35793072358620825,0.35793072358620825,False,22,False,False
5363,2025,-1.034208152031599,-1.034208152031599,False,19,False,False
5364,2025,1.570564249142051,1.570564249142051,False,1,False,False
5365,2025,-1.0218515419433238,-0.5852580312452274,True,27,False,True
5366,2025,-1.0224700742881183,-0.851178732455912,True,41,False,True
5367,2025,-1.0225571924067682,-0.8113829761160662,True,29,False,True
5368,2025,-1.0229299833984749,-0.6866080812985708,True,17,False,True
5369,2025,0.4113164036645825,0.4113164036645825,False,22,False,False
5370,2025,-1.0227155476705676,-0.5755273491420365,True,18,False,True
5371,2025,0.37022441100622633,0.37022441100622633,False,34,False,False
5372,2025,0.41719286990169197,0.41719286990169197,False,22,False,False
5373,2025,0.20952447868824248,0.20952447868824248,False,34,False,False
5374,2025,0.3419655695328962,0.3419655695328962,False,22,False,False
5375,2025,0.3026111800668865,0.3026111800668865,False,34,False,False
5376,2025,0.310809081194963,0.310809081194963,False,34,False,False
5377,2025,0.30110446678280695,0.30110446678280695,False,22,False,False
5378,2025,0.4821904186262253,0.4821904186262253,False,34,False,False
5379,2025,0.4711113246521854,0.4711113246521854,False,22,False,False
5380,2025,0.2793009964054335,-0.6310948897610055,True,5,True,False
5381,2025,0.41783376177533493,0.41783376177533493,False,22,False,False
5382,2025,-1.0254521093619826,-0.7617267576467892,True,24,False,True
5383,2025,0.559521941567261,-0.5749255674549743,True,28,True,False
5384,2025,0.4577295564647366,0.4577295564647366,False,46,False,False
5385,2025,0.5742074502313022,0.5742074502313022,False,22,False,False
5386,2025,0.17922592651537567,0.17922592651537567,False,22,False,False
5387,2025,0.7028305346262804,0.7028305346262804,False,22,False,False
5388,2025,-1.0255919886400844,-0.6792602508984061,True,23,False,True
5389,2025,0.2784502165284576,0.2784502165284576,False,22,False,False
5390,2025,0.5399358162835374,0.5399358162835374,False,70,False,False
5391,2025,0.3377322748451579,0.3377322748451579,False,22,False,False
5392,2025,0.45764646368523787,0.45764646368523787,False,34,False,False
5393,2025,0.47542244837570574,0.47542244837570574,False,22,False,False
5394,2025,0.48061887280441173,-0.769611727788697,True,2,True,False
5395,2025,0.49155512705997734,0.49155512705997734,False,33,False,False
5396,2025,0.3871528050279619,0.3871528050279619,False,21,False,False
5397,2025,-1.0243653193494384,-1.0243653193494384,False,11,False,False
5398,2025,-1.0131114934291032,-0.632957446154441,True,21,False,True
5399,2025,0.421994905129143,0.421994905129143,False,34,False,False
5400,2025,0.7044785600939607,0.7044785600939607,False,22,False,False
5401,2025,0.26096414018364256,0.26096414018364256,False,22,False,False
5402,2025,0.5636838690805982,0.5636838690805982,False,22,False,False
5403,2025,0.21289691275722303,0.21289691275722303,False,34,False,False
5404,2025,-1.0237016456533619,-0.575903082522411,True,33,False,True
5405,2025,0.3711805144990455,0.3711805144990455,False,70,False,False
5406,2025,0.3437539163457843,0.3437539163457843,False,46,False,False
5407,2025,-1.0299639957996167,-1.0299639957996167,False,13,False,False
5408,2025,1.0170215469919115,-0.5695486630669171,True,27,True,False
5409,2025,0.193565576062525,0.193565576062525,False,22,False,False
5410,2025,0.4317556730021633,0.4317556730021633,False,22,False,False
5411,2025,1.7029145018789398,1.7029145018789398,False,22,False,False
5413,2025,-1.0229189117859419,-0.5993502264528071,True,19,False,True
5414,2025,0.23172501119798908,0.23172501119798908,False,22,False,False
5415,2025,0.18700133850161293,0.18700133850161293,False,22,False,False
5416,2025,0.477698947336475,0.477698947336475,False,22,False,False
5417,2025,0.4681845795756935,0.4681845795756935,False,22,False,False
5418,2025,0.35665533350606593,0.35665533350606593,False,34,False,False
5419,2025,0.1999970108832182,0.1999970108832182,False,22,False,False
5420,2025,0.22925387590741145,0.22925387590741145,False,22,False,False
5421,2025,0.2376057058868116,0.2376057058868116,False,22,False,False
5422,2025,1.2768866082601669,1.2768866082601669,False,1,False,False
5424,2025,0.20301798737037363,0.20301798737037363,False,22,False,False
5425,2025,0.41806450609325263,0.41806450609325263,False,22,False,False
5426,2025,0.38470254335990967,0.38470254335990967,False,34,False,False
5427,2025,0.6374599957771919,0.6374599957771919,False,46,False,False
5428,2025,0.19155731554951674,0.19155731554951674,False,22,False,False
5429,2025,0.5910657417620532,0.5910657417620532,False,22,False,False
5430,2025,0.46287125001200835,0.46287125001200835,False,22,False,False
5431,2025,0.1948296508428588,0.1948296508428588,False,22,False,False
5432,2025,0.35316395553089824,0.35316395553089824,False,46,False,False
5433,2025,0.39876084399763867,0.39876084399763867,False,22,False,False
5434,2025,0.20179238937727267,0.20179238937727267,False,22,False,False
5435,2025,0.2326567334184142,-0.630783015599044,True,2,True,False
5436,2025,-1.0192495395380936,-0.5195728756370258,True,17,False,True
5437,2025,0.18601118261409214,0.18601118261409214,False,34,False,False
5438,2025,0.21223099862980144,0.21223099862980144,False,22,False,False
5439,2025,-1.025587060389653,-0.5722729894906157,True,32,False,True
5440,2025,0.1847932753865172,0.1847932753865172,False,22,False,False
5441,2025,0.2903185272359224,0.2903185272359224,False,22,False,False
5442,2025,0.18529864144863029,0.18529864144863029,False,22,False,False
5443,2025,0.21382801411524385,0.21382801411524385,False,1,False,False
5444,2025,0.4205064818887992,0.4205064818887992,False,34,False,False
5445,2025,0.39537374785540913,0.39537374785540913,False,22,False,False
5446,2025,0.4154387036586113,0.4154387036586113,False,22,False,False
5447,2025,0.4696086710252796,0.4696086710252796,False,34,False,False
5448,2025,0.529141278710173,0.529141278710173,False,22,False,False
5449,2025,-1.0228301952709842,-0.7116170651529587,True,27,False,True
5450,2025,0.18072014433505793,0.18072014433505793,False,34,False,False
5451,2025,0.1948601731089851,0.1948601731089851,False,22,False,False
5452,2025,-1.0235574174856652,-1.0235574174856652,False,20,False,False
5453,2025,0.2313351923478651,0.2313351923478651,False,22,False,False
5454,2025,0.6575970439445263,-0.7011233833341565,True,2,True,False
5455,2025,0.23802240592155974,-0.8553829573778343,True,2,True,False
5456,2025,0.8410824769562792,0.8410824769562792,False,22,False,False
5457,2025,-1.025104309634746,-0.827173422740123,True,2,False,True
5458,2025,-1.0255872409956837,-0.5451648100907988,True,22,False,True
5459,2025,0.3598868662512234,0.3598868662512234,False,46,False,False
5460,2025,0.19109974963517926,0.19109974963517926,False,22,False,False
5461,2025,0.4664311682520828,0.4664311682520828,False,34,False,False
5462,2025,0.681861914382974,0.681861914382974,False,22,False,False
5463,2025,0.33402064230840794,0.33402064230840794,False,22,False,False
5464,2025,0.899659852678264,0.899659852678264,False,34,False,False
5465,2025,1.0020832542874483,1.0020832542874483,False,22,False,False
5467,2025,0.8731698676120088,0.8731698676120088,False,22,False,False
5468,2025,0.28673966011610075,-0.8580040321528969,True,2,True,False
5469,2025,0.6117363553633939,0.6117363553633939,False,22,False,False
5470,2025,0.7809282399629909,-0.5078279604940209,True,15,True,False
5471,2025,-1.02963672659965,-0.5196197303444,True,30,False,True
5472,2025,0.26543526572214876,0.26543526572214876,False,22,False,False
5473,2025,0.22996441433063486,0.22996441433063486,False,22,False,False
5474,2025,-1.0405548264372766,-0.5308478338052548,True,20,False,True
5475,2025,0.1730828605976457,0.1730828605976457,False,21,False,False
5476,2025,0.7821418874290094,0.7821418874290094,False,22,False,False
5477,2025,0.7294648017043573,0.7294648017043573,False,22,False,False
5478,2025,0.3048650973906187,0.3048650973906187,False,22,False,False
5479,2025,0.29919076159048025,0.29919076159048025,False,22,False,False
5480,2025,0.877675488988484,0.877675488988484,False,22,False,False
5481,2025,0.46812289866031576,0.46812289866031576,False,22,False,False
5482,2025,0.17271226953245322,0.17271226953245322,False,22,False,False
5483,2025,0.21023304044755703,0.21023304044755703,False,34,False,False
5484,2025,0.22702442631784467,0.22702442631784467,False,22,False,False
5485,2025,0.6608915788732325,0.6608915788732325,False,34,False,False
5486,2025,0.7474716016949103,0.7474716016949103,False,22,False,False
5487,2025,0.16495372477479545,0.16495372477479545,False,1,False,False
5488,2025,0.6066894237180076,0.6066894237180076,False,34,False,False
5489,2025,0.6050251875671626,0.6050251875671626,False,22,False,False
5490,2025,0.344083841342118,0.344083841342118,False,22,False,False
5491,2025,1.1539720138864447,1.1539720138864447,False,22,False,False
5492,2025,0.3623599965165378,0.3623599965165378,False,34,False,False
5493,2025,0.6297049857786509,0.6297049857786509,False,22,False,False
5494,2025,0.17818288731865103,0.17818288731865103,False,34,False,False
5495,2025,0.40612739737438963,-0.5483578806729336,True,23,True,False
5496,2025,0.9364182744794108,0.9364182744794108,False,34,False,False
5497,2025,0.3162595972095218,0.3162595972095218,False,22,False,False
5498,2025,0.43037456629742876,0.43037456629742876,False,22,False,False
5499,2025,1.1030235093598888,1.1030235093598888,False,22,False,False
5500,2025,0.7261260985012445,-0.5493396292734913,True,21,True,False
5501,2025,0.479654684865537,0.479654684865537,False,22,False,False
5502,2025,0.41546790265393096,0.41546790265393096,False,22,False,False
5503,2025,0.33065362797236947,0.33065362797236947,False,34,False,False
5504,2025,0.7127342867938985,0.7127342867938985,False,22,False,False
5505,2025,0.7489822554358986,0.7489822554358986,False,46,False,False
5506,2025,0.822346306764999,0.822346306764999,False,22,False,False
5507,2025,0.9285903073647939,-0.5315748780038508,True,2,True,False
5508,2025,0.25456893004758613,0.25456893004758613,False,22,False,False
5509,2025,0.4037924152426872,0.4037924152426872,False,34,False,False
5510,2025,0.447898017746028,0.447898017746028,False,22,False,False
5511,2025,0.565526338000455,0.565526338000455,False,34,False,False
5512,2025,0.7633186109247708,0.7633186109247708,False,22,False,False
5513,2025,-1.0366102632716288,-0.7229635876043407,True,2,False,True
5514,2025,-1.038085294846384,-0.6946587964374401,True,21,False,True
5515,2025,1.8744301556138354,1.8744301556138354,False,46,False,False
5516,2025,0.30744790626949514,0.30744790626949514,False,22,False,False
5517,2025,1.9368183806877608,1.9368183806877608,False,22,False,False
5518,2025,0.4223654497154855,0.4223654497154855,False,22,False,False
5519,2025,1.6307421579757018,1.6307421579757018,False,82,False,False
5520,2025,1.7370070820112036,1.7370070820112036,False,70,False,False
5521,2025,1.6677546974764164,-0.5978939859217401,True,24,True,False
5522,2025,0.5414336714795344,0.5414336714795344,False,22,False,False
5523,2025,1.8398558409935957,1.8398558409935957,False,34,False,False
5524,2025,-1.0317305275725248,-0.5724172321165661,True,44,False,True
5525,2025,0.2954492858257146,0.2954492858257146,False,22,False,False
5526,2025,0.6050261443918291,-0.5225498564228562,True,24,True,False
5527,2025,0.35713273506996923,0.35713273506996923,False,22,False,False
5528,2025,0.7423752370906735,0.7423752370906735,False,22,False,False
5529,2025,0.5883712395343764,0.5883712395343764,False,22,False,False
5530,2025,0.25916588301638877,0.25916588301638877,False,22,False,False
5531,2025,0.6134551439468225,0.6134551439468225,False,34,False,False
5532,2025,0.4713591006288436,0.4713591006288436,False,22,False,False
5533,2025,-1.0351597936292787,-0.5273544038375492,True,30,False,True
5534,2025,0.1930045254519556,-0.5690732042423623,True,40,True,False
5535,2025,0.23062471495335668,0.23062471495335668,False,22,False,False
5536,2025,0.7908799362931521,0.7908799362931521,False,22,False,False
5537,2025,-1.0370435765707193,-0.607423829331207,True,22,False,True
5538,2025,0.19447257253311037,0.19447257253311037,False,22,False,False
5539,2025,0.6286119941934925,0.6286119941934925,False,22,False,False
5540,2025,0.3160898672711028,-0.5812678242544095,True,29,True,False
5541,2025,0.5024553196696498,0.5024553196696498,False,22,False,False
5542,2025,1.2419564225873934,-0.5211531276874526,True,38,True,False
5543,2025,-1.038285389104164,-0.6313785684984341,True,23,False,True
5544,2025,0.1791523186469794,0.1791523186469794,False,22,False,False
5545,2025,2.1202169215461586,2.1202169215461586,False,22,False,False
5546,2025,0.17795212327823898,0.17795212327823898,False,22,False,False
5547,2025,0.30775901024834473,0.30775901024834473,False,22,False,False
5548,2025,-1.034318138470255,-0.5342479356307437,True,27,False,True
5549,2025,1.0248036878679319,1.0248036878679319,False,34,False,False
5550,2025,0.9762679780363991,0.9762679780363991,False,22,False,False
5551,2025,-1.0363323381275527,-0.8261265908219327,True,14,False,True
5552,2025,0.3349571599068508,0.3349571599068508,False,34,False,False
5553,2025,0.35777563951643737,0.35777563951643737,False,22,False,False
5554,2025,-1.039600551403399,-0.5398215974016665,True,27,False,True
5555,2025,-1.0404579710982251,-0.5780011259459136,True,57,False,True
5556,2025,0.25536504135442445,0.25536504135442445,False,22,False,False
5557,2025,0.33085543551794155,0.33085543551794155,False,22,False,False
5558,2025,0.483940670133935,0.483940670133935,False,22,False,False
5559,2025,0.36059514149490474,-0.6964664387509016,True,18,True,False
5560,2025,0.2826496829385133,0.2826496829385133,False,22,False,False
5561,2025,0.44350224136002353,0.44350224136002353,False,22,False,False
5562,2025,0.5389420467184339,-0.6017727766394442,True,2,True,False
5563,2025,0.2707169637895954,0.2707169637895954,False,22,False,False
5564,2025,-1.0443998816127094,-0.7046295152623243,True,15,False,True
5565,2025,0.16460143962968063,0.16460143962968063,False,22,False,False
5566,2025,-1.0442077297562629,-0.6920005794477625,True,19,False,True
5567,2025,0.4400176810008588,0.4400176810008588,False,22,False,False
5568,2025,-1.0361790785704357,-0.6489015610834317,True,20,False,True
5569,2025,-1.0351041862096804,-0.5739355623156693,True,15,False,True
5570,2025,0.5870722587767251,0.5870722587767251,False,22,False,False
5571,2025,0.7295887847026297,0.7295887847026297,False,22,False,False
5572,2025,0.7124298585676503,0.7124298585676503,False,22,False,False
5573,2025,0.27857741357124277,0.27857741357124277,False,22,False,False
5574,2025,0.7001479521667762,0.7001479521667762,False,22,False,False
5575,2025,0.4046470829903898,0.4046470829903898,False,22,False,False
5576,2025,0.6021227556447931,0.6021227556447931,False,22,False,False
5577,2025,0.6108742923034278,0.6108742923034278,False,34,False,False
5578,2025,0.6161631111224951,0.6161631111224951,False,22,False,False
5579,2025,0.22952844005957904,0.22952844005957904,False,22,False,False
5580,2025,0.2640070713992233,0.2640070713992233,False,22,False,False
5581,2025,0.6760139961467486,0.6760139961467486,False,22,False,False
5582,2025,-1.042500444790487,-0.5152459803721003,True,15,False,True
5583,2025,-1.0460456300334513,-0.6335154296672292,True,21,False,True
5584,2025,0.19148023901046599,0.19148023901046599,False,22,False,False
5585,2025,0.1887823315531242,-0.5199024416622254,True,7,True,False
5586,2025,0.7016687897566792,0.7016687897566792,False,22,False,False
5587,2025,0.2635837248439179,0.2635837248439179,False,22,False,False
5588,2025,0.21102542908535327,0.21102542908535327,False,22,False,False
5589,2025,0.6943391179861523,0.6943391179861523,False,22,False,False
5590,2025,0.1547904066898712,0.1547904066898712,False,22,False,False
5591,2025,0.7464794023756214,0.7464794023756214,False,22,False,False
5592,2025,0.725353378858321,0.725353378858321,False,34,False,False
5593,2025,1.010917964339953,1.010917964339953,False,22,False,False
5594,2025,2.8009349825852237,-0.6336061954653482,True,2,True,False
5595,2025,0.7396623355901846,0.7396623355901846,False,22,False,False
5596,2025,-1.044912409910004,-0.8043545802943428,True,31,False,True
5597,2025,-1.0467703175995835,-0.8264650169324084,True,19,False,True
5598,2025,0.23078922312681235,0.23078922312681235,False,22,False,False
5599,2025,0.4185809401403652,0.4185809401403652,False,81,False,False
5600,2025,0.19099572801413645,0.19099572801413645,False,22,False,False
5601,2025,0.2885247509884971,0.2885247509884971,False,22,False,False
5602,2025,0.5211243581485975,0.5211243581485975,False,22,False,False
5603,2025,-1.0400738276786903,-1.0400738276786903,False,20,False,False
5604,2025,0.519222015949166,0.519222015949166,False,22,False,False
5605,2025,0.387425481357208,0.387425481357208,False,34,False,False
5606,2025,0.2430304645654343,0.2430304645654343,False,22,False,False
5607,2025,-1.0458287572417415,-0.7074948400503428,True,15,False,True
5608,2025,0.16698951107755877,0.16698951107755877,False,22,False,False
5609,2025,0.3526147797043542,0.3526147797043542,False,22,False,False
5610,2025,0.16109031205489574,0.16109031205489574,False,22,False,False
5611,2025,0.34755988650295105,0.34755988650295105,False,22,False,False
5612,2025,0.2184520323965405,0.2184520323965405,False,22,False,False
5613,2025,0.18360727375317193,0.18360727375317193,False,22,False,False
5614,2025,0.21489871287548168,0.21489871287548168,False,22,False,False
5615,2025,0.23918933361141537,-0.5618839981812749,True,23,True,False
5616,2025,0.3397393328904335,0.3397393328904335,False,22,False,False
5617,2025,0.4637505619325543,0.4637505619325543,False,22,False,False
5618,2025,-1.0409986397231685,-0.7887775146489825,True,18,False,True
5619,2025,0.9085014673947476,0.9085014673947476,False,22,False,False
5620,2025,0.5873784778037241,0.5873784778037241,False,22,False,False
5621,2025,0.5819273774659609,0.5819273774659609,False,22,False,False
5622,2025,0.28573678687255977,0.28573678687255977,False,22,False,False
5623,2025,0.7329391886461023,0.7329391886461023,False,22,False,False
5624,2025,-1.0441108090470508,-0.65112573740949,True,2,False,True
5625,2025,0.24781555621672038,0.24781555621672038,False,34,False,False
5626,2025,0.3532841245159479,0.3532841245159479,False,22,False,False
5627,2025,0.38820398740548256,0.38820398740548256,False,22,False,False
5628,2025,0.8350368608102006,0.8350368608102006,False,22,False,False
5629,2025,0.8189400697308331,0.8189400697308331,False,22,False,False
5630,2025,0.7756730877779295,0.7756730877779295,False,22,False,False
5631,2025,0.45031636929148183,-0.7298833280499345,True,2,True,False
5632,2025,0.4871097953987105,0.4871097953987105,False,22,False,False
5633,2025,0.9232984546979494,0.9232984546979494,False,22,False,False
5634,2025,0.5916986966134773,0.5916986966134773,False,22,False,False
5635,2025,1.1317319767037306,-0.6314251770359293,True,2,True,False
5636,2025,-1.0471429874572835,-0.6177909304656958,True,38,False,True
5637,2025,-1.0483796613308987,-0.6978021117931638,True,25,False,True
5638,2025,-1.0487272566432961,-0.6301692639896723,True,21,False,True
5639,2025,0.2578201588135809,-0.6191794692105831,True,28,True,False
5640,2025,0.16261648280624638,0.16261648280624638,False,46,False,False
5641,2025,0.3516405034392553,0.3516405034392553,False,22,False,False
5642,2025,0.2951946119705888,-0.5777272690321862,True,21,True,False
5643,2025,0.6603952213843822,0.6603952213843822,False,22,False,False
5644,2025,0.5669867130808686,0.5669867130808686,False,46,False,False
5645,2025,0.1796727822978867,0.1796727822978867,False,22,False,False
5646,2025,-1.0505706088746882,-0.6449462792340765,True,23,False,True
5647,2025,0.42621310550227737,0.42621310550227737,False,22,False,False
5648,2025,0.22596017115483616,-0.7285031379963273,True,17,True,False
5649,2025,0.24126599054612827,0.24126599054612827,False,34,False,False
5650,2025,0.2665789086183419,0.2665789086183419,False,22,False,False
5651,2025,0.233473017631789,0.233473017631789,False,34,False,False
5652,2025,0.36519250344128096,0.36519250344128096,False,22,False,False
5653,2025,-1.049927662986063,-0.7300654613364271,True,36,False,True
5654,2025,-1.0513857305752339,-0.5466965358459759,True,24,False,True
5655,2025,0.4204758366005254,0.4204758366005254,False,22,False,False
5656,2025,0.7527706291413688,0.7527706291413688,False,22,False,False
5657,2025,0.2574094759136076,-0.5412328354258582,True,19,True,False
5658,2025,0.8160360631255418,0.8160360631255418,False,22,False,False
5659,2025,0.6710393962397824,0.6710393962397824,False,22,False,False
5660,2025,0.3689116898298252,-0.5568534818487654,True,2,True,False
5661,2025,0.6131884969067928,0.6131884969067928,False,22,False,False
5662,2025,0.4158828971267245,0.4158828971267245,False,34,False,False
5663,2025,0.31813340471090346,0.31813340471090346,False,22,False,False
5664,2025,0.6583708680963677,0.6583708680963677,False,70,False,False
5665,2025,0.2537155879792898,0.2537155879792898,False,46,False,False
5666,2025,0.9225355851142515,0.9225355851142515,False,46,False,False
5667,2025,0.9364965080706641,0.9364965080706641,False,34,False,False
5668,2025,0.9495945672032746,0.9495945672032746,False,22,False,False
5669,2025,-1.0536331154781458,-0.6610327604017455,True,17,False,True
5670,2025,0.3708443649809947,0.3708443649809947,False,46,False,False
5671,2025,-1.0532572392460648,-0.5706687260157819,True,70,False,True
5672,2025,0.198613180866367,0.198613180866367,False,34,False,False
5673,2025,0.36930854220751275,0.36930854220751275,False,22,False,False
5674,2025,0.17315895927152178,0.17315895927152178,False,22,False,False
5675,2025,0.4025711656941448,0.4025711656941448,False,22,False,False
5676,2025,-1.0591340670661653,-1.0591340670661653,False,15,False,False
5678,2025,-1.0488470682110884,-0.7188404945281383,True,25,False,True
5679,2025,0.3451149797367105,0.3451149797367105,False,22,False,False
5680,2025,0.6587281357022166,0.6587281357022166,False,22,False,False
5681,2025,0.40330607438346555,0.40330607438346555,False,22,False,False
5682,2025,0.8288248841153923,0.8288248841153923,False,22,False,False
5683,2025,0.15546671612968901,-0.591383228685063,True,21,True,False
5684,2025,0.6350895348411161,0.6350895348411161,False,22,False,False
5685,2025,-1.0429620188588102,-0.6003711682749527,True,26,False,True
5686,2025,1.417636446701733,1.417636446701733,False,22,False,False
5687,2025,-1.0485593950722614,-0.7089672932802282,True,44,False,True
5688,2025,-1.0484891601707698,-0.8421740968123433,True,40,False,True
5689,2025,-1.049522536868728,-0.5739675207630741,True,20,False,True
5690,2025,-1.0491573582421208,-0.6351098812136889,True,18,False,True
5691,2025,0.2194993416195806,0.2194993416195806,False,22,False,False
5692,2025,-1.0477688955206026,-0.5320663238690807,True,30,False,True
5693,2025,0.32754947261594025,0.32754947261594025,False,46,False,False
5694,2025,0.19463001418939677,0.19463001418939677,False,22,False,False
5695,2025,0.5349461451737837,0.5349461451737837,False,22,False,False
5696,2025,0.30649307585363017,0.30649307585363017,False,22,False,False
5697,2025,-1.0454095970462103,-0.6963405236423076,True,34,False,True
5698,2025,-1.0444952461878052,-0.5968224638364122,True,33,False,True
5699,2025,0.32206237420338335,0.32206237420338335,False,22,False,False
5700,2025,-1.045874914079136,-0.6698137877749781,True,41,False,True
5701,2025,-1.0471279946116592,-0.5575878594767737,True,30,False,True
5702,2025,-1.0487093466905628,-0.587862783496127,True,17,False,True
5703,2025,0.23320208314066235,0.23320208314066235,False,22,False,False
5704,2025,0.44087079385750755,0.44087079385750755,False,22,False,False
5705,2025,-1.0458382030230016,-0.9258819245468121,True,14,False,True
5706,2025,0.3772006925951868,0.3772006925951868,False,22,False,False
5707,2025,0.7454468853719577,0.7454468853719577,False,34,False,False
5708,2025,0.5471133806962306,0.5471133806962306,False,22,False,False
5709,2025,0.8198112709397699,0.8198112709397699,False,22,False,False
5710,2025,0.23049441086978875,0.23049441086978875,False,22,False,False
5711,2025,1.2750671779366962,-0.6053106337938072,True,38,True,False
5712,2025,0.21871098655571886,-0.5298085972530675,True,37,True,False
5713,2025,0.2708191427784232,0.2708191427784232,False,58,False,False
5714,2025,0.18022274680204867,0.18022274680204867,False,22,False,False
5715,2025,0.368065913148995,0.368065913148995,False,22,False,False
5716,2025,0.3556489768613701,0.3556489768613701,False,22,False,False
5717,2025,-1.0507746363636856,-0.6738019603252573,True,19,False,True
5718,2025,-1.0435970346117214,-1.0435970346117214,False,17,False,False
5719,2025,0.1837090290797123,0.1837090290797123,False,22,False,False
5720,2025,0.3059181647590403,0.3059181647590403,False,22,False,False
5721,2025,0.7659757496448818,0.7659757496448818,False,22,False,False
5722,2025,0.702281873073063,0.702281873073063,False,22,False,False
5723,2025,-1.0385156359175438,-0.6252922418484305,True,31,False,True
5724,2025,-1.0386043733922332,-0.8032483674481539,True,22,False,True
5725,2025,0.7535511746728422,0.7535511746728422,False,22,False,False
5726,2025,0.2741617398143034,0.2741617398143034,False,22,False,False
5727,2025,-1.0363906802188665,-0.6183203012154607,True,25,False,True
5728,2025,0.6193157421264626,0.6193157421264626,False,22,False,False
5729,2025,0.6528308868693319,0.6528308868693319,False,22,False,False
5730,2025,0.17746351048232764,0.17746351048232764,False,22,False,False
5731,2025,3.8598216068105544,3.8598216068105544,False,22,False,False
5732,2025,0.2963200416561351,0.2963200416561351,False,22,False,False
5733,2025,0.5312532189540297,-0.6876998525605743,True,5,True,False
5734,2025,0.19137458429352883,0.19137458429352883,False,22,False,False
5735,2025,0.16766804073337688,0.16766804073337688,False,22,False,False
5736,2025,0.9211446234321137,0.9211446234321137,False,34,False,False
5737,2025,0.9445572177705387,0.9445572177705387,False,22,False,False
5738,2025,1.0778406250770718,-0.5093247729902168,True,2,True,False
5739,2025,1.2600262994396105,1.2600262994396105,False,22,False,False
5740,2025,0.7664487384689592,0.7664487384689592,False,22,False,False
5741,2025,0.6457821508152708,-0.822012205675126,True,17,True,False
5742,2025,0.5991252400270131,-0.6610984791338101,True,24,True,False
5743,2025,1.2058155796361627,1.2058155796361627,False,34,False,False
5744,2025,1.4143312251206765,1.4143312251206765,False,22,False,False
5746,2025,0.5420027178995857,0.5420027178995857,False,34,False,False
5747,2025,0.4539952882808972,0.4539952882808972,False,34,False,False
5748,2025,0.5428197880184317,0.5428197880184317,False,22,False,False
5749,2025,0.7928086023276965,0.7928086023276965,False,22,False,False
5750,2025,0.5884954302167411,0.5884954302167411,False,22,False,False
5751,2025,0.5377729519100999,0.5377729519100999,False,22,False,False
5752,2025,0.23827040202593264,0.23827040202593264,False,22,False,False
5753,2025,0.2940759848873575,0.2940759848873575,False,22,False,False
5754,2025,0.47230009050956345,0.47230009050956345,False,22,False,False
5755,2025,0.40367915633173107,0.40367915633173107,False,22,False,False
5756,2025,0.46949014921150195,0.46949014921150195,False,22,False,False
5757,2025,-1.0497640730361348,-0.573985182459503,True,19,False,True
5758,2025,1.3019604186161524,-0.7125541561744179,True,19,True,False
5759,2025,0.29315146999115027,0.29315146999115027,False,46,False,False
5760,2025,0.4205088906525374,0.4205088906525374,False,34,False,False
5761,2025,0.7144108855793656,0.7144108855793656,False,22,False,False
5762,2025,0.7795334237658504,0.7795334237658504,False,22,False,False
5763,2025,0.6243287161857527,0.6243287161857527,False,22,False,False
5764,2025,-1.0349496243097704,-0.5988455097668529,True,16,False,True
5765,2025,0.17677903767508765,-0.8155297799379668,True,16,True,False
5766,2025,0.8449482599261899,0.8449482599261899,False,22,False,False
5767,2025,-1.0357065665689356,-0.7569602411425255,True,2,False,True
5768,2025,0.18200216191455412,0.18200216191455412,False,22,False,False
5769,2025,0.3935403125155963,0.3935403125155963,False,34,False,False
5770,2025,0.6109922684346005,0.6109922684346005,False,22,False,False
5771,2025,0.23212456141583226,0.23212456141583226,False,22,False,False
5772,2025,-1.0424539196570168,-0.591437678454993,True,28,False,True
5773,2025,0.30543788279468315,0.30543788279468315,False,58,False,False
5774,2025,0.4022707711535606,-0.6061375682952698,True,38,True,False
5775,2025,-1.0432592529230804,-0.5483560634707176,True,18,False,True
5776,2025,0.21399879452060147,-0.6564784925527315,True,25,True,False
5777,2025,0.5622047591021706,0.5622047591021706,False,22,False,False
5778,2025,0.4684180773559353,0.4684180773559353,False,44,False,False
5779,2025,0.24615299306779814,0.24615299306779814,False,22,False,False
5780,2025,0.32188611429717073,0.32188611429717073,False,20,False,False
5781,2025,0.26493393588895736,0.26493393588895736,False,22,False,False
5782,2025,0.9869786285263412,0.9869786285263412,False,22,False,False
5783,2025,-1.0399975545169626,-1.0399975545169626,False,41,False,False
5784,2025,0.1807986175169032,0.1807986175169032,False,29,False,False
5785,2025,-1.041819787174685,-1.041819787174685,False,17,False,False
5786,2025,0.22129240072768686,0.22129240072768686,False,22,False,False
5787,2025,0.5310836809394268,0.5310836809394268,False,22,False,False
5788,2025,0.7026377358120494,0.7026377358120494,False,22,False,False
5789,2025,0.213389901551293,-0.6237068188338596,True,55,True,False
5790,2025,0.5365833074083467,0.5365833074083467,False,22,False,False
5791,2025,0.25740082125851627,-0.5811485822840867,True,31,True,False
5792,2025,0.2153312782128337,-0.5919248455269517,True,19,True,False
5793,2025,0.34910415565779407,-0.5788036840628574,True,5,True,False
5794,2025,0.6710021428016721,0.6710021428016721,False,22,False,False
5795,2025,-1.0441089446847858,-0.5833265256048137,True,2,False,True
5796,2025,0.4236882712963123,0.4236882712963123,False,34,False,False
5797,2025,0.19963104757749517,0.19963104757749517,False,22,False,False
5798,2025,-1.0467707580707442,-0.7398084917483502,True,43,False,True
5799,2025,0.2152220891384092,0.2152220891384092,False,22,False,False
5800,2025,-1.0488801661921139,-0.7151457923594473,True,22,False,True
5801,2025,0.23794034523904142,0.23794034523904142,False,22,False,False
5802,2025,0.20027252815507723,0.20027252815507723,False,22,False,False
5803,2025,0.5662543925766049,0.5662543925766049,False,22,False,False
5804,2025,0.37898891841290333,0.37898891841290333,False,22,False,False
5805,2025,0.3344455537950397,-0.714142292249232,True,27,True,False
5806,2025,0.6276805623821058,0.6276805623821058,False,22,False,False
5807,2025,-1.061827321619921,-0.7409046466990443,True,25,False,True
5808,2025,-1.061655874422814,-0.6498623431128581,True,24,False,True
5809,2025,0.4219909990062714,0.4219909990062714,False,13,False,False
5810,2025,0.5399338834196165,0.5399338834196165,False,22,False,False
5811,2025,0.20978705668838837,-0.5997965112260137,True,3,True,False
5812,2025,0.4657329326469488,0.4657329326469488,False,22,False,False
5813,2025,0.21373921038701876,0.21373921038701876,False,34,False,False
5814,2025,0.1958548432881849,0.1958548432881849,False,22,False,False
5815,2025,0.7683482712179174,0.7683482712179174,False,34,False,False
5816,2025,0.7437897997999193,0.7437897997999193,False,22,False,False
5817,2025,1.486222221624228,1.486222221624228,False,22,False,False
5819,2025,0.2332218891248859,0.2332218891248859,False,34,False,False
5820,2025,0.5327804433026223,0.5327804433026223,False,22,False,False
5821,2025,0.20987666608018693,0.20987666608018693,False,34,False,False
5822,2025,0.21872589396650077,0.21872589396650077,False,22,False,False
5823,2025,-1.0681830385156759,-1.0681830385156759,False,19,False,False
5824,2025,0.5819373603075157,0.5819373603075157,False,22,False,False
5825,2025,1.2054191818420836,1.2054191818420836,False,22,False,False
5826,2025,0.4989404060346727,0.4989404060346727,False,22,False,False
5827,2025,-1.0620437947916346,-0.6762732201263449,True,23,False,True
5828,2025,0.1445275132694737,0.1445275132694737,False,22,False,False
5829,2025,-1.062694772491811,-0.5766886796509931,True,29,False,True
5830,2025,0.2783700750176179,-0.5692283525197647,True,41,True,False
5831,2025,0.27142833014472134,0.27142833014472134,False,22,False,False
5832,2025,0.52980154078074,0.52980154078074,False,34,False,False
5833,2025,0.6044749722789641,0.6044749722789641,False,22,False,False
5834,2025,0.2776165564073184,0.2776165564073184,False,22,False,False
5835,2025,0.23091211714892715,0.23091211714892715,False,22,False,False
5836,2025,-1.063907973225673,-1.063907973225673,False,41,False,False
5837,2025,-1.0661084994788907,-0.6549620915992351,True,29,False,True
5838,2025,-1.0677463918369097,-1.0677463918369097,False,17,False,False
5839,2025,1.4983483035839391,1.4983483035839391,False,22,False,False
5840,2025,0.25906294241894284,0.25906294241894284,False,34,False,False
5841,2025,0.4241629744793634,0.4241629744793634,False,22,False,False
5842,2025,0.17872046803186262,-0.555512183078213,True,29,True,False
5843,2025,0.4876497403312751,0.4876497403312751,False,58,False,False
5844,2025,0.36142517455187834,0.36142517455187834,False,22,False,False
5845,2025,0.372077692056674,-0.5407039642703856,True,2,True,False
5846,2025,0.547844029609695,0.547844029609695,False,22,False,False
5847,2025,0.640903363205384,0.640903363205384,False,22,False,False
5848,2025,0.1613005922090416,-0.5808389142969345,True,16,True,False
5849,2025,0.17100896101110757,-0.6000352470940287,True,4,True,False
5850,2025,0.21824121856966372,-0.5693612800630409,True,22,True,False
5851,2025,0.17514994659669417,0.17514994659669417,False,22,False,False
5852,2025,0.6194463788288548,0.6194463788288548,False,22,False,False
5853,2025,0.9286105824962468,0.9286105824962468,False,58,False,False
5854,2025,0.4245647620065189,0.4245647620065189,False,22,False,False
5855,2025,0.25598858490171855,0.25598858490171855,False,34,False,False
5856,2025,0.28669671403815233,0.28669671403815233,False,22,False,False
5857,2025,0.2965553992419485,0.2965553992419485,False,34,False,False
5858,2025,0.6315330191124009,0.6315330191124009,False,22,False,False
5859,2025,0.2500285821624806,-0.6879706798700203,True,2,True,False
5860,2025,-1.055204542538151,-0.6650821300206714,True,29,False,True
5861,2025,0.15804536328171584,-0.5776367547628215,True,18,True,False
5862,2025,0.6641202821276823,0.6641202821276823,False,22,False,False
5863,2025,-1.0612620862771756,-0.6050754634781529,True,34,False,True
5864,2025,0.14345018255484804,-0.5422639695052894,True,22,True,False
5865,2025,0.15587375942273396,0.15587375942273396,False,22,False,False
5866,2025,0.5580677477011371,0.5580677477011371,False,22,False,False
5867,2025,-1.0629977096310925,-0.8753468262777647,True,17,False,True
5868,2025,0.6950400605766578,0.6950400605766578,False,22,False,False
5869,2025,0.18681479682279223,0.18681479682279223,False,22,False,False
5870,2025,0.3433429771174423,0.3433429771174423,False,22,False,False
5871,2025,0.17696486281224333,0.17696486281224333,False,22,False,False
5872,2025,0.3269296473732226,0.3269296473732226,False,22,False,False
5873,2025,0.3732135266850239,0.3732135266850239,False,34,False,False
5874,2025,0.6367317109189787,0.6367317109189787,False,22,False,False
5875,2025,0.6517689280759508,-0.7201478873577127,True,2,True,False
5876,2025,1.3642897046556988,-0.9142254006091267,True,2,True,False
5877,2025,0.5388958531411612,0.5388958531411612,False,34,False,False
5878,2025,0.1792425275909879,0.1792425275909879,False,22,False,False
5879,2025,0.30950419561175047,0.30950419561175047,False,34,False,False
5880,2025,0.4161495623071556,0.4161495623071556,False,22,False,False
5881,2025,0.5770889991083885,0.5770889991083885,False,46,False,False
5882,2025,0.43672123648106276,0.43672123648106276,False,22,False,False
5883,2025,0.5827085054586938,0.5827085054586938,False,22,False,False
5884,2025,0.18843699875788725,0.18843699875788725,False,22,False,False
5885,2025,-1.031529044324918,-0.764565834731884,True,18,False,True
5886,2025,-1.0304441297521394,-0.5257785832142547,True,50,False,True
5887,2025,0.17504800609761795,0.17504800609761795,False,34,False,False
5888,2025,0.18939406246094576,0.18939406246094576,False,22,False,False
5889,2025,-1.0323041407773348,-0.5568798006583008,True,38,False,True
5890,2025,0.1749685203141214,0.1749685203141214,False,22,False,False
5891,2025,0.4140204377456474,0.4140204377456474,False,22,False,False
5892,2025,-1.0406915174929203,-0.5254091091085711,True,28,False,True
5893,2025,0.17825088614648613,0.17825088614648613,False,34,False,False
5894,2025,0.2618744364428913,0.2618744364428913,False,22,False,False
5895,2025,0.9148182714952795,0.9148182714952795,False,58,False,False
5896,2025,1.055625257468266,1.055625257468266,False,46,False,False
5897,2025,1.3607411185535392,1.3607411185535392,False,22,False,False
5898,2025,0.2155121931972432,0.2155121931972432,False,34,False,False
5899,2025,0.2219205380552046,0.2219205380552046,False,22,False,False
5900,2025,-1.0386032771737255,-0.6301702205323753,True,2,False,True
5901,2025,0.5038505352365101,0.5038505352365101,False,34,False,False
5902,2025,0.9390685011552328,0.9390685011552328,False,22,False,False
5903,2025,-1.0417917349787205,-0.5068801912141974,True,18,False,True
5904,2025,-1.041500190697589,-0.8544568286896889,True,26,False,True
5905,2025,1.2764941639266874,-0.6373087597993881,True,15,True,False
5906,2025,0.38821478211412386,0.38821478211412386,False,34,False,False
5907,2025,1.6218414686449991,1.6218414686449991,False,34,False,False
5908,2025,2.043861229251398,2.043861229251398,False,22,False,False
5909,2025,0.47711462341357,-0.5739222698754664,True,2,True,False
5910,2025,0.1536294609361781,-0.7076694878962092,True,23,True,False
5911,2025,0.721539394421349,0.721539394421349,False,22,False,False
5912,2025,0.16878346923279733,-0.7306052030902878,True,2,True,False
5913,2025,0.43243357328136883,-0.765673975663534,True,19,True,False
5914,2025,0.3726363139205286,0.3726363139205286,False,22,False,False
5915,2025,0.5359094092373333,0.5359094092373333,False,22,False,False
5916,2025,0.6691833487685626,0.6691833487685626,False,22,False,False
5917,2025,1.104994416250685,-0.8574390513249839,True,2,True,False
5918,2025,-1.0484771207385997,-0.6888902727770592,True,21,False,True
5919,2025,0.22910699683578678,-0.8695402224176734,True,2,True,False
5920,2025,0.8049249502725127,0.8049249502725127,False,22,False,False
5921,2025,0.2121339785356769,0.2121339785356769,False,46,False,False
5922,2025,-1.0461608375403448,-0.5974785835074098,True,28,False,True
5923,2025,0.4356029831647723,0.4356029831647723,False,22,False,False
5924,2025,0.7855598171026346,0.7855598171026346,False,22,False,False
5925,2025,0.348224209179596,0.348224209179596,False,22,False,False
5926,2025,0.7004695965742106,0.7004695965742106,False,22,False,False
5927,2025,0.6481727804541192,0.6481727804541192,False,22,False,False
5928,2025,0.28212572269466846,0.28212572269466846,False,22,False,False
5929,2025,0.2853848471945826,0.2853848471945826,False,34,False,False
5930,2025,0.5506963278881537,0.5506963278881537,False,22,False,False
5931,2025,-1.0481769528752687,-0.5508754505155055,True,17,False,True
5932,2025,-1.0471866990304655,-0.726791451701462,True,20,False,True
5933,2025,0.3864850587611337,0.3864850587611337,False,22,False,False
5934,2025,0.26641746828812035,0.26641746828812035,False,34,False,False
5935,2025,-1.037402659144827,-0.5367270083548021,True,22,False,True
5936,2025,0.2388750875201951,0.2388750875201951,False,34,False,False
5937,2025,0.512155585977536,-0.5625624401112584,True,56,True,False
5938,2025,0.5381254638127347,-0.5419153462171923,True,21,True,False
5939,2025,0.16603232459473283,0.16603232459473283,False,22,False,False
5940,2025,0.5349861059853575,0.5349861059853575,False,22,False,False
5941,2025,0.34991627478309884,0.34991627478309884,False,22,False,False
5942,2025,0.2726626578675054,0.2726626578675054,False,22,False,False
5943,2025,-1.0406573810993924,-1.0406573810993924,False,27,False,False
5944,2025,0.7655253047259353,-0.6921482863718387,True,17,True,False
5945,2025,0.1832434833544638,0.1832434833544638,False,22,False,False
5947,2025,0.169192613293439,0.169192613293439,False,34,False,False
5948,2025,0.2928890909662736,0.2928890909662736,False,22,False,False
5949,2025,0.2449576356235797,0.2449576356235797,False,34,False,False
5950,2025,0.2008264595126077,0.2008264595126077,False,22,False,False
5951,2025,0.16136305405051823,0.16136305405051823,False,34,False,False
5952,2025,0.6693283303109,0.6693283303109,False,22,False,False
5953,2025,0.3534553340129907,0.3534553340129907,False,22,False,False
5954,2025,0.1955734698783221,-0.5424618450606312,True,34,True,False
5955,2025,0.4986850506562584,0.4986850506562584,False,22,False,False
5956,2025,0.6210107370347966,0.6210107370347966,False,22,False,False
5957,2025,-1.0297951922980109,-0.5260497330373793,True,2,False,True
5958,2025,0.634680715747481,0.634680715747481,False,22,False,False
5959,2025,-1.035821709152392,-0.8547691598516646,True,23,False,True
5960,2025,-1.034338424424718,-0.644199099519819,True,22,False,True
5961,2025,-1.0324663043747249,-1.0324663043747249,False,15,False,False
5962,2025,-1.0276299394447765,-0.7037593456265182,True,15,False,True
5963,2025,-1.0301317081982817,-0.5769140161079604,True,42,False,True
5964,2025,-1.030361048091195,-0.6511225483192195,True,42,False,True
5965,2025,-1.0318546472522918,-0.608010069845113,True,30,False,True
5966,2025,0.30260441765595986,0.30260441765595986,False,22,False,False
5967,2025,0.5590124012976054,0.5590124012976054,False,22,False,False
5968,2025,-1.0345466295863548,-0.6134727413737141,True,39,False,True
5969,2025,0.20995382559250506,0.20995382559250506,False,22,False,False
5970,2025,0.21885313715793897,0.21885313715793897,False,22,False,False
5971,2025,0.26932419268495517,0.26932419268495517,False,22,False,False
5972,2025,0.5629137090157915,0.5629137090157915,False,46,False,False
5973,2025,0.4949806488105414,0.4949806488105414,False,34,False,False
5974,2025,0.7131488039554029,0.7131488039554029,False,22,False,False
5975,2025,0.9131110915468795,-0.5962429620556943,True,2,True,False
5976,2025,0.5057703185691398,0.5057703185691398,False,34,False,False
5977,2025,0.46345348662576596,0.46345348662576596,False,22,False,False
5978,2025,0.3320004091794072,0.3320004091794072,False,22,False,False
5979,2025,0.2622695453774844,0.2622695453774844,False,22,False,False
5980,2025,0.6655098918557638,0.6655098918557638,False,22,False,False
5981,2025,-1.0335101920133134,-0.6714595855552788,True,2,False,True
5982,2025,0.4258409620565712,0.4258409620565712,False,34,False,False
5983,2025,0.38406971332539036,0.38406971332539036,False,22,False,False
5984,2025,0.2392809305685012,0.2392809305685012,False,22,False,False
5985,2025,0.3702510102814332,0.3702510102814332,False,34,False,False
5986,2025,0.369706040758813,0.369706040758813,False,22,False,False
5987,2025,-1.028771420337257,-0.6033381182875751,True,2,False,True
5988,2025,0.5553137700127406,0.5553137700127406,False,22,False,False
5989,2025,0.19014133558315746,-0.5567762851953096,True,6,True,False
5990,2025,0.24849314902365582,0.24849314902365582,False,34,False,False
5991,2025,0.3540625764050345,0.3540625764050345,False,22,False,False
5992,2025,0.8424614693451327,0.8424614693451327,False,22,False,False
5993,2025,-1.0157118111771553,-1.0157118111771553,False,27,False,False
5994,2025,-1.01589474795105,-1.01589474795105,False,15,False,False
5995,2025,-1.0149746189603435,-0.5425774002941779,True,55,False,True
5996,2025,-1.0150011613612333,-0.9304896780944816,True,42,False,True
5997,2025,0.43999628141337643,0.43999628141337643,False,46,False,False
5999,2025,0.5298066622136147,0.5298066622136147,False,22,False,False
6000,2025,-1.0184147006964945,-0.5404648622730804,True,5,False,True
6001,2025,-1.016889611934267,-1.016889611934267,False,13,False,False
6002,2025,-1.015412893623657,-1.015412893623657,False,49,False,False
6003,2025,0.5619281235444417,0.5619281235444417,False,58,False,False
6004,2025,-1.0193993867583617,-0.6942429156099172,True,25,False,True
6005,2025,-1.01856969561476,-0.6448569632598083,True,41,False,True
6006,2025,-1.0192621655888907,-0.6206623275200553,True,29,False,True
6007,2025,-1.0195803187917285,-1.0195803187917285,False,22,False,False
6008,2025,-1.017849926377295,-0.6719378098433416,True,44,False,True
6009,2025,0.23458717437872745,-0.5734707361366974,True,32,True,False
6010,2025,0.6177896546358091,0.6177896546358091,False,22,False,False
6011,2025,0.6372723846446551,0.6372723846446551,False,22,False,False
6012,2025,0.44318428850816516,0.44318428850816516,False,22,False,False
6013,2025,0.321654443639373,0.321654443639373,False,22,False,False
6014,2025,-1.0188065112108988,-0.5247166408891456,True,56,False,True
6015,2025,-1.019382707091634,-0.5225622399044239,True,44,False,True
6016,2025,0.3703742404407721,0.3703742404407721,False,22,False,False
6017,2025,-1.0200625483654928,-0.6296360929023874,True,19,False,True
6018,2025,0.2589614291140261,0.2589614291140261,False,22,False,False
6019,2025,-1.020148132528762,-0.5103995848572195,True,23,False,True
6020,2025,0.2335763736825306,0.2335763736825306,False,22,False,False
6021,2025,0.3105508397826436,0.3105508397826436,False,22,False,False
6022,2025,0.4063160084507457,-0.58824118116403,True,28,True,False
6023,2025,0.7510142409830428,0.7510142409830428,False,58,False,False
6024,2025,0.20360849614858603,0.20360849614858603,False,22,False,False
6025,2025,0.8807626234086677,0.8807626234086677,False,34,False,False
6026,2025,0.8084504793660512,0.8084504793660512,False,22,False,False
6027,2025,0.344211371264535,0.344211371264535,False,22,False,False
6028,2025,0.27813804145050364,0.27813804145050364,False,22,False,False
6029,2025,-1.0273946320697367,-0.7039965655569618,True,30,False,True
6030,2025,0.4312655091480857,0.4312655091480857,False,22,False,False
6031,2025,-1.0261218976723636,-1.0261218976723636,False,16,False,False
6032,2025,0.6023893194755119,0.6023893194755119,False,22,False,False
6033,2025,0.4059483427993832,0.4059483427993832,False,34,False,False
6034,2025,0.40851920577129575,0.40851920577129575,False,22,False,False
6035,2025,0.460719406540449,0.460719406540449,False,22,False,False
6036,2025,0.2554827312272331,0.2554827312272331,False,22,False,False
6037,2025,0.18188626926686316,0.18188626926686316,False,22,False,False
6038,2025,-1.0324935957448214,-0.5413968737045851,True,19,False,True
6039,2025,0.9602091843085666,0.9602091843085666,False,22,False,False
6040,2025,0.2766113557582791,0.2766113557582791,False,22,False,False
6041,2025,0.19189789296683274,0.19189789296683274,False,22,False,False
6042,2025,0.4237135965651981,-0.7310068180490551,True,25,True,False
6043,2025,0.7772749475559045,-0.5688355951066584,True,67,True,False
6044,2025,0.197201412336771,0.197201412336771,False,22,False,False
6045,2025,0.19139622119985517,0.19139622119985517,False,46,False,False
6046,2025,-1.0378312871990256,-0.7384809088547899,True,41,False,True
6047,2025,0.660264656347318,0.660264656347318,False,22,False,False
6048,2025,-1.037568062670682,-0.7218889577491285,True,17,False,True
6049,2025,0.18355502758079567,0.18355502758079567,False,22,False,False
6050,2025,0.16433311383597507,-0.5929274327259306,True,17,True,False
6051,2025,0.46034276684606135,0.46034276684606135,False,22,False,False
6052,2025,0.17875386734266616,-0.519740766852667,True,31,True,False
6053,2025,-1.0327044941817833,-0.6615935807980985,True,18,False,True
6054,2025,0.30372747343172,0.30372747343172,False,22,False,False
6055,2025,0.19537091476554566,0.19537091476554566,False,22,False,False
6056,2025,0.21041727057710854,0.21041727057710854,False,22,False,False
6057,2025,0.20137772608684268,0.20137772608684268,False,22,False,False
6058,2025,0.5249909935151239,0.5249909935151239,False,22,False,False
6059,2025,-1.026774791293993,-0.5242410520890287,True,13,False,True
6060,2025,-1.0257947663672131,-0.648592163540125,True,16,False,True
6061,2025,0.26578145663655967,0.26578145663655967,False,22,False,False
6062,2025,-1.0251881604822286,-0.8302745276971327,True,21,False,True
6063,2025,0.4408567408629345,0.4408567408629345,False,22,False,False
6064,2025,0.4386452739190861,0.4386452739190861,False,34,False,False
6065,2025,0.3320794672667463,0.3320794672667463,False,22,False,False
6066,2025,0.393634065179974,0.393634065179974,False,46,False,False
6067,2025,-1.027064270364613,-0.6282122012924585,True,31,False,True
6068,2025,0.21511091117845144,0.21511091117845144,False,22,False,False
6069,2025,0.5463623093523216,0.5463623093523216,False,22,False,False
6070,2025,0.3445018564509602,0.3445018564509602,False,22,False,False
6071,2025,0.6816802146570797,-0.5026980289830582,True,16,True,False
6072,2025,0.43540828109870794,0.43540828109870794,False,22,False,False
6073,2025,0.4714331020406478,0.4714331020406478,False,46,False,False
6074,2025,0.4101404190564549,0.4101404190564549,False,34,False,False
6075,2025,0.557352588342482,0.557352588342482,False,22,False,False
6076,2025,-1.030735470728265,-0.5594997120727854,True,2,False,True
6077,2025,0.43740864830588,0.43740864830588,False,22,False,False
6078,2025,0.4781237424992661,0.4781237424992661,False,34,False,False
6079,2025,-1.0356670434384159,-0.557885702433548,True,18,False,True
6080,2025,0.20208441863855928,0.20208441863855928,False,22,False,False
6081,2025,0.3317457989888999,0.3317457989888999,False,22,False,False
6082,2025,-1.0376755014707917,-1.0376755014707917,False,14,False,False
6083,2025,0.22257901751741363,0.22257901751741363,False,122,False,False
6084,2025,0.2700699869291287,0.2700699869291287,False,22,False,False
6085,2025,0.193885057219577,0.193885057219577,False,58,False,False
6086,2025,0.1591272805096658,0.1591272805096658,False,22,False,False
6087,2025,0.2763645167952668,0.2763645167952668,False,22,False,False
6088,2025,0.4126133476726616,0.4126133476726616,False,38,False,False
6089,2025,0.32945001478465513,0.32945001478465513,False,26,False,False
6090,2025,0.3502683905996266,0.3502683905996266,False,22,False,False
6091,2025,0.44555115569061843,0.44555115569061843,False,22,False,False
6092,2025,0.8443993164081978,0.8443993164081978,False,22,False,False
6093,2025,0.4388186716152657,0.4388186716152657,False,34,False,False
6094,2025,0.7913265354857023,0.7913265354857023,False,22,False,False
6095,2025,0.26845998332100496,0.26845998332100496,False,11,False,False
6096,2025,-1.0345763167949296,-0.851483031834041,True,36,False,True
6097,2025,0.33515657137496696,0.33515657137496696,False,22,False,False
6098,2025,0.22854133876920021,0.22854133876920021,False,22,False,False
6099,2025,-1.029550091377698,-1.029550091377698,False,28,False,False
6100,2025,-1.0301655257821511,-0.8292415905049022,True,18,False,True
6101,2025,0.5367676356164918,0.5367676356164918,False,34,False,False
6102,2025,0.8245065356634452,0.8245065356634452,False,22,False,False
6103,2025,0.3513979328260521,-0.7688418073077061,True,2,True,False
6104,2025,0.7422075311176727,0.7422075311176727,False,22,False,False
6105,2025,0.2218218180935845,0.2218218180935845,False,94,False,False
6106,2025,0.2170709128233369,0.2170709128233369,False,82,False,False
6107,2025,0.3032804939316063,0.3032804939316063,False,70,False,False
6108,2025,0.22221621661221772,0.22221621661221772,False,34,False,False
6109,2025,0.3284766225732279,0.3284766225732279,False,34,False,False
6110,2025,0.2505264930264593,-0.5328156037175202,True,3,True,False
6111,2025,0.3518955959731466,0.3518955959731466,False,34,False,False
6112,2025,0.4241567361139044,0.4241567361139044,False,22,False,False
6113,2025,0.3248014972321662,0.3248014972321662,False,22,False,False
6114,2025,0.6904786920018506,0.6904786920018506,False,22,False,False
6115,2025,0.31618605156160773,0.31618605156160773,False,22,False,False
6116,2025,0.2513495736167189,0.2513495736167189,False,70,False,False
6117,2025,0.20687690620480342,0.20687690620480342,False,22,False,False
6118,2025,0.18643377404411796,0.18643377404411796,False,22,False,False
6119,2025,0.37548259976361753,0.37548259976361753,False,34,False,False
6120,2025,0.32871024049388836,0.32871024049388836,False,22,False,False
6121,2025,0.6429018421486902,0.6429018421486902,False,22,False,False
6122,2025,0.6508686174025013,0.6508686174025013,False,22,False,False
6123,2025,-1.036017396388457,-0.5067864214860497,True,44,False,True
6124,2025,0.46583389526365343,0.46583389526365343,False,22,False,False
6125,2025,0.23636316014822942,0.23636316014822942,False,58,False,False
6126,2025,0.2632025069928332,0.2632025069928332,False,34,False,False
6127,2025,0.5247932474917302,0.5247932474917302,False,22,False,False
6128,2025,0.5225573965941654,0.5225573965941654,False,34,False,False
6129,2025,0.5062993602816925,0.5062993602816925,False,22,False,False
6130,2025,1.2408191557838246,1.2408191557838246,False,22,False,False
6131,2025,0.1735191535718537,0.1735191535718537,False,46,False,False
6132,2025,0.1873415088769111,0.1873415088769111,False,22,False,False
6133,2025,0.16473322822127398,0.16473322822127398,False,22,False,False
6134,2025,0.4574759516645613,-0.6024580517706907,True,15,True,False
6135,2025,-1.0413763894099066,-0.5941071971084556,True,3,False,True
6136,2025,-1.0417638648432868,-0.6148075677784025,True,35,False,True
6137,2025,-1.0429507360167034,-0.5708712192073255,True,32,False,True
6138,2025,0.19902881704224154,0.19902881704224154,False,58,False,False
6139,2025,0.45928184283480117,0.45928184283480117,False,46,False,False
6140,2025,0.217746083762276,0.217746083762276,False,34,False,False
6141,2025,0.19213370962084647,0.19213370962084647,False,22,False,False
6142,2025,0.32006337635647564,0.32006337635647564,False,22,False,False
6143,2025,0.2668964859971057,0.2668964859971057,False,46,False,False
6144,2025,1.2353880546367557,1.2353880546367557,False,34,False,False
6145,2025,1.1654617801224014,1.1654617801224014,False,22,False,False
6146,2025,0.31705946997368345,0.31705946997368345,False,22,False,False
6147,2025,1.1415932648664329,1.1415932648664329,False,22,False,False
6148,2025,-1.0335277001229348,-0.5235075331691712,True,23,False,True
6149,2025,-1.0335464071342704,-0.5681521615987811,True,22,False,True
6150,2025,0.39194447798156934,-0.5294020823608887,True,2,True,False
6151,2025,0.4166427423958021,-0.5361556240574732,True,22,True,False
6152,2025,0.9314917518325437,0.9314917518325437,False,22,False,False
6153,2025,0.5096279160462888,0.5096279160462888,False,22,False,False
6154,2025,0.27641575046204586,0.27641575046204586,False,34,False,False
6155,2025,0.34432511350128026,0.34432511350128026,False,46,False,False
6156,2025,0.511457020467554,0.511457020467554,False,22,False,False
6157,2025,0.31283787299700366,0.31283787299700366,False,22,False,False
6158,2025,0.1871752499230285,0.1871752499230285,False,22,False,False
6159,2025,0.8075291323903933,0.8075291323903933,False,34,False,False
6160,2025,0.7784523169594292,0.7784523169594292,False,22,False,False
6161,2025,0.8721592811994573,0.8721592811994573,False,22,False,False
6162,2025,-1.0338167187048541,-0.685812480163385,True,28,False,True
6163,2025,-1.034702507153211,-0.6403526854078991,True,16,False,True
6164,2025,0.172010253511802,0.172010253511802,False,34,False,False
6165,2025,0.4555842695214496,-0.5498989918403485,True,42,True,False
6166,2025,0.6152044532334641,-0.7503375949174473,True,65,True,False
6167,2025,0.9168195394288177,0.9168195394288177,False,70,False,False
6168,2025,0.1740724700571201,0.1740724700571201,False,22,False,False
6169,2025,1.042434653071676,1.042434653071676,False,46,False,False
6170,2025,1.0846404310216886,1.0846404310216886,False,34,False,False
6171,2025,1.403367234679402,1.403367234679402,False,22,False,False
6173,2025,0.23880529894786143,0.23880529894786143,False,58,False,False
6174,2025,0.32556004707203795,0.32556004707203795,False,46,False,False
6175,2025,0.3877519513227669,0.3877519513227669,False,34,False,False
6176,2025,0.41860043155991994,0.41860043155991994,False,22,False,False
6177,2025,0.4647095700158481,0.4647095700158481,False,22,False,False
6178,2025,1.0361084486383654,1.0361084486383654,False,22,False,False
6180,2025,0.6092822747645689,0.6092822747645689,False,82,False,False
6181,2025,0.2702894949428216,0.2702894949428216,False,22,False,False
6182,2025,0.17761943120956628,0.17761943120956628,False,22,False,False
6183,2025,0.32852862516472064,0.32852862516472064,False,34,False,False
6184,2025,0.2367971922145724,0.2367971922145724,False,22,False,False
6185,2025,0.6078035079911421,0.6078035079911421,False,22,False,False
6186,2025,0.22128944553267021,0.22128944553267021,False,22,False,False
6187,2025,0.3554475858786383,0.3554475858786383,False,22,False,False
6188,2025,0.26867585715336634,0.26867585715336634,False,22,False,False
6189,2025,0.3223305796619545,-0.5049173941723086,True,22,True,False
6190,2025,0.3015050229440076,0.3015050229440076,False,22,False,False
6191,2025,0.46897921873670056,0.46897921873670056,False,22,False,False
6192,2025,-1.0380799228380415,-0.51243062098361,True,2,False,True
6193,2025,0.5232761642674728,0.5232761642674728,False,22,False,False
6194,2025,-1.028009383240179,-1.028009383240179,False,45,False,False
6195,2025,-1.0288356979637105,-1.0288356979637105,False,21,False,False
6196,2025,0.24771622507521995,0.24771622507521995,False,34,False,False
6197,2025,0.2739143806514101,0.2739143806514101,False,22,False,False
6198,2025,0.3492874933023557,-0.5342272865167991,True,42,True,False
6199,2025,0.39157627514335663,0.39157627514335663,False,22,False,False
6200,2025,0.5620084400172054,0.5620084400172054,False,46,False,False
6201,2025,0.7844716009188928,0.7844716009188928,False,34,False,False
6202,2025,0.7988575927663872,-0.8958083992796405,True,2,True,False
6203,2025,1.296672757328317,1.296672757328317,False,58,False,False
6204,2025,0.21050196105035685,0.21050196105035685,False,22,False,False
6205,2026,0.8419640756839558,-0.5294463243610157,True,51,True,False
6206,2026,0.30222669505154515,0.30222669505154515,False,29,False,False
6207,2026,0.2484635204486223,-0.8293150195070057,True,17,True,False
6208,2026,0.4203100919547454,0.4203100919547454,False,34,False,False
6209,2026,0.38547897625049243,0.38547897625049243,False,22,False,False
6210,2026,0.2297938207566037,0.2297938207566037,False,22,False,False
6211,2026,-1.0270057253902978,-1.0270057253902978,False,16,False,False
6212,2026,0.8329651233755793,-0.7712035932805709,True,29,True,False
6213,2026,0.2822775321302014,0.2822775321302014,False,22,False,False
6214,2026,0.91830569729994,0.91830569729994,False,22,False,False
6215,2026,0.3347490413212791,0.3347490413212791,False,34,False,False
6216,2026,0.5983619275144588,0.5983619275144588,False,22,False,False
6217,2026,-1.027640541844276,-0.8409121096558022,True,21,False,True
6218,2026,0.3095425575409233,0.3095425575409233,False,22,False,False
6219,2026,0.43449630820084373,0.43449630820084373,False,22,False,False
6220,2026,0.21909888002121616,-0.515369497882014,True,3,True,False
6221,2026,0.32223196624088585,0.32223196624088585,False,22,False,False
6222,2026,-1.0282406050555877,-0.8377381833368961,True,22,False,True
6223,2026,0.4493790152923012,0.4493790152923012,False,22,False,False
6224,2026,-1.0264521482720572,-0.6559548332290205,True,43,False,True
6225,2026,-1.0273283391101788,-0.51881720515881,True,33,False,True
6226,2026,-1.030311451304626,-0.6764565172469268,True,25,False,True
6227,2026,0.31512236995527776,0.31512236995527776,False,22,False,False
6228,2026,0.2876358579016413,-0.6159688060982423,True,3,True,False
6229,2026,0.5943885237807552,0.5943885237807552,False,22,False,False
6230,2026,0.22473550294597766,0.22473550294597766,False,82,False,False
6231,2026,0.253697613388989,0.253697613388989,False,22,False,False
6232,2026,0.369207021648385,0.369207021648385,False,22,False,False
6233,2026,0.16888539916147025,0.16888539916147025,False,34,False,False
6234,2026,0.3279404960934315,0.3279404960934315,False,34,False,False
6235,2026,0.1777019454715527,-0.5190992471512466,True,19,True,False
6236,2026,1.2529797422978701,1.2529797422978701,False,22,False,False
6237,2026,0.6295510115339722,-0.7169116070412123,True,2,True,False
6238,2026,0.32330897355682847,0.32330897355682847,False,22,False,False
6239,2026,0.30730333052388004,0.30730333052388004,False,22,False,False
6240,2026,0.7745117002245706,-0.5307573191742594,True,50,True,False
6241,2026,0.2036732792163547,0.2036732792163547,False,34,False,False
6242,2026,0.4059301308732934,0.4059301308732934,False,22,False,False
6243,2026,0.1856393988471049,0.1856393988471049,False,22,False,False
6244,2026,-1.0276142444640524,-0.7042322132984333,True,15,False,True
6245,2026,1.0787911566947346,1.0787911566947346,False,22,False,False
6246,2026,0.2174756616151018,0.2174756616151018,False,22,False,False
6247,2026,0.6086144475526183,0.6086144475526183,False,22,False,False
6248,2026,-1.027608660289118,-0.7200221081822238,True,104,False,True
6249,2026,0.21084355182581166,0.21084355182581166,False,34,False,False
6250,2026,0.20518630721951062,0.20518630721951062,False,58,False,False
6251,2026,0.24395940929871127,0.24395940929871127,False,22,False,False
6252,2026,0.23720751561968487,0.23720751561968487,False,22,False,False
6253,2026,1.297777374763758,1.297777374763758,False,22,False,False
6254,2026,-1.0316089590521067,-0.6850000414787417,True,2,False,True
6255,2026,0.5413431545126635,0.5413431545126635,False,22,False,False
6256,2026,0.2961076598414004,0.2961076598414004,False,58,False,False
6257,2026,0.27408937102633446,0.27408937102633446,False,34,False,False
6258,2026,0.3985025016844205,0.3985025016844205,False,22,False,False
6259,2026,0.6618717912400136,0.6618717912400136,False,22,False,False
6260,2026,-1.0325800511672156,-0.5001068051294997,True,23,False,True
6261,2026,0.5076551399212456,-0.5115097526624536,True,16,True,False
6262,2026,0.48642926485879323,0.48642926485879323,False,22,False,False
6263,2026,0.2033612052541622,0.2033612052541622,False,82,False,False
6264,2026,0.3028537018301654,-0.7154372835372717,True,2,True,False
6265,2026,0.4077385171194684,0.4077385171194684,False,22,False,False
6266,2026,0.6551484927974478,0.6551484927974478,False,22,False,False
6267,2026,0.30379553781931884,0.30379553781931884,False,22,False,False
6268,2026,0.19212964311906555,-0.6208276557519528,True,53,True,False
6269,2026,0.33640163498477205,0.33640163498477205,False,22,False,False
6270,2026,0.16530569051258706,-0.6580529739538289,True,29,True,False
6271,2026,0.44540324306878004,0.44540324306878004,False,22,False,False
6272,2026,0.5548159278363751,-0.6272145824844452,True,2,True,False
6273,2026,0.45358414619979714,0.45358414619979714,False,22,False,False
6274,2026,-1.022205382900757,-0.5466995221361096,True,25,False,True
6275,2026,0.38931994044069984,0.38931994044069984,False,22,False,False
6276,2026,-1.0219969917994665,-0.6327232881039946,True,33,False,True
6277,2026,0.22058882869570928,0.22058882869570928,False,22,False,False
6278,2026,0.2802307710175142,-0.5230828142557091,True,41,True,False
6279,2026,-1.0211229517426923,-0.5338070332253302,True,29,False,True
6280,2026,0.19969483367964846,-0.6082269167819214,True,15,True,False
6281,2026,-1.0174619158126308,-0.6048086853490933,True,34,False,True
6282,2026,0.32351666351464287,-0.7371622235802988,True,51,True,False
6283,2026,0.36440882485630444,-0.7373221370030166,True,27,True,False
6284,2026,0.26889190514140277,0.26889190514140277,False,34,False,False
6285,2026,-1.0168509305629625,-0.5503524372762146,True,40,False,True
6286,2026,-1.0171510781039463,-0.6624884172857128,True,32,False,True
6287,2026,0.42192606659922993,0.42192606659922993,False,22,False,False
6288,2026,-1.018413968911375,-1.018413968911375,False,35,False,False
6289,2026,0.26367264549604036,0.26367264549604036,False,22,False,False
6290,2026,0.9496826307189473,0.9496826307189473,False,22,False,False
6291,2026,0.9505211062100866,0.9505211062100866,False,22,False,False
6292,2026,1.519504464663442,1.519504464663442,False,22,False,False
6293,2026,0.35763315769855364,0.35763315769855364,False,22,False,False
6294,2026,0.19688677878780703,0.19688677878780703,False,22,False,False
6295,2026,0.2723312056458078,0.2723312056458078,False,70,False,False
6296,2026,0.24970710551624695,0.24970710551624695,False,58,False,False
6297,2026,0.24709369904562445,0.24709369904562445,False,34,False,False
6298,2026,0.2643709766853363,0.2643709766853363,False,34,False,False
6299,2026,0.3028404794432013,0.3028404794432013,False,22,False,False
6300,2026,0.5455192138398941,0.5455192138398941,False,46,False,False
6301,2026,0.19496561045368946,0.19496561045368946,False,34,False,False
6302,2026,0.2622815119368579,0.2622815119368579,False,22,False,False
6303,2026,-1.0084157946279297,-0.5373048763757328,True,15,False,True
6304,2026,0.3011333091085573,0.3011333091085573,False,22,False,False
6305,2026,0.2771671116357163,-0.6168493938677703,True,28,True,False
6306,2026,0.3938440145739864,-0.5316023054712598,True,16,True,False
6307,2026,0.5560360433663134,0.5560360433663134,False,58,False,False
6308,2026,0.34612189110857966,0.34612189110857966,False,22,False,False
6309,2026,0.19713418193994,0.19713418193994,False,22,False,False
6310,2026,0.32109705025106644,-0.5218688045945065,True,34,True,False
6311,2026,0.421450344286956,-0.6550877489625032,True,54,True,False
6312,2026,0.42422984885159754,0.42422984885159754,False,22,False,False
6313,2026,0.49884188611247277,-0.6030898098492905,True,30,True,False
6314,2026,0.22834198019418467,0.22834198019418467,False,58,False,False
6315,2026,-1.0144344680889938,-1.0144344680889938,False,72,False,False
6316,2026,0.2685400544780452,0.2685400544780452,False,22,False,False
6317,2026,0.2741081480285068,0.2741081480285068,False,22,False,False
6318,2026,0.20342550753660016,0.20342550753660016,False,12,False,False
6319,2026,0.2610769895245703,0.2610769895245703,False,82,False,False
6320,2026,0.2415905208975314,0.2415905208975314,False,46,False,False
6321,2026,0.21899739925258885,0.21899739925258885,False,34,False,False
6322,2026,0.2529931926392965,0.2529931926392965,False,46,False,False
6323,2026,0.5781033272724967,0.5781033272724967,False,34,False,False
6324,2026,0.3900869864761373,0.3900869864761373,False,22,False,False
6325,2026,0.407236569292941,0.407236569292941,False,22,False,False
6326,2026,0.18829325518769416,0.18829325518769416,False,22,False,False
6327,2026,0.19438162500966982,0.19438162500966982,False,46,False,False
6328,2026,0.45861993020069275,-0.7122457350415311,True,21,True,False
6329,2026,0.5356729043026468,0.5356729043026468,False,22,False,False
6330,2026,0.5619669640585819,0.5619669640585819,False,22,False,False
6331,2026,0.9433231030387879,0.9433231030387879,False,58,False,False
6332,2026,0.3858851856782258,0.3858851856782258,False,34,False,False
6333,2026,0.4525571599789328,0.4525571599789328,False,22,False,False
6334,2026,1.0135149468681075,1.0135149468681075,False,22,False,False
6335,2026,-1.0153481096691193,-0.5068307648108803,True,62,False,True
6336,2026,0.2963679728934323,0.2963679728934323,False,57,False,False
6337,2026,-1.0193795636570286,-0.6417419651277116,True,18,False,True
6338,2026,0.2791482059692591,0.2791482059692591,False,34,False,False
6339,2026,0.5226316098251584,0.5226316098251584,False,46,False,False
6340,2026,0.4959248373685424,0.4959248373685424,False,34,False,False
6341,2026,0.8294403254633366,0.8294403254633366,False,22,False,False
6342,2026,-1.0215527979520393,-0.5857484807173393,True,21,False,True
6343,2026,0.3566349874643736,0.3566349874643736,False,22,False,False
6344,2026,0.42875805438805537,0.42875805438805537,False,34,False,False
6345,2026,0.3569839748907332,0.3569839748907332,False,22,False,False
6346,2026,0.5782372640519804,0.5782372640519804,False,22,False,False
6347,2026,0.21509551560699416,0.21509551560699416,False,22,False,False
6348,2026,0.23082499375274212,0.23082499375274212,False,22,False,False
6349,2026,0.27629826087862513,0.27629826087862513,False,70,False,False
6350,2026,0.21581544850009904,0.21581544850009904,False,22,False,False
6351,2026,0.3860078113294201,0.3860078113294201,False,22,False,False
6352,2026,2.8084108030190507,2.8084108030190507,False,22,False,False
6353,2026,0.5607854342415259,0.5607854342415259,False,22,False,False
6354,2026,0.26962961480204206,0.26962961480204206,False,22,False,False
6355,2026,0.23793475269563225,0.23793475269563225,False,22,False,False
6356,2026,0.27835545108014603,0.27835545108014603,False,22,False,False
6357,2026,0.32094763271650145,0.32094763271650145,False,22,False,False
6358,2026,-1.0203075536610284,-1.0203075536610284,False,22,False,False
6359,2026,0.3153494256504086,-0.5721927467655246,True,68,True,False
6360,2026,0.262253554763164,0.262253554763164,False,22,False,False
6361,2026,0.4235110450009775,-0.5045934545077967,True,45,True,False
6362,2026,0.8240042922902924,0.8240042922902924,False,58,False,False
6363,2026,0.8545786172770962,0.8545786172770962,False,46,False,False
6364,2026,1.1493006579443241,1.1493006579443241,False,22,False,False
6365,2026,0.7635024571950688,0.7635024571950688,False,22,False,False
6366,2026,-1.0272198481886676,-0.6878041235291735,True,2,False,True
6367,2026,0.35796140445368674,0.35796140445368674,False,22,False,False
6368,2026,-1.0280801857208888,-0.5794710493821325,True,18,False,True
6369,2026,0.4453242890050895,-0.8229389766832698,True,62,True,False
6370,2026,0.5395690403142107,-0.7483557158783785,True,50,True,False
6371,2026,0.22161570386970114,0.22161570386970114,False,22,False,False
6372,2026,0.4264075225457617,0.4264075225457617,False,22,False,False
6373,2026,0.3992883174204539,-0.8759587399967974,True,14,True,False
6374,2026,0.5711468097077042,0.5711468097077042,False,22,False,False
6375,2026,0.18944584921494656,0.18944584921494656,False,22,False,False
6376,2026,0.7888441320846266,0.7888441320846266,False,22,False,False
6377,2026,0.3958037734024054,-0.570148832004275,True,2,True,False
6378,2026,0.30614018918286945,0.30614018918286945,False,22,False,False
6379,2026,0.41626538047404177,-0.6098317480035246,True,23,True,False
6380,2026,0.23898251739089937,0.23898251739089937,False,22,False,False
6381,2026,0.7519560000312274,0.7519560000312274,False,22,False,False
6382,2026,0.4965468421591108,-0.6126438865163487,True,2,True,False
6383,2026,-1.0204951323220182,-0.6478717318164312,True,41,False,True
6384,2026,1.1028890055291953,-0.6032527676509132,True,29,True,False
6385,2026,0.43253492295857165,0.43253492295857165,False,58,False,False
6386,2026,0.3032363696696288,0.3032363696696288,False,34,False,False
6387,2026,0.2043543517184853,0.2043543517184853,False,22,False,False
6388,2026,0.33053792757298595,0.33053792757298595,False,22,False,False
6389,2026,0.5481228522806177,0.5481228522806177,False,22,False,False
6390,2026,0.29857091973392036,0.29857091973392036,False,33,False,False
6391,2026,0.5247409052709947,0.5247409052709947,False,21,False,False
6392,2026,0.20702192762046825,0.20702192762046825,False,34,False,False
6393,2026,0.1836626068397051,0.1836626068397051,False,22,False,False
6394,2026,0.17224934063922304,0.17224934063922304,False,22,False,False
6395,2026,-1.0242104828208816,-0.7163498624180074,True,42,False,True
6396,2026,-1.025194713139705,-0.5844665509135586,True,30,False,True
6397,2026,-1.0256678014322098,-0.7034859846389193,True,59,False,True
6398,2026,0.26492223906836976,0.26492223906836976,False,22,False,False
6399,2026,-1.02587076679986,-0.7232894529681907,True,35,False,True
6400,2026,1.2708200646374963,-0.6661933964359761,True,27,True,False
6401,2026,1.7137425854933859,1.7137425854933859,False,94,False,False
6402,2026,0.24440608348776782,0.24440608348776782,False,58,False,False
6403,2026,0.33177176031590855,0.33177176031590855,False,58,False,False
6404,2026,0.2649015803566133,0.2649015803566133,False,34,False,False
6405,2026,0.21308868738264797,0.21308868738264797,False,22,False,False
6406,2026,2.001200923433752,2.001200923433752,False,34,False,False
6407,2026,-1.0308182582496632,-1.0308182582496632,False,12,False,False
6408,2026,0.6696656428934182,0.6696656428934182,False,22,False,False
6409,2026,0.45601976835645,0.45601976835645,False,70,False,False
6410,2026,0.5194311923408034,0.5194311923408034,False,58,False,False
6411,2026,0.20041697023971317,-0.6064200175226366,True,17,True,False
6412,2026,0.6575879111293778,-0.630599423181341,True,2,True,False
6413,2026,1.2449116442107093,1.2449116442107093,False,46,False,False
6414,2026,1.298950779022169,1.298950779022169,False,34,False,False
6416,2026,0.5331117377256313,0.5331117377256313,False,34,False,False
6417,2026,0.593212831571063,0.593212831571063,False,22,False,False
6418,2026,0.32769209894066764,-0.563324592065157,True,59,True,False
6419,2026,0.4295729879191742,0.4295729879191742,False,34,False,False
6420,2026,0.28783089782203697,0.28783089782203697,False,22,False,False
6421,2026,1.1008074267581782,1.1008074267581782,False,70,False,False
6422,2026,0.18162100748063764,0.18162100748063764,False,34,False,False
6423,2026,0.32372373230156143,0.32372373230156143,False,22,False,False
6424,2026,0.31735632776754097,0.31735632776754097,False,22,False,False
6425,2026,1.0516625259446608,1.0516625259446608,False,22,False,False
6426,2026,0.7777483855427259,0.7777483855427259,False,34,False,False
6427,2026,0.2558376664393665,0.2558376664393665,False,22,False,False
6428,2026,-1.023207116010597,-0.5111145512000718,True,80,False,True
6429,2026,-1.02357676064419,-0.6138091570745303,True,70,False,True
6430,2026,0.21355010067934269,0.21355010067934269,False,22,False,False
6431,2026,0.24251863567975934,0.24251863567975934,False,22,False,False
6432,2026,0.2477119138598372,0.2477119138598372,False,34,False,False
6433,2026,0.4022745313507668,0.4022745313507668,False,22,False,False
6434,2026,0.4767449161399708,-0.7266036459210455,True,2,True,False
6435,2026,0.2936628467530238,0.2936628467530238,False,34,False,False
6436,2026,0.40880258924956697,0.40880258924956697,False,22,False,False
6437,2026,0.49716913127022444,0.49716913127022444,False,22,False,False
6438,2026,0.1806477167870755,0.1806477167870755,False,34,False,False
6439,2026,0.3067964661657519,0.3067964661657519,False,22,False,False
6440,2026,-1.024760525740187,-0.6248560566823405,True,38,False,True
6441,2026,-1.0261730370766984,-0.5043626645571233,True,23,False,True
6442,2026,0.21256124263474932,-0.5332942749156071,True,25,True,False
6443,2026,0.3200706221987095,0.3200706221987095,False,34,False,False
6444,2026,0.23622832688774326,-0.5443760037642016,True,5,True,False
6445,2026,0.21336981030093505,0.21336981030093505,False,22,False,False
6446,2026,0.35791297556797397,0.35791297556797397,False,22,False,False
6447,2026,0.3895254002890029,-0.5768196682403959,True,2,True,False
6448,2026,-1.0259887937706977,-0.9211184621615796,True,26,False,True
6449,2026,-1.0254551583622036,-0.739201873063396,True,20,False,True
6450,2026,0.5596170705846656,0.5596170705846656,False,22,False,False
6451,2026,0.19729217049868128,0.19729217049868128,False,46,False,False
6452,2026,0.4916836240642643,0.4916836240642643,False,22,False,False
6453,2026,0.18780276330089707,0.18780276330089707,False,22,False,False
6454,2026,-1.0243492919468842,-0.7462924036771829,True,25,False,True
6455,2026,0.28792553655932746,0.28792553655932746,False,22,False,False
6456,2026,0.5977521470737465,0.5977521470737465,False,22,False,False
6457,2026,0.5651569741594367,0.5651569741594367,False,22,False,False
6458,2026,-1.0240761047767595,-0.7333413355225347,True,30,False,True
6459,2026,-1.0298422165662315,-0.7164792957759004,True,22,False,True
6460,2026,0.2195306208210174,0.2195306208210174,False,22,False,False
6461,2026,-1.0273696504321614,-1.0273696504321614,False,19,False,False
6462,2026,-1.0242419037428414,-0.7329715697493017,True,14,False,True
6463,2026,2.1802950777761994,-0.627327832419219,True,2,True,False
6464,2026,0.4154869514890443,0.4154869514890443,False,22,False,False
6465,2026,0.3293757230125881,0.3293757230125881,False,22,False,False
6466,2026,-1.011801180517903,-1.011801180517903,False,22,False,False
6467,2026,0.4449670940141461,-0.5143680611950845,True,2,True,False
6468,2026,-1.0058480698419505,-0.5847384249227519,True,65,False,True
6469,2026,0.2436376935835264,0.2436376935835264,False,22,False,False
6470,2026,0.19587311394459186,0.19587311394459186,False,46,False,False
6471,2026,0.2616829549457476,0.2616829549457476,False,34,False,False
6472,2026,0.5861002516330758,-0.6323885735953205,True,44,True,False
6473,2026,0.4621116730499087,0.4621116730499087,False,22,False,False
6474,2026,0.8440232680208148,0.8440232680208148,False,70,False,False
6475,2026,0.18803279122659552,0.18803279122659552,False,22,False,False
6476,2026,0.7907494050064852,0.7907494050064852,False,46,False,False
6477,2026,0.9432746737415695,0.9432746737415695,False,34,False,False
6478,2026,0.3107440372484332,0.3107440372484332,False,22,False,False
6479,2026,-1.0139375897482286,-0.5378712879200553,True,30,False,True
6480,2026,0.6073341543594002,0.6073341543594002,False,81,False,False
6481,2026,0.7563088806158257,0.7563088806158257,False,34,False,False
6482,2026,0.9426920248104078,0.9426920248104078,False,22,False,False
6483,2026,0.25075327138063414,-0.6418982604147797,True,2,True,False
6484,2026,0.6654520049544745,0.6654520049544745,False,22,False,False
6485,2026,0.515284095492087,0.515284095492087,False,22,False,False
6486,2026,0.25840882118121916,0.25840882118121916,False,22,False,False
6487,2026,0.31498282777830167,0.31498282777830167,False,22,False,False
6488,2026,0.22319682007759262,0.22319682007759262,False,33,False,False
6489,2026,0.6082439464810186,0.6082439464810186,False,21,False,False
6490,2026,0.7943589640730587,0.7943589640730587,False,70,False,False
6491,2026,0.34814095905116826,0.34814095905116826,False,46,False,False
6492,2026,0.42204284492262517,0.42204284492262517,False,34,False,False
6493,2026,0.569657047609145,0.569657047609145,False,22,False,False
6494,2026,1.068651751568651,1.068651751568651,False,22,False,False
6496,2026,0.5257803097154071,0.5257803097154071,False,22,False,False
6497,2026,0.6831744421638789,0.6831744421638789,False,46,False,False
6498,2026,0.27948593901212065,0.27948593901212065,False,22,False,False
6499,2026,0.6522684637866267,0.6522684637866267,False,22,False,False
6500,2026,0.2922141881386142,-0.7219755644956501,True,24,True,False
6501,2026,0.4886151007508367,0.4886151007508367,False,22,False,False
6502,2026,0.23895396726331683,-0.6629587709030105,True,40,True,False
6503,2026,0.5299290013467205,0.5299290013467205,False,69,False,False
6504,2026,0.314320938893622,0.314320938893622,False,22,False,False
6505,2026,0.22460078118156548,0.22460078118156548,False,22,False,False
6506,2026,0.378841236992318,0.378841236992318,False,22,False,False
6507,2026,0.19895740105398255,-0.6410586579452769,True,2,True,False
6508,2026,-1.0142720880579414,-0.6001907430929732,True,53,False,True
6509,2026,-1.0148178568412682,-0.5798494043258579,True,41,False,True
6510,2026,-1.01951783865959,-1.01951783865959,False,17,False,False
6511,2026,0.29052299755904776,0.29052299755904776,False,22,False,False
6512,2026,0.9509228419231315,0.9509228419231315,False,34,False,False
6513,2026,1.1651667324010302,1.1651667324010302,False,22,False,False
6514,2026,0.22820693711795959,-0.5003755007205483,True,2,True,False
6515,2026,0.27643655619131396,-0.7196363032772788,True,2,True,False
6516,2026,2.3812052601921403,2.3812052601921403,False,21,False,False
6517,2026,0.7362879020562622,0.7362879020562622,False,22,False,False
6518,2026,-1.0143600565059405,-0.6391647400720579,True,45,False,True
6519,2026,-1.0147756439433329,-0.5163861902334117,True,33,False,True
6520,2026,-1.015315694204623,-0.5941729802742152,True,33,False,True
6521,2026,0.21549325268094333,0.21549325268094333,False,22,False,False
6522,2026,-1.0155088884481478,-0.5467532447450252,True,28,False,True
6523,2026,0.5092278733355143,0.5092278733355143,False,46,False,False
6524,2026,0.47395553474306334,0.47395553474306334,False,34,False,False
6525,2026,0.2662659486029377,0.2662659486029377,False,22,False,False
6526,2026,-1.0238095776806377,-0.6961309690535313,True,22,False,True
6527,2026,0.2873582533965502,0.2873582533965502,False,22,False,False
6528,2026,0.28861001846565787,0.28861001846565787,False,34,False,False
6529,2026,0.5792409012722722,0.5792409012722722,False,22,False,False
6530,2026,0.2248058782626809,0.2248058782626809,False,22,False,False
6531,2026,0.3069869752330455,0.3069869752330455,False,22,False,False
6532,2026,0.3975280341045867,0.3975280341045867,False,22,False,False
6533,2026,0.20980577063976671,0.20980577063976671,False,22,False,False
6534,2026,0.1936482864208901,0.1936482864208901,False,34,False,False
6535,2026,0.2304463639048427,0.2304463639048427,False,34,False,False
6536,2026,0.3524558946551929,0.3524558946551929,False,22,False,False
6537,2026,0.25229553601622184,-0.5789994451180278,True,30,True,False
6538,2026,0.5660532703475494,0.5660532703475494,False,70,False,False
6539,2026,0.21084253003332054,0.21084253003332054,False,22,False,False
6540,2026,0.6286368099689738,0.6286368099689738,False,46,False,False
6541,2026,0.49733665253872655,0.49733665253872655,False,22,False,False
6542,2026,0.5728409171111742,0.5728409171111742,False,22,False,False
6543,2026,0.7551687187129859,0.7551687187129859,False,22,False,False
6544,2026,0.42938631143004746,-0.656672736887572,True,3,True,False
6545,2026,0.36106434286002614,0.36106434286002614,False,22,False,False
6546,2026,-1.0252017086708356,-1.0252017086708356,False,30,False,False
6547,2026,-1.0250884630972876,-0.5393959421189197,True,37,False,True
6548,2026,0.8205179635473937,0.8205179635473937,False,34,False,False
6549,2026,1.0968949366198784,1.0968949366198784,False,22,False,False
6550,2026,0.1872113762066043,0.1872113762066043,False,22,False,False
6551,2026,0.28890352272208536,0.28890352272208536,False,22,False,False
6552,2026,-1.0293463478642608,-0.5773085269468543,True,26,False,True
6553,2026,-1.0296851185643303,-0.5471998275060056,True,39,False,True
6554,2026,0.2765474315390747,0.2765474315390747,False,46,False,False
6555,2026,0.24417366724037637,0.24417366724037637,False,22,False,False
6556,2026,1.2876018025415887,1.2876018025415887,False,46,False,False
6557,2026,0.3839344577429886,0.3839344577429886,False,22,False,False
6558,2026,1.3172006944229566,1.3172006944229566,False,22,False,False
6559,2026,-1.0317233004926574,-0.6781192778595901,True,26,False,True
6560,2026,0.20760907841027368,0.20760907841027368,False,58,False,False
6561,2026,0.35247683873282454,0.35247683873282454,False,22,False,False
6562,2026,0.47200390552709176,0.47200390552709176,False,22,False,False
6563,2026,0.604241085598286,-0.5442259191592231,True,2,True,False
6564,2026,0.8656953113231672,0.8656953113231672,False,34,False,False
6565,2026,1.0176948327863753,1.0176948327863753,False,22,False,False
6566,2026,1.9932623689886209,-0.5408210074620554,True,2,True,False
6568,2026,0.3989277949603051,0.3989277949603051,False,46,False,False
6569,2026,0.24797148386617218,0.24797148386617218,False,22,False,False
6570,2026,0.19327418498747342,0.19327418498747342,False,22,False,False
6571,2026,0.5110007741639585,0.5110007741639585,False,22,False,False
6572,2026,0.20486172460552463,0.20486172460552463,False,22,False,False
6573,2026,0.20808499155269067,0.20808499155269067,False,22,False,False
6574,2026,0.2777328541019385,0.2777328541019385,False,22,False,False
6575,2026,-1.0306400897704366,-0.5474586631156054,True,2,False,True
6576,2026,-1.0229113735389241,-0.6208510391869381,True,61,False,True
6577,2026,-1.0238654190377012,-0.6277580584747096,True,49,False,True
6578,2026,-1.0244642552045586,-0.6523116186602179,True,72,False,True
6579,2026,-1.0252859711402933,-0.7020100908832834,True,79,False,True
6580,2026,0.5585871686135915,0.5585871686135915,False,22,False,False
6581,2026,0.23440003633134976,-0.531380412800578,True,2,True,False
6582,2026,0.7899014744270757,0.7899014744270757,False,34,False,False
6583,2026,0.8291389016851856,0.8291389016851856,False,22,False,False
6584,2026,0.35441375026936073,0.35441375026936073,False,22,False,False
6585,2026,0.676583988551284,-0.5725148907589338,True,43,True,False
6586,2026,0.46200495494861726,0.46200495494861726,False,22,False,False
6587,2026,-1.0257988089250432,-0.509633066935613,True,24,False,True
6588,2026,0.2967897222560591,0.2967897222560591,False,22,False,False
6589,2026,0.2667059099675808,0.2667059099675808,False,22,False,False
6590,2026,0.36012842643661813,0.36012842643661813,False,22,False,False
6591,2026,1.0991734718584711,1.0991734718584711,False,34,False,False
6592,2026,1.053525761940037,1.053525761940037,False,22,False,False
6594,2026,2.1695087527724826,2.1695087527724826,False,46,False,False
6595,2026,2.3301814308076962,2.3301814308076962,False,34,False,False
6596,2026,-1.0379481365750178,-1.0379481365750178,False,13,False,False
6597,2026,0.4050313060780129,0.4050313060780129,False,22,False,False
6598,2026,0.3807591684809716,0.3807591684809716,False,22,False,False
6599,2026,-1.0304476025730918,-0.6545384179004932,True,29,False,True
6600,2026,-1.0296553613882435,-0.8152192398214001,True,19,False,True
6601,2026,0.39619998578753646,0.39619998578753646,False,22,False,False
6602,2026,-1.0286186122755963,-1.0286186122755963,False,18,False,False
6603,2026,1.2503235142645246,1.2503235142645246,False,22,False,False
6604,2026,-1.0284917813047283,-0.6777348995952642,True,26,False,True
6605,2026,0.3411873826182906,0.3411873826182906,False,22,False,False
6606,2026,0.9212435857867564,0.9212435857867564,False,22,False,False
6607,2026,0.19932536825759964,0.19932536825759964,False,22,False,False
6608,2026,-1.0289544704859324,-0.5240021153374529,True,22,False,True
6609,2026,-1.0287081574678885,-0.6856430430658802,True,23,False,True
6610,2026,1.115366020099542,-0.6255527537912469,True,35,True,False
6611,2026,0.21198611386964866,0.21198611386964866,False,34,False,False
6612,2026,0.46335965193333,0.46335965193333,False,22,False,False
6613,2026,0.4379641023706847,0.4379641023706847,False,22,False,False
6614,2026,1.1111037502777845,1.1111037502777845,False,22,False,False
6615,2026,1.3606056204680188,1.3606056204680188,False,22,False,False
6616,2026,0.41413451992560624,0.41413451992560624,False,34,False,False
6617,2026,0.4141665763060191,0.4141665763060191,False,34,False,False
6618,2026,0.31704574742165026,0.31704574742165026,False,22,False,False
6619,2026,0.46654169313279725,0.46654169313279725,False,22,False,False
6620,2026,0.17077705201553142,-0.5499427815419955,True,33,True,False
6621,2026,0.2654703214862281,-0.5093454083736356,True,23,True,False
6622,2026,0.7743083966860841,0.7743083966860841,False,22,False,False
6623,2026,0.3892925119548194,0.3892925119548194,False,22,False,False
6624,2026,0.7050348936907016,0.7050348936907016,False,22,False,False
6625,2026,0.5073173586210452,0.5073173586210452,False,22,False,False
6626,2026,0.17172490785807953,-0.6212666394875584,True,7,True,False
6627,2026,0.41067651920795367,0.41067651920795367,False,22,False,False
6628,2026,0.7168108769604699,-0.8818019371501664,True,2,True,False
6629,2026,0.2280443799794917,-0.7458665961429325,True,2,True,False
6630,2026,0.6858619029862153,0.6858619029862153,False,22,False,False
6631,2026,-1.0247283732896975,-0.6894326522330192,True,2,False,True
6632,2026,-1.023596693543473,-1.023596693543473,False,14,False,False
6633,2026,0.7017978724809083,0.7017978724809083,False,22,False,False
6634,2026,0.2427046686752857,0.2427046686752857,False,22,False,False
6635,2026,-1.0244085837607138,-0.589448409148268,True,43,False,True
6636,2026,0.2198051224227836,0.2198051224227836,False,22,False,False
6637,2026,0.25734079045818214,0.25734079045818214,False,22,False,False
6638,2026,0.5884371417343488,0.5884371417343488,False,22,False,False
6639,2026,0.2081487794964911,0.2081487794964911,False,46,False,False
6640,2026,0.8410431798605364,0.8410431798605364,False,22,False,False
6641,2026,0.27960191611052454,0.27960191611052454,False,22,False,False
6642,2026,0.23957232364679326,0.23957232364679326,False,46,False,False
6643,2026,0.8431605260982585,0.8431605260982585,False,22,False,False
6644,2026,-1.0243749532325799,-0.6277113794743502,True,17,False,True
6645,2026,0.25033150350560823,0.25033150350560823,False,34,False,False
6646,2026,0.22602169895519753,0.22602169895519753,False,46,False,False
6647,2026,0.21857439535815243,0.21857439535815243,False,58,False,False
6648,2026,0.4501171640341816,0.4501171640341816,False,22,False,False
6649,2026,-1.0249720775479076,-0.7135763752023958,True,15,False,True
6650,2026,0.22277901626586136,0.22277901626586136,False,22,False,False
6651,2026,0.3195220110785082,-0.506439142555002,True,5,True,False
6652,2026,0.39459485734236865,0.39459485734236865,False,22,False,False
6653,2026,-1.0299272357558302,-0.6345618331397749,True,18,False,True
6654,2026,0.35490821684229196,0.35490821684229196,False,22,False,False
6655,2026,0.37533978825515096,0.37533978825515096,False,22,False,False
6656,2026,0.6221583809416266,0.6221583809416266,False,22,False,False
6657,2026,0.40582304971033006,0.40582304971033006,False,22,False,False
6658,2026,0.2588415597002483,0.2588415597002483,False,22,False,False
6659,2026,0.22904332275142927,0.22904332275142927,False,22,False,False
6660,2026,0.20879246096760795,0.20879246096760795,False,22,False,False
6661,2026,0.9574325603301896,0.9574325603301896,False,34,False,False
6662,2026,1.3637209817792668,1.3637209817792668,False,22,False,False
6663,2026,0.9551460165294969,-0.6150451934959836,True,23,True,False
6664,2026,0.40821018180999424,0.40821018180999424,False,22,False,False
6665,2026,1.1272871260578925,1.1272871260578925,False,34,False,False
6666,2026,0.9643617414494907,0.9643617414494907,False,22,False,False
6667,2026,0.31719194717930366,0.31719194717930366,False,34,False,False
6668,2026,-1.0235422786681445,-0.6934168275410635,True,61,False,True
6669,2026,-1.0243052351868918,-0.6814350195186097,True,49,False,True
6670,2026,-1.0242922634309428,-1.0242922634309428,False,36,False,False
6671,2026,0.5010439283053996,0.5010439283053996,False,22,False,False
6672,2026,-1.0242578939964042,-1.0242578939964042,False,15,False,False
6673,2026,0.367982290010514,0.367982290010514,False,34,False,False
6674,2026,-1.023949631068879,-0.5597154852224525,True,34,False,True
6675,2026,0.3412848507458861,0.3412848507458861,False,22,False,False
6676,2026,0.45346737222380956,0.45346737222380956,False,34,False,False
6677,2026,0.5282009978543672,0.5282009978543672,False,22,False,False
6678,2026,0.28466670865143606,0.28466670865143606,False,22,False,False
6679,2026,0.20383867841647357,0.20383867841647357,False,22,False,False
6680,2026,0.6081072330816419,0.6081072330816419,False,22,False,False
6681,2026,0.27685503296115793,0.27685503296115793,False,46,False,False
6682,2026,0.3011513125699048,0.3011513125699048,False,22,False,False
6683,2026,0.48767042918219966,0.48767042918219966,False,22,False,False
6684,2026,-1.027019159510326,-0.5341757814603728,True,3,False,True
6685,2026,0.3114965564398064,0.3114965564398064,False,22,False,False
6686,2026,0.5134825218921469,0.5134825218921469,False,22,False,False
6687,2026,-1.0259612372745934,-0.7831634369017083,True,24,False,True
6688,2026,0.2901084712063054,0.2901084712063054,False,82,False,False
6689,2026,0.33603860023571336,0.33603860023571336,False,22,False,False
6690,2026,0.1995165368672825,0.1995165368672825,False,46,False,False
6691,2026,0.3127843328309955,0.3127843328309955,False,46,False,False
6692,2026,0.49213546753162,0.49213546753162,False,22,False,False
6693,2026,0.1808091786989198,-0.5396366711408166,True,2,True,False
6694,2026,0.3014403412718881,0.3014403412718881,False,22,False,False
6695,2026,0.1923653933287961,-0.7120254268895039,True,15,True,False
6696,2026,0.2654741268280813,-0.6253620031977427,True,3,True,False
6697,2026,0.3446888555757845,0.3446888555757845,False,22,False,False
6698,2026,0.7479335705406819,0.7479335705406819,False,22,False,False
6699,2026,-1.0309655823574178,-1.0309655823574178,False,18,False,False
6700,2026,0.6002422904220368,0.6002422904220368,False,22,False,False
6701,2026,-1.0269287831762788,-0.6050463769418638,True,24,False,True
6702,2026,-1.026232622416833,-0.5444118774279049,True,19,False,True
6703,2026,0.567211946149968,0.567211946149968,False,22,False,False
6704,2026,-1.0264076636087862,-0.6998611529717905,True,28,False,True
6705,2026,0.18714493305967858,-0.515999291042008,True,50,True,False
6706,2026,0.3282541515258915,0.3282541515258915,False,46,False,False
6707,2026,0.3195760134723422,0.3195760134723422,False,34,False,False
6708,2026,0.5673122430163285,0.5673122430163285,False,22,False,False
6709,2026,-1.0225247999236209,-0.5546794656716689,True,2,False,True
6710,2026,0.21559812967402656,0.21559812967402656,False,21,False,False
6711,2026,0.3023512149334625,0.3023512149334625,False,34,False,False
6712,2026,0.2664904202828764,0.2664904202828764,False,22,False,False
6713,2026,0.5376621054391251,0.5376621054391251,False,46,False,False
6714,2026,0.49206260140806574,0.49206260140806574,False,34,False,False
6715,2026,0.8936566673913954,0.8936566673913954,False,22,False,False
6716,2026,0.3903750072012685,0.3903750072012685,False,22,False,False
6717,2026,1.1377950698029853,-0.6249442504137598,True,29,True,False
6718,2026,-1.0266130999551308,-0.6290140561156815,True,17,False,True
6719,2026,0.5909253641370876,0.5909253641370876,False,22,False,False
6720,2026,-1.0272646121590931,-0.543507639267886,True,20,False,True
6721,2026,0.23442300576392502,0.23442300576392502,False,46,False,False
6722,2026,0.2527688774708082,0.2527688774708082,False,22,False,False
6723,2026,2.1313193723669435,2.1313193723669435,False,22,False,False
6724,2026,0.3435381383013727,-0.5059586995036377,True,2,True,False
6725,2026,-1.0296267710243905,-0.5188212604491024,True,48,False,True
6726,2026,0.5207099623740944,0.5207099623740944,False,22,False,False
6727,2026,0.32833396133532694,0.32833396133532694,False,22,False,False
6728,2026,0.17075569872629545,0.17075569872629545,False,22,False,False
6729,2026,0.5565719762300467,0.5565719762300467,False,22,False,False
6730,2026,0.9052782936290144,0.9052782936290144,False,22,False,False
6731,2026,0.28246341761187993,0.28246341761187993,False,22,False,False
6732,2026,-1.0273745221500952,-0.5692852337168767,True,29,False,True
6733,2026,-1.0270549156922677,-1.0270549156922677,False,19,False,False
6734,2026,0.20935888654432874,0.20935888654432874,False,22,False,False
6735,2026,0.40049678998221594,0.40049678998221594,False,22,False,False
6736,2026,1.6460971745747135,1.6460971745747135,False,34,False,False
6737,2026,-1.0270811489010359,-0.7106785021138722,True,20,False,True
6738,2026,0.6404576358531567,0.6404576358531567,False,22,False,False
6739,2026,0.2254835459113248,0.2254835459113248,False,22,False,False
6740,2026,0.19859863048679913,0.19859863048679913,False,22,False,False
6741,2026,0.3740721625053696,0.3740721625053696,False,34,False,False
6742,2026,0.2941781754204475,0.2941781754204475,False,22,False,False
6743,2026,0.15312049819896295,0.15312049819896295,False,17,False,False
6744,2026,0.44694376531863944,-0.7977263086830877,True,21,True,False
6745,2026,0.3831709817492019,0.3831709817492019,False,22,False,False
6746,2026,-1.018456822591577,-0.9412864762120245,True,27,False,True
6747,2026,-1.0187112836106669,-0.6666285604180168,True,16,False,True
6748,2026,0.23742484003243494,0.23742484003243494,False,22,False,False
6749,2026,0.27419299140781384,0.27419299140781384,False,22,False,False
6750,2026,0.8993811550747003,0.8993811550747003,False,46,False,False
6751,2026,0.9061458971940701,0.9061458971940701,False,34,False,False
6752,2026,0.8687550361916586,0.8687550361916586,False,22,False,False
6753,2026,0.6128245148358377,0.6128245148358377,False,34,False,False
6754,2026,0.6390712169903766,0.6390712169903766,False,22,False,False
6755,2026,0.3068658433752898,0.3068658433752898,False,34,False,False
6756,2026,0.4174401356664688,0.4174401356664688,False,22,False,False
6757,2026,-1.0156740916157285,-0.5469928194146046,True,42,False,True
6758,2026,0.5463101274816443,-0.53639135732929,True,46,True,False
6759,2026,0.6627183566802829,-0.6125436377292155,True,45,True,False
6760,2026,0.25910527478106976,0.25910527478106976,False,22,False,False
6761,2026,0.26671899854022285,0.26671899854022285,False,22,False,False
6762,2026,0.41286594047364183,0.41286594047364183,False,22,False,False
6763,2026,0.46951548259913695,0.46951548259913695,False,22,False,False
6764,2026,0.2580834572409786,0.2580834572409786,False,58,False,False
6765,2026,0.35959466799728257,0.35959466799728257,False,34,False,False
6766,2026,0.5400769587141216,0.5400769587141216,False,22,False,False
6767,2026,0.33552874924072795,0.33552874924072795,False,34,False,False
6768,2026,0.94455354246061,0.94455354246061,False,22,False,False
6769,2026,0.2863475274244726,0.2863475274244726,False,22,False,False
6770,2026,0.16951462606389361,0.16951462606389361,False,22,False,False
6771,2026,0.5994408055667033,-0.5777870270652071,True,32,True,False
6772,2026,0.45911677243876475,0.45911677243876475,False,34,False,False
6773,2026,0.48942542871719247,0.48942542871719247,False,22,False,False
6774,2026,0.19934935617003793,0.19934935617003793,False,22,False,False
6775,2026,0.6466583381990997,0.6466583381990997,False,46,False,False
6776,2026,0.5699550568124405,0.5699550568124405,False,22,False,False
6777,2026,0.5251160197248157,-0.5313987082244036,True,2,True,False
6778,2026,0.7477648605912706,0.7477648605912706,False,22,False,False
6779,2026,0.44322424649986225,0.44322424649986225,False,22,False,False
6780,2026,0.2757707505905992,0.2757707505905992,False,22,False,False
6781,2026,0.4363853050371759,0.4363853050371759,False,22,False,False
6782,2026,0.6085192935613029,0.6085192935613029,False,22,False,False
6783,2026,0.2869341620535994,-0.595278873610047,True,32,True,False
6784,2026,0.43369743025690993,0.43369743025690993,False,22,False,False
6785,2026,0.20320492550545619,0.20320492550545619,False,22,False,False
6786,2026,-1.0223558932111227,-0.9424893150605438,True,23,False,True
6787,2026,0.8851843147974643,0.8851843147974643,False,22,False,False
6788,2026,0.47212342763066434,0.47212342763066434,False,22,False,False
6789,2026,0.3719472226278207,0.3719472226278207,False,22,False,False
6790,2026,0.5999164486441493,0.5999164486441493,False,22,False,False
6791,2026,0.5455284064669401,0.5455284064669401,False,22,False,False
6792,2026,0.7222583879105551,0.7222583879105551,False,22,False,False
6793,2026,0.6152098332475235,-0.6976025619109484,True,2,True,False
6794,2026,0.674739403649409,0.674739403649409,False,34,False,False
6795,2026,0.6850102785760964,0.6850102785760964,False,22,False,False
6796,2026,0.2123899676736517,0.2123899676736517,False,22,False,False
6797,2026,0.48023827035928895,0.48023827035928895,False,34,False,False
6798,2026,0.3967230577713965,0.3967230577713965,False,22,False,False
6799,2026,0.21941264284737225,0.21941264284737225,False,22,False,False
6800,2026,1.5773838956687407,1.5773838956687407,False,34,False,False
6801,2026,0.5346896643020073,0.5346896643020073,False,22,False,False
6802,2026,1.4893654564942695,-0.6859655821222609,True,3,True,False
6803,2026,2.891818637270042,-0.5638066460645818,True,2,True,False
6804,2026,3.2332107801122145,3.2332107801122145,False,22,False,False
6805,2026,0.5779663098651318,0.5779663098651318,False,34,False,False
6806,2026,2.3075406665638614,2.3075406665638614,False,82,False,False
6807,2026,0.1850808171834428,0.1850808171834428,False,34,False,False
6808,2026,2.7643922589795875,2.7643922589795875,False,34,False,False
6809,2026,2.8313866143176507,2.8313866143176507,False,22,False,False
6810,2026,0.19566350583821715,0.19566350583821715,False,58,False,False
6811,2026,0.2997388043794645,0.2997388043794645,False,34,False,False
6812,2026,0.23716824325798178,0.23716824325798178,False,22,False,False
6813,2026,0.28570494568866034,0.28570494568866034,False,22,False,False
6814,2026,0.3281650303249597,-0.5432390419725791,True,62,True,False
6815,2026,0.28052878544938675,0.28052878544938675,False,22,False,False
6816,2026,0.29345369079600736,0.29345369079600736,False,22,False,False
6817,2026,-1.0255983115193372,-0.5865428940060556,True,26,False,True
6818,2026,0.5351705819314536,-0.6131478368508348,True,26,True,False
6819,2026,0.19114523321798926,0.19114523321798926,False,46,False,False
6820,2026,0.3851474939126438,0.3851474939126438,False,22,False,False
6821,2026,0.5585536347406921,0.5585536347406921,False,22,False,False
6822,2026,-1.0248659338757908,-0.5453461593909963,True,2,False,True
6823,2026,0.28269731153412747,0.28269731153412747,False,46,False,False
6824,2026,0.4238825339124135,0.4238825339124135,False,22,False,False
6825,2026,-1.0251053521804083,-0.8588397491837917,True,32,False,True
6826,2026,-1.0260471887878964,-0.9051955074852787,True,20,False,True
6827,2026,0.5164841020599419,0.5164841020599419,False,22,False,False
6828,2026,0.8997271981626745,-0.6163994519868141,True,4,True,False
6829,2026,0.41155485128041586,0.41155485128041586,False,22,False,False
6830,2026,0.4914809609008293,0.4914809609008293,False,22,False,False
6831,2026,0.593165889217945,0.593165889217945,False,34,False,False
6832,2026,-1.0285326523522313,-0.5359933723473916,True,39,False,True
6833,2026,-1.0297127562870947,-0.5172259225421522,True,15,False,True
6834,2026,0.28289898894682247,0.28289898894682247,False,22,False,False
6835,2026,1.016821184693493,1.016821184693493,False,22,False,False
6837,2026,0.2775233411702991,0.2775233411702991,False,22,False,False
6838,2026,-1.025096727491187,-1.025096727491187,False,38,False,False
6839,2026,-1.0256242403060092,-1.0256242403060092,False,26,False,False
6840,2026,0.46162687500959015,0.46162687500959015,False,46,False,False
6841,2026,0.889796167013851,0.889796167013851,False,22,False,False
6842,2026,0.2887186175069675,0.2887186175069675,False,22,False,False
6843,2026,0.4192037286485027,0.4192037286485027,False,22,False,False
6844,2026,-1.0243246042362473,-0.5408012710354679,True,26,False,True
6845,2026,0.48156253097001595,0.48156253097001595,False,22,False,False
6846,2026,-1.030071021166619,-0.6298927445610224,True,54,False,True
6847,2026,-1.0308615263948764,-0.5847286128479825,True,33,False,True
6848,2026,0.20114632843893235,-0.8146476558172526,True,33,True,False
6849,2026,0.34835933836938543,-0.6117142127250634,True,22,True,False
6850,2026,0.30057026807369175,0.30057026807369175,False,22,False,False
6851,2026,0.5889638083188184,0.5889638083188184,False,34,False,False
6852,2026,0.7111500537402312,0.7111500537402312,False,22,False,False
6853,2026,0.21369808490806494,-0.5627986287590314,True,18,True,False
