trade_id,year,final_R,final_MAE,final_MFE,p0_R,max_mae,max_mfe,win
1240,2022,0.2614818311640226,0.07135415207493417,0.37460929839349316,0.2614818311640226,0.07581378657961439,0.39244783641221404,True
1241,2022,0.855241179068224,0.00913528911899649,0.9729082911684785,0.855241179068224,0.08906906890981332,0.9729082911684785,True
1242,2022,0.5003903074796645,0.04860181614300969,0.6141502221706767,0.5003903074796645,0.04860181614300969,0.6826345994631291,True
1243,2022,-1.0604318811416018,1.025486600095176,0.08840401724960666,-1.0604318811416018,0.9901249931953734,0.33151506468594955,False
1244,2022,0.7684759502424897,0.2386882051722049,0.8816411182037486,0.7684759502424897,0.2386882051722049,0.8816411182037486,True
1245,2022,0.8129208343907087,0.14785522119601244,0.9290604197539555,0.8129208343907087,0.22067943462089012,0.9290604197539555,True
1246,2022,0.2411626622827101,0.07187186229401832,0.3509037982591324,0.2411626622827101,0.8222986597758513,0.33610665013978563,True
1247,2022,3.3179328798337138,0.07814154974085671,3.446910583014328,3.3179328798337138,0.28434841711262915,3.342721850026486,True
1248,2022,0.21742138027461583,0.822426110111832,0.3310792289424343,0.21742138027461583,0.822426110111832,0.3310792289424343,True
1249,2022,0.39588863542558184,0.20833371555442914,0.5053639634736292,0.39588863542558184,0.3320963188541193,0.5053639634736292,True
1250,2022,0.5374931266669555,0.003979073190132896,0.6446098568021171,0.5374931266669555,0.5928819053303442,0.6446098568021171,True
1251,2022,0.9754758438961466,0.21927373683686363,1.0864016961463778,0.9754758438961466,0.3388775932933718,1.0864016961463778,True
1252,2022,0.17554667389403147,1.1343239977400366,0.28358099943500914,0.17554667389403147,0.9421605573334214,0.5074607358310802,True
1253,2022,-1.0468072084648061,1.659343309472548,0.14331477074527665,-1.0468072084648061,0.9306826678519163,1.2898329367076076,False
1254,2022,-1.06109643870921,1.0063849332651738,0.141522881240439,-1.06109643870921,0.9906601686828687,0.141522881240439,False
1255,2022,-1.060840970301443,1.4895639292775333,0.029075572193078204,-1.060840970301443,0.9483109699904921,0.21694850021009462,False
1256,2022,0.273530860195046,2.399526658338015,0.39702837113547235,0.273530860195046,0.8504651447274002,0.6053055494360642,True
1257,2022,0.4670487616562031,2.1597452768592986,0.588439976715852,0.4670487616562031,0.637476641442177,0.588439976715852,True
1258,2022,0.19080845143634148,0.5112682338549582,0.30240972130147686,0.19080845143634148,0.5112682338549582,0.30240972130147686,True
1259,2022,0.5285799074949881,2.2070401515637035,0.6550068860274638,0.5285799074949881,0.5173444218453964,0.6550068860274638,True
1260,2022,0.8072526795108483,0.7459811760548475,0.9131528612912019,0.8072526795108483,0.7459811760548475,1.8946124326790104,True
1261,2022,0.735032035210828,0.42841393476927214,0.8307756708025661,0.735032035210828,0.6122266702952724,0.44578206725990227,True
1262,2022,0.6044087667176868,0.16739627252633285,0.6954430509022176,0.6044087667176868,0.9621883307002957,0.0,True
1263,2022,0.18036075877129615,0.9450467570503549,0.26925168536553745,0.18036075877129615,0.9450467570503549,0.26925168536553745,True
1264,2022,0.286053126571259,0.39082197963142734,0.3927859091773121,0.286053126571259,0.39082197963142734,0.3927859091773121,True
1265,2022,0.2870722141218123,0.1571097990830224,0.39180468413299224,0.2870722141218123,0.4208990913706086,0.39180468413299224,True
1266,2022,0.3022728028109483,0.6403979061728782,0.4105618478224744,0.3022728028109483,0.5166400285996148,0.5461061899265609,True
1267,2022,0.254680311515021,0.4930317656132533,0.3623486470169536,0.254680311515021,0.4930317656132533,0.3623486470169536,True
1268,2022,0.20003850127124803,0.5453663357868438,0.306647263538546,0.20003850127124803,0.38233867669038935,0.45608928437693314,True
1269,2022,-1.051276909711172,1.1399055456091143,0.0799265991912606,-1.051276909711172,0.9933734470917528,0.816393120311027,False
1270,2022,-1.0528880486182977,1.0949967489081123,0.06672023201230706,-1.0528880486182977,0.9438950469978545,0.16287586050065686,False
1271,2022,1.6601105565759198,0.15993031231765548,1.7727215341230447,1.6601105565759198,0.32949498079897077,1.4817639779789322,True
1272,2022,0.2385283488224937,0.31121020166964175,0.34957858269741837,0.2385283488224937,0.3410522758023192,0.34957858269741837,True
1273,2022,0.8682177929943021,0.07589271311797349,0.9866052705338646,0.8682177929943021,0.2874723981742054,0.9866052705338646,True
1274,2022,0.4462759706259692,0.21620883571998764,0.5603780027844393,0.4462759706259692,0.6309768062848783,0.5603780027844393,True
1275,2022,0.289612623934048,0.0632354317941201,0.4012179120731199,0.289612623934048,0.3009134340547904,0.46663387599807005,True
1276,2022,-1.060725457541619,2.028227228405159,0.051262885992610474,-1.060725457541619,0.9940542240315327,0.28974674691500824,False
1277,2022,0.15174516159834608,0.24804216517806088,0.2662470947324505,0.15174516159834608,0.24804216517806088,0.2981057214525418,True
1278,2022,-1.0630620617153173,1.887722049244926,0.20820463778433318,-1.0630620617153173,0.8490122451873708,0.2243983318342661,False
1279,2022,0.3947619789024669,1.3812446851163183,0.5179667569186194,0.3947619789024669,0.49955016111708517,0.7044347894093097,True
1280,2022,0.3164839114069301,0.5418256751438992,0.4395944156828158,0.3164839114069301,0.5418256751438992,0.39103456743882875,True
1281,2022,0.2816219114684467,0.25128173671949855,0.4051276979763082,0.2816219114684467,0.579486454067402,0.35640981024502205,True
1282,2022,0.32139708263669137,0.5056833132626962,0.44664414470917957,0.32139708263669137,0.5056833132626962,0.44664414470917957,True
1283,2022,1.37917427443042,0.22914339386958638,1.5068668835987797,1.37917427443042,0.22914339386958638,1.36987898508981,True
1285,2022,0.6578093178962138,0.7116665698561612,0.7729793820283782,0.6578093178962138,0.7116665698561612,0.8145845045738274,True
1286,2022,0.6289674203607898,0.7688661623201879,0.7465154017876943,0.6289674203607898,0.7688661623201879,0.7465154017876943,True
1287,2022,0.8830365312739293,0.5425069421461421,1.0029540106904173,0.8830365312739293,0.5425069421461421,1.0029540106904173,True
1288,2022,1.0378829642442435,0.26953154000408147,1.1580719557801713,1.0378829642442435,0.3905923164465799,1.1580719557801713,True
1289,2022,0.7368808199484979,0.3738201474033755,0.8511272282687053,0.7368808199484979,0.521658623777603,0.8511272282687053,True
1290,2022,0.26771476954619366,0.7041156928893144,0.3810246312786589,0.26771476954619366,0.7041156928893144,0.09581321137413991,True
1291,2022,0.16814253674264698,0.02271706299502955,0.2816915811379326,0.16814253674264698,0.07723801418302816,0.4202656654074527,True
1292,2022,0.14021514174075642,0.2859761576719956,0.25761488583672926,0.14021514174075642,0.2859761576719956,0.25761488583672926,True
1293,2022,0.4697506454867159,0.574805205511513,0.5915703573388619,0.4697506454867159,0.574805205511513,0.2323171038941798,True
1295,2022,0.25353166509882435,0.16596194453939597,0.36829910979977315,0.25353166509882435,0.16596194453939597,0.4387760999466258,True
1296,2022,0.7195600757405158,0.03228634237350393,0.8371387343994957,0.7195600757405158,0.161431711867677,0.8371387343994957,True
1297,2022,0.5467179692717651,0.32502716534701975,0.6635971292501525,0.5467179692717651,0.32502716534701975,0.6116830681183347,True
1298,2022,-1.059599702678708,1.448760706352813,0.2181868533663842,-1.059599702678708,0.9709314974804196,0.316370937381267,False
1299,2022,0.19920448326694382,0.27669226935732466,0.3132796768756142,0.19920448326694382,0.27669226935732466,0.7043075947276977,True
1300,2022,0.30568694721916057,0.1142473416791623,0.42201569069239525,0.30568694721916057,0.17953153692439033,0.42201569069239525,True
1301,2022,0.17731475274284866,1.4897083265704376,0.28848319974855907,0.17731475274284866,0.9222003926388372,0.32158782922787105,True
1302,2022,0.24883930610129318,0.23813530792522708,0.36562188691549247,0.24883930610129318,0.26459478658356134,0.35840566546321945,True
1303,2022,0.3580787559044523,0.004923950931469239,0.47762324035296405,0.3580787559044523,0.1403326015469853,0.4702373139557602,True
1304,2022,0.42277609065207994,0.41691239423808274,0.5424884165990191,0.42277609065207994,0.41691239423808274,0.5424884165990191,True
1305,2022,0.22066067825535043,0.11763314684733317,0.342670471250879,0.22066067825535043,0.11763314684733317,0.45774637577544663,True
1306,2022,0.18990627668240728,0.7066734455657883,0.3338869949232667,0.18990627668240728,0.7066734455657883,0.5089345456597295,True
1307,2022,0.17482531008747265,0.06233527225042777,0.311676361252068,0.17482531008747265,0.09038614476308839,0.9100949748560612,True
1308,2022,1.953062839711421,0.31533029819222297,2.1043470920175107,1.953062839711421,0.31533029819222297,2.1043470920175107,True
1309,2022,0.5247715187979707,0.0710306228497561,0.6529353408112075,0.5247715187979707,0.0710306228497561,0.519069936209737,True
1310,2022,0.1249403451126574,0.46159715351424035,0.25252079574603614,0.1249403451126574,0.5539165842170637,0.25252079574603614,True
1311,2022,1.0715803615621566,0.09725553190772195,1.2021864360819092,1.0715803615621566,0.09725553190772195,1.2021864360819092,True
1312,2022,0.986973994839955,0.2479413994356437,1.113206283180386,0.986973994839955,0.3997422562330083,0.9968256263024237,True
1314,2022,0.1561292643773817,0.18365425757625742,0.26981304508119885,0.1561292643773817,0.6847356270127549,0.30382309278047714,True
1315,2022,-1.0629930418945535,1.4641342496173906,0.07193052573401712,-1.0629930418945535,0.9861443044174268,0.17634580502528463,False
1316,2022,1.5121521381481469,1.5521833827550429,1.6412613387237882,1.5121521381481469,0.8751909173927394,1.6412613387237882,True
1317,2022,1.9338685663280328,1.0831495113062883,2.061053725967428,1.9338685663280328,0.41659596588704934,2.061053725967428,True
1318,2022,0.312890847100522,0.38623230898468003,0.4206090066429696,0.312890847100522,0.38623230898468003,0.4206090066429696,True
1319,2022,0.507422639391696,0.21236495185079257,0.6183567715655598,0.507422639391696,0.21236495185079257,0.6183567715655598,True
1320,2022,-1.0555986217970803,1.2153509219379786,0.03273672517001648,-1.0555986217970803,0.953457120577614,0.03478277049314252,False
1321,2022,-1.053854946367762,1.0781830453531442,0.053414572889050806,-1.053854946367762,0.9812454871470807,0.5578855390634445,False
1322,2022,-1.054409199306063,1.774516772437058,0.1377296482544077,-1.054409199306063,0.6547148496730693,0.49902046468984346,False
1323,2022,0.16945184669712696,0.24256278187463,0.2766418504024386,0.16945184669712696,0.24256278187463,0.5151953300973264,True
1324,2022,-1.0555361601508524,1.702791572863296,0.13239408162216634,-1.0555361601508524,0.5601288068629331,0.13239408162216634,False
1325,2022,-1.0566420762225663,1.6386388787300312,0.012461132157631692,-1.0566420762225663,0.9989674279710379,0.15368729661093253,False
1326,2022,0.16139118386269807,0.8378999881565533,0.26865403207711097,0.16139118386269807,0.7871751009811604,1.0088616449328618,True
1327,2022,0.35405919391836776,0.569170457703323,0.4625766970733376,0.35405919391836776,0.569170457703323,0.4625766970733376,True
1328,2022,0.2583351620850848,0.18198488587373357,0.36810579188090975,0.2583351620850848,0.18198488587373357,0.3308816106794557,True
1329,2022,0.3330689306025967,0.628250041799746,0.4460575296778425,0.3330689306025967,0.628250041799746,0.4460575296778425,True
1330,2022,0.5014963609908714,0.2776495332720555,0.6133153869293616,0.5014963609908714,0.4496264829853861,0.6133153869293616,True
1331,2022,0.2534925542058631,0.22459579392057322,0.3621860100160106,0.2534925542058631,0.5705947196900265,0.3621860100160106,True
1332,2022,0.1505010486552422,0.6816450301132891,0.2612292330973092,0.1505010486552422,0.5040907857424802,0.2612292330973092,True
1333,2022,0.6192106732730097,0.2203302668465829,0.7310022872013139,0.6192106732730097,0.024709936468754648,0.7310022872013139,True
1334,2022,0.15585229799295017,1.340802904249675,0.26975915361210645,0.15585229799295017,0.4515968053061456,0.9111864744230121,True
1335,2022,0.7168761162696781,0.11976974142008892,0.822055952474423,0.7168761162696781,0.1361019788864947,1.3265406208803996,True
1336,2022,1.9539296752281547,0.22348731744741318,2.075853352444332,1.9539296752281547,0.9756080973185416,0.0,True
1338,2022,0.2703091408557887,0.2912379257739336,0.37132835536172704,0.2703091408557887,0.2912379257739336,0.5788353774756139,True
1339,2022,0.2730089856239001,0.14447638537945864,0.3771396553411914,0.2730089856239001,0.30583962099810247,0.2195290531090237,True
1340,2022,-1.0523843007228122,1.911654937455631,0.16772246709478902,-1.0523843007228122,0.8595776438609075,0.16772246709478902,False
1341,2022,-1.0506422455811795,1.261809488426835,0.15818602916136554,-1.0506422455811795,0.9987792306352615,0.557329846929057,False
1342,2022,0.2816616497877017,0.11762304735564925,0.38815605627351324,0.2816616497877017,0.16075149805271619,0.38815605627351324,True
1343,2022,0.4879845265912752,0.7337052744555754,0.597614780000096,0.4879845265912752,0.7337052744555754,0.597614780000096,True
1344,2022,0.6098143383711094,0.1997425601928228,0.7186815646151749,0.6098143383711094,0.6031442013664695,0.7186815646151749,True
1345,2022,0.44914754644389204,0.0705525491748227,0.554886265131893,0.44914754644389204,0.41759481808894905,0.554886265131893,True
1346,2022,0.22596909386158173,0.5324495048065755,0.33325976200124297,0.22596909386158173,0.5324495048065755,0.33325976200124297,True
1347,2022,0.6267154092391529,0.8420067782900712,0.7369903426904291,0.6267154092391529,0.8420067782900712,0.5850915697695137,True
1348,2022,0.16779041262164437,0.32490126760224153,0.274762183095765,0.16779041262164437,0.32490126760224153,0.2527009859128697,True
1349,2022,0.4416051442809908,0.4086404655781649,0.5531093170451541,0.4416051442809908,0.4086404655781649,0.46642800616496993,True
1350,2022,0.32571404797773146,0.48136805811091576,0.43779594940259137,0.32571404797773146,0.5290898914581237,0.35065173198598976,True
1351,2022,0.2799205796695095,0.08484877908524256,0.38788013296105633,0.2799205796695095,0.8808111352656786,0.38788013296105633,True
1352,2022,0.5263837724782072,0.1836139253422569,0.6374910441659345,0.5263837724782072,0.2578847266043303,0.6374910441659345,True
1353,2022,-1.055956548550632,1.0979572410752487,0.15221218684037413,-1.055956548550632,0.9944529540237961,0.5682588308707208,False
1354,2022,-1.0567880970008916,1.1266682647185087,0.018537503441421032,-1.0567880970008916,0.9495321207225671,0.14212085971770175,False
1355,2022,0.26524213667989216,0.6689390503123248,0.37809598495912367,0.26524213667989216,0.6689390503123248,0.4715812559655131,True
1356,2022,0.550580578731311,2.024047250076872,0.6706902130432577,0.550580578731311,0.11178170217386116,0.9361717557061893,True
1357,2022,0.4851497112418936,0.17283145335954667,0.6004785110312746,0.4851497112418936,0.5074154207607301,0.5495153901688383,True
1358,2022,0.1392135247383419,0.8412503561669632,0.25412771175879345,0.1392135247383419,0.8412503561669632,0.2453646872153954,True
1359,2022,0.47962350749220023,0.5162911283451248,0.5964052689504333,0.47962350749220023,0.5162911283451248,0.5875036977720769,True
1360,2022,0.7939098134918875,0.10942715426588252,0.9111485498056825,0.7939098134918875,0.1719569567035732,0.9022157208860269,True
1361,2022,-1.059500585442271,1.0499907136195845,0.10327777511012466,-1.059500585442271,0.8843159493804363,0.10327777511012466,False
1362,2022,0.6877078698080042,0.24337124632638557,0.8008370071423112,0.6877078698080042,0.24337124632638557,0.8715602753055602,True
1363,2022,2.4890608233723115,0.03198761081505848,2.608989507101863,2.4890608233723115,0.7936925933482378,2.608989507101863,True
1364,2022,0.5272626426334733,0.007482433474204502,0.6210419783595181,0.5272626426334733,0.7766765946231419,0.6210419783595181,True
1365,2022,0.6352074249228951,0.3576253301378154,0.7317795620887771,0.6352074249228951,0.3576253301378154,0.6686692097115016,True
1366,2022,1.2316813588821391,0.33925410951927204,1.3297036072260167,1.2316813588821391,0.9602616320291432,1.0652004031940425,True
1368,2022,0.15226051704840338,0.10903051913355809,0.25202136389880153,0.15226051704840338,0.2734699906136165,0.24487182166054342,True
1369,2022,1.1623196773814528,0.06623640611831509,1.267442581940012,1.1623196773814528,0.7536628912383546,1.267442581940012,True
1370,2022,0.35019405288449523,0.12871993916192465,0.4523586433404554,0.35019405288449523,0.1379142205306246,0.4523586433404554,True
1371,2022,0.24010099616770425,0.6662590994026948,0.34519273673787576,0.24010099616770425,0.6662590994026948,0.5326361045364503,True
1372,2022,0.21373939167045003,0.3275258902127747,0.31499757747240625,0.21373939167045003,0.3275258902127747,0.6550517804255493,True
1373,2022,-1.048157317623132,1.564717381704784,0.2027672753814875,-1.048157317623132,0.7805642901852805,0.2027672753814875,False
1374,2022,0.32854881474407904,0.31393115822052764,0.4305341598452706,0.32854881474407904,0.31393115822052764,0.6278623164410553,True
1375,2022,0.22087527655128092,0.032023130945389645,0.3202313094541796,0.22087527655128092,0.241952544920924,0.4963585296539844,True
1376,2022,0.33555745541360643,1.1562004086240638,0.4437011122267097,0.33555745541360643,0.8413751381229287,0.4437011122267097,True
1377,2022,0.20957677675980324,0.13612398200997672,0.3183206963925126,0.20957677675980324,0.1675372086276307,0.6806199100497884,True
1378,2022,-1.0579053855457186,1.1293301500324222,0.0021429414611601498,-1.0579053855457186,0.9557518916783039,0.09000354136882374,False
1379,2022,0.3495788148762034,0.1917829483981001,0.4611410219910248,0.3495788148762034,0.08403971896094979,0.4611410219910248,True
1380,2022,0.4200987128665828,0.8891133693111523,0.5351944553134977,0.4200987128665828,0.8891133693111523,0.6085678887032332,True
1381,2022,0.2592610623053171,0.612385027589872,0.3722772290024918,0.2592610623053171,0.612385027589872,0.1982541456226424,True
1382,2022,0.5113585417372528,0.3812429784192115,0.6271334201215167,0.5113585417372528,0.3812429784192115,0.21656405874700893,True
1383,2022,0.4289417836434588,0.47537198590210633,0.5462206953394815,0.4289417836434588,0.47537198590210633,0.10741578527596671,True
1384,2022,0.4153922094415353,0.9203172284926391,0.5328152375483779,0.4153922094415353,0.9203172284926391,0.5328152375483779,True
1385,2022,0.6587184796237413,0.35129523404365276,0.7696005416332353,0.6587184796237413,0.9218961633284127,0.7696005416332353,True
1386,2022,0.6482630352909381,0.357360627219783,0.768203797288791,0.6482630352909381,0.357360627219783,0.768203797288791,True
1387,2022,0.35755355080267803,0.10444904426047684,0.47748134519094515,0.35755355080267803,0.12185721830393677,0.47748134519094515,True
1388,2022,0.7118919278103847,0.3262567085454859,0.8357191072742742,0.7118919278103847,0.3262567085454859,0.8357191072742742,True
1389,2022,-1.0642171791891941,1.3655699736845162,0.08817816584004379,-1.0642171791891941,0.9485110811979558,0.5505177380823008,False
1390,2022,-1.0627175456968305,1.1670802775637255,0.13716680553043234,-1.0627175456968305,0.948543333159349,0.4533479165835311,False
1391,2022,-1.0607477144866673,1.3215112476843602,0.21800440650576383,-1.0607477144866673,0.6652505600588151,0.9192144562975059,False
1392,2022,0.23034563763140742,1.2234217386090087,0.34889325378718505,0.23034563763140742,0.5531794352810228,0.21805828361700372,True
1393,2022,0.27120314487381675,1.217877185468034,0.39263608102929914,0.27120314487381675,0.5313518222312418,0.25862256834267294,True
1394,2022,0.6253713943935517,0.8902117981488777,0.7490222925284574,0.6253713943935517,0.8902117981488777,0.6126188718443715,True
1395,2022,0.4932717143609617,0.15911563072570037,0.6202812723203616,0.4932717143609617,0.1779937564049989,0.6202812723203616,True
1396,2022,0.3648948830590928,0.16787549071199498,0.49030302049230656,0.3648948830590928,0.38638009767048864,0.49030302049230656,True
1397,2022,0.4444381950919007,0.23203908544134352,0.5707628078671013,0.4444381950919007,0.23203908544134352,0.6534434015301436,True
1398,2022,0.18920703372021164,0.2103018289179822,0.3128239705155306,0.18920703372021164,0.7045111268752972,0.3128239705155306,True
1399,2022,0.5816348618254676,0.5126079816427374,0.710175641234204,0.5816348618254676,0.5126079816427374,0.710175641234204,True
1400,2022,0.8371812965234718,0.15638850908059318,0.9648375814465319,0.8371812965234718,0.24916135345048562,0.9648375814465319,True
1401,2022,0.3834451750771525,0.6748568545848818,0.5080383062605128,0.3834451750771525,0.5914475804226685,0.5080383062605128,True
1402,2022,3.1850845270579806,0.6370916376009846,3.3219778246339158,3.1850845270579806,0.6370916376009846,3.3219778246339158,True
1403,2022,-1.0649862198409827,1.1820231799312246,0.1966042611650135,-1.0649862198409827,0.791212270542178,0.29730400468858226,False
1404,2022,0.13845917135894478,0.6471024226431636,0.25788583633009604,0.13845917135894478,0.6471024226431636,0.26504933178370377,True
1405,2022,-1.0631665654799913,1.3807281259771909,0.05355269291311562,-1.0631665654799913,0.9802471181052211,0.3608985826753052,False
1406,2022,0.16873765894844492,0.8061790497972028,0.28628517393366726,0.16873765894844492,0.8061790497972028,0.5886023176076053,True
1407,2022,0.6878644847209406,0.04501131249796432,0.8034519280884661,0.6878644847209406,0.27006787498773477,0.8034519280884661,True
1408,2022,3.4553169004522566,0.8587432515486303,3.589502640149193,3.4553169004522566,0.8587432515486303,3.3378400934228436,True
1409,2022,3.5022545296101057,0.8760028488163247,3.638436384853408,3.5022545296101057,0.8760028488163247,3.3830289046358435,True
1410,2022,0.19072160048413925,0.17873497814843597,0.2929779538721552,0.19072160048413925,0.17873497814843597,0.2929779538721552,True
1411,2022,-1.0510833354326785,1.4490925539037247,0.005645815145074279,-1.0510833354326785,0.9127401151211976,0.1580828240622082,False
1412,2022,0.4899052589265072,0.1839198467486361,0.5949244022379377,0.4899052589265072,0.1839198467486361,0.5949244022379377,True
1413,2022,0.24998886146290705,0.06676000243294539,0.35234445728510433,0.24998886146290705,0.11683000425766497,0.576732243240351,True
1414,2022,0.30584593934319415,0.011429838065392769,0.4095691973420353,0.30584593934319415,0.1847823820566561,0.39432941325490267,True
1415,2022,-1.053133722760903,1.3245303975127463,0.003912940613032629,-1.053133722760903,0.9293233955960947,0.01956470306516315,False
1416,2022,0.20848640979276417,0.13047495593967406,0.31352937173558115,0.20848640979276417,0.13047495593967406,0.521899823758652,True
1417,2022,0.17943952139670097,0.7680676943739019,0.2892722485304465,0.17943952139670097,0.7680676943739019,0.25535757111651863,True
1418,2022,1.1189536688481099,0.14307515845246194,1.2408069776137411,1.1189536688481099,0.17761054152722314,1.2408069776137411,True
1419,2022,0.9406962623795275,0.13015048037782534,1.0667235450575057,0.9406962623795275,0.36493173909857307,1.0667235450575057,True
1420,2022,-1.065837584255786,1.8014340311255599,0.03863665482303298,-1.065837584255786,0.9031318064892194,0.4636398578767801,False
1421,2022,0.30817470147232745,0.17138517604390324,0.4260825904424569,0.30817470147232745,0.27612056140407537,0.4260825904424569,True
1422,2022,0.19577026786218996,0.2781830572911652,0.3141550043547043,0.19577026786218996,0.2781830572911652,0.568356763603601,True
1423,2022,0.2879302042632156,0.06526929496202868,0.4061200575415546,0.2879302042632156,0.47622411509330415,0.4061200575415546,True
1424,2022,-1.0673455338024755,1.6493186896924987,0.2172755160074273,-1.0673455338024755,0.582693429292549,0.2172755160074273,False
1425,2022,-1.0690853926648678,1.7936361571956716,0.06586799447328574,-1.0690853926648678,0.6992140951779785,0.12160245133530563,False
1426,2022,0.7595263822419175,0.0920982360577847,0.8760563917695029,0.7595263822419175,0.14151680174735137,1.359010556462905,True
1427,2022,0.13866275072769152,0.6662267726495265,0.2626205120402734,0.13866275072769152,0.6662267726495265,0.36213986397129194,True
1428,2022,0.161974131077355,0.4518312606695245,0.2880424286767922,0.161974131077355,0.4518312606695245,0.3049861009518825,True
1429,2022,0.11980654522860858,0.1141426394441757,0.2516991536460372,0.11980654522860858,0.1814575293727802,0.24291895061188007,True
1430,2022,0.3210235894096176,0.5594785388505318,0.45665545603472196,0.3210235894096176,0.5594785388505318,0.45665545603472196,True
1431,2022,0.1594497946202438,0.2162211230116513,0.29540068918492524,0.1594497946202438,0.5024857084073606,0.29540068918492524,True
1432,2022,0.4030429043440662,0.23845452492378416,0.5419421020995223,0.4030429043440662,0.23845452492378416,0.5419421020995223,True
1433,2022,0.1903177563591506,0.4956439495083875,0.32431023856717617,0.1903177563591506,0.4956439495083875,0.32431023856717617,True
1434,2022,-1.0843946308034957,1.8816468037233323,0.23097137525245864,-1.0843946308034957,0.6005255756564065,0.23097137525245864,False
1435,2022,0.15937005848597885,0.19423548854941686,0.2976188937450317,0.15937005848597885,0.19423548854941686,0.3884709770987625,True
1436,2022,0.24647930669951026,0.10216409678585377,0.386307990971598,0.24647930669951026,0.4693163196101178,0.386307990971598,True
1437,2022,0.1546881135004391,1.842199238788253,0.3059482834736931,0.1546881135004391,0.48821534596863086,0.3905722767749195,True
1438,2022,0.5457588045424668,1.4412491682541102,0.6963338678081142,0.5457588045424668,0.09392410309976695,0.6153648134118168,True
1440,2022,0.4509289215820485,0.9843574552108033,0.5755988509284026,0.4509289215820485,0.9843574552108033,0.5755988509284026,True
1441,2022,0.8129118324917519,0.6282245187497353,0.938148614666307,0.8129118324917519,0.6282245187497353,0.938148614666307,True
1442,2022,1.1291467125100108,0.6150262587626243,1.280741494895667,1.1291467125100108,0.6150262587626243,1.280741494895667,True
1443,2022,1.2762089125804248,0.04007642941572824,1.426052946708252,1.2762089125804248,0.44752012847523964,1.426052946708252,True
1444,2022,0.22837460288624545,0.26455361609260375,0.36606837575610407,0.22837460288624545,0.42451626768349343,0.5014213886407245,True
1445,2022,0.44188821187453264,0.3551350629594167,0.5774804936819392,0.44188821187453264,0.3551350629594167,0.5774804936819392,True
1446,2022,0.6135014491116765,0.20652875991729328,0.7530356323140187,0.6135014491116765,0.20652875991729328,0.7530356323140187,True
1447,2022,0.41026135262614105,0.12363640154075681,0.5531102174190311,0.41026135262614105,0.3774163836506495,0.5531102174190311,True
1448,2022,3.1051700056941867,1.7680432181025119,3.2728300011568288,3.1051700056941867,0.3250079445041485,3.2728300011568288,True
1449,2022,1.020546691913722,0.7878095359142672,1.141881237448805,1.020546691913722,0.4492284713219004,1.9562461509781863,True
1450,2022,-1.0535666166579876,1.7718024406144297,0.23585048989472907,-1.0535666166579876,0.508735354235843,1.1909475150884286,False
1451,2022,0.28609426549333905,0.6109691682992657,0.39544929987008537,0.28609426549333905,0.6010829358025226,0.39544929987008537,True
1452,2022,-1.0522689188920769,1.020672382781663,0.19459548232472815,-1.0522689188920769,0.9729774116236407,0.9691618139310023,False
1453,2022,0.15476115070700402,0.13496076868901016,0.2601417715309558,0.15476115070700402,0.2034191296182395,0.2601417715309558,True
1454,2022,-1.0551869125669422,1.1261442921570235,0.15713641285911634,-1.0551869125669422,0.6547350535796743,0.15713641285911634,False
1455,2022,-1.056048860700399,1.1170552453169662,0.165716986942668,-1.056048860700399,0.6383172830382664,0.18617587421951762,False
1456,2022,0.21833760601775862,0.9046806866655406,0.3322037625399907,0.21833760601775862,0.9046806866655406,0.4053303769356184,True
1457,2022,0.9641615326331814,0.551329566299423,1.0770616884492528,0.9641615326331814,0.551329566299423,1.0770616884492528,True
1458,2022,-1.0367527230787208,1.2620304939681741,0.19476591564886395,-1.0367527230787208,0.9869894374099231,1.0949002825667329,False
1459,2022,0.3941228183938394,0.9154146003335916,0.4929155540258071,0.3941228183938394,0.9154146003335916,0.4929155540258071,True
1460,2022,0.5663474559862912,0.7727773758966788,0.6673986428199117,0.5663474559862912,0.7727773758966788,0.6673986428199117,True
1461,2022,0.5852252713225505,0.7857821458883066,0.6886832079524968,0.5852252713225505,0.7857821458883066,0.6886832079524968,True
1462,2022,0.4623724872394576,0.46337284442980214,0.5681833687651036,0.4623724872394576,0.46337284442980214,0.5681833687651036,True
1463,2022,0.7470639129181282,0.19451196498039142,0.8547304615003919,0.7470639129181282,0.19451196498039142,0.8547304615003919,True
1464,2022,-1.0455706059669452,2.3686120299582316,0.12466379105043132,-1.0455706059669452,0.2817077875685153,0.36103929096424764,False
1465,2022,-1.0372905569839233,1.8976476063593257,0.09237505733318309,-1.0372905569839233,0.9250702170082884,0.09237505733318309,False
1466,2022,-1.0375175529389373,1.4938254834773805,0.13652531037991691,-1.0375175529389373,0.8920537270455026,0.424156304092963,False
1467,2022,1.0984647855147367,0.08169776730746867,1.1894233769766793,1.0984647855147367,0.254704803958627,1.1894233769766793,True
1468,2022,0.28976083201803254,0.0396304622220187,0.3867933112869112,0.28976083201803254,0.10145398328838375,0.5358038492416741,True
1469,2022,1.8139851339198947,0.45197510958834647,1.9197754654792492,1.8139851339198947,0.6995918362935276,1.1530586129102172,True
1470,2022,0.24461472652246077,0.21037228705023728,0.34265183118034176,0.24461472652246077,0.21037228705023728,0.573742601046151,True
1471,2022,0.32708902549532165,0.4598115521288676,0.42754407478651923,0.32708902549532165,0.509826142009581,0.42754407478651923,True
1472,2022,0.44099874736487005,0.39087439785437983,0.5406045099357007,0.44099874736487005,0.7297372830910158,0.5406045099357007,True
1473,2022,-1.0435312092236435,1.7180689973877674,0.09962041465671818,-1.0435312092236435,0.7157343637645828,0.5716679179532902,False
1474,2022,-1.0444634114889213,1.5204134311763444,0.19709062996730195,-1.0444634114889213,0.49741920896510894,0.29250752225304427,False
1475,2022,-1.0458062849716934,1.5809107608413602,0.17726828103218364,-1.0458062849716934,0.5269702536137867,0.18854898982512913,False
1476,2022,-1.0464118953801584,1.3361504448879395,0.05710044636271724,-1.0464118953801584,0.2691878185671803,0.4437520403046652,False
1477,2022,0.808333521089046,0.25414291806487194,0.8879018300945426,0.808333521089046,0.8974921288894526,0.8879018300945426,True
1478,2022,0.4547399603687605,0.3269973003455526,0.5315607277710325,0.4547399603687605,0.3269973003455526,0.9262388646997426,True
1479,2022,2.0503564760411965,0.2771916852551437,2.1355681987667694,2.0503564760411965,0.5551285094491446,2.1355681987667694,True
1480,2022,0.30423493358877485,0.12868569323958678,0.37435838033336755,0.30423493358877485,0.12868569323958678,0.3349522350351132,True
1481,2022,1.117170874068992,0.2633021418515857,1.1949332031259443,1.117170874068992,0.2633021418515857,1.1949332031259443,True
1482,2022,0.18526770752520083,0.5148932263190904,0.2574466131595452,0.18526770752520083,0.9260393100216541,0.38296784743634127,True
1483,2022,0.5336239750851985,0.13424789411973295,0.6053820131059283,0.5336239750851985,0.7073344232628976,0.6053820131059283,True
1484,2022,0.18903637987089822,0.3914513332658532,0.258244780051798,0.18903637987089822,0.5611011887743169,0.258244780051798,True
1485,2022,1.0718576038660559,0.012013217955380559,1.1495147931065357,1.0718576038660559,0.10586648323187653,1.1495147931065357,True
1486,2022,-1.0202827060142676,1.263473442180488,0.10552712722500804,-1.0202827060142676,0.9804040536107045,0.21818446574901273,False
1487,2022,-1.0206709018692108,1.2913966082638548,0.14356907829098617,-1.0206709018692108,0.9868561391617788,0.36399837021249565,False
1488,2022,-1.0216107273538177,1.0981788999141304,0.05308875897375278,-1.0216107273538177,0.7970897954487214,0.08418360351552645,False
1489,2022,1.0773723197705591,0.8855010123874699,1.1564042882111047,1.0773723197705591,0.8855010123874699,1.0363363543280473,True
1490,2022,1.047746139265044,0.9812707379018963,1.1294309837037102,1.047746139265044,0.9812707379018963,1.0053176887912054,True
1491,2022,0.30983683109016724,0.38041637401933287,0.3857959995105456,0.30983683109016724,0.30587013507008504,0.6893605807986973,True
1492,2022,0.6188312713734809,0.010645707997267977,0.6942522429641851,0.6188312713734809,0.07680117912309198,0.6942522429641851,True
1493,2022,-1.0332025988998847,1.2681759698623756,0.05801353933496652,-1.0332025988998847,0.9398193372264472,0.1635981809246151,False
1494,2022,-1.0328122934335688,1.4628151514260717,0.06176076479828097,-1.0328122934335688,0.8406326319766744,0.422031892788262,False
1495,2022,0.3186995855056103,0.9929558412749266,0.4063450182950469,0.3186995855056103,0.9929558412749266,0.6055337527534067,True
1496,2022,0.1792146205212818,0.3556045595085291,0.2533289118622739,0.1792146205212818,0.7033417615057969,0.9999411396799638,True
1497,2022,0.40742045179080766,0.056389984736128176,0.4833427263097957,0.40742045179080766,0.1401693906298415,0.4833427263097957,True
1498,2022,0.19743357138488668,0.6835595587769341,0.2760371933890253,0.19743357138488668,0.6835595587769341,0.2760371933890253,True
1499,2022,0.30621254075407855,0.3112011455303881,0.3903200808347228,0.30621254075407855,0.3112011455303881,0.7437179918607417,True
1500,2022,0.3450028128998925,0.5010600702539629,0.4280102448165449,0.3450028128998925,0.5010600702539629,0.3858265428033682,True
1501,2022,0.19701879610810688,0.3634702385452461,0.2800677192190048,0.19701879610810688,0.6497159221587822,0.18945757476578703,True
1502,2022,0.5540001012398897,0.6874576199909477,0.641007780802388,0.5540001012398897,0.6874576199909477,0.40979080350812924,True
1503,2022,0.1909503383759447,0.5725407277672103,0.27181226469755587,0.1909503383759447,0.8790524305112538,0.0,True
1504,2022,0.26373165172827373,0.22623621250657297,0.34724627966129273,0.26373165172827373,0.17572766273765855,0.620834257576226,True
1505,2022,0.22059300126660647,0.18919142949566947,0.303981735032323,0.22059300126660647,0.18919142949566947,0.5059276429209459,True
1506,2022,0.1804284883622845,0.39313071690951706,0.2653361587956765,0.1804284883622845,0.39313071690951706,0.21876695541520483,True
1507,2022,0.5423857587071095,0.27207321683551156,0.6286950827274742,0.5423857587071095,0.4650175698105182,0.6286950827274742,True
1508,2022,0.5705058850268548,0.0,0.646373766107984,0.5705058850268548,0.8618316881439729,0.646373766107984,True
1509,2022,1.6687041323954304,0.2866360202693597,1.7525093546972836,1.6687041323954304,0.40600433640274924,1.7525093546972836,True
1510,2022,0.47496056780652585,0.0043337038895003436,0.546046690077536,0.47496056780652585,0.361554724495781,0.396224355611826,True
1511,2022,-1.018576481799872,1.547217328780243,0.035733949651727624,-1.018576481799872,0.8551071460519556,0.06519878532947296,False
1512,2022,0.37016532314069733,0.21256386549728032,0.44176316394654946,0.37016532314069733,0.2600056557676892,0.44176316394654946,True
1513,2022,-1.0183788188190617,1.3572741796176147,0.14004601762418004,-1.0183788188190617,0.9864915514584396,0.5725229266750649,False
1514,2022,0.3989795103535408,0.5688022690099833,0.47122531072791823,0.3989795103535408,0.5688022690099833,0.8186944792444795,True
1515,2022,0.3035373369010098,0.23228833172483074,0.37467806234056006,0.3035373369010098,0.23228833172483074,0.38252156445074176,True
1516,2022,0.6105850553092006,0.36494549446405905,0.6843487059251157,0.6105850553092006,0.3770901032648625,0.6843487059251157,True
1517,2022,0.7954453649782498,0.6089828364595967,0.8685588539160354,0.7954453649782498,0.7279794826643428,0.8685588539160354,True
1518,2022,1.003280855451929,0.8684242284468303,1.0818830573665412,1.003280855451929,0.8684242284468303,1.0818830573665412,True
1519,2022,0.5282190836964638,0.4754960277165482,0.6091489652368717,0.5282190836964638,0.4266613005456645,0.6091489652368717,True
1520,2022,0.3260010898556505,0.8982188451419045,0.4114052308779517,0.3260010898556505,0.8982188451419045,0.10499901484123322,True
1521,2022,0.18519530753325728,0.5626867850835064,0.26673427165599245,0.18519530753325728,0.5843648354301089,0.26673427165599245,True
1522,2022,0.6364100245458161,0.01667465850518232,0.7170103157225871,0.6364100245458161,0.047244865764665696,0.7679606611550664,True
1523,2022,0.8291172439194192,0.17291591595478006,0.9114876208042512,0.8291172439194192,0.29892379087929283,0.47183970683409376,True
1524,2022,0.626691946096661,0.6136127736562991,0.7078115782204595,0.626691946096661,0.9745614640423479,0.7078115782204595,True
1525,2022,0.2643444654772313,0.6117114006095816,0.3486546208252538,0.2643444654772313,0.6117114006095816,0.3486546208252538,True
1526,2022,0.3876894826087408,0.5007340447308702,0.4732095517858099,0.3876894826087408,0.5007340447308702,0.4732095517858099,True
1527,2022,0.497519523422628,0.623211861976007,0.5834768774876388,0.497519523422628,0.623211861976007,0.5834768774876388,True
1528,2022,0.704475545114201,0.1382665432570759,0.7889326291726524,0.704475545114201,0.36803300484601786,0.7889326291726524,True
1529,2022,-1.0287661301819784,1.009827224072015,0.21066914664774675,-1.0287661301819784,0.9920241975947351,0.3402356171212315,False
1530,2022,0.2722581206775543,0.48271486058798274,0.3581815427458776,0.2722581206775543,0.48271486058798274,0.3581815427458776,True
1531,2022,0.17987342600885783,0.3433543485407858,0.26772034868740746,0.17987342600885783,0.3433543485407858,0.32654679301782497,True
1532,2022,0.22289997997396205,0.2065223910073456,0.31038745315137645,0.22289997997396205,0.5458954428965956,0.31038745315137645,True
1533,2022,0.4590791521007731,0.23198385778374753,0.5486602350758877,0.4590791521007731,0.1939335953959412,0.5486602350758877,True
1534,2022,1.5098757408233645,0.7008940543228287,1.6055081797983222,1.5098757408233645,0.7008940543228287,1.6055081797983222,True
1535,2022,0.5168571770524988,0.10977465633731212,0.6055700822123684,0.5168571770524988,0.10977465633731212,0.6055700822123684,True
1536,2022,1.5626254509824558,0.14280666441375198,1.6572773408015267,1.5626254509824558,0.6252291778114445,1.6572773408015267,True
1537,2022,0.37081705230553813,0.5157906317074592,0.4569348542304711,0.37081705230553813,0.5157906317074592,1.2552332178275074,True
1538,2022,0.17302844042590704,0.2526648273252578,0.26308399546237204,0.17302844042590704,0.2526648273252578,0.26308399546237204,True
1539,2022,0.2364587346117729,0.31771237990101636,0.32697899098148486,0.2364587346117729,0.31771237990101636,0.4077308875396813,True
1540,2022,0.39374964728478423,0.15071557035254973,0.48578857943985004,0.39374964728478423,0.16955501664659933,0.48578857943985004,True
1541,2022,0.29019527699460307,0.4387622361141116,0.3834106924812434,0.29019527699460307,0.4387622361141116,0.4171616337207904,True
1542,2022,0.3945821360194633,0.33861775971101715,0.4846881658608884,0.3945821360194633,0.4395391312327327,0.4846881658608884,True
1543,2022,0.3939968282457607,0.14035019998373693,0.486456518390269,0.3939968282457607,0.3583699281138071,0.486456518390269,True
1544,2022,0.8071641284587676,0.7964481591920789,0.9059255693902978,0.8071641284587676,0.7964481591920789,0.9059255693902978,True
1545,2022,0.24463946933824762,0.9521650413186081,0.3350438437757612,0.24463946933824762,0.9521650413186081,1.4522672493074165,True
1546,2022,0.3566637510838023,0.4912346700468161,0.444621161210271,0.3566637510838023,0.5031868517997966,0.444621161210271,True
1547,2022,0.249562965979395,0.19152020971664985,0.3433177092698798,0.249562965979395,0.5163952321249097,0.3433177092698798,True
1548,2022,1.419630659949624,0.0,1.5195769178159733,1.419630659949624,0.3640653032267416,1.1886084603371203,True
1550,2022,0.6588638053684557,0.7595678707511221,0.755498757157847,0.6588638053684557,0.7595678707511221,0.755498757157847,True
1551,2022,0.18831721703708626,0.33421903394322133,0.28031273814591573,0.18831721703708626,0.37869172797597855,0.31535183041415515,True
1552,2022,-1.044673005690352,1.3730366556371136,0.027957759956421965,-1.044673005690352,0.9800748073608815,0.09163932430159552,False
1553,2022,-1.0455169462620526,1.6922736264140323,0.034761923231664986,-1.0455169462620526,0.9243511404782354,0.5008877120198494,False
1554,2022,-1.0442570190871994,1.230261739408106,0.004596245601769581,-1.0442570190871994,0.9973852955849047,0.8533696000626518,False
1555,2022,0.5671693030258683,0.8450898583597719,0.6673347722876575,0.5671693030258683,0.8450898583597719,0.6673347722876575,True
1556,2022,0.7059124739773702,0.027456734490636694,0.8020256653851434,0.7059124739773702,0.648845988753006,0.8020256653851434,True
1557,2022,-1.0421851929837995,1.866303788038909,0.01446747122512771,-1.0421851929837995,0.5468704123090775,0.38628148171039345,False
1558,2022,0.3233344049811614,0.04101135762342278,0.41558175725074215,0.3233344049811614,0.411480621488403,0.41558175725074215,True
1559,2022,0.6885135368435499,0.4593762116959486,0.7853407690969902,0.6885135368435499,0.6849381839059546,0.7853407690969902,True
1560,2022,0.744644863180547,0.37260195711639194,0.8414479621964013,0.744644863180547,0.4028500864763976,0.8414479621964013,True
1561,2022,1.1519647322513946,0.0,1.244773239674543,1.1519647322513946,0.22214796600372808,1.244773239674543,True
1562,2022,0.3156734429092248,0.37981551016861204,0.40202010922462955,0.3156734429092248,0.9127258875128736,0.40202010922462955,True
1563,2022,0.6665821884336195,0.3703197743808864,0.7547918968273257,0.6665821884336195,0.5672732849592725,0.7547918968273257,True
1564,2022,0.6469924685769478,0.12483116128958809,0.735909417507229,0.6469924685769478,0.3626048018411947,0.735909417507229,True
1565,2022,0.33726901508697216,0.3095548238234189,0.42179798513347416,0.33726901508697216,0.3095548238234189,0.4123459294441908,True
1566,2022,0.39024140733852153,0.27852437033222033,0.47764486315746374,0.39024140733852153,0.27852437033222033,0.4678720782335072,True
1568,2022,0.36786855768767973,0.5170622997830694,0.45793352097578355,0.36786855768767973,0.5170622997830694,0.45793352097578355,True
1569,2022,0.3390035372875047,0.2783106387188549,0.4287488218101317,0.3390035372875047,0.5428311106543273,0.4287488218101317,True
1570,2022,0.3777183086443799,0.3844608007336629,0.4655970086807154,0.3777183086443799,0.6690616532248193,0.4655970086807154,True
1571,2022,0.1743202748950755,0.22257979882551573,0.26282021443238107,0.1743202748950755,0.5935461302013848,0.26282021443238107,True
1572,2022,-1.0369244453786854,1.632519899664729,0.03847258208164523,-1.0369244453786854,0.7745813192439033,0.3013685596395883,False
1573,2022,0.4922880863772739,0.916732670778286,0.5860673198111469,0.4922880863772739,0.916732670778286,0.5860673198111469,True
1574,2022,0.1965017850810875,0.3370387766519917,0.289086105177128,0.1965017850810875,0.6069438132391244,0.289086105177128,True
1575,2022,0.24527980466006175,0.17160962418721878,0.33334243547161224,0.24527980466006175,0.7790336177132665,0.33334243547161224,True
1576,2022,0.22752440429334292,0.769590844314802,0.3250981884395142,0.22752440429334292,0.605603262535563,0.3250981884395142,True
1577,2022,0.892493000882427,0.06627846061030593,0.9898544008538556,0.892493000882427,0.3256289586506064,0.713213869610851,True
1578,2022,0.45720426567641964,0.8945201987070129,0.5525742506547594,0.45720426567641964,0.9283247411000087,0.5525742506547594,True
1579,2022,0.6173211672253557,0.4956187148285867,0.7221386085475318,0.6173211672253557,0.4956187148285867,0.5756670983232856,True
1580,2022,0.9700142246610038,0.09140876287676182,1.0762088308509887,0.9700142246610038,0.15694712116574386,0.9278851778811583,True
1581,2022,0.260306909322973,0.7251197048336436,0.3633782719481988,0.260306909322973,0.9100825189334371,0.3633782719481988,True
1582,2022,0.48059472070147574,0.11119019773426161,0.579441875516552,0.48059472070147574,0.11119019773426161,0.9866172475011369,True
1583,2022,0.4914516355539381,0.15620482172358924,0.5904542261151631,0.4914516355539381,0.395198198960712,0.5904542261151631,True
1584,2022,0.20816688499303254,0.15177987879779395,0.3051085318690333,0.20816688499303254,0.29426711195488003,0.4460469907527092,True
1585,2022,0.4806176911020102,1.2104703695268528,0.5862225611582922,0.4806176911020102,0.8302178974241671,0.5862225611582922,True
1586,2022,0.28767593372358385,1.189976874232629,0.38723713009470145,0.28767593372358385,0.5808556951420362,1.5786272785247553,True
1587,2022,-1.0371887698556865,1.5171112423630995,0.023221090444312056,-1.0371887698556865,0.7198538037743484,0.8656306493415358,False
1588,2022,0.5179260646371687,0.9444712581091192,0.6128050824219716,0.5179260646371687,0.9444712581091192,0.6024405144317281,True
1589,2022,0.94986163886201,0.031381168497907924,1.0418547941305374,0.94986163886201,0.4669517872488734,0.6012631884199113,True
1590,2022,0.42289658938049146,0.20689010042922037,0.5112110039675423,0.42289658938049146,0.9141655600360645,0.5112110039675423,True
1591,2022,-1.0344778627174434,1.2596586723245244,0.23207386745580744,-1.0344778627174434,0.8481462475575307,0.3804097414997225,False
1592,2022,-1.0388448108259583,1.3718914817394594,0.11859179802857499,-1.0388448108259583,0.9743394315300751,0.15767318601525473,False
1593,2022,-1.0399424410060656,1.2268997367369165,0.02215620292076854,-1.0399424410060656,0.8737852526873547,0.3046477901604179,False
1594,2022,-1.0407345262615135,1.2878731913462684,0.2045362680670506,-1.0407345262615135,0.9366350482518259,0.3089202945288538,False
1595,2022,0.17436826112913376,0.8859703513091877,0.26821646706298846,0.17436826112913376,0.8859703513091877,0.26821646706298846,True
1596,2022,0.2850371219975766,0.794642085156262,0.3806146733289414,0.2850371219975766,0.794642085156262,0.3806146733289414,True
1597,2022,0.7518710853976638,0.8545552385585413,0.8614887496218508,0.7518710853976638,0.8545552385585413,0.8614887496218508,True
1598,2022,-1.0451407989280446,1.527022100354656,0.0763511050177328,-1.0451407989280446,0.701183617509778,0.0,False
1599,2022,-1.0412007612784437,1.22914641554925,0.0,-1.0412007612784437,0.868049254299182,0.9416847538482463,False
1600,2022,0.28657424636394346,0.29558498211615586,0.3810384603582892,0.28657424636394346,0.33480952950597553,0.3810384603582892,True
1601,2022,-1.041059181118797,2.257206123350689,0.09515810067440102,-1.041059181118797,0.7262802095592138,0.5737473717134256,False
1602,2022,0.2512521902936839,0.6743468479521197,0.34415818417142896,0.2512521902936839,0.6743468479521197,0.34415818417142896,True
1603,2022,0.6033395181725576,0.0,0.6940233582544474,0.6033395181725576,0.19362245864344696,0.6940233582544474,True
1604,2022,0.2943957789720298,0.5189963020725287,0.38611319091384344,0.2943957789720298,0.36730897707065346,0.38611319091384344,True
1605,2022,-1.0361440424920287,1.1258169817883144,0.13812955368305246,-1.0361440424920287,0.9766859592278617,0.6747567578144897,False
1606,2022,0.16133210069442624,0.8401867766970772,0.25205603300911206,0.16133210069442624,0.8401867766970772,0.4736705161378957,True
1607,2022,0.3188566560367376,0.30605230517669507,0.40725685230685643,0.3188566560367376,0.30605230517669507,0.40725685230685643,True
1608,2022,0.231773078475681,0.32557919065851376,0.3218511846586386,0.231773078475681,0.40510998532320464,0.3218511846586386,True
1609,2022,0.6854155682408338,0.33870395675274345,0.77827195945023,0.6854155682408338,0.33870395675274345,0.77827195945023,True
1610,2022,0.19510496495583032,0.36243877847921574,0.2936212888945162,0.19510496495583032,0.36243877847921574,0.2936212888945162,True
1611,2022,0.22369083248030286,0.7318263302119334,0.3245756945709527,0.22369083248030286,0.7318263302119334,0.4899255767108694,True
1612,2022,0.5437079699052,0.0558466534334566,0.6407668657104043,0.5437079699052,0.39092657403432984,0.6231310804156057,True
1613,2022,0.45399212427005375,0.14649483539676428,0.5508205810918324,0.45399212427005375,0.6899906747187318,0.5508205810918324,True
1614,2022,-1.0364541051111515,1.083396987531883,0.18362660805625325,-1.0364541051111515,0.9977045704389872,0.18362660805625325,False
1615,2022,0.3673643704284848,0.2930984091313239,0.4536336373692571,0.3673643704284848,0.2930984091313239,0.4536336373692571,True
1616,2022,0.3775431723592318,0.16021223620931813,0.4747029221017221,0.3775431723592318,0.26702039368220815,0.4747029221017221,True
1617,2022,1.9256575257461108,0.5641454665242998,2.0333052962326983,1.9256575257461108,0.5641454665242998,1.824913831025851,True
1619,2022,0.2986503251093215,0.11962547157379762,0.3881464769149533,0.2986503251093215,0.5739477412742499,0.3881464769149533,True
1620,2022,-1.0376974862148125,1.049962868831751,0.15794755856655743,-1.0376974862148125,0.9386227865635375,0.29259137898394294,False
1621,2022,0.39425347566412133,0.44537003202303793,0.48741086100458675,0.39425347566412133,0.44537003202303793,0.48741086100458675,True
1622,2022,-1.0372973156428897,1.0844749358558128,0.1187940742456687,-1.0372973156428897,0.9018130797576227,0.8456094317273679,False
1623,2022,1.0244611581403291,0.2587069281220999,1.117143553254506,1.0244611581403291,0.2587069281220999,1.117143553254506,True
1624,2022,0.9267278631956885,0.09669081172795399,1.0219681628468256,0.9267278631956885,0.3907920307337797,1.0219681628468256,True
1625,2022,0.9715058505046192,0.01693046653109312,1.0767776713760364,0.9715058505046192,0.4384990831547382,1.0767776713760364,True
1626,2022,0.42914833937879276,0.23204536898896855,0.5297035664506546,0.42914833937879276,0.2608510010014015,0.5297035664506546,True
1627,2022,1.0317660894903318,0.057030274607180714,1.1342687949646504,1.0317660894903318,0.4720839398037207,1.1342687949646504,True
1628,2022,1.7643199808554213,0.04093103035619583,1.8658904183068201,1.7643199808554213,0.04093103035619583,1.8658904183068201,True
1629,2022,0.36949511238528016,0.11586602903824947,0.45848063103304976,0.36949511238528016,0.9020108067063116,0.6852292039896005,True
1630,2022,0.712817871619213,0.5448516255530055,0.8065817366731798,0.712817871619213,0.5448516255530055,0.8065817366731798,True
1631,2022,0.18836099394822073,0.5900329698247637,0.27676197187388096,0.18836099394822073,0.5900329698247637,0.29089449809724255,True
1632,2022,0.7513333440340997,0.003506174895456854,0.8391445249800845,0.7513333440340997,0.021037049372767697,0.8391445249800845,True
1633,2022,1.8298983359417964,0.04338521576919885,1.9292863137369478,1.8298983359417964,0.793135975780812,1.9292863137369478,True
1634,2022,0.43168029814691605,1.0687073622958734,0.523594882198632,0.43168029814691605,0.6527004695900975,0.7602884590829538,True
1635,2022,0.7213203198370954,0.09897488107122891,0.8148479934768083,0.7213203198370954,0.19117066069922928,0.8148479934768083,True
1636,2022,0.7253301416596796,0.7652640346310364,0.8191017054091084,0.7253301416596796,0.7652640346310364,0.8191017054091084,True
1637,2022,0.8547961744248548,0.6654466043637682,0.9504512404173762,0.8547961744248548,0.6654466043637682,0.9504512404173762,True
1638,2022,0.913946805315312,0.6424659743081004,1.011883909535291,0.913946805315312,0.6424659743081004,1.011883909535291,True
1639,2022,1.502913119212541,0.0344352075719465,1.5999127210351292,1.502913119212541,0.037084069692863146,1.5999127210351292,True
1640,2022,0.9021835645775487,0.32040360414395896,0.9936111768958424,0.9021835645775487,0.7116080047092305,0.9936111768958424,True
1641,2022,0.23652665978745444,0.22074857036007672,0.32328205932509263,0.23652665978745444,0.22074857036007672,0.406515126837908,True
1642,2022,0.4140296648902801,0.024446746686432954,0.501158307072348,0.4140296648902801,0.06233920405045962,0.501158307072348,True
1643,2022,0.49082877102247924,0.14893139107270867,0.5795913302580549,0.49082877102247924,0.31772030095515325,0.5795913302580549,True
1644,2022,0.28367170848762097,0.18000687537530194,0.3711100649860573,0.28367170848762097,0.6781080921672165,0.3711100649860573,True
1645,2022,0.4344679438489902,0.15230225593671362,0.5230708626022865,0.4344679438489902,0.05742544076302643,0.5230708626022865,True
1646,2022,0.22690986504917715,0.3965419414744369,0.31387911983774236,0.22690986504917715,0.3965419414744369,0.4887888583732898,True
1647,2022,-1.033245854503198,1.6443497570889773,0.2158283582546024,-1.033245854503198,0.9372435888846433,0.4173476540834979,False
1648,2022,0.7619285229803439,0.198375069121422,0.8508617422556827,0.7619285229803439,0.198375069121422,0.8508617422556827,True
1649,2022,0.28741993477070477,0.4105877310115208,0.3826265593656,0.28741993477070477,0.30168632565362363,0.3826265593656,True
1650,2022,0.2845807384647317,0.18364947309938873,0.377264421483264,0.2845807384647317,0.18364947309938873,0.508239239507616,True
1651,2022,0.3796725923577541,0.2392897970171645,0.4742023416498397,0.3796725923577541,0.2392897970171645,0.43334798606154984,True
1652,2022,0.40190275144893167,0.41085951995161074,0.4965157449591408,0.40190275144893167,0.6475029890403177,0.4965157449591408,True
1653,2022,0.6720705103336642,0.09228452393322305,0.7675728657304449,0.6720705103336642,0.14794820503582845,0.7675728657304449,True
1654,2022,0.7508332319286355,0.48220300473856575,0.8481606422634071,0.7508332319286355,0.48220300473856575,0.8481606422634071,True
1655,2022,0.18687736513572756,0.23005750503317782,0.2741110698267834,0.18687736513572756,0.23005750503317782,0.42707483647119315,True
1656,2022,-1.0354275718754737,1.6675813090796852,0.13201166449771412,-1.0354275718754737,0.8281863857639868,0.15567413266240673,False
1657,2022,1.5137870064516394,0.17693947502429982,1.6061538152206196,1.5137870064516394,0.32534032504467947,1.6038707252203082,True
1658,2022,0.32337238229588594,0.00804519738600182,0.41298679914848974,0.32337238229588594,0.3285122265953487,0.36605648106341815,True
1659,2022,0.6724044921576066,0.32977580974406306,0.7667287576549076,0.6724044921576066,0.32977580974406306,0.7667287576549076,True
1660,2022,0.32248972777316337,0.23381556912537632,0.4124611725020878,0.32248972777316337,0.8722108870744342,0.4124611725020878,True
1661,2022,0.919990567409812,0.043442736746747625,1.012347410855531,0.919990567409812,0.46865497823744423,1.012347410855531,True
1662,2022,0.32938014024674356,0.30835700361730944,0.4183039680218934,0.32938014024674356,0.5080308010416665,0.44231537404125393,True
1663,2022,-1.0350393096892911,1.0610552666219155,0.14565965790310778,-1.0350393096892911,0.9643673902551875,0.527388416545807,False
1664,2022,0.27361365543554556,0.8427727787060633,0.3632231975831631,0.27361365543554556,0.8427727787060633,0.38577627194290887,True
1665,2022,0.6166566712744533,0.17718684412489782,0.7087473764996218,0.6166566712744533,0.31410395094868665,0.5329028569514266,True
1666,2022,0.258173020899229,0.8996980952635999,0.3527970665100711,0.258173020899229,0.8996980952635999,0.3527970665100711,True
1667,2022,0.16989159757227543,0.8257855908719454,0.264414105451608,0.16989159757227543,0.8257855908719454,0.29831334974027485,True
1668,2022,0.43243608001237477,0.42421319730466683,0.5240280672587043,0.43243608001237477,0.531908188570888,0.5240280672587043,True
1669,2022,0.8360515468969292,0.2855757447091322,0.9281211703047013,0.8360515468969292,0.2855757447091322,0.9281211703047013,True
1670,2022,1.9661350465861056,0.3272479708971657,2.0580261280867607,1.9661350465861056,0.3272479708971657,2.0580261280867607,True
1671,2022,0.7622924844280736,0.11272632156056225,0.8495148562965781,0.7622924844280736,0.5636316078027849,0.8495148562965781,True
1672,2022,0.3481947296328373,0.7457123524677134,0.43593758369338165,0.3481947296328373,0.7457123524677134,0.28611924097703867,True
1673,2022,0.577216081627309,0.2321067745661068,0.6638752906944838,0.577216081627309,0.2321067745661068,0.6638752906944838,True
1674,2022,0.4897141687564456,0.2477163821567858,0.5792950811896146,0.4897141687564456,0.34706097291758575,0.5792950811896146,True
1675,2022,0.18547524255083778,0.8092383422902362,0.275242508271135,0.18547524255083778,0.8092383422902362,0.275242508271135,True
1676,2022,0.8394182443653612,0.0,0.9290492082027973,0.8394182443653612,0.20999057445680955,0.9290492082027973,True
1677,2022,0.7617518168169749,0.08665094308909359,0.8504171128886069,0.7617518168169749,0.30575404204292805,0.7551010754906123,True
1678,2022,0.6014495641164933,0.2947392400967872,0.6893289166345802,0.6014495641164933,0.6616595185846734,0.504064251430876,True
1679,2022,-1.0343376247835772,1.4996294775448853,0.05647140292010685,-1.0343376247835772,0.7843250405569604,0.10039360519131375,False
1680,2022,0.6636721636498758,0.998169946653555,0.7598392533575669,0.6636721636498758,0.998169946653555,0.7598392533575669,True
1681,2022,-1.035870342952074,1.1240232517594428,0.11384170303033783,-1.035870342952074,0.8152112757230986,0.11384170303033783,False
1682,2022,0.7505504481298118,0.1590650167142971,0.8397153207941249,0.7505504481298118,0.17879401103543283,0.9864497160576842,True
1683,2022,1.091732877504418,0.07620435154266803,1.1811674489111512,1.091732877504418,0.4334122493988685,1.1811674489111512,True
1684,2022,-1.0388968610239706,1.0837295850653421,0.041571637522342865,-1.0388968610239706,0.917443034975938,0.09031079875546147,False
1685,2022,0.16682259122604684,0.5336881178312856,0.2609469526412691,0.16682259122604684,0.5336881178312856,0.38478618440321655,True
1686,2022,-1.0394797770095168,1.0733001955343306,0.05671911602418565,-1.0394797770095168,0.9816770081106537,0.05671911602418565,False
1687,2022,0.1669784167610502,0.22517965516875427,0.2573481773356874,0.1669784167610502,0.22517965516875427,0.5804320304038986,True
1688,2022,1.053724155058594,0.7005492658103932,1.1514119297535101,1.053724155058594,0.7005492658103932,0.9302609395282434,True
1689,2022,0.42666555244023163,0.135442134648545,0.5180312572640131,0.42666555244023163,0.135442134648545,0.7595930025650222,True
1690,2022,1.2843348357112718,0.04334690433429019,1.3801095025145638,1.2843348357112718,0.43486733057958626,1.1633749808430809,True
1691,2022,-1.0350918698320892,2.061697876520632,0.21082606892903663,-1.0350918698320892,0.9622981305717417,0.21082606892903663,False
1692,2022,0.26514449121677636,0.022430069699687548,0.36048326303043515,0.26514449121677636,0.3300424541523372,0.36048326303043515,True
1693,2022,0.3999603149875141,0.32221484987720195,0.49736753750274476,0.3999603149875141,0.32221484987720195,0.40483404215336805,True
1694,2022,0.4181027278194372,0.3306443947761096,0.519094567964544,0.4181027278194372,0.3306443947761096,0.42315629797766713,True
1695,2022,0.27103002076395494,1.6869468511854726,0.3780508381640764,0.27103002076395494,0.7544214503807203,0.38477174195369207,True
1696,2022,-1.0399509541453327,1.128118400340755,0.18266165808626686,-1.0399509541453327,0.9279212230782223,1.7170195860109085,False
1697,2022,0.34285655621339395,0.1667687111314813,0.43332525761220875,0.34285655621339395,0.1667687111314813,1.1304731484078474,True
1698,2022,-1.0377689832364543,1.7760422111780536,0.19825587473612963,-1.0377689832364543,0.8659926750628075,0.3276729040777928,False
1699,2022,0.3391012865047202,1.549803761837535,0.43804829046568494,0.3391012865047202,0.6335065466545393,0.43804829046568494,True
1700,2022,0.6295538511006581,0.3873722713677267,0.7188852183376472,0.6295538511006581,0.4104446010103264,1.3309091204359025,True
1701,2022,0.34845549050801333,0.11795339755858401,0.4430813523675266,0.34845549050801333,0.11795339755858401,0.5020580511468015,True
1702,2022,0.5685344603650913,0.20036893555350005,0.6653472287463689,0.5685344603650913,0.34414511831709454,0.5261596475603663,True
1703,2022,0.8376675023033213,0.6319851115450227,0.9359969069090915,0.8376675023033213,0.6499562521576608,0.7847398067525837,True
1704,2022,0.7768099952004401,0.24259394702538065,0.8733382092914506,0.7768099952004401,0.6660306545606416,0.7248413083849945,True
1705,2022,0.49673299452555286,0.12804186212724586,0.5884477067975126,0.49673299452555286,0.12804186212724586,0.5884477067975126,True
1706,2022,0.6650345341395517,0.5758387504635112,0.7587522359048802,0.6650345341395517,0.6788122681934554,0.6205509357936092,True
1707,2022,0.9350808047998879,0.33772783570720305,1.0312512514186853,0.9350808047998879,0.33772783570720305,0.8894889500106983,True
1709,2022,0.841033063018547,0.13353178783945077,0.9415702988679551,0.841033063018547,0.22084103373447778,0.9415702988679551,True
1710,2022,0.7130754442824061,0.09749059865187881,0.8171484723367067,0.7130754442824061,0.29601690863392394,0.8171484723367067,True
1711,2022,-1.0479529547799098,1.491852437453222,0.02244685380429219,-1.0479529547799098,0.9237743680989259,0.17439478724858368,False
1712,2022,0.5998299626024525,0.09814125482755821,0.6980692480474756,0.5998299626024525,0.09814125482755821,1.046312410338752,True
1713,2022,0.21902710459478686,0.7212992262943307,0.3153732547867033,0.21902710459478686,0.7103704501383657,0.3153732547867033,True
1714,2022,0.18580689704524425,0.22849004775396628,0.28243908680697105,0.18580689704524425,0.41096473866859967,0.28243908680697105,True
1715,2022,0.4958206368756839,0.47603037152878025,0.5954413799800304,0.4958206368756839,0.2920728720227665,0.5954413799800304,True
1716,2022,0.5619608354898112,0.4297959560265702,0.6636313037498592,0.5619608354898112,0.24206898672762228,0.6636313037498592,True
1717,2022,-1.0439369407044872,1.2125379002254517,0.2078636400386376,-1.0439369407044872,0.4236009028060405,0.936961104719633,False
1718,2022,0.6721445960895052,0.049843751773002654,0.7761384204654254,0.6721445960895052,0.049843751773002654,0.7761384204654254,True
1719,2022,0.6514618682596326,0.04025593243200924,0.7543611686171474,0.6514618682596326,0.4148111298428657,0.7543611686171474,True
1720,2022,0.3699397614204554,0.3781228108663787,0.4713585724498608,0.3699397614204554,0.4437331616102945,0.4713585724498608,True
1721,2022,0.5157679814433836,0.24884026479338317,0.6194534251239163,0.5157679814433836,0.24884026479338317,0.6194534251239163,True
1722,2022,0.6899118485021817,0.5856243487288684,0.7929250031462218,0.6899118485021817,0.696184697751449,0.6996397086584403,True
1723,2022,0.8590308752144685,0.0,0.9622585651951329,0.8590308752144685,0.41882477118201444,0.8688017980718737,True
1724,2022,0.6059989277990918,0.8471636916907267,0.7112819906472716,0.6059989277990918,0.8471636916907267,0.7112819906472716,True
1725,2022,0.588205607153039,0.3273838688106217,0.6893157840786516,0.588205607153039,0.3273838688106217,0.6893157840786516,True
1726,2022,0.5378460674877389,0.6438394532174795,0.6372528603456581,0.5378460674877389,0.6438394532174795,0.6372528603456581,True
1727,2022,0.228069521569371,0.3052233546611294,0.3264420905466418,0.228069521569371,0.47334103129264543,0.2693147247009943,True
1728,2022,0.3351332616598213,0.3379477274837288,0.4342709928052048,0.3351332616598213,0.3379477274837288,0.4718207403033639,True
1729,2022,0.5716112390554493,0.3373972473104812,0.6715658128285572,0.5716112390554493,0.537575518442068,0.6715658128285572,True
1730,2022,0.5072546974305828,0.14793685803740747,0.6042052728265969,0.5072546974305828,0.14793685803740747,0.9390097410165973,True
1731,2022,0.20772733569474183,0.9459192327010245,0.30707655351957813,0.20772733569474183,0.8872814988630986,0.30707655351957813,True
1732,2022,0.18222274214403067,0.3640099841292621,0.2833096574591257,0.18222274214403067,0.3640099841292621,0.7348880811666566,True
1733,2022,0.9907847084055782,0.889547532488252,1.097739508176956,0.9907847084055782,0.889547532488252,1.097739508176956,True
1734,2022,1.3177013954083832,0.5700518063560996,1.4251295158902686,1.3177013954083832,0.5700518063560996,1.4251295158902686,True
1735,2022,1.1867815251160276,0.7351175320045628,1.2961282801132692,1.1867815251160276,0.7351175320045628,1.2961282801132692,True
1736,2022,1.318700159305055,0.6344938503911844,1.4298452966562087,1.318700159305055,0.6344938503911844,1.4298452966562087,True
1737,2022,0.3655477653959491,0.5314738115151343,0.46811931742725466,0.3655477653959491,0.5314738115151343,0.32733155278749115,True
1738,2022,0.5828271081478702,0.33489783787306515,0.6878009358467742,0.5828271081478702,0.33489783787306515,0.5437588550411728,True
1739,2022,0.4163214360166429,0.48419524413764214,0.5224211844643482,0.4163214360166429,0.5114994872281287,0.37679855464851625,True
1740,2022,0.32977593453319476,0.23007692118930861,0.4320528443707871,0.32977593453319476,0.9220639971327638,0.4320528443707871,True
1741,2022,0.26629918597329333,0.057986495426436566,0.36724780436724513,0.26629918597329333,0.2196458160091265,0.44280596507439585,True
1742,2022,0.5930748275801317,0.21285164419664404,0.698081239865383,0.5930748275801317,0.21285164419664404,0.6944735848790019,True
1743,2022,-1.0489111569284466,1.0793032255004678,0.17929792996912697,-1.0489111569284466,0.9087944097455058,0.17929792996912697,False
1744,2022,-1.0502881893825244,1.23122427518803,0.06327878066309657,-1.0502881893825244,0.8985586854162096,0.06327878066309657,False
1745,2022,-1.0519076385531434,1.1098669648990243,0.04849838838214016,-1.0519076385531434,0.9289306697810283,0.22570403823997467,False
1746,2022,0.6517578320852976,0.7966495214470249,0.7604381795630595,0.6517578320852976,0.7966495214470249,0.7604381795630595,True
1747,2022,0.32085463434847666,0.5328605936947673,0.42704430558517603,0.32085463434847666,0.5328605936947673,0.2966635220215495,True
1748,2022,0.40003036462004166,0.4781773806427895,0.5092783484894462,0.40003036462004166,0.4781773806427895,0.28379633160100803,True
1749,2022,0.5712482747599623,0.2668494070217026,0.6783988446115007,0.5712482747599623,0.8569248563513289,0.6783988446115007,True
1750,2022,0.42149411370645207,0.15145473268095297,0.5255296748448184,0.42149411370645207,0.715304279649878,0.5255296748448184,True
1751,2022,0.7539086309124946,0.24971549317002123,0.8603336698997087,0.7539086309124946,0.3463207569511271,0.4575079473407306,True
1752,2022,0.16671358519559257,0.28768550464461684,0.2625326736374591,0.16671358519559257,0.8803490852513072,0.0,True
1753,2022,0.2722856842715389,0.2929121107822571,0.36932396576889354,0.2722856842715389,0.2929121107822571,0.4919013164766733,True
1754,2022,0.35441577925043505,0.0780408150819313,0.45072552384055825,0.35441577925043505,0.203861721030343,0.4586888723182989,True
1755,2022,-1.0443644748987155,2.4620122639769484,0.1357905647892602,-1.0443644748987155,0.890721442843923,0.1357905647892602,False
1756,2022,0.4811717528544807,0.8557465385356708,0.5875274742185184,0.4811717528544807,0.8557465385356708,0.5875274742185184,True
1757,2022,0.6783472893595555,0.6697091652506554,0.7856203669286285,0.6783472893595555,0.6697091652506554,0.7856203669286285,True
1758,2022,0.846580016959582,0.5514324808098953,0.9578515756628264,0.846580016959582,0.5514324808098953,0.9578515756628264,True
1759,2022,0.3462615657027888,0.26561016224036976,0.4539158742764733,0.3462615657027888,0.26561016224036976,0.4023795741402808,True
1760,2022,0.4611793535016265,0.16348016570518023,0.572180579968154,0.4611793535016265,0.16961067191911924,0.5190495261139693,True
1761,2022,0.20722430836424713,0.19473666206253798,0.31644707585160115,0.20722430836424713,0.665350262046974,0.31644707585160115,True
1762,2022,0.17017571107453655,0.3630654799402382,0.27848772609050626,0.17017571107453655,0.45383184992530945,0.27848772609050626,True
1763,2022,0.21281328475982242,0.10165040424127603,0.3240106635190493,0.21281328475982242,0.3345992472941722,0.3240106635190493,True
1764,2022,0.18520292693623627,0.6565026911902061,0.29999129597435814,0.18520292693623627,0.6565026911902061,0.32390364565345,True
1765,2022,0.4775121826253995,0.38169672245442776,0.5947367535917875,0.4775121826253995,0.38169672245442776,0.43051839625674354,True
1766,2022,1.4050879265587704,0.6572513851913109,1.527142924414997,1.4050879265587704,0.8806309409425856,1.527142924414997,True
1767,2022,0.4319966314905273,0.8823824391531919,0.5444056792022625,0.4319966314905273,0.8823824391531919,0.5444056792022625,True
1768,2022,0.29602714188282775,0.48497275871510487,0.40828903190965815,0.29602714188282775,0.48497275871510487,0.40828903190965815,True
1769,2022,0.15605453295023308,0.30755812853555103,0.26506654498786836,0.15605453295023308,0.6272567095132839,0.26506654498786836,True
1770,2022,0.36265832324219094,0.08993617498511235,0.47216491867206056,0.36265832324219094,0.15125629429315826,0.42719683117948115,True
1771,2022,0.31868537966544785,0.31834315542594843,0.4299699761597647,0.31868537966544785,0.31834315542594843,0.5622684303627331,True
1772,2022,0.3145391215160468,1.016421531687868,0.4282905244410374,0.3145391215160468,0.653706589936357,0.21312064374099557,True
1773,2022,0.5341225017919284,0.8237354462303114,0.6502074207554532,0.5341225017919284,0.8237354462303114,0.6502074207554532,True
1774,2022,0.814334131793817,0.0,0.9204159573062155,0.814334131793817,0.7097183285253313,0.9204159573062155,True
1775,2022,0.6205950825845084,0.09457512735537965,0.7304419410638234,0.6205950825845084,0.4265941914753285,0.5775119478934331,True
1776,2022,-1.0545779529863468,1.4741065204482193,0.10486932293125775,-1.0545779529863468,0.8171892522753181,0.10486932293125775,False
1777,2022,-1.053200847898467,1.3346940711849336,0.009629827353417802,-1.053200847898467,0.924463425928941,0.57586367573491,False
1778,2022,-1.0517335566642583,1.2001559791822516,0.0,-1.0517335566642583,0.8013521982683212,0.005616954660754188,False
1779,2022,0.5967090217464683,0.9422165983231857,0.7031202810795334,0.5967090217464683,0.9422165983231857,0.7031202810795334,True
1780,2022,0.7435330488159246,0.8325842157983943,0.852537214434109,0.7435330488159246,0.8325842157983943,0.852537214434109,True
1781,2022,0.46521411096098625,0.10258521486592471,0.5668267804456949,0.46521411096098625,0.25385493848182134,0.7719972101775839,True
1782,2022,0.6986044468968546,0.38067043642415327,0.8030581809495446,0.6986044468968546,0.6587858237659776,0.8030581809495446,True
1783,2022,0.33897366675242624,1.4114613005825731,0.44468442375414696,0.33897366675242624,0.920661455105779,0.44468442375414696,True
1784,2022,0.4922750992429078,0.3527145468066975,0.5996147295713902,0.4922750992429078,0.3527145468066975,0.5996147295713902,True
1785,2022,0.5189881703335129,0.36134248056585144,0.6308182287844423,0.5189881703335129,0.36134248056585144,0.6308182287844423,True
1786,2022,0.5502276903776823,0.1084977712381907,0.6588773744283685,0.5502276903776823,0.26434002447123395,0.6943857359244743,True
1787,2022,0.4409629375679299,1.1865900072806856,0.5562140659127895,0.4409629375679299,0.8587164526373342,0.14442049430718681,True
1788,2022,0.35650248458059336,0.3827452106974834,0.4656075758999985,0.35650248458059336,0.3827452106974834,0.44193261441357845,True
1789,2022,0.46434967957640283,1.149533352029446,0.5786371586814852,0.46434967957640283,0.8244128080211085,0.07934489466871425,True
1790,2022,1.1963304744925212,0.37745980215340125,1.3078982144615474,1.1963304744925212,0.37745980215340125,1.3078982144615474,True
1791,2022,-1.047272680165336,1.294901836493559,0.14633581857875327,-1.047272680165336,0.8167580571838652,1.2932002572077221,False
1792,2022,0.5743814967321131,0.19323456759919166,0.6879999989247064,0.5743814967321131,0.2505679008429132,0.49264197453871206,True
1793,2022,0.290094769218063,0.18681631254369724,0.40061720356590125,0.290094769218063,0.7887799862955215,0.40061720356590125,True
1794,2022,0.2334631063882543,0.41242130500639806,0.34542901180735586,0.2334631063882543,0.41242130500639806,0.34542901180735586,True
1795,2022,0.4325313241761011,0.08707667386312305,0.5431925845746033,0.4325313241761011,0.49758099350349294,0.5431925845746033,True
1796,2022,0.18357702096108364,0.16650967265313205,0.2934732980511316,0.18357702096108364,0.20189297809193976,0.4308437779899904,True
1797,2022,0.8450850830153767,0.3873880912652979,0.9599562041794236,0.8450850830153767,0.3873880912652979,0.9599562041794236,True
1798,2022,0.8631730833892831,0.1623666390896655,0.9784726408298224,0.8631730833892831,0.37387055053541846,0.9784726408298224,True
1799,2022,0.4064114656519896,1.2747615222457445,0.5225099062474468,0.4064114656519896,0.9392979637600027,0.5225099062474468,True
1800,2022,0.7539218526137574,0.15414233940394095,0.8595702220877227,0.7539218526137574,0.3971432038759823,1.2059371259247316,True
1801,2022,0.2177760116694183,0.9490948881204831,0.328700293821549,0.2177760116694183,0.9490948881204831,0.328700293821549,True
1802,2022,0.1702225037674271,0.26436028497336495,0.2843539199713314,0.1702225037674271,0.26436028497336495,0.2843539199713314,True
1803,2022,0.3429801221052818,0.7244836835658294,0.4589896628802028,0.3429801221052818,0.7244836835658294,0.4589896628802028,True
1804,2022,0.14626232361279495,0.3196393384046363,0.2601202891844685,0.14626232361279495,0.45851711991834443,0.38356720608555356,True
1805,2022,0.4192890585673704,0.10458103685517064,0.534030826494736,0.4192890585673704,0.4962036429513441,0.534030826494736,True
1806,2022,1.9684562010950835,0.20309717243924688,2.091231325006672,1.9684562010950835,0.5423364055246325,1.988566820257138,True
1807,2022,1.999717224196248,0.16702626939960774,2.125580880441522,1.999717224196248,0.22651507767891652,2.0203314504088867,True
1809,2022,0.4329170354189012,0.10150020512896936,0.5177650913319837,0.4329170354189012,0.10150020512896936,0.5177650913319837,True
1810,2022,1.345847945012491,0.3415894560201845,1.437426771306427,1.345847945012491,0.4928975372103251,1.437426771306427,True
1811,2022,0.9793815982479549,0.0805450275935846,1.0693901355885052,0.9793815982479549,0.0805450275935846,1.0693901355885052,True
1812,2022,0.4553581831824751,0.658586443004415,0.5419494879821635,0.4553581831824751,0.9354519422996722,0.5419494879821635,True
1813,2022,0.45983552321458476,0.22565188954920115,0.545519258755534,0.45983552321458476,0.3082358285079049,0.545519258755534,True
1815,2022,-1.0295301658613902,1.5291520301587262,0.004328809710307262,-1.0295301658613902,0.6352528249845457,0.34955138410564435,False
1816,2022,0.3396420932243696,0.5872975093410446,0.42792403992582256,0.3396420932243696,0.5872975093410446,0.42792403992582256,True
1817,2022,0.31585955084529843,0.6456342643470204,0.40742646117058123,0.31585955084529843,0.6456342643470204,0.40742646117058123,True
1818,2022,0.3573282154251291,0.48372502011214075,0.44247715018010564,0.3573282154251291,0.48372502011214075,0.8474562367856314,True
1819,2022,0.21850371686968728,0.32921396209315323,0.30735209742289493,0.21850371686968728,0.32921396209315323,0.2327645591361727,True
1820,2022,0.2604688776522401,0.10450238217411699,0.34834127391375264,0.2604688776522401,0.6076620000495113,0.34834127391375264,True
1821,2022,-1.0365461080543055,1.0417977908391722,0.08450577771066986,-1.0365461080543055,0.8331741521159982,0.08450577771066986,False
1822,2022,0.35655453798127434,0.6905992406745394,0.44969252881135774,0.35655453798127434,0.6905992406745394,0.44969252881135774,True
1823,2022,1.2041229794220316,0.04075949693060709,1.296661496104254,1.2041229794220316,0.21908229600190451,1.1374447112191515,True
1824,2022,0.5562866864265373,0.061079019176918055,0.6510129604952974,0.5562866864265373,0.4498991168640356,0.6510129604952974,True
1825,2022,0.3568083674280812,0.6300696268929449,0.44772006428627814,0.3568083674280812,0.6300696268929449,0.44772006428627814,True
1826,2022,0.2193727842742163,0.8040523585320375,0.3136265413776905,0.2193727842742163,0.8040523585320375,0.3136265413776905,True
1827,2022,0.742799835130718,0.788710343837275,0.8432294920288258,0.742799835130718,0.788710343837275,0.8432294920288258,True
1828,2022,0.9683725509859605,0.61708403700054,1.0723716496655902,0.9683725509859605,0.61708403700054,1.0723716496655902,True
1829,2022,0.23255612999789557,0.24673222665763522,0.33783335650046104,0.23255612999789557,0.24673222665763522,0.4555056492140858,True
1830,2022,0.9525584874980713,0.2008714860270332,1.0658487013679208,0.9525584874980713,0.391494426848615,1.0658487013679208,True
1831,2022,0.40379605231852805,0.19451496431076695,0.5103610449737728,0.40379605231852805,0.7857634201861053,0.5103610449737728,True
1832,2022,0.1932734851874231,1.0069702429454146,0.3030500921626061,0.1932734851874231,0.5293786420055877,0.30688616927858514,True
1833,2022,0.45745969241945644,0.544039918488837,0.5589678430815052,0.45745969241945644,0.5656024762338397,0.5589678430815052,True
1834,2022,0.16253976637825435,0.9525773786077748,0.264701575042741,0.16253976637825435,0.9525773786077748,0.264701575042741,True
1835,2022,0.3077816593599476,0.7434405510973414,0.412627291518124,0.3077816593599476,0.7434405510973414,0.412627291518124,True
1836,2022,0.4753957366364579,0.013519614924903852,0.5745836343072802,0.4753957366364579,0.6066927197539124,0.5745836343072802,True
1837,2022,-1.0466249864163344,1.4418359453681107,0.1022578684658075,-1.0466249864163344,0.9595196657709911,0.1022578684658075,False
1838,2022,-1.0450592752763792,2.360775811581673,0.2201419337174163,-1.0450592752763792,0.6209973951133422,0.7474968644882801,False
1839,2022,-1.0443165997239532,1.7562337689052117,0.014514328668625082,-1.0443165997239532,0.4386552664299614,0.77732293536484,False
1840,2022,-1.039723270426397,1.5055624590504233,0.04182117941806185,-1.039723270426397,0.9820766615070489,0.41100124600512905,False
1841,2022,0.33160801414563024,0.09420068345307667,0.42877552468303964,0.33160801414563024,0.7552296173393941,0.42877552468303964,True
1842,2022,0.6268028321190734,0.0,0.7257998581595789,0.6268028321190734,0.28042267247076264,0.7257998581595789,True
1843,2022,0.8178366255945618,0.06064891660505849,0.9179295486167932,0.8178366255945618,0.11801951339359408,0.9179295486167932,True
1844,2022,-1.04351988959816,2.6853555034254137,0.14275368890036266,-1.04351988959816,0.9612081719290029,0.8692113501932345,False
1845,2022,-1.0424238647552964,1.8784006947614742,0.018506410785845813,-1.0424238647552964,0.7633894449153596,0.8512948961480659,False
1846,2022,0.6822986322084038,0.16632629314274655,0.7789340263021794,0.6822986322084038,0.16632629314274655,0.7624660764860808,True
1847,2022,0.5036786195636794,0.006775869729050329,0.6030524058860185,0.5036786195636794,0.36928490023358956,0.5861127315633926,True
1848,2022,0.2411651290323137,1.4708511238319972,0.3476867082986307,0.2411651290323137,0.8623993843093548,0.3476867082986307,True
1849,2022,0.6931270645041836,0.016688237720313578,0.7888985104155481,0.6931270645041836,0.25487490336503066,1.2318953662642862,True
1850,2022,0.5194123756546666,0.44098445099536737,0.6128936437562502,0.5194123756546666,0.538150516468935,0.6128936437562502,True
1851,2022,0.512658418914537,0.03654974040826442,0.6076394342873743,0.512658418914537,0.03654974040826442,0.5025589306136098,True
1852,2022,0.37627220025751124,0.25035950092131815,0.4717139377114667,0.37627220025751124,0.5144582427468416,0.4717139377114667,True
1853,2022,0.3723280730991065,0.23674144101435193,0.4674125886693668,0.3723280730991065,0.30351466796712845,0.4385786952125158,True
1854,2022,0.2774742226073404,0.12852624984865357,0.3696934827106844,0.2774742226073404,0.12852624984865357,0.8245897602648697,True
1855,2022,0.49021041457506226,0.36766435601879377,0.5823803399337747,0.49021041457506226,0.4073721064688208,0.41178407874104234,True
1856,2022,0.5190807109815256,0.8293930919867898,0.6276488263684228,0.5190807109815256,0.8293930919867898,0.6276488263684228,True
1857,2022,0.49743549114933394,0.898955871154319,0.6098550393511918,0.49743549114933394,0.898955871154319,0.6098550393511918,True
1858,2022,0.16300793020602541,0.24724133226291622,0.27196546548918443,0.16300793020602541,0.44297405363772685,0.35025855403908057,True
1859,2022,0.4454938729377251,0.5296349892687084,0.5568494353576375,0.4454938729377251,0.5296349892687084,0.496140286390085,True
1860,2022,0.3517764834792221,0.2750639704679629,0.46260758669614743,0.3517764834792221,0.6188939335529521,0.40217686591152385,True
1861,2022,0.3799776226110615,0.21508080453704373,0.4901360641854201,0.3799776226110615,0.5501105192966587,0.4901360641854201,True
1862,2022,0.5140190658685413,0.4654645878742429,0.6261116580255721,0.5140190658685413,0.4840007882762977,0.6261116580255721,True
1863,2022,0.6982044929784293,0.24032734528594912,0.80765747186258,0.6982044929784293,0.24032734528594912,1.0144965805103543,True
1864,2022,0.5796220965279061,0.7135004651031877,0.6888970007893068,0.5796220965279061,0.8043440256468334,0.6888970007893068,True
1865,2022,0.1808367400019852,0.6668474504579014,0.29400941905169103,0.1808367400019852,0.5475392804079412,0.29400941905169103,True
1866,2022,0.9887861601864341,0.30625576819300077,1.1056733984025868,0.9887861601864341,0.36705654570189555,1.1056733984025868,True
1867,2022,1.0820616262921154,0.1442470881554023,1.2028345899408035,1.0820616262921154,0.2559222531789225,1.2028345899408035,True
1868,2022,0.21415895785334266,0.48357109368230805,0.327440516349899,0.21415895785334266,0.8673920962911285,0.3881579630903214,True
1869,2022,0.15461059795171966,0.16656543608696034,0.2647963342920248,0.15461059795171966,0.45485176777583675,0.2647963342920248,True
1870,2022,0.8355752177366111,0.47537846505572134,0.9529476142823041,0.8355752177366111,0.47537846505572134,0.9529476142823041,True
1871,2022,-1.0551332778470508,2.3778181214262433,0.0020253987405656547,-1.0551332778470508,0.832438882373221,0.5468576599532334,False
1872,2022,-1.0468443594399504,1.3998307148396887,0.1403253283824935,-1.0468443594399504,0.5801254429470002,1.6770588026197406,False
1873,2022,-1.0473978483645698,1.4094134873735755,0.020777594408476454,-1.0473978483645698,0.5800411772360471,0.14890609326062326,False
1874,2022,0.40897314803542695,0.39927084554131576,0.5172819328934571,0.40897314803542695,0.5172819328934571,0.5802211794812391,True
1875,2022,0.8275126006565499,0.042142431144168824,0.9347957453806159,0.8275126006565499,0.21837441592904902,0.9347957453806159,True
1876,2022,0.4420007272094681,0.0,0.5450566036439143,0.4420007272094681,0.5413487355919183,0.5450566036439143,True
1877,2022,1.3252763051157312,0.5184408943728644,1.4369829137508534,1.3252763051157312,0.5184408943728644,1.4369829137508534,True
1879,2022,0.6210073958472382,0.3323393739163666,0.7129673748120567,0.6210073958472382,0.7854003152810096,0.7129673748120567,True
1880,2022,0.7186102012333168,0.0780403691010195,0.8121979154587974,0.7186102012333168,0.25146341154774776,0.8121979154587974,True
1881,2022,0.213251338243052,0.16513188049049574,0.30344747269626304,0.213251338243052,0.44176306490196615,0.3246182266052845,True
1882,2022,0.6932897843707423,0.32156328508228293,0.7858833648871938,0.6932897843707423,0.32156328508228293,0.738297766646296,True
1883,2022,0.8295969936521322,0.0457789840935526,0.9244401304054829,0.8295969936521322,0.20969728197693244,0.8757076634671536,True
1884,2022,0.5789636216567607,0.25887081845512255,0.6722059926734325,0.5789636216567607,0.6822175712877415,0.6722059926734325,True
1885,2022,0.7437937267235535,0.07649531719750323,0.8358851933764213,0.7437937267235535,0.15299063439500646,0.8358851933764213,True
1886,2022,0.3533122086441833,0.04700055488250656,0.4443688825256314,0.3533122086441833,0.1096679613925369,0.4443688825256314,True
1887,2022,0.2734339785639641,0.22934039573292192,0.36578341597910485,0.2734339785639641,0.2801436479522622,0.36578341597910485,True
1888,2022,0.4536976045238889,0.010054858354045246,0.5610610961562277,0.4536976045238889,0.1085924702237801,0.5610610961562277,True
1889,2022,0.2692608384496519,0.9447740230769189,0.3758778371381032,0.2692608384496519,0.9447740230769189,0.3758778371381032,True
1890,2022,0.4318293697046648,0.0828477601071013,0.5385104406960688,0.4318293697046648,0.0828477601071013,0.806779378185664,True
1891,2022,0.19442018823570645,0.4757251696414455,0.2973282310259204,0.19442018823570645,0.4757251696414455,0.2973282310259204,True
1892,2022,0.4510607887189139,0.23872649443816749,0.5570284870224681,0.4510607887189139,0.23872649443816749,0.5570284870224681,True
1893,2022,0.1427791894738706,0.1015748960879292,0.2518210965513265,0.1427791894738706,0.13120090744688048,0.2518210965513265,True
1894,2022,0.6810906278506899,0.030654935535884397,0.7948386856798373,0.6810906278506899,0.030654935535884397,0.7948386856798373,True
1895,2022,0.6319076664616654,0.14425101828681203,0.7449380944362505,0.6319076664616654,0.49303706250267343,0.7449380944362505,True
1896,2022,1.0371993821610719,0.0,1.150266843060746,1.0371993821610719,0.6666080242234678,1.1355467920526694,True
1897,2022,0.5947959575156087,0.8896766920966223,0.7057435332811282,0.5947959575156087,0.8896766920966223,0.6457653293195678,True
1898,2022,0.4287325837704207,0.052024108774443384,0.5337288196489516,0.4287325837704207,0.36802239910814005,0.6127283922323867,True
1899,2022,0.6248943998371135,0.28766303435169077,0.7327632699363889,0.6248943998371135,0.49952297181339045,0.6744531954056503,True
1900,2022,1.6471218758739097,0.1289989547984563,1.7512049891132209,1.6471218758739097,0.1289989547984563,1.7512049891132209,True
1901,2022,1.6471095307740564,0.03282896255632,1.7545256655093506,1.6471095307740564,0.18603078781907756,1.7545256655093506,True
1902,2022,0.16561489151133035,1.110509873914452,0.2654151164927335,0.16561489151133035,0.9802447860652557,0.0,True
1903,2022,0.3645287650770002,0.15889795987363503,0.4570207988745636,0.3645287650770002,0.830809333053435,0.4570207988745636,True
1904,2022,0.29570225302854436,0.019055946202548642,0.38905890163499196,0.29570225302854436,0.03334790585443304,0.3652389688818152,True
1905,2022,0.6403046553207463,0.11269352449253497,0.7349577684295178,0.6403046553207463,0.31358198119660613,0.7349577684295178,True
1906,2022,0.4930830732068783,0.21589090589793503,0.5915750807282114,0.4930830732068783,0.2906877551854189,0.5915750807282114,True
1907,2022,0.24127518266606185,0.5325434691232951,0.33828232944308956,0.24127518266606185,0.6614926739110055,0.31986101447343296,True
1908,2022,0.4541540556123492,0.33754565374950574,0.5534377977720276,0.4541540556123492,0.33754565374950574,0.5345900709129356,True
1909,2022,0.16114788374672817,0.4935986449410703,0.25767522481674215,0.16114788374672817,0.8048167736158195,0.25767522481674215,True
1910,2022,0.33750407986041625,0.3284918563233095,0.4357197679729536,0.33750407986041625,0.3284918563233095,0.4357197679729536,True
1911,2022,-1.043833396538485,1.3104834234253582,0.12801637555311499,-1.043833396538485,0.7344097334363214,0.21055324926499427,False
1912,2022,0.36904445648582684,0.9668831509647179,0.47078603685719705,0.36904445648582684,0.9668831509647179,0.4741608471572453,True
1913,2022,-1.0374333746582634,1.232260465224513,0.20345284027712784,-1.0374333746582634,0.9364602364528262,0.5713994663102034,False
1914,2022,0.20262001085498055,0.7186684771970464,0.2938126403895924,0.20262001085498055,0.7186684771970464,0.36692094997009383,True
1915,2022,0.1729955105362189,0.1851293465560154,0.2699082061938235,0.1729955105362189,0.2750987486206232,0.2699082061938235,True
1916,2022,0.46987947760100746,0.27262959744760024,0.5700437037540915,0.46987947760100746,0.27262959744760024,0.5700437037540915,True
1917,2022,-1.0449662855081767,1.1450490705759309,0.22414465873185546,-1.0449662855081767,0.9956192980880404,0.4882530938267592,False
1918,2022,0.16225020167865745,0.19362872328558947,0.2587428072223098,0.16225020167865745,0.30329454886323604,0.4832150439515905,True
1919,2022,3.5788883808834666,0.6553834842339799,3.6962219083950667,3.5788883808834666,0.6553834842339799,3.6962219083950667,True
1920,2022,0.15317064324465635,0.35661320484529735,0.25267568785518346,0.15317064324465635,0.35661320484529735,0.5053513757104077,True
1921,2022,3.9206471551594047,0.12802088055663316,4.040771737005611,3.9206471551594047,0.41291241756995817,4.040771737005611,True
1922,2022,0.21813298977066828,0.30467829831071724,0.3020852915165565,0.21813298977066828,0.5043398214590008,0.4382181482085653,True
1923,2022,0.21820887836534703,0.46655756088573413,0.30352750409895446,0.21820887836534703,0.37775257060352635,0.30352750409895446,True
1924,2022,0.6295681013025591,0.8318621988395217,0.7206916745706594,0.6295681013025591,0.8318621988395217,0.9698669875870831,True
1925,2022,0.3080892508341742,0.13177125228682868,0.40830528877607636,0.3080892508341742,0.20786451064965653,0.40830528877607636,True
1926,2022,0.16670597683015564,0.5343322795453639,0.26904759146117735,0.16670597683015564,0.3969863062819465,0.26904759146117735,True
1927,2022,-1.0476073281850868,1.0272768451745813,0.1483432267399982,-1.0476073281850868,0.8640992957605538,0.7750933597165043,False
1928,2022,0.7888810300240167,0.979197351763991,0.8958614069330039,0.7888810300240167,0.979197351763991,0.8958614069330039,True
1929,2022,0.7983876891376858,0.9867120451952203,0.9063982740746664,0.7983876891376858,0.9867120451952203,0.9063982740746664,True
1930,2022,0.5724256842374267,0.3050709580136132,0.6760523081905967,0.5724256842374267,0.3050709580136132,0.5517641401109702,True
1931,2022,0.9281984453612311,0.11659361374461348,1.0311247715541456,0.9281984453612311,0.7724326910582197,1.0311247715541456,True
1932,2022,0.6580618408515178,0.09063066656276167,0.7692554137524981,0.6580618408515178,0.3779961946887335,0.7493608771899516,True
1933,2022,0.4153466080704663,0.12777454091559096,0.5240921847725124,0.4153466080704663,0.809960649193811,0.5240921847725124,True
1934,2022,-1.055549816389157,1.4424579901516983,0.13665391485644915,-1.055549816389157,0.7071297816382645,0.2906607077899445,False
1935,2022,-1.05604470612561,1.3981965383067183,0.15535517092297424,-1.05604470612561,0.6564302996745054,0.19474098890340874,False
1936,2022,-1.0564779311372898,1.3160702462933664,0.03747603716414858,-1.0564779311372898,0.5687539757850543,0.24910542350278742,False
1937,2022,1.101397945699001,0.1540018111125465,1.2114809140853378,1.101397945699001,0.2258693229650962,1.2114809140853378,True
1938,2022,-1.0498031873499665,1.2090039391969245,0.16716131635201037,-1.0498031873499665,0.9038373500426864,0.35764746754381144,False
1939,2022,-1.0477536795446392,1.035843284715775,0.2105221064260192,-1.0477536795446392,0.9259246627764873,0.2608238486694062,False
1940,2022,0.7180731369964223,0.7717712192706196,0.823842530450363,0.7180731369964223,0.7717712192706196,0.823842530450363,True
1941,2022,0.6760746703740723,0.01183944709714323,0.7729467604856145,0.6760746703740723,0.6883792812202288,0.7627986629737775,True
1942,2022,0.47431063884577807,0.2328359699590664,0.5704481263996862,0.47431063884577807,0.3326228142272161,0.5704481263996862,True
1943,2022,0.20343442793921152,0.39994559698466997,0.2983200764394329,0.20343442793921152,0.5327144222132252,0.2983200764394329,True
1944,2022,-1.0412860620005582,3.6282047268742796,0.1584582883866808,-1.0412860620005582,0.30548144255986337,0.6567034219736825,False
1945,2022,0.32932736918534705,0.13415249301320512,0.42014791767866816,0.32932736918534705,0.2093368572293889,0.8373474289175221,True
1946,2022,0.28538688759912223,0.8430748005626708,0.38050278609464383,0.28538688759912223,0.6849050149703928,0.4670485178338084,True
1947,2022,0.6582959343401531,0.09152943397905919,0.7491332134900323,0.6582959343401531,0.24220096375994196,0.9124780495141881,True
1948,2022,0.17635782412417944,1.839940228364819,0.2737101166162216,0.17635782412417944,0.6331274414658937,0.2737101166162216,True
1949,2022,-1.039848954943271,1.6845187901667396,0.20017133703991535,-1.039848954943271,0.9192483708679553,0.23558626590082749,False
1950,2022,0.3227199083599695,0.16871967681238112,0.42464278208965095,0.3227199083599695,0.3090034530384277,0.5857795520790096,True
1951,2022,-1.0405213028162295,1.5148324829357742,0.11031087824455946,-1.0405213028162295,0.9803685094691951,0.518927230051832,False
1952,2022,0.169683316530407,0.5292909866211005,0.26464549331055026,0.169683316530407,0.5292909866211005,0.48387844634884747,True
1953,2022,0.6912399687592948,0.9780746581909598,0.7873046784199701,0.6912399687592948,0.9780746581909598,0.7873046784199701,True
1954,2022,0.18840119782934137,0.6350997635311243,0.2817588878974824,0.18840119782934137,0.6350997635311243,0.4081696321974637,True
1955,2022,0.29899205970279186,0.13153110730276088,0.39156961829219833,0.29899205970279186,0.1829340687774315,0.39156961829219833,True
1956,2022,0.5937094008303732,0.007677352577676297,0.6878907909572616,0.5937094008303732,0.18425646186356778,0.6878907909572616,True
1957,2022,1.0585243214725348,0.09643601997119343,1.1557015091783807,1.0585243214725348,0.34441435703991685,1.1557015091783807,True
1958,2022,0.774592439545159,0.016241557392530807,0.8681850678906242,0.774592439545159,0.06348972435255633,0.8681850678906242,True
1959,2022,0.22566300114528887,0.1179327375691883,0.3192046096872654,0.22566300114528887,0.33650141119743304,0.3192046096872654,True
1960,2022,0.7167494661624777,0.5919354011623547,0.8110095324748502,0.7167494661624777,0.5919354011623547,0.8110095324748502,True
1961,2022,0.48807465002119255,0.584566080740979,0.5861720315122806,0.48807465002119255,0.584566080740979,0.5861720315122806,True
1962,2022,0.7917846917217897,0.1023953984819979,0.8895600243125613,0.7917846917217897,0.27678756152167217,0.8895600243125613,True
1963,2022,0.1873556061480648,0.31384709065995436,0.28138015024684954,0.1873556061480648,0.31384709065995436,0.5287473152990547,True
1964,2022,-1.0414423870222986,2.282425803805146,0.11840570722811464,-1.0414423870222986,0.9971006924473073,0.4564851607610009,False
1965,2022,-1.0435758463682758,2.342127015340219,0.03439487225325404,-1.0435758463682758,0.990899891105473,0.050773382850023946,False
1966,2022,0.7067577826694654,0.08081975537233305,0.7995382942192246,0.7067577826694654,0.15442346115785652,0.7995382942192246,True
1967,2022,-1.037317559838252,1.2938012605858897,0.045149008002987906,-1.037317559838252,0.8564202455568383,0.4289155760284653,False
1968,2022,0.26927911691662426,0.9858819865272829,0.36419305707211647,0.26927911691662426,0.9204410465846303,0.36419305707211647,True
1969,2022,0.43463673826321214,0.19091147124228827,0.536713381416874,0.43463673826321214,0.24134091647608716,0.536713381416874,True
1970,2022,0.2671915202415688,0.30240266041636626,0.3686091600341289,0.2671915202415688,0.3328218629434684,0.3900815382885252,True
1971,2022,0.7913438984050137,0.042924772786808896,0.8942660997251515,0.7913438984050137,0.2629142333191994,0.8942660997251515,True
1972,2022,0.25747488450526246,0.11993250959282928,0.3563212241527296,0.25747488450526246,0.49537340918788136,0.3563212241527296,True
1973,2022,0.3842415449315555,0.05500489783566052,0.48439797126216294,0.3842415449315555,0.18808126356702307,0.45600834657279105,True
1974,2022,3.0739158487518314,0.7159542415403326,3.1948108868734275,3.0739158487518314,0.7159542415403326,2.7594819259368735,True
1975,2022,3.4797971874525064,0.2458089066141156,3.5987131292063816,3.4797971874525064,0.2458089066141156,3.1707580543818645,True
1976,2022,0.3910313066151448,0.7161985500526898,0.49417699953635436,0.3910313066151448,0.7161985500526898,0.49417699953635436,True
1977,2022,0.8173934862230212,0.0,0.9193014405966999,0.8173934862230212,0.2757904321789979,0.9193014405966999,True
1978,2022,-1.045790759378645,1.0499901596080479,0.17212953436197762,-1.045790759378645,0.9759744598324256,0.24098134810678432,False
1979,2022,-1.0451969944350765,1.5835393803871687,0.20853891197818666,-1.0451969944350765,0.973181589231525,0.7341247876955831,False
1980,2022,-1.045505737157346,1.1967657002808572,0.032391094452055375,-1.045505737157346,0.9359321502196486,0.6052020279198005,False
1981,2022,0.15501424688203425,0.6256847046706792,0.2554164958792747,0.15501424688203425,0.6256847046706792,0.4765488983519667,True
1982,2022,-1.0447890845521133,1.3087257060890174,0.2044360257911201,-1.0447890845521133,0.9819632058491119,0.2044360257911201,False
1983,2022,0.2539275422304963,0.619815432754894,0.36521111357611263,0.2539275422304963,0.619815432754894,0.36521111357611263,True
1984,2022,0.7742813838139775,0.09558053218799041,0.8851588415669698,0.7742813838139775,0.09558053218799041,0.8851588415669698,True
1985,2022,0.2854957463203446,0.5045585306217197,0.39399789642175004,0.2854957463203446,0.49852795057445365,0.39399789642175004,True
1986,2022,-1.052595771208971,1.2278740975743032,0.1314178347244207,-1.052595771208971,0.9728842690045236,0.7669309459290148,False
1987,2022,0.1945758689761453,0.2974305503601985,0.2956388000567848,0.1945758689761453,0.641446608608135,0.15229877578682482,True
1988,2022,0.1472921694536473,0.7512923872848418,0.25103279286683694,0.1472921694536473,0.7512923872848418,0.25103279286683694,True
1989,2022,-1.0469097534177685,1.1313993815420615,0.23534501773219343,-1.0469097534177685,0.7443875746047113,0.934406885218118,False
1990,2022,0.35651288806236614,0.09254597034102378,0.4670343154421042,0.35651288806236614,0.2302888099184355,0.4670343154421042,True
1991,2022,-1.058427122334785,1.3368082916839883,0.1763541883166026,-1.058427122334785,0.9971631882594094,0.18070861271947802,False
1992,2022,-1.0599344746087291,1.2167237945831102,0.24780980036460906,-1.0599344746087291,0.8684505616382351,0.3348781086008532,False
1993,2022,0.44673767694412747,0.4283779458679286,0.5615524368113677,0.44673767694412747,0.4283779458679286,0.5615524368113677,True
1994,2022,0.2898016386759474,0.628564837371836,0.4033112267095398,0.2898016386759474,0.628564837371836,0.8023319084540881,True
1995,2022,0.6766910529702824,0.23403059306469554,0.7893213638819098,0.6766910529702824,0.23403059306469554,0.7893213638819098,True
1996,2022,0.24550547785073998,0.4221427483489864,0.3545179391474629,0.24550547785073998,0.8955164127597444,0.3545179391474629,True
1997,2022,0.90312779024225,3.1352689470588064,1.0309120762616277,0.90312779024225,0.23089189920198244,1.0309120762616277,True
1998,2022,0.3686807586291092,0.20104054549417533,0.46968764611021774,0.3686807586291092,0.20104054549417533,0.46968764611021774,True
1999,2022,-1.0476266844967588,1.6129598225099813,0.1724995620545465,-1.0476266844967588,0.9834253383109388,0.4499215381422533,False
2000,2022,0.33007717791317487,0.32567970994562684,0.4324302815389447,0.33007717791317487,0.06875460543294602,0.4469049353142931,True
2001,2022,0.2201968301846762,0.19351189336864252,0.3207280454906356,0.2201968301846762,0.13438325928378858,0.7095436090184103,True
2002,2022,0.48260963318208694,0.7231440889218238,0.5913108501908358,0.48260963318208694,0.7231440889218238,0.5525363682111024,True
2003,2022,1.0415338627851272,0.17395089607407546,1.151203121209515,1.0415338627851272,0.17395089607407546,1.1121130322040904,True
2004,2022,0.21615001095638364,0.17317059659750075,0.3184104518082928,0.21615001095638364,0.2085495356873205,0.3184104518082928,True
2005,2022,0.5092752429653512,0.2846471592814527,0.6148378640479395,0.5092752429653512,0.2846471592814527,0.6148378640479395,True
2006,2022,-1.0495818169470543,1.6700198988133932,0.06665267888832102,-1.0495818169470543,0.8146438530797224,0.07776145870303418,False
2007,2022,1.1693342992923519,0.13791912821795355,1.2757519360160376,1.1693342992923519,0.41950401499626994,1.2757519360160376,True
2008,2022,1.1687131004671085,0.06986938596088145,1.2796078971696347,1.1687131004671085,0.19363801252021293,1.2796078971696347,True
2010,2022,0.8345794803347943,0.16851462477727855,0.937362600323562,0.8345794803347943,0.8443284845611145,0.770603336221085,True
2011,2022,0.778913407952024,0.006469580456558291,0.8766281518594377,0.778913407952024,0.3817052469351372,0.8766281518594377,True
2012,2022,0.2604386707790401,1.6518725510665873,0.363570035163016,0.2604386707790401,0.471060306428569,0.363570035163016,True
2013,2022,0.4030531959818085,0.11135606815651423,0.5102132577351292,0.4030531959818085,0.13362728178778946,0.5102132577351292,True
2014,2022,0.735433502850158,0.04068972265275721,0.8443117450445385,0.735433502850158,0.44351797691496564,0.6408631317807988,True
2015,2022,0.2817808215238739,0.21072601339461808,0.3876563453956603,0.2817808215238739,0.6500698715097027,0.3876563453956603,True
2016,2022,0.21830399399033482,0.47061872508142943,0.3244265253752426,0.21830399399033482,0.42055290326425904,0.3244265253752426,True
2017,2022,0.2732728172992012,0.4335221254419619,0.3821569447023493,0.2732728172992012,0.38215694470239603,0.3821569447023493,True
2018,2022,0.37300147240125014,0.02224551618613195,0.4792897578279024,0.37300147240125014,0.034379434105815204,0.7684814682472959,True
2019,2022,-1.060934946075906,1.0191207301672274,0.16489144398211775,-1.060934946075906,0.9733175512832971,0.20382414603341423,False
2020,2022,0.9115308307039711,0.1642864919039979,1.0296829422151559,0.9115308307039711,0.1642864919039979,0.9834050571717682,True
2021,2022,0.38000885398557177,0.0,0.48676648244375686,0.38000885398557177,0.36405224317219925,0.7096973504536858,True
2022,2022,0.4370789612434345,0.20645797636761404,0.5463837354374962,0.4370789612434345,0.22105601510066425,0.5463837354374962,True
2023,2022,0.9181578748410715,0.09711870200809865,1.0290449702139126,0.9181578748410715,0.49385893148817495,1.0290449702139126,True
2024,2022,0.7841587118217542,0.8763822414963696,0.8960762244513261,0.7841587118217542,0.67747301365113,0.8960762244513261,True
2025,2022,0.3361956241019084,0.06748411662062165,0.4396108168430157,0.3361956241019084,0.374054817840081,0.4396108168430157,True
2026,2022,-1.051829501519306,1.500666835555723,0.04315643187219685,-1.051829501519306,0.9572881251649519,0.1059294236862811,False
2027,2022,-1.053253363519952,1.2829709181826683,0.022154913814797377,-1.053253363519952,0.9345345463685274,0.3021124611105236,False
2028,2022,-1.0529009916523484,1.2420393438745156,0.16174467339848947,-1.0529009916523484,0.9764585838499065,0.7108778238253428,False
2029,2022,0.3664019242991333,0.6851717004276425,0.4732833422029551,0.3664019242991333,0.6851717004276425,0.7069546157592286,True
2030,2022,0.5878505920156645,0.4885056498119799,0.6972860727607216,0.5878505920156645,0.4885056498119799,0.6972860727607216,True
2031,2022,0.7040423587438198,0.3183470872685133,0.8142338962829586,0.7040423587438198,0.37956768097398946,0.8142338962829586,True
2032,2022,0.7481878624282314,0.5286755544959308,0.8571541159290718,0.7481878624282314,0.9407315013824399,0.8571541159290718,True
2033,2022,0.542500196711898,0.8670707426848734,0.6467987295316528,0.542500196711898,0.8670707426848734,0.6467987295316528,True
2034,2022,0.4078595217738721,0.33812326616254995,0.511071373567551,0.4078595217738721,0.33812326616254995,0.5751981999087098,True
2035,2022,0.46762803651671,0.011844552188922618,0.5724866891317986,0.46762803651671,0.2901915286288735,0.5724866891317986,True
2036,2022,0.3093603133315077,0.1075497361221211,0.41426565024818357,0.3093603133315077,0.2927742816657992,0.41426565024818357,True
2037,2022,0.20856243519437298,0.08092236856131471,0.313574178175014,0.20856243519437298,0.08092236856131471,0.4733958560835669,True
2038,2022,0.6291288633212844,0.0,0.737674345527337,0.6291288633212844,0.2583944035180382,0.737674345527337,True
2039,2022,0.18750154316431208,0.4715249447838232,0.29573713642144966,0.18750154316431208,0.4715249447838232,0.29780522828453476,True
2040,2022,0.5157868162858568,0.951408360787316,0.6281341220682369,0.5157868162858568,0.951408360787316,0.6281341220682369,True
2041,2022,0.9297297852520853,0.3447936819221069,1.0362447953982457,0.9297297852520853,0.3447936819221069,1.2058460119112846,True
2042,2022,0.2072172599995147,0.7599058139283121,0.311809179084774,0.2072172599995147,0.7599058139283121,0.311809179084774,True
2043,2022,0.24381786091503088,0.22872917507446539,0.352713213899917,0.24381786091503088,0.22872917507446539,0.4446324150980371,True
2044,2022,0.4559193699779747,0.006472065068731865,0.5652270160031224,0.4559193699779747,0.5544402408885203,0.5652270160031224,True
2045,2022,0.300534323856594,0.05448829938377651,0.40975201136602313,0.300534323856594,0.30949354049986644,0.40975201136602313,True
2046,2022,0.2928157491282327,0.057924120863345786,0.40324099524098606,0.2928157491282327,0.2873927535142945,0.40324099524098606,True
2047,2022,1.17000300894689,0.11617840985647558,1.287074540566881,1.17000300894689,0.384983358151818,1.0364936565627343,True
2048,2022,0.8687844835711701,0.13301682400036904,0.9796794656533152,0.8687844835711701,0.886778826668983,0.9796794656533152,True
2049,2022,0.5530619219572578,0.7254287058408692,0.662961233949026,0.5530619219572578,0.5400413699037846,0.662961233949026,True
2050,2022,0.44844308517722986,0.009352215322227733,0.549910260947501,0.44844308517722986,0.20761918015362577,1.081116091250504,True
2051,2022,0.6351863877102708,0.2951859980325314,0.7398572130174329,0.6351863877102708,0.45980895847377906,0.7398572130174329,True
2052,2022,0.9149183888733887,0.0,1.0175867796925517,0.9149183888733887,0.5060628349812715,1.0175867796925517,True
2053,2022,-1.0455408014766734,1.4017709557134521,0.029824913951362778,-1.0455408014766734,0.7157979348323875,0.48772506343971894,False
2054,2022,0.3499328397676307,0.2740271906348192,0.45671198439139676,0.3499328397676307,0.4131167495176659,0.45671198439139676,True
2055,2022,0.41489254523566677,0.18574771384004293,0.5234708299129224,0.41489254523566677,0.21952002544734528,0.5234708299129224,True
2056,2022,0.14110310017930253,0.5715236468979896,0.2500415955178794,0.14110310017930253,0.5715236468979896,0.30677372223201366,True
2057,2022,-1.0538949117241394,1.1450555349169809,0.1364145583113745,-1.0538949117241394,0.8804939672827005,0.700674776781279,False
2058,2022,0.3009718701070681,0.28175395268133746,0.4030387667494806,0.3009718701070681,0.28175395268133746,0.5635079053626749,True
2059,2022,1.2329828481629879,0.05028219394718862,1.338996201778938,1.2329828481629879,0.1806434375139912,1.338996201778938,True
2060,2022,-1.0450124691741094,2.2418384594993053,0.10716575519578425,-1.0450124691741094,0.8192994832711415,0.9126373990868347,False
2061,2022,0.14755312617156005,0.3605234289853393,0.2548527687655009,0.14755312617156005,0.4765539578541722,0.2548527687655009,True
2062,2022,0.5057594159625125,0.21250914476294022,0.6146097814222495,0.5057594159625125,0.08958718847846191,0.6146097814222495,True
2063,2022,-1.0537016487541533,1.1736252130581857,0.11879626938462949,-1.0537016487541533,0.9995272320634885,0.7660311163765464,False
2064,2022,0.5031159960591964,0.33436355434865195,0.609721775576964,0.5031159960591964,0.33436355434865195,0.906715285616051,True
2065,2022,0.2856449359296033,0.23696277735988205,0.3864316061560414,0.2856449359296033,0.8275469301644302,0.3864316061560414,True
2066,2022,0.3228128959077146,0.3754126034700635,0.4248571902685574,0.3228128959077146,0.3754126034700635,0.5530468597461512,True
2067,2022,-1.0544753928308852,1.384848502659522,0.1674219831573328,-1.0544753928308852,0.9962641466893677,0.22322931087644374,False
2068,2022,0.5851790382779523,0.9869147768621566,0.6914313107357619,0.5851790382779523,0.9869147768621566,0.835233264250611,True
2069,2022,0.9691856286395021,0.5963829692476387,1.0750587735122072,0.9691856286395021,0.5963829692476387,1.0750587735122072,True
2070,2022,0.9889723296434256,0.5768653089640545,1.094866810890926,0.9889723296434256,0.5768653089640545,1.094866810890926,True
2071,2022,0.19668153226782376,0.07177990829001493,0.3010768375498667,0.19668153226782376,0.34893010974322514,0.3010768375498667,True
2072,2022,1.064403739573747,0.5784928038850017,1.1755138470403719,1.064403739573747,0.5784928038850017,1.1755138470403719,True
2073,2022,1.0087346652404086,0.07160931405102704,1.119151279597776,1.0087346652404086,0.624024022444817,1.119151279597776,True
2074,2022,0.8280035401277369,0.5902108023792301,0.9412655547237264,0.8280035401277369,0.5902108023792301,0.9412655547237264,True
2075,2022,0.7369907822025968,0.09120518785533396,0.849076867891194,0.7369907822025968,0.6666664921805261,0.849076867891194,True
2076,2022,0.5137796590404462,0.004219408286441748,0.6223627222507335,0.5137796590404462,0.5105484026598832,0.6223627222507335,True
2077,2022,0.5031991864398185,0.07415813728419975,0.6123343335754297,0.5031991864398185,0.15467268633566064,0.5847898825841251,True
2078,2022,0.6306392939359905,0.021143127134907205,0.7400094497224252,0.6306392939359905,0.5645214945025031,0.6998375081661016,True
2079,2022,0.5653553827106498,0.07116618209904439,0.6739856069381767,0.5653553827106498,0.35373778749240553,0.6739856069381767,True
2080,2022,0.1583998880875056,1.417681556301206,0.27191256789962814,0.1583998880875056,0.5292954565985727,0.2885179155576063,True
2081,2022,0.410989992758182,0.0958084419824454,0.5033745126378318,0.410989992758182,0.14295227851347347,1.0219567144792445,True
2082,2022,0.20281799657076832,1.4016379620497577,0.30177341915170514,0.20281799657076832,0.9022565679205483,0.33241031449706243,True
2083,2022,-1.0359056688632542,1.2766754162754277,0.11856812721350231,-1.0359056688632542,0.8685804667964518,1.449012810481074,False
2084,2022,0.33575561177743546,0.2134058239971584,0.4381429306845082,0.33575561177743546,0.21718291822719357,0.35693540473866636,True
2085,2022,0.5505948252982603,0.2591507209494265,0.6544974412299974,0.5505948252982603,0.44831183113150463,0.6544974412299974,True
2086,2022,0.3378308951780222,0.14651814977755256,0.4360659219570442,0.3378308951780222,0.5808398080467702,0.4360659219570442,True
2087,2022,0.16282944256035836,0.15137034984723405,0.2604978113650409,0.16282944256035836,0.1724917940119476,0.41538840190643395,True
2088,2022,0.4984354488681704,0.08685695769563027,0.5989511041094179,0.4984354488681704,0.1773329552952417,0.5989511041094179,True
2089,2022,0.7757229786015452,0.07403847520569383,0.8776268036575433,0.7757229786015452,0.3178236984438889,0.8776268036575433,True
2090,2022,1.5392288178651483,0.4082879341506183,1.645417897714163,1.5392288178651483,0.4994079881241376,1.645417897714163,True
2091,2022,0.1491810254017935,0.3912360580072601,0.25865050501592923,0.1491810254017935,0.3912360580072601,0.25865050501592923,True
2092,2022,0.6206621060656649,0.16330863157294598,0.7316226694468257,0.6206621060656649,0.46161906524617025,0.7316226694468257,True
2093,2022,0.46293773165185254,0.1955428772255417,0.5717503692789476,0.46293773165185254,0.5951304959038142,0.5717503692789476,True
2094,2022,1.4820126566285075,0.18925154485963477,1.596021361649408,1.4820126566285075,0.3574751402903947,1.5518626678488712,True
2096,2022,0.15424080250566094,0.4876424772603283,0.2559655915121158,0.15424080250566094,0.6464532457167886,0.2559655915121158,True
2097,2022,0.16164574483327,0.8264762041202084,0.2649912493031393,0.16164574483327,0.8264762041202084,0.42065044469796825,True
2098,2022,0.6324398902204444,0.3598003046743376,0.7337799317004009,0.6324398902204444,0.43069691643280456,0.7337799317004009,True
2099,2022,0.33334786813890216,0.974454473774435,0.43348246030473003,0.33334786813890216,0.974454473774435,0.43348246030473003,True
2100,2022,0.5862051328716709,0.049173610069756235,0.6833436157970385,0.5862051328716709,0.17973802301360506,0.7596474934915051,True
2101,2022,0.3022580838759946,0.0353590037393139,0.39736785154648957,0.3022580838759946,0.0707180074786278,0.6027868256510441,True
2102,2022,0.6824319753000285,0.006908202281876637,0.7806268578527669,0.6824319753000285,0.374769973792161,0.7806268578527669,True
2103,2022,-1.0435309755676847,1.1286907239523938,0.0,-1.0435309755676847,0.9837681989736302,0.2693853993723064,False
2104,2022,0.8529414490798352,0.15430710613514798,0.9466147472521734,0.8529414490798352,0.4480840966616927,0.9466147472521734,True
2105,2022,0.5888083417424843,0.0,0.6895266695723118,0.5888083417424843,0.10664679156050418,0.6895266695723118,True
2106,2022,0.5270359760328647,0.01283971636081617,0.6273118564861739,0.5270359760328647,0.1779217838571909,0.6273118564861739,True
2107,2022,0.2669025989621182,0.9215749473453977,0.3586968357931279,0.2669025989621182,0.9215749473453977,0.46722562200744133,True
2108,2022,0.1538094076833799,0.5010069389811345,0.2551253047209952,0.1538094076833799,0.5010069389811345,0.2551253047209952,True
2109,2022,0.21033368071168423,0.2874954369196908,0.30946961044223753,0.21033368071168423,0.2874954369196908,0.6866929225789072,True
2110,2022,0.3102314384391534,0.17105497239556539,0.41090379238497377,0.3102314384391534,0.19522578371230617,0.41090379238497377,True
2111,2022,0.2956739160576742,0.037526447849534565,0.3959040248124809,0.2956739160576742,0.38276976806520135,0.3959040248124809,True
2112,2022,0.20230256580407682,0.18474361733928188,0.30405720353765836,0.20230256580407682,0.22515628363226484,0.30405720353765836,True
2113,2022,-1.0565264695994059,3.062602611395838,0.09020596772067825,-1.0565264695994059,0.7810516717280911,0.4686310030368347,False
2114,2022,-1.0579961005117846,2.9079717110773036,0.06542372352306483,-1.0579961005117846,0.8144125583389724,0.32486262714901337,False
2115,2022,1.1806825608267524,0.0018089174126149161,1.2843313629577833,1.1806825608267524,0.5137325451830886,1.839669008631056,True
2116,2022,0.6648058507990482,0.6168208450545876,0.7641724913731218,0.6648058507990482,0.6168208450545876,0.4471951126645419,True
2117,2022,-1.0470441873691363,1.2317552588982925,0.13158216415531646,-1.0470441873691363,0.6524282306034077,0.3088525797534494,False
2118,2022,0.28640277639977446,0.5847677217836482,0.3880403092083276,0.28640277639977446,0.5847677217836482,0.5558903034240272,True
2119,2022,-1.0458098690251456,1.3454253374738139,0.23252073774282148,-1.0458098690251456,0.8200349682228302,0.3549934927371468,False
2120,2022,-1.04629457180999,1.7931318451986888,0.23334048035617735,-1.04629457180999,0.6138649560139781,0.23334048035617735,False
2121,2022,-1.0454961001656813,1.2255624402391998,0.08276068202765148,-1.0454961001656813,0.8099981645258877,0.6585637250710624,False
2122,2022,0.2948291860845661,0.29066410300872925,0.3891669379172661,0.2948291860845661,0.27290129671376706,0.624927821468766,True
2123,2022,0.2015064522134079,0.39450373078427314,0.29752156363318466,0.2015064522134079,0.37642230979000935,0.29752156363318466,True
2124,2022,-1.0424727588185378,1.0901421756357097,0.21147118895789574,-1.0424727588185378,0.9212930867778547,0.6376921899583402,False
2125,2022,0.30241658421330064,0.7048337565113341,0.4008844675728337,0.30241658421330064,0.7048337565113341,0.5996837322298738,True
2126,2022,0.855801327556261,0.44720893958363483,0.9540457377784399,0.855801327556261,0.654337290548719,0.9540457377784399,True
2127,2022,-1.0477146168779161,1.1991196902863008,0.07944860813916563,-1.0477146168779161,0.986640854565291,0.3159467905068744,False
2128,2022,-1.0475802411289186,1.0125590354989829,0.19514774138706664,-1.0475802411289186,0.9886258219326232,0.19514774138706664,False
2129,2022,0.2810833130809642,0.4021743241791847,0.38346854165923844,0.2810833130809642,0.4021743241791847,0.38346854165923844,True
2130,2022,0.3247872105708251,0.3187404244927476,0.4268512117475818,0.3247872105708251,0.29450869631491655,0.4268512117475818,True
2131,2022,4.519315883211824,0.6635572893606974,4.646749374520439,4.519315883211824,0.6635572893606974,4.4341892400455425,True
2132,2022,4.825078455077627,0.39463866918609325,4.953459899548364,4.825078455077627,0.39463866918609325,4.7393870365464466,True
2133,2022,0.5180267149980277,0.17902974384810483,0.6106193049104257,0.5180267149980277,0.17902974384810483,0.6106193049104257,True
2134,2022,0.3177487375171094,0.23696106396227926,0.41303629898978905,0.3177487375171094,0.3998717954363416,0.41303629898978905,True
2135,2022,0.30811087256783876,0.9000849163278138,0.4071812716720706,0.30811087256783876,0.9000849163278138,0.4071812716720706,True
2136,2022,0.267610992779451,0.1594527413080319,0.3671121253370457,0.267610992779451,0.1594527413080319,0.3671121253370457,True
2137,2022,0.3161432345848093,0.38023622253927175,0.4178833732857432,0.3161432345848093,0.35011850194212885,0.4178833732857432,True
2138,2022,0.5584375351722191,0.03155564083952596,0.6589560292956927,0.5584375351722191,0.03155564083952596,0.7796099501526691,True
2139,2022,0.18998512787693514,0.7331876463613809,0.29253446496235297,0.18998512787693514,0.7331876463613809,0.29253446496235297,True
2140,2022,0.8671689982377243,0.006027430834485182,0.959868360392656,0.8671689982377243,0.10849375502083605,0.959868360392656,True
2141,2022,-1.0367253602834927,1.6381307916262988,0.09280776966949256,-1.0367253602834927,0.908926887080439,0.18266926093674868,False
2142,2022,0.7175106679419005,0.0,0.8165260103096722,0.7175106679419005,0.6056943490043565,0.8165260103096722,True
2143,2022,0.30896516730205464,0.24091097920560156,0.40620756347812087,0.30896516730205464,0.4448939980950467,0.40620756347812087,True
2144,2022,0.2024551823061573,0.31366537943648026,0.29956805901234135,0.2024551823061573,0.38062765145103006,0.29956805901234135,True
2145,2022,0.2797309323930147,0.30306526931901073,0.37750235301137036,0.2797309323930147,0.30306526931901073,0.43421632153889206,True
2146,2022,0.54442308140832,0.0831747617738448,0.6423923090192112,0.54442308140832,0.258372664233637,0.6423923090192112,True
2147,2022,1.2832660840819954,0.18465067152843756,1.3857593253750609,1.2832660840819954,0.2426837397230665,1.3857593253750609,True
2148,2022,0.3226711247200761,0.0020924872346661785,0.426867395872281,0.3226711247200761,0.20087877452814343,0.426867395872281,True
2149,2022,-1.0535293370479042,3.0554267270420663,0.019324554141499334,-1.0535293370479042,0.9361672895223533,0.06012083510693564,False
2150,2022,-1.0520437788926336,2.155616963660076,0.20618944869792402,-1.0520437788926336,0.8226750730876312,0.7018772142545676,False
2151,2022,0.23818780955375776,0.8071002299283299,0.3368922834745274,0.23818780955375776,0.8071002299283299,0.3368922834745274,True
2152,2022,0.15346788992066437,0.6191008408790615,0.25384960732212086,0.15346788992066437,0.6191008408790615,0.25384960732212086,True
2153,2022,0.3360979871022498,0.20726478367494436,0.4341839864915441,0.3360979871022498,0.4788531209042126,0.4341839864915441,True
2154,2022,0.2924855243422263,0.45791521640688376,0.37250631087479824,0.2924855243422263,0.42395745878570695,0.37250631087479824,True
2155,2022,-1.0253653266405767,1.2873592962975713,0.09000390995325731,-1.0253653266405767,0.9435241346784154,0.7503696762394391,False
2156,2022,0.8555054386330656,0.0018794472734858672,0.9340852949233307,0.8555054386330656,0.2819170910231365,0.948181149474496,True
2157,2022,0.2493598359223625,0.7990303570543583,0.3384983148975961,0.2493598359223625,0.7990303570543583,0.3384983148975961,True
2158,2022,0.24372966850118016,0.3161081607684359,0.33366972525555455,0.24372966850118016,0.3161081607684359,0.42147754769124784,True
2159,2022,0.5213735575648506,0.04251738323474356,0.6113706485824344,0.5213735575648506,0.5365986987558083,0.6113706485824344,True
2161,2022,0.43366067690787746,0.33428464742348946,0.5151271616034226,0.43366067690787746,0.33428464742348946,0.6806254624589877,True
2162,2022,0.20741760596127606,1.266311772036647,0.2923911731697256,0.20741760596127606,0.49985991001446717,0.3332399400096285,True
2163,2022,0.4526009545338926,0.8763595252248724,0.5306122096857507,0.4526009545338926,0.8763595252248724,0.5306122096857507,True
2164,2022,0.5155646250346018,0.8614746879863505,0.5964055532213233,0.5155646250346018,0.8614746879863505,0.5964055532213233,True
2165,2022,0.2649784414347726,0.17130726930833723,0.34261453861667446,0.2649784414347726,0.17742538606934347,0.6209888512426905,True
2166,2022,0.37133475064809945,0.10360490200417616,0.4558615688183986,0.37133475064809945,0.4299603433173472,0.4558615688183986,True
2167,2022,0.35500823808637344,0.17555458433799098,0.44019656968325976,0.35500823808637344,0.3026351416572429,0.44019656968325976,True
2168,2022,-1.0322685239422256,1.234305405723198,0.02371130982176849,-1.0322685239422256,0.9708464077033083,0.08430687936634786,False
2169,2022,0.2024758529578847,0.7054049322455881,0.2889927096723076,0.2024758529578847,0.7054049322455881,0.5490861483773516,True
2170,2022,0.1961798285286132,0.48728676172207075,0.28197660611651437,0.1961798285286132,0.7445741719113265,0.28197660611651437,True
2171,2022,0.24067630366363457,0.5952295295607456,0.3266660975680777,0.24067630366363457,0.6546233654822143,0.3266660975680777,True
2172,2022,0.44747948627035644,0.35082706825906196,0.539114990214676,0.44747948627035644,0.37013864999811336,0.539114990214676,True
2173,2022,0.42200322381427563,0.18058047018223528,0.5154751603384397,0.42200322381427563,0.39235211248686813,0.5154751603384397,True
2174,2022,1.0477442136672732,0.335479965588925,1.1455413459134278,1.0477442136672732,0.4042124463437426,1.1455413459134278,True
2175,2022,0.39204401912516756,0.38682588130173606,0.4831560618593073,0.39204401912516756,0.38682588130173606,1.0626423042762885,True
2176,2022,0.5003196370049392,0.038299820991403034,0.589228015252375,0.5003196370049392,0.6290009062819076,0.5317782837652871,True
2177,2022,-1.0358717855966708,2.2115135699979462,0.1094662235316736,-1.0358717855966708,0.42455143450795596,0.07396366454842719,False
2178,2022,0.7195966791166791,0.17968695657421382,0.805449924224219,0.7195966791166791,0.35057804814127813,1.4814749776292868,True
2179,2022,-1.0296083663877174,1.6829010902766133,0.03280745807759263,-1.0296083663877174,0.9404804648910533,0.25395402734137235,False
2180,2022,0.6113562912205814,0.023603635908620395,0.6956861109907059,0.6113562912205814,0.028572822415692426,0.7180474502725582,True
2181,2022,0.3054268570215035,0.3125046909424844,0.39535477179703254,0.3054268570215035,0.30233011960948186,0.5901251373147075,True
2182,2022,0.27524008386844584,0.665676714190251,0.36612219280467423,0.27524008386844584,0.665676714190251,0.6801479471074503,True
2183,2022,0.41094301484683776,0.15097657192948621,0.499931856106046,0.41094301484683776,0.15809810834124677,0.5027804706707503,True
2184,2022,0.6094396817162869,0.06134879338326277,0.6990909013440666,0.6094396817162869,0.20972727040321998,0.6562894175882823,True
2185,2022,0.31055326240755105,0.3587811817462605,0.39974438753614755,0.31055326240755105,0.6370484762502008,0.39974438753614755,True
2186,2022,0.3682265360595162,0.1202931646645367,0.45599501954224475,0.3682265360595162,0.6014658233226199,0.402842225853256,True
2187,2022,-1.0352386974103323,1.0847500134729526,0.17937923399877848,-1.0352386974103323,0.9420940872219549,0.17937923399877848,False
2188,2022,0.25666615969494194,0.8712593761157206,0.34714240767109633,0.25666615969494194,0.8113602940077582,0.34714240767109633,True
2189,2022,0.2067005384967162,0.7318072841247212,0.2996494846518995,0.2067005384967162,0.6715762319333711,0.2996494846518995,True
2190,2022,-1.0361998114399025,1.3505959412731958,0.23041282689101214,-1.0361998114399025,0.6709505588084693,0.8216608355170254,False
2191,2022,0.2655426453507373,0.5560348199824908,0.3573450443087596,0.2655426453507373,0.5560348199824908,0.36624160142847134,True
2192,2022,-1.0332748589454412,1.219124092531789,0.17713768865848356,-1.0332748589454412,0.9768622536312517,0.7163656526629179,False
2193,2022,0.6285032836565191,0.8494388411478977,0.7163470411523767,0.6285032836565191,0.8494388411478977,0.7163470411523767,True
2194,2022,0.19579484418044102,0.2777380993199008,0.2816135146592743,0.19579484418044102,0.32553488850520435,0.30486600669536873,True
2195,2022,0.34499891643291536,0.1346036044621906,0.4312542667234336,0.34499891643291536,0.18426318669093486,0.4312542667234336,True
2196,2022,0.24848920856458348,0.540329997682149,0.33688056090210405,0.24848920856458348,0.540329997682149,0.37651356806704867,True
2197,2022,0.6223062001415594,0.0594299733555304,0.7092838124387753,0.6223062001415594,0.8410633185749385,0.7092838124387753,True
2198,2022,-1.0327007085500364,1.0338882167044745,0.23514886510953206,-1.0327007085500364,0.9367615115505342,0.6824429020026835,False
2199,2022,-1.0377703554906137,1.371549221726181,0.08791982190554536,-1.0377703554906137,0.7898130667846176,0.08791982190554536,False
2200,2022,0.31433030257690653,0.7362172123944913,0.400502163542614,0.31433030257690653,0.9800523531395393,0.400502163542614,True
2201,2022,0.2623427991199951,0.5670456680898667,0.35770031969619287,0.2623427991199951,0.5670456680898667,0.35770031969619287,True
2202,2022,0.29149213373835114,0.14299148011608298,0.3862413543364785,0.29149213373835114,0.27119073815116995,0.42075653919208605,True
2203,2022,0.4678298110570764,0.9148307316508738,0.570261717846398,0.4678298110570764,0.9148307316508738,0.570261717846398,True
2204,2022,0.6546092612398773,0.20503662242900195,0.7535095874265287,0.6546092612398773,0.20503662242900195,0.7535095874265287,True
2205,2022,0.38198275053599096,0.947703872155039,0.48047923588277464,0.38198275053599096,0.947703872155039,0.48047923588277464,True
2206,2022,0.6741836012762167,0.6567294230119395,0.7728179573827056,0.6741836012762167,0.6567294230119395,0.7728179573827056,True
2207,2022,0.9092836256355259,0.41383315564234213,1.0073787175197921,0.9092836256355259,0.41383315564234213,1.0073787175197921,True
2208,2022,0.9898967159716442,0.04804551700974449,1.0884794715657167,0.9898967159716442,0.339632102999953,1.0884794715657167,True
2209,2022,0.1685551323069943,0.3201991645539032,0.26183774047266634,0.1685551323069943,0.4037979612108304,0.42588066221456394,True
2210,2022,2.841679740483508,0.673318334269886,2.9527317022946336,2.841679740483508,0.673318334269886,2.9527317022946336,True
2212,2022,0.19179613058682482,0.36659913351228324,0.2787251839063863,0.19179613058682482,0.3981788341519224,0.2787251839063863,True
2213,2022,0.4338139427798116,0.46925304540890617,0.5238825044266749,0.4338139427798116,0.4762568222060478,0.42863113998548447,True
2214,2022,0.34895329360541566,0.47283044172922484,0.43915705715500475,0.34895329360541566,0.5556108454740896,0.3437491341948314,True
2215,2022,0.29713676049482707,0.13944661727599852,0.3841617593583875,0.29713676049482707,0.801134487487631,0.3841617593583875,True
2216,2022,0.2101987033240175,0.6067328598077152,0.29989541812007947,0.2101987033240175,0.6067328598077152,0.29989541812007947,True
2217,2022,0.3060157026510378,0.11234907705555819,0.392544968025491,0.3060157026510378,0.5563309719257511,0.3830697446593366,True
2218,2022,0.6123746366866593,0.33334988837352364,0.7025142275640037,0.6123746366866593,0.33334988837352364,0.7025142275640037,True
2219,2022,0.1710941355064024,0.2875387823268068,0.25706232152718994,0.1710941355064024,0.6135044065313835,0.3829433552647038,True
2220,2022,0.24643360476169515,0.9924071134607536,0.3398242540032311,0.24643360476169515,0.9924071134607536,0.3398242540032311,True
2221,2022,0.29384249600995577,0.48925993521161026,0.3850656897499319,0.29384249600995577,0.48925993521161026,0.5104007966096937,True
2222,2022,0.3028669650654426,0.2509008840688887,0.3936289318925622,0.3028669650654426,0.47626095957988746,0.37259532484485397,True
2223,2022,0.2992399716318393,0.7710578569582535,0.391552817986642,0.2992399716318393,0.7710578569582535,0.391552817986642,True
2224,2022,0.44779447969462166,0.1997189890794935,0.5385015705551299,0.44779447969462166,0.6035951669958325,0.5385015705551299,True
2225,2022,-1.0366140533623978,1.1789199586994723,0.23783939390946063,-1.0366140533623978,0.9366761315694364,0.23783939390946063,False
2226,2022,0.6650990246966504,0.07261755085156904,0.7530708977200443,0.6650990246966504,0.43570530510944483,0.7530708977200443,True
2227,2022,0.21668002970490835,0.397954413670675,0.3007949748815114,0.21668002970490835,0.4418758038082313,0.3007949748815114,True
2228,2022,0.43534384645181057,0.18132019164821095,0.5345168149629641,0.43534384645181057,0.18132019164821095,0.470299247087531,True
2229,2022,0.21865355790022528,0.34981286183544064,0.3206617900158464,0.21865355790022528,0.41588862462660936,0.2545860272246776,True
2230,2022,-1.0485919189191772,1.4938687858592499,0.11072889570086752,-1.0485919189191772,0.9635356538181901,0.11072889570086752,False
2231,2022,0.21910438627260181,0.5437240207407974,0.3202757930390546,0.21910438627260181,0.4208274955048516,0.9943446132725142,True
2232,2022,0.18110310715047448,0.5616424038634281,0.2789976876334372,0.18110310715047448,0.5616424038634281,0.7695230338647516,True
2233,2022,0.18717969632047746,0.19209179398898735,0.285393522497968,0.18717969632047746,0.5579809253965982,0.285393522497968,True
2234,2022,-1.046892250320874,1.5423853859066385,0.1419143938606577,-1.046892250320874,0.7674581036411788,0.15685275110917704,False
2235,2022,5.599883703267832,0.020204586939872322,5.724632966302365,5.599883703267832,0.6196073328233255,5.724632966302365,True
2236,2022,0.6110719498326519,0.04089917727958471,0.701128753364371,0.6110719498326519,0.13438301106148312,0.6909039590444831,True
2237,2022,1.2198470630067708,0.0,1.322627079507179,1.2198470630067708,0.15908521515748633,1.1228456465186982,True
2238,2022,0.4587365564956151,1.0473841198971792,0.5599875492519637,0.4587365564956151,0.9765214979239227,0.0,True
2239,2022,0.7812547032560622,0.006280423744585552,0.8745490064343235,0.7812547032560622,0.35013362376096585,1.110064896856496,True
2240,2022,0.1724803637500993,0.20720966622862252,0.26246557722286606,0.1724803637500993,0.44511706078738034,0.26246557722286606,True
2241,2022,1.3538533368968833,0.01724778621957861,1.4503820230113387,1.3538533368968833,0.03606355300460911,1.4503820230113387,True
2243,2022,0.6143664505911123,0.2194145319302576,0.7050520292692184,0.6143664505911123,0.2194145319302576,0.7050520292692184,True
2244,2022,0.41443346238817547,0.377213177176386,0.5038998668696405,0.41443346238817547,0.377213177176386,0.6391272322724769,True
2245,2022,0.2297610738515143,0.2791367627616965,0.31739408557678495,0.2297610738515143,0.9054233066230388,0.0,True
2246,2022,0.5682668392387901,0.9930944132587454,0.6664620314892538,0.5682668392387901,0.9930944132587454,0.6664620314892538,True
2247,2022,0.5539156535867555,1.0372962002673516,0.6539841521944599,0.5539156535867555,0.9868604044682989,0.6539841521944599,True
2248,2022,0.5868656374291991,0.0,0.6771552306169432,0.5868656374291991,0.5347556966616949,0.9892222943911841,True
2249,2022,-1.0367865881429241,1.112193309724294,0.027237387176931454,-1.0367865881429241,0.9850855028986711,0.22092547376837138,False
2250,2022,0.81794058300643,0.11940746056956578,0.9133057119242587,0.81794058300643,0.26624636478354774,0.9133057119242587,True
2251,2022,0.27685102139657974,0.4797898227226309,0.3695468537475547,0.27685102139657974,0.697170324927079,0.1428500443057822,True
2252,2022,0.642606835775977,0.02893532360136815,0.7340434724143476,0.642606835775977,0.6716040899060283,0.7340434724143476,True
2253,2022,0.17875941752790475,0.24720656672976837,0.26830956632866776,0.17875941752790475,0.6210311310528646,0.26830956632866776,True
2254,2022,0.615837788171276,0.19184758767789914,0.7068845730593554,0.615837788171276,0.32171364702911304,0.7068845730593554,True
2255,2022,0.18595992930491861,0.5839170555490034,0.2766689290631327,0.18595992930491861,0.5839170555490034,0.9333935975234833,True
2256,2022,0.4808402633229854,0.29259205490172724,0.5720174673328887,0.4808402633229854,0.29259205490172724,0.5720174673328887,True
2257,2022,1.0558390494008136,0.18088158234427576,1.1494732813490816,1.0558390494008136,0.49888307388502556,1.0531976004239245,True
2258,2022,1.3143868555670692,0.03355105341021289,1.4141769012401244,1.3143868555670692,0.1409144243228865,1.2162256861199408,True
2260,2022,0.882242084127043,0.6757545011943505,0.9805697773894279,0.882242084127043,0.6757545011943505,0.9805697773894279,True
2261,2022,1.0763028649169855,0.5086064869846716,1.176357584412894,1.0763028649169855,0.5086064869846716,1.176357584412894,True
2262,2022,0.47957418532512486,0.572478487338576,0.5724784873386096,0.47957418532512486,0.7322399256656479,0.7869730110184506,True
2263,2022,0.7660518402636667,0.11319707899417486,0.8633389159106857,0.7660518402636667,0.1267131481277939,0.8008270961676591,True
2264,2022,0.4952261260933766,0.2583645874097915,0.590314025664192,0.4952261260933766,0.8045277025672107,0.5674209609569778,True
2265,2022,0.27948113538096436,0.0509261960340418,0.3684660065993377,0.27948113538096436,0.24714183369465365,0.47780754514304474,True
2266,2022,1.428502007605127,0.3843399655010093,1.5255340169117761,1.428502007605127,0.3976440412298788,1.5255340169117761,True
2267,2022,0.254185280009815,0.7565947548120017,0.3430765870958039,0.254185280009815,0.9405255486542121,0.0,True
2268,2022,0.4313554434328749,0.17861326448149417,0.5272526172674952,0.4313554434328749,0.17861326448149417,0.5272526172674952,True
2269,2022,0.8467063467925063,0.05814857886252871,0.9440592803565726,0.8467063467925063,0.37454525796752497,0.9440592803565726,True
2270,2022,0.5161858186879982,0.8122433102277261,0.6124842847449162,0.5161858186879982,0.8122433102277261,0.6124842847449162,True
2271,2022,0.36428332407559216,0.05733349348641106,0.45702984807750385,0.36428332407559216,0.1392384841813053,0.5389348387723981,True
2272,2022,0.5901085910329745,0.38467831992680884,0.6860929342417902,0.5901085910329745,0.38467831992680884,0.6860929342417902,True
2273,2022,0.5989417240176498,0.30251216639884204,0.6952765813365998,0.5989417240176498,0.37939371145048983,0.6952765813365998,True
2274,2022,0.5111267255309524,0.267936419004372,0.605278054979809,0.5111267255309524,0.71342106746951,0.605278054979809,True
2275,2022,0.28002623432162527,0.7548234260795617,0.3710951990139805,0.28002623432162527,0.7548234260795617,0.620597503031889,True
2276,2022,-1.0412358055568236,1.0107366051058158,0.03163755436081749,-1.0412358055568236,0.8825212532225426,0.18649505728478502,False
2277,2022,-1.045515179945985,1.0492724804100981,0.22602542047363075,-1.045515179945985,0.9886315139415773,0.30504243738718695,False
2278,2022,-1.045809662460675,1.1178676616695806,0.1699897931794728,-1.045809662460675,0.7612586390212671,0.521055670398025,False
2279,2022,-1.0460687498856256,1.2100023874872279,0.08549940065194617,-1.0460687498856256,0.8512766412736441,0.08549940065194617,False
2280,2022,0.2631835455727094,0.7919833749013927,0.36215406057845634,0.2631835455727094,0.7919833749013927,0.34569251237031823,True
2281,2022,0.6866944892650013,0.010256131851101838,0.7765356972984435,0.6866944892650013,0.45420012483490974,0.7765356972984435,True
2282,2022,0.948479831161663,0.1417612995785246,1.040065044866919,0.948479831161663,0.3355981785940428,1.040065044866919,True
2283,2022,0.582256307423099,0.09899844533296118,0.669614484404881,0.582256307423099,0.2914954223692485,0.669614484404881,True
2284,2022,1.2840802655983112,1.2387660708390225,1.3824903111021392,1.2840802655983112,0.6802947372453045,1.3824903111021392,True
2285,2022,0.48183867494854227,0.08406135052554459,0.5702161610650535,0.48183867494854227,0.22696564641898948,0.5702161610650535,True
2286,2022,-1.0351022798016334,1.1265164231046205,0.15291443352228065,-1.0351022798016334,0.9441414106468154,0.17536058890171116,False
2287,2022,0.22296610550144833,0.028272520202795078,0.3083051012589928,0.22296610550144833,0.25714530279681697,0.3083051012589928,True
2288,2022,0.4232261308579049,0.23220512278595462,0.5128456699567663,0.4232261308579049,0.23220512278595462,0.5128456699567663,True
2289,2022,0.48938585967494885,0.553781132079746,0.5792098575323638,0.48938585967494885,0.553781132079746,0.625829187528894,True
2290,2022,0.34402095581072634,0.18002722957843478,0.44615443852053843,0.34402095581072634,0.21133631298340125,0.44615443852053843,True
2291,2022,0.7015659321122379,0.14936604805658943,0.8057905224102989,0.7015659321122379,0.14936604805658943,0.8057905224102989,True
2292,2022,0.32992143788970174,0.8864834939188351,0.4346628744376299,0.32992143788970174,0.8636065005274014,0.4346628744376299,True
2293,2022,0.1778756615958968,0.20160743338306697,0.2698437954511928,0.1778756615958968,0.20160743338306697,0.2698437954511928,True
2294,2022,0.6559338934365263,0.35797413423448327,0.752379264430886,0.6559338934365263,0.35797413423448327,0.752379264430886,True
2295,2022,0.29611416364755067,1.861364948112271,0.39918793363250116,0.29611416364755067,0.9526075688957805,1.0584528543286527,True
2296,2022,0.4706392050918978,0.06017809948545927,0.566677103488249,0.4706392050918978,0.06017809948545927,0.566677103488249,True
2297,2022,0.6702351874947534,0.0,0.7672000431904057,0.6702351874947534,0.4499116227024868,0.7672000431904057,True
2298,2022,0.2137167477920487,0.7224848027457105,0.31058542095042696,0.2137167477920487,0.7224848027457105,0.31058542095042696,True
2299,2022,0.3596150269957854,0.23332910882241092,0.4551560784775665,0.3596150269957854,0.4633718921684899,0.4551560784775665,True
2300,2022,0.40435521934986723,0.22458827542566334,0.4999957956556233,0.40435521934986723,0.29016149452801876,0.4999957956556233,True
2301,2022,0.3565507072174159,0.15640516358373263,0.45129406575720843,0.3565507072174159,0.15640516358373263,0.6940479134027857,True
2302,2022,-1.0419912633174533,4.874469011080727,0.08689769848213115,-1.0419912633174533,0.8853727769873947,0.3131596303788961,False
2303,2022,-1.0432428499623811,4.693728483211745,0.07589571747917669,-1.0432428499623811,0.5903000248379812,0.4098368743875234,False
2304,2022,0.5292910351040275,0.5221887541532428,0.6138954568454609,0.5292910351040275,0.5221887541532428,0.6138954568454609,True
2305,2022,0.4955456746322476,0.6104558872953911,0.5819420241945416,0.4955456746322476,0.6104558872953911,0.49121609614638906,True
2306,2022,0.6104746675173756,0.5211851643474165,0.6988920651681504,0.6104746675173756,0.5211851643474165,0.6060601020528299,True
2307,2022,0.5774648905399533,0.007958948386980266,0.6658986817112854,0.5774648905399533,0.5544734042934713,0.5730442838630918,True
2308,2022,0.5313999027014447,0.1968465652768096,0.621549771182226,0.5313999027014447,0.5190816961066609,0.621549771182226,True
2309,2022,0.19659258480853894,1.5997420330011662,0.29487675942228914,0.19659258480853894,0.4045652158257501,0.20655618413639892,True
2310,2022,-1.0433114595246666,1.3036469671548294,0.02947945403114965,-1.0433114595246666,0.9728219830276034,0.26367733883406225,False
2311,2022,0.3357529281109786,0.16282351834715172,0.431003430918946,0.3357529281109786,0.16282351834715172,0.7582467766166514,True
2312,2022,0.4792171736343761,0.6403282687264757,0.5759736688544538,0.4792171736343761,0.6403282687264757,0.5759736688544538,True
2313,2022,0.48304816538690776,0.23519311783540933,0.5799282357585144,0.48304816538690776,0.6379210593343878,0.5799282357585144,True
2314,2022,0.5087426513779764,0.0761131201862033,0.6041478914779571,0.5087426513779764,0.4693642411482416,0.6041478914779571,True
2315,2022,0.5857276015460967,0.32404608596103857,0.6828678494398522,0.5857276015460967,0.32404608596103857,0.6828678494398522,True
2316,2022,0.30562073801554707,0.5872324589435093,0.41067890919581407,0.30562073801554707,0.5872324589435093,0.41067890919581407,True
2317,2022,0.604060064161775,0.08022759857153468,0.7086771207151071,0.604060064161775,0.28461695683706356,0.7086771207151071,True
2318,2022,0.26450066712664255,0.9521708448654101,0.37144090383859424,0.26450066712664255,0.9521708448654101,0.37144090383859424,True
2319,2022,0.6547643070312028,0.24661002203136015,0.7556835675103266,0.6547643070312028,0.6112405546062649,0.7556835675103266,True
2320,2022,0.8327448800547897,0.0862027701887612,0.9356592347571498,0.8327448800547897,0.0862027701887612,0.9356592347571498,True
2321,2022,0.2711387577292715,0.6677997275171859,0.37196098812482153,0.2711387577292715,0.9273073936507988,0.37196098812482153,True
2322,2022,0.20676130565374068,0.7383792758011406,0.30823851843584965,0.20676130565374068,0.7383792758011406,0.30823851843584965,True
2323,2022,1.6240499229316274,0.1623140243138079,1.7285606919191512,1.6240499229316274,0.6592961399962826,1.7285606919191512,True
2324,2022,0.24707494980877182,0.2987696598517781,0.3462213117105855,0.24707494980877182,0.7557114925662342,0.3462213117105855,True
2325,2022,0.7968718192622608,0.14620944897657964,0.8983954093742267,0.7968718192622608,0.3875431177692892,0.8983954093742267,True
2326,2022,-1.0473088543345985,1.205171067536571,0.17579187000157756,-1.0473088543345985,0.8825839246470922,0.21022532907401925,False
2327,2022,-1.049876793128715,1.0467162455877959,0.0993234393623418,-1.049876793128715,0.899641152685865,0.0993234393623418,False
2328,2022,-1.0488322576259326,1.2513261931158672,0.2185151710366211,-1.0488322576259326,0.991722699320213,0.47064806069431964,False
2329,2022,0.18284727014106256,0.9553034631090903,0.2847539168882757,0.18284727014106256,0.9553034631090903,0.42070094817687753,True
2330,2022,0.617637776827597,0.4995307750899064,0.7177373591544584,0.617637776827597,0.4995307750899064,0.5770752636417812,True
2331,2022,0.46493017794040165,0.6848493266482254,0.5679238318546074,0.46493017794040165,0.6848493266482254,0.38418376860752357,True
2332,2022,0.3945629651967014,0.005523074313991996,0.4952356634883675,0.3945629651967014,0.22460502210255046,0.5118048864303854,True
2333,2022,0.5257569821783411,0.31488959157950464,0.6297791831590944,0.5257569821783411,0.3786172470182474,0.44421924526400947,True
2334,2022,-1.0533374086837721,1.8859188217652778,0.03276297627389768,-1.0533374086837721,0.9562693699939142,0.6245442352208457,False
2335,2022,-1.0527690986510572,1.3797429516752218,0.14970817950728535,-1.0527690986510572,0.655479056221081,0.5158862942481084,False
2336,2022,0.7982655718416475,0.08333515654933898,0.9018715831005129,0.7982655718416475,0.27222817806115157,1.0778013580379968,True
2337,2022,0.6081487292601492,0.12177266594736441,0.7091467016934152,0.6081487292601492,0.8362916911384521,0.7091467016934152,True
2338,2022,0.8159626099419788,0.03695589601189935,0.9168581820103432,0.8159626099419788,0.09678925145981643,0.9168581820103432,True
2339,2022,2.9070778475548047,0.5070617989925553,3.020176169756986,2.9070778475548047,0.5070617989925553,3.020176169756986,True
2340,2022,0.4520136823532724,0.034591575205436924,0.550006045766333,0.4520136823532724,0.04842820528759596,0.5344398369239041,True
2341,2022,2.8926654090122637,0.5967633429480036,3.008245623515605,2.8926654090122637,0.5967633429480036,3.008245623515605,True
2342,2022,0.17981500660935373,0.3929351947895091,0.2777645342477425,0.17981500660935373,0.3929351947895091,0.445439466507065,True
2343,2022,-1.0445357957621417,1.007308008023648,0.24039955821741893,-1.0445357957621417,0.9903784616702865,0.24039955821741893,False
2344,2022,0.1991767683493083,0.4859143097720063,0.2831707529361005,0.1991767683493083,0.4859143097720063,0.5646659392867437,True
2345,2022,0.21401470390717123,0.39366068206494464,0.3128656949162773,0.21401470390717123,0.39366068206494464,0.3128656949162773,True
2346,2022,0.2884671511242327,0.4658077919484822,0.38496511731278366,0.2884671511242327,0.4658077919484822,0.38496511731278366,True
2347,2022,0.32398237674082847,0.13388695213468058,0.43458387742084176,0.32398237674082847,0.5509118850132823,0.43458387742084176,True
2348,2022,1.08285230130218,0.02661846926393039,1.1978311168779772,1.08285230130218,0.04214590966788979,0.958264893502402,True
2350,2022,0.5529211839706852,0.2441137897511245,0.6620034976302693,0.5529211839706852,0.2710076818423764,0.6620034976302693,True
2351,2022,0.8883295195695636,0.7099887843455637,0.9964047143940742,0.8883295195695636,0.7099887843455637,0.9964047143940742,True
2352,2022,0.19750549721758787,0.2805661811719634,0.30230018112188334,0.19750549721758787,0.37342963550352937,0.37738127185806025,True
2353,2022,0.9059780320033205,0.19737818007447286,1.0128092472508066,0.9059780320033205,0.5801722262795221,1.0128092472508066,True
2354,2022,0.9026314148157816,0.11887024796374528,1.0124465947258308,0.9026314148157816,0.23159203482592233,1.0124465947258308,True
2355,2022,0.7213048228726965,0.708384465475323,0.8166319793007384,0.7213048228726965,0.708384465475323,1.4247283069672152,True
2356,2022,0.4173685097311501,0.4500645018377635,0.5125289700643743,0.4173685097311501,0.4500645018377635,0.5125289700643743,True
2357,2022,0.39119658510901695,0.2357692260938394,0.48779839881482484,0.39119658510901695,0.48942439347753947,0.48779839881482484,True
2358,2022,0.6563531474510816,0.05333267952278392,0.7531220805340003,0.6563531474510816,0.5430236460503038,0.7531220805340003,True
2359,2022,0.7290612539597533,0.2038135746962427,0.8264003536511979,0.7290612539597533,0.5811871465947452,0.8264003536511979,True
2360,2022,0.36756638989275897,0.08894785209581506,0.4652656878858228,0.36756638989275897,0.14710606308152832,0.4652656878858228,True
2361,2022,-1.0455034356307722,1.2033205205739765,0.07791283946159237,-1.0455034356307722,0.7964423589410675,0.1108093716787319,False
2362,2022,0.20319985169441465,0.8872867518957166,0.30686794779002385,0.20319985169441465,0.8872867518957166,0.4103262844735033,True
2363,2022,0.23719633995458742,0.346384785319078,0.3346712901633339,0.23719633995458742,0.2208830515078278,0.3346712901633339,True
2364,2022,0.6055762680250938,0.04176951427574366,0.7033986204035293,0.6055762680250938,0.04176951427574366,0.7033986204035293,True
2365,2022,0.753916195268671,0.23361515346198405,0.8532752059071745,0.753916195268671,0.23361515346198405,0.8532752059071745,True
2366,2022,0.6512770050623231,0.2806266505477655,0.7483377347940533,0.6512770050623231,0.8085852642901656,0.7483377347940533,True
2367,2022,-1.0549904059589055,1.344383459718505,0.1108123224962347,-1.0549904059589055,0.7213254954943571,0.1108123224962347,False
2368,2022,-1.0541518412781559,1.3902885352031729,0.11105855162864849,-1.0541518412781559,0.9234312903938264,0.2344569423271364,False
2369,2022,0.9534144373898109,1.0150533669796067,1.0684772283995811,0.9534144373898109,0.7558487060159746,0.9319495825485151,True
2370,2022,0.6079391996296298,0.22255031029452843,0.7153402830896073,0.6079391996296298,0.22255031029452843,0.7153402830896073,True
2371,2022,0.7817613179504348,1.1392567743156616,0.8940269262850096,0.7817613179504348,0.8863031515438496,0.07144491635536677,True
2372,2022,0.2854548262134159,0.18669309788274172,0.38862644865385637,0.2854548262134159,0.18669309788274172,0.7562975495861567,True
2373,2022,1.1866910569508358,0.727219384311271,1.2986060434129152,1.1866910569508358,0.727219384311271,1.1177631277376245,True
2374,2022,0.19793336325598682,0.6634285076947738,0.29045626207532366,0.19793336325598682,0.6634285076947738,0.29045626207532366,True
2375,2022,0.3701871703722573,0.2051824709904991,0.46827934911539776,0.3701871703722573,0.2051824709904991,0.5079920854361407,True
2376,2022,0.23887119531797876,0.11409105268545779,0.3356591839876201,0.23887119531797876,0.16038887116650494,0.5125829903259141,True
2377,2022,0.3305632301384446,0.0,0.4282877143473196,0.3305632301384446,0.14558396614179975,0.4282877143473196,True
2378,2022,0.29198558481282255,0.03821853431861291,0.3908713737130381,0.29198558481282255,0.2779529768625891,0.3908713737130381,True
2379,2022,3.728895340270268,0.28244680097091746,3.8515472859671473,3.728895340270268,0.28244680097091746,3.8515472859671473,True
2380,2022,0.6683992657550049,0.059067852003476626,0.7647732417294729,0.6683992657550049,0.30932901443935684,0.7647732417294729,True
2381,2022,0.7934698052025143,0.045860223206633424,0.8896883302088135,0.7934698052025143,0.6970753927409253,0.8896883302088135,True
2382,2022,0.4279415284994509,0.10890466401301634,0.5218348483956904,0.4279415284994509,0.3403270750406632,0.5218348483956904,True
2383,2022,0.5542241198444466,0.49803836515301714,0.6498793301386944,0.5542241198444466,0.49803836515301714,0.5891429441444441,True
2384,2022,0.36756772849298214,0.7162973742494453,0.4660624836819637,0.36756772849298214,0.7162973742494453,0.4035037610401111,True
2385,2022,1.0013671589266944,0.07955263183311927,1.0996981459284259,1.0013671589266944,0.07955263183311927,1.0373039248828624,True
2386,2022,-1.0393783013374405,1.4989215397272357,0.16176479983197226,-1.0393783013374405,0.9809773641185117,0.2448733208465443,False
2387,2022,-1.0400982111682142,1.0700210822624592,0.0,-1.0400982111682142,0.9419199667803156,0.30442853326339525,False
2388,2022,0.23309536012761362,0.08327214518003474,0.33308858072009784,0.23309536012761362,0.08327214518003474,0.3204167325405399,True
2389,2022,-1.0493861576168921,1.0974887707688334,0.2343789578252122,-1.0493861576168921,0.972858690020534,0.2343789578252122,False
2390,2022,0.15454151001319538,0.695417260842943,0.26125134934373184,0.15454151001319538,0.695417260842943,0.4811535642589572,True
2391,2022,0.1933194940950431,0.5758862351717164,0.29723160524991,0.1933194940950431,0.5758862351717164,0.3158085805780558,True
2392,2022,0.6320102538414796,0.02362743454147328,0.7342679657510616,0.6320102538414796,0.07633478851864729,0.777887844904592,True
2393,2022,0.19478651129343794,0.5651691688299469,0.2969837989074846,0.19478651129343794,0.5309710344103302,0.2969837989074846,True
2394,2022,0.21316886571964086,0.548162841083748,0.3155542670712403,0.21316886571964086,0.5139026635160445,0.3155542670712403,True
2395,2022,-1.0479278814109525,1.433994419544101,0.11183352705880913,-1.0479278814109525,0.8207137872862571,0.11183352705880913,False
2396,2022,-1.047032750937836,2.209789714329869,0.2137366550231194,-1.047032750937836,0.9167712723718744,0.7577935950819396,False
2397,2022,0.29219586130504893,1.5739902891239175,0.3986301493107656,0.29219586130504893,0.6381504106991304,0.7733082724826714,True
2398,2022,0.17522340695215252,0.31767735096873195,0.27727907512299266,0.17522340695215252,0.31767735096873195,0.3562393415487577,True
2399,2022,-1.04951391212801,1.5063095441267933,0.06661811251664475,-1.04951391212801,0.8974940158495164,0.28867848757219733,False
2400,2022,-1.0496235771829159,1.0556789305752978,0.11297616625452998,-1.0496235771829159,0.8278745297669425,0.3259640206688596,False
2401,2022,0.7896030254100634,0.5553826201066033,0.8945878279565892,0.7896030254100634,0.4376274443245288,0.8945878279565892,True
2402,2022,0.8402527613350046,0.2558691794380983,0.9500878833399349,0.8402527613350046,0.2558691794380983,0.9500878833399349,True
2403,2022,0.3399202658633918,0.02437675035682149,0.4425317757080614,0.3399202658633918,0.791306819274623,0.4425317757080614,True
2404,2022,0.24519680698796043,0.43113267990375204,0.35065457965508123,0.24519680698796043,0.34298999867897795,0.35065457965508123,True
2405,2022,-1.0508948991620706,1.5956293905479222,0.0,-1.0508948991620706,0.5640540431592884,0.7154779473631147,False
2406,2022,-1.0524962247438165,1.2637497890438616,0.19307288443725787,-1.0524962247438165,0.8737035578574857,0.34519091459993917,False
2407,2022,1.8427807235384286,0.6239102373489757,1.9544392737703875,1.8427807235384286,0.6239102373489757,1.9544392737703875,True
2408,2022,1.936374421337232,0.5890701142274162,2.05070033515414,1.936374421337232,0.5890701142274162,2.05070033515414,True
2409,2022,0.3041301530715931,0.8609675624824378,0.4047576588563088,0.3041301530715931,0.8609675624824378,0.2589762986749956,True
2410,2022,0.42036730563075264,0.6423883712326182,0.52796294260686,0.42036730563075264,0.6423883712326182,0.52796294260686,True
2411,2022,0.5866228683205033,0.07802415080734548,0.69421488026046,0.5866228683205033,0.12403839359118328,0.69421488026046,True
2412,2022,0.4755646985772388,0.03560836870395924,0.5816033554985407,0.4755646985772388,0.4312569098594218,0.5816033554985407,True
2413,2022,0.28332724406037835,0.6065781273752174,0.39178980686203696,0.28332724406037835,0.4454868869903321,0.39178980686203696,True
2414,2022,-1.0514857584694735,4.924229561373283,0.1901321086489711,-1.0514857584694735,0.5396679043470641,0.9045679108451036,False
2415,2022,-1.0531236888813833,5.026622160511599,0.21992710280522426,-1.0531236888813833,0.503256613626304,0.24964698156265655,False
2416,2022,0.383302713911279,4.716881935661773,0.5157545811511471,0.383302713911279,0.20551140398358167,0.5157545811511471,True
2417,2022,-1.0360447199723755,1.7833870307822803,0.021230797985514114,-1.0360447199723755,0.9315012616139527,3.260254415648865,False
2418,2022,0.4738378488461802,0.0913653527431677,0.5706327294135234,0.4738378488461802,0.0913653527431677,0.5385747109071743,True
2419,2022,0.2840617863383909,0.15074809200218953,0.3800776362182468,0.2840617863383909,0.4105479952400094,0.3736628237926279,True
2420,2022,-1.044069850112845,1.1017421843492443,0.008136943754418355,-1.044069850112845,0.7648727129160284,0.1806401513482355,False
2421,2022,0.19989863374814332,0.7096600236850438,0.2948815623531284,0.19989863374814332,0.7096600236850438,0.2948815623531284,True
2422,2022,0.3295667549727246,0.9491853488619857,0.4317418878128821,0.3295667549727246,0.9491853488619857,0.4252738445497738,True
2423,2022,1.0285133403762823,0.20985453415938837,1.127576601453506,1.0285133403762823,0.20985453415938837,1.1213122870009924,True
2425,2022,0.34522299442573856,0.2251723975546433,0.4372702687996736,0.34522299442573856,0.2251723975546433,0.5346028535491135,True
2426,2022,-1.0387619400875236,1.0827702643294181,0.068308996541591,-1.0387619400875236,0.9795800780644622,0.4796163586962428,False
2427,2022,-1.0391653013925948,1.864878214243147,0.09822864807728314,-1.0391653013925948,0.829812161369176,0.45302466053550183,False
2428,2022,-1.0388015136112543,1.6210108277520192,0.04498776692954649,-1.0388015136112543,0.9012065568791435,0.21332908834337486,False
2429,2022,0.39478455610684315,1.2537455077253927,0.4950999878623958,0.39478455610684315,0.6474384456662099,0.4950999878623958,True
2430,2022,1.1588249914188589,0.6663962273032101,1.2703178082967577,1.1588249914188589,0.6663962273032101,0.9371196946451527,True
2431,2022,-1.0477572596026776,1.2227720916388578,0.08721372997133058,-1.0477572596026776,0.9290932050006929,0.33639581560367476,False
2432,2022,-1.0461421733863498,2.1324945909083004,0.099504976888709,-1.0461421733863498,0.9452972804428525,0.6896724260218251,False
2433,2022,-1.0467592444803382,1.9738106630275265,0.020850112637595522,-1.0467592444803382,0.7714541675917453,0.28668904876717544,False
2434,2022,0.6413403417038153,0.9506763089199162,0.7407669799104167,0.6413403417038153,0.9506763089199162,1.1271218318554652,True
2435,2022,0.24248955625513213,0.04881374538790736,0.33430019568695307,0.24248955625513213,0.10354430839858729,0.8017287878864235,True
2436,2022,0.3014312434631094,0.15622455523986076,0.4019710466284569,0.3014312434631094,0.15622455523986076,0.7583034591419332,True
2437,2022,0.44577427590781593,0.035519445058361604,0.5469994538986315,0.44577427590781593,0.2646198656847354,0.5469994538986315,True
2438,2022,-1.0487436902487983,1.1738450154129407,0.24731391164427444,-1.0487436902487983,0.7939134989739601,0.24731391164427444,False
2439,2022,-1.049607508547809,1.2147839546436958,0.23164799135101824,-1.049607508547809,0.8280959690814497,0.23164799135101824,False
2440,2022,-1.0506778400080123,1.1344262888362922,0.08196183367619657,-1.0506778400080123,0.7395192720328688,0.34274948628226115,False
2441,2022,-1.0516838219366669,1.5256460580823428,0.07969792840730072,-1.0516838219366669,0.9715556986793297,0.47818757044371807,False
2442,2022,0.8539878705281025,0.2631801200287365,0.9708913671647619,0.8539878705281025,0.4179919553397609,0.9576217812809728,True
2443,2022,-1.0567526020551263,1.0382565122827283,0.22516406290467209,-1.0567526020551263,0.9611169722135053,0.0,False
2444,2022,0.21549126177342162,0.5929888506739818,0.32532027224472654,0.21549126177342162,0.5929888506739818,0.6547585226191296,True
2445,2022,0.4216428110276566,0.11834529834575863,0.5305134063776331,0.4216428110276566,0.3795211291778049,0.5305134063776331,True
2446,2022,0.3846159265254218,0.0020443367645845804,0.49268516026534864,0.3846159265254218,0.24532041175038205,0.4804191396777947,True
2447,2022,1.4591490254377972,1.0996677139455664,1.5807723387967902,1.4591490254377972,0.8851492015660382,0.18119524832060185,True
2448,2022,1.720918282824127,0.8493869131414962,1.8431277597972484,1.720918282824127,0.8493869131414962,1.7113263422407847,True
2449,2022,2.1756550613961103,0.3783562572005839,2.2971629901465205,2.1756550613961103,0.3783562572005839,2.166193516500137,True
2451,2022,0.28702093615852,0.9298985805434785,0.3897778481319808,0.28702093615852,0.9298985805434785,0.18746458410157815,True
2452,2022,0.3598247910096212,0.10688469195387294,0.4631669984666548,0.3598247910096212,0.13501224246801635,0.4631669984666548,True
2453,2022,0.6889557537550435,0.5532769542728354,0.7939145336997717,0.6889557537550435,0.5532769542728354,0.5873830678924508,True
2454,2022,0.274133772773531,0.05912049391130917,0.37760831594972205,0.274133772773531,0.11633387511580331,0.49394219106556875,True
2455,2022,0.24065721090839345,0.20530476320613772,0.3460851722617865,0.24065721090839345,0.20530476320613772,0.37150385723018786,True
2456,2022,0.1639013168135312,0.15639909069123742,0.2692440042279456,0.1639013168135312,0.3840686530899027,0.2692440042279456,True
2457,2022,0.6840649998064436,0.6482766348123004,0.7966283412114114,0.6840649998064436,0.6482766348123004,0.5751168891909121,True
2458,2022,0.18576606508400206,0.2950609685749095,0.2930537511016127,0.18576606508400206,0.2950609685749095,0.38940018981995234,True
2459,2022,-1.054826114308538,1.2003827187760603,0.0020242541631956185,-1.054826114308538,0.9898602858035319,0.036436574937567155,False
2460,2022,-1.055924312819736,1.0422166365522811,0.024765543838843784,-1.055924312819736,0.8275819232821139,0.09906217535546899,False
2461,2022,0.19874633802334984,0.04929162166322978,0.30601881782587514,0.19874633802334984,0.2546733785933461,0.4538936828155178,True
2462,2022,0.47129056621459564,0.6097879209366933,0.5821668652845327,0.47129056621459564,0.6097879209366933,0.5821668652845327,True
2463,2022,0.19434297512759274,0.39405829311707913,0.3069735874558733,0.19434297512759274,0.39405829311707913,0.3069735874558733,True
2464,2022,0.5418733458916831,0.18871439084083083,0.6550775406199737,0.5418733458916831,0.3210313775223771,0.6550775406199737,True
2465,2022,0.5683739367809174,0.1741279820631185,0.6752296193335819,0.5683739367809174,0.36953827304504105,0.6752296193335819,True
2466,2022,-1.0514154028545233,1.068355249239603,0.015180891641045975,-1.0514154028545233,0.8539251548096127,0.29223216409039393,False
2467,2022,0.9229025447320772,0.3881001717987042,1.0280922820243739,0.9229025447320772,0.3881001717987042,1.0280922820243739,True
2468,2022,0.722351873106289,0.11080149008976002,0.82819418863715,0.722351873106289,0.5972012516703268,0.82819418863715,True
2469,2022,-1.0494143757452414,1.2444785749777678,0.12225815912535075,-1.0494143757452414,0.7846419167748534,0.17882536707891583,False
2470,2022,0.1791480972249391,0.21315274522320365,0.2817323241210783,0.1791480972249391,0.21315274522320365,0.3873819456664721,True
2471,2022,-1.0511763585042808,1.0064403433188691,0.03965337187560845,-1.0511763585042808,0.9800047620684492,0.30023267277239646,False
2472,2022,0.19402012539842453,1.1667180132610182,0.301205583516812,0.19402012539842453,0.8582544638762959,0.6804343001133397,True
2473,2022,0.6410910765198876,0.7537999109412171,0.7559232909719872,0.6410910765198876,0.7537999109412171,0.7559232909719872,True
2474,2022,0.9343065099842975,0.496669085791243,1.0521542475313408,0.9343065099842975,0.496669085791243,1.0521542475313408,True
2476,2022,0.3570141533171472,0.044429639062153505,0.46449168110426525,0.3570141533171472,0.30696841533851926,0.46449168110426525,True
2477,2022,0.2213965856362047,0.34922224361733906,0.3307340071905093,0.2213965856362047,0.4149581953570586,0.3307340071905093,True
2478,2022,-1.0558864727696011,1.0030992155841536,0.0,-1.0558864727696011,0.8841222125087033,0.5825770495416883,False
2479,2022,0.48436121146258493,0.6095856192933445,0.5954561512964918,0.48436121146258493,0.5894006650121263,0.5954561512964918,True
2480,2022,0.5980357828540437,0.504545512832615,0.7100257418491202,0.5980357828540437,0.4842009357022863,0.7100257418491202,True
2481,2022,0.6201759403458449,0.6725771860583359,0.7302266591490417,0.6201759403458449,0.6725771860583359,1.0972616378266065,True
2482,2023,0.2351867188283091,0.2752973578953432,0.3303568294743562,0.2351867188283091,0.2752973578953432,0.3303568294743562,True
2483,2023,0.6930939879363847,0.3279121185343158,0.7882206792938163,0.6930939879363847,0.34638604070528234,0.7882206792938163,True
2484,2023,0.485322186910103,0.059066249162476346,0.5813362417568385,0.485322186910103,0.5455856172637681,0.5813362417568385,True
2485,2023,-1.0429158957506806,2.6592468832019702,0.2229028747349941,-1.0429158957506806,0.7045601355259611,0.3444862609540721,False
2486,2023,0.1916704692044549,0.5203496542455427,0.2868192371293499,0.1916704692044549,0.5203496542455427,0.41220469598369286,True
2487,2023,0.2127339839865651,0.14938075392498448,0.3081960817820642,0.2127339839865651,0.5016048473901956,0.3081960817820642,True
2488,2023,0.22729843031389627,2.575148529168,0.3377771337446951,0.22729843031389627,0.24448630632950127,0.30399942037021827,True
2489,2023,0.3273657422474032,0.6209308638429988,0.42297354715912056,0.3273657422474032,0.6209308638429988,0.42297354715912056,True
2490,2023,0.20624209274169003,0.4364308983464956,0.2966589112943773,0.20624209274169003,0.4364308983464956,0.2966589112943773,True
2491,2023,0.3909208802834879,0.428380000594164,0.4888946475182266,0.3909208802834879,0.428380000594164,0.31690565099716467,True
2492,2023,0.6042841089335241,0.06777072293226259,0.7035246475823975,0.6042841089335241,0.2259024097741842,0.5292570743280499,True
2493,2023,0.24612560551749244,0.10212483138903686,0.3430756054474703,0.24612560551749244,0.542538166754188,0.3430756054474703,True
2494,2023,-1.046014249822313,1.0477044963209579,0.04903453180908687,-1.046014249822313,0.9234836824045871,0.07682076650091887,False
2495,2023,1.2612099353657649,0.4539946572323745,1.3636592287348799,1.2612099353657649,0.4539946572323745,1.3636592287348799,True
2496,2023,0.2771146645387505,0.19143264574348054,0.3777830088566458,0.2771146645387505,0.333736559393541,0.3777830088566458,True
2497,2023,0.2293259017403395,0.22255599448380126,0.3304100533490505,0.2293259017403395,0.22255599448380126,0.40402472844751314,True
2498,2023,1.148789192250909,0.055458622566647735,1.2547513355706563,1.148789192250909,0.5320561602488716,1.2547513355706563,True
2499,2023,0.9909432328501269,0.5123283139721375,1.0943721896556453,0.9909432328501269,0.9079235943810019,1.0943721896556453,True
2500,2023,1.0290262852436427,0.2563690354274305,1.1318934771700584,1.0290262852436427,0.46597893860706413,1.1318934771700584,True
2501,2023,0.5342094425424235,0.1892423754770463,0.6430378676923865,0.5342094425424235,0.2297943130792768,0.6430378676923865,True
2502,2023,0.1461225309210173,0.563520968619237,0.2523511408294738,0.1461225309210173,0.563520968619237,0.491420642667934,True
2503,2023,-1.0552782601971504,1.5566294161600462,0.18797034459287276,-1.0552782601971504,0.828244330862514,0.18797034459287276,False
2504,2023,0.24382426079867697,0.021141227707810982,0.34979122207427366,0.24382426079867697,0.21333420686950655,0.6130956035257756,True
2505,2023,-1.0561005525647589,1.1392869283409652,0.04962051081624405,-1.0561005525647589,0.40093372739524835,0.35726767787694813,False
2506,2023,3.1627409122612313,3.3485186988353326,3.3099132041279216,3.1627409122612313,0.9956153898235834,0.16661318768480085,True
2507,2023,3.4773995660597476,2.7635603560286093,3.618530755110063,3.4773995660597476,0.6972195965174195,0.4674097853748336,True
2509,2023,0.2364933019850497,0.6652237928887135,0.32516536144935454,0.2364933019850497,0.405836157228754,0.5696599271192815,True
2510,2023,0.18078263280724505,0.5994725003378023,0.2697013293953303,0.18078263280724505,0.5994725003378023,0.6239908030100823,True
2511,2023,0.18457264274287974,0.7883401362406793,0.2723583988913637,0.18457264274287974,0.7883401362406793,0.2723583988913637,True
2512,2023,0.6789512276786875,0.017265821450732896,0.768329054557067,0.6789512276786875,0.10606147462587055,0.7498299601455695,True
2513,2023,-1.0350268011856938,1.1519971186183269,0.2167605572030214,-1.0350268011856938,0.9949066024430778,0.2167605572030214,False
2514,2023,0.37952294003639225,0.001257706379845932,0.46786677330311566,0.37952294003639225,0.10438962952729815,0.46786677330311566,True
2515,2023,-1.0487178641673731,1.1489080241879606,0.15126155939754457,-1.0487178641673731,0.9534576946293422,0.3654071378704472,False
2516,2023,0.46710815821611035,0.0016695481883826078,0.5676463840505801,0.46710815821611035,0.03172141557930751,0.7880267449172741,True
2517,2023,0.21969938111309886,0.2041446484505005,0.3205577124429404,0.21969938111309886,0.47577513109948855,0.3205577124429404,True
2518,2023,0.43926175508610427,0.911424786310147,0.5447990264034511,0.43926175508610427,0.911424786310147,0.39917664513210693,True
2519,2023,0.9400369493885222,0.3919335401560505,1.0440298612777945,0.9400369493885222,0.3919335401560505,0.5997258911870688,True
2520,2023,0.9966107982763112,0.03398808054469306,1.1012138096478077,0.9966107982763112,0.34327961350131875,0.608386641749855,True
2521,2023,0.17415584866939834,0.9077942062763237,0.2783254963984431,0.17415584866939834,0.9854664378293793,0.0,True
2522,2023,0.6991944449523082,0.3522107855156523,0.8003361153012117,0.6991944449523082,0.3522107855156523,0.8003361153012117,True
2523,2023,0.49469622688721715,0.5380432706168952,0.5933421623192062,0.49469622688721715,0.5380432706168952,0.8862768318773064,True
2524,2023,0.5425947216333248,0.3416739345008923,0.6410165850813241,0.5425947216333248,0.3416739345008923,0.6410165850813241,True
2525,2023,0.3499076405328637,0.542829399065224,0.44506173848094654,0.3499076405328637,0.542829399065224,0.4100404869283482,True
2526,2023,0.9134204439453402,0.016994286094735085,1.013477425286933,0.9134204439453402,0.05716259868232587,0.9655844372017354,True
2527,2023,0.5626492013303634,0.7196954968394887,0.6631904784926034,0.5626492013303634,0.8193227660300917,0.6631904784926034,True
2528,2023,0.4513017561856783,0.2803428658784536,0.5454947390245908,0.4513017561856783,0.2803428658784536,1.2318514106580591,True
2529,2023,-1.0418427609516507,1.161431096322671,0.12583375514328415,-1.0418427609516507,0.7781443708861695,0.12583375514328415,False
2530,2023,-1.0448175135784437,1.1679346229834089,0.22024796343114628,-1.0448175135784437,0.5040886486980203,0.45910843081420255,False
2531,2023,0.25534334076974347,0.39058023424278115,0.3553639836143301,0.25534334076974347,0.39058023424278115,0.3553639836143301,True
2532,2023,-1.045869410501916,1.2317110218155147,0.18412175068377573,-1.045869410501916,0.5523652520512911,0.18888352009800666,False
2533,2023,0.1929302107807219,0.2832297179883832,0.2910107541968121,0.1929302107807219,0.2832297179883832,0.8170088018894934,True
2534,2023,0.338905323464177,0.32221330053082375,0.4385244431615023,0.338905323464177,0.32221330053082375,0.4385244431615023,True
2535,2023,0.4445516698455133,0.11515053532230173,0.5430748219930124,0.4445516698455133,0.5057287024290217,0.5430748219930124,True
2536,2023,0.1927744789102518,0.35978179681544964,0.2912519307553893,0.1927744789102518,0.3099418942263052,0.2912519307553893,True
2537,2023,0.4418007424241488,0.0046803302231568636,0.5397980857379215,0.4418007424241488,0.007800550371928105,0.6443254607218645,True
2538,2023,0.9834668867833289,0.343034759411648,1.0844324652369202,0.9834668867833289,0.343034759411648,1.0844324652369202,True
2539,2023,0.9172362437597459,0.11422456142265476,1.0199770696050854,0.9172362437597459,0.43276629609423356,1.0199770696050854,True
2540,2023,1.607581627295798,0.0015320515334242785,1.7113015628364865,1.607581627295798,0.7614296121125631,1.1352501862684354,True
2541,2023,0.6264656959503939,0.9311695380399618,0.7270982918785887,0.6264656959503939,0.9311695380399618,0.7270982918785887,True
2542,2023,0.7711396711963144,0.04331487642220316,0.8677413576576092,0.7711396711963144,0.04331487642220316,1.00923662063669,True
2543,2023,0.7505017873120955,0.5107365736062828,0.8441926836467758,0.7505017873120955,0.6387724639593886,0.8441926836467758,True
2544,2023,0.8139824402592055,0.3126327230807739,0.9081909874110801,0.8139824402592055,0.4540954937055561,0.9081909874110801,True
2545,2023,0.652728391038653,0.07197797632281865,0.7485709537573204,0.652728391038653,0.4937689175745123,0.7485709537573204,True
2546,2023,0.26040369827711213,0.20959906928789807,0.35405248190522887,0.26040369827711213,0.3653821613261859,0.3993711995890892,True
2547,2023,0.3693888681313027,0.18186597629522086,0.4639730418870281,0.3693888681313027,0.17184186736557197,0.4639730418870281,True
2548,2023,0.8442007829638151,0.16217966784086654,0.9415032044568352,0.8442007829638151,0.16217966784086654,0.6099677772776592,True
2549,2023,-1.0396913398457515,1.1557979467329331,0.14034689353185215,-1.0396913398457515,0.9177586077034124,0.14034689353185215,False
2550,2023,-1.0404605855426283,1.159885686882782,0.04347818173320434,-1.0404605855426283,0.9172493823716286,0.04347818173320434,False
2551,2023,-1.0416107827955337,1.3180345471352413,0.18870221385213953,-1.0416107827955337,0.9507134438352661,0.4134163005768263,False
2552,2023,1.0975365890145097,0.018227355938260425,1.194592866106524,1.0975365890145097,0.018227355938260425,1.194592866106524,True
2553,2023,0.22063612922521578,0.9590058926952385,0.3073057556702886,0.22063612922521578,0.9921207370562619,0.3073057556702886,True
2554,2023,-1.0496846230131693,2.1111699681694516,0.0,-1.0496846230131693,0.9139189142075529,0.6927816343993013,False
2555,2023,0.4053703387878194,0.07910329484687252,0.506597696785259,0.4053703387878194,0.07910329484687252,0.5857009916321315,True
2556,2023,1.476213004417408,0.0848888430205329,1.5840258107631318,1.476213004417408,0.26315541336368287,1.5840258107631318,True
2557,2023,0.43884289329441717,1.2962562126419237,0.5427976786033121,0.43884289329441717,0.16760608206163463,0.5427976786033121,True
2558,2023,-1.039080848321293,1.7840925717884013,0.10928591557661912,-1.039080848321293,0.7499745956445927,0.8838498422259612,False
2559,2023,0.16648418458197897,0.6144673418906228,0.2682885577269266,0.16648418458197897,0.6144673418906228,0.2682885577269266,True
2560,2023,0.5809153315123449,0.11127525230511606,0.6877175429347508,0.5809153315123449,0.49800235867689424,0.6877175429347508,True
2561,2023,0.40016865139034086,0.14209596456349138,0.5054299499030651,0.40016865139034086,0.4622615556052919,0.5054299499030651,True
2562,2023,0.5314964813802092,0.5244924072030422,0.6398446891995614,0.5314964813802092,0.5244924072030422,0.6398446891995614,True
2563,2023,0.22046901755403106,0.796386044722742,0.31580825911417465,0.22046901755403106,0.796386044722742,0.31580825911417465,True
2564,2023,0.2224010604659777,0.44688783390164943,0.31321464018324324,0.2224010604659777,0.4704772210284305,0.5910451996763596,True
2565,2023,0.26468158529195024,0.3458290797924373,0.3565110590910047,0.26468158529195024,0.3458290797924373,0.3565110590910047,True
2566,2023,4.095302078715556,0.3551536059879033,4.207306575804132,4.095302078715556,0.3551536059879033,4.207306575804132,True
2567,2023,4.33958237423183,0.1975166208090892,4.455097113804845,4.33958237423183,0.24963906241146952,4.455097113804845,True
2568,2023,1.1061208207258242,0.9422700302127848,1.2123570920129454,1.1061208207258242,0.9422700302127848,0.8390907032330192,True
2569,2023,0.7039169602546616,0.0,0.7993167476061266,0.7039169602546616,0.202041318121825,0.7993167476061266,True
2570,2023,1.2752460473696097,0.6877835813572035,1.3770212506242188,1.2752460473696097,0.6877835813572035,1.0193156248021082,True
2571,2023,0.3024432471617792,1.4033784708075174,0.40076987519162954,0.3024432471617792,0.9054937111837836,0.40076987519162954,True
2572,2023,0.7294055591915639,0.0,0.8180997477601973,0.7294055591915639,0.025603717888177387,1.582553610421359,True
2573,2023,0.8261938649509648,0.0,0.915771769773545,0.8261938649509648,0.017232264484970262,0.915771769773545,True
2574,2023,0.833410384177384,0.4231841709402697,0.9224188305712402,0.833410384177384,0.4231841709402697,0.9224188305712402,True
2575,2023,0.7912863911006423,0.0,0.8805168736271375,0.7912863911006423,0.46854319672057365,0.8805168736271375,True
2576,2023,0.5632269013209277,0.20053425194268382,0.6640642441380469,0.5632269013209277,0.20053425194268382,0.6640642441380469,True
2577,2023,0.5071704224529088,0.0,0.5989444607347497,0.5071704224529088,0.6671962713765833,0.5989444607347497,True
2578,2023,-1.0391897715204617,1.2487365148197438,0.12066442727473653,-1.0391897715204617,0.9260293255966654,0.12066442727473653,False
2579,2023,-1.039835139413781,1.0519591860499389,0.24407736881213848,-1.039835139413781,0.8935229992771649,0.34113737512340525,False
2580,2023,-1.0491715935685437,1.1926416890855875,0.1852475996360672,-1.0491715935685437,0.8521389583259733,0.33697420505226355,False
2581,2023,-1.053127946927058,1.0668147674527295,0.09525131852256669,-1.053127946927058,0.6991446779556534,0.28384892919725047,False
2582,2023,0.6823031792295009,0.3256212558529359,0.7887270419548911,0.6823031792295009,0.46491479307891426,0.7887270419548911,True
2583,2023,0.7574069671497154,0.8907232667250142,0.8613777327437897,0.7574069671497154,0.8907232667250142,0.8613777327437897,True
2584,2023,1.0182207471190814,0.6329865643193023,1.1224269952001205,1.0182207471190814,0.6329865643193023,1.1224269952001205,True
2585,2023,0.48447700788671194,0.08391183547447245,0.5856703618830542,0.48447700788671194,0.2174857776583194,0.5702579839387387,True
2586,2023,0.8333131298658507,0.08902148640972307,0.9364375589634069,0.8333131298658507,0.5666560000309235,0.9364375589634069,True
2587,2023,1.0564053592145897,2.2173360621487355,1.1721382454927687,1.0564053592145897,0.7797769199972879,0.5819476802516691,True
2588,2023,1.5082011375612279,1.7060757106861915,1.6219049925118878,1.5082011375612279,0.2945975136099707,0.5276856562463822,True
2589,2023,0.9232148750124107,0.20106171081004426,1.0139964057519673,0.9232148750124107,0.3214505129617489,1.005308554050306,True
2590,2023,0.35022651253362536,0.44617395398873827,0.4351421804011143,0.35022651253362536,0.44617395398873827,0.4351421804011143,True
2591,2023,0.32859293114601856,0.4997846725853329,0.4169122141209423,0.32859293114601856,0.4997846725853329,0.4169122141209423,True
2592,2023,0.16886661647528114,0.5314419844755403,0.25805596361551936,0.16886661647528114,0.554437070342249,0.36408885955654124,True
2593,2023,0.17989692108038177,0.41367137790570707,0.2710260751796269,0.17989692108038177,0.41367137790570707,0.2710260751796269,True
2594,2023,0.3096105295133617,0.2057961912105407,0.4028350976886933,0.3096105295133617,0.2977476809003342,0.4028350976886933,True
2595,2023,-1.0405307163445063,1.790320698632575,0.08812078910416608,-1.0405307163445063,0.6109708044554246,0.08812078910416608,False
2596,2023,0.4875249798232648,0.020968679049869928,0.5787355417769503,0.4875249798232648,0.3872216064546143,0.5787355417769503,True
2597,2023,0.4249130375720928,0.13516932469617066,0.5167410642030278,0.4249130375720928,0.30553899436530113,0.5167410642030278,True
2598,2023,0.2956237735729391,0.21055493034305017,0.3967481332083754,0.2956237735729391,0.21055493034305017,0.3863073928607959,True
2599,2023,0.17895545021625062,0.5901753257641671,0.2819531971751385,0.17895545021625062,0.5901753257641671,0.2819531971751385,True
2600,2023,0.20658727807770927,0.4712236663620464,0.30329668707665947,0.20658727807770927,0.4712236663620464,0.4969267754363164,True
2601,2023,0.26757892078324746,0.17969673978279896,0.36637199373191404,0.26757892078324746,0.17969673978279896,0.4396463924783127,True
2602,2023,0.3648950367779679,0.0,0.479901560435611,0.3648950367779679,0.004548829956731728,0.58679906441891,True
2603,2023,1.058588713552108,0.027850279061238884,1.178995146924601,1.058588713552108,0.1949519534284611,1.178995146924601,True
2604,2023,0.15391230801121658,0.7897978008192285,0.26984758194658054,0.15391230801121658,0.7897978008192285,0.8885225259216943,True
2605,2023,0.35476704800429776,0.4315745815236452,0.4673636931622075,0.35476704800429776,0.4315745815236452,0.879991097936051,True
2606,2023,0.5812906714425059,0.16022155255948617,0.6922392719557772,0.5812906714425059,0.2588194310576387,0.6223991080195586,True
2607,2023,0.4850704760176637,0.4249603602987728,0.594138892360771,0.4850704760176637,0.6263633746583687,0.594138892360771,True
2608,2023,0.6052089388039825,0.09753662433373043,0.7152685784473257,0.6052089388039825,0.31293000307069924,0.7152685784473257,True
2609,2023,-1.0550127863306056,2.1407349314650133,0.080027474073478,-1.0550127863306056,0.8202816092529448,0.5922033081436098,False
2610,2023,0.41272101281734963,1.3936041575779887,0.5269931688320307,0.41272101281734963,0.7104648646475898,0.675331986725487,True
2611,2023,0.8433402569201162,0.08067903121208554,0.9557362158973498,0.8433402569201162,0.08067903121208554,0.8978128088732751,True
2612,2023,0.21386399012574925,0.45430785874285057,0.3107533308873475,0.21386399012574925,0.45430785874285057,0.3968860476006801,True
2613,2023,0.20845828173527636,0.39184561856856565,0.30925932227832575,0.20845828173527636,0.39184561856856565,0.30925932227832575,True
2614,2023,0.16028139902119334,0.45064251933833416,0.26287480294736837,0.16028139902119334,0.45064251933833416,0.26287480294736837,True
2615,2023,0.2733676191630606,0.29003115321758954,0.3754391001774204,0.2733676191630606,0.4305983992555661,0.3754391001774204,True
2616,2023,0.15558908209357009,0.21821751552593424,0.26070234155748934,0.15558908209357009,0.21821751552593424,0.11007432199093506,True
2617,2023,0.354494819457557,0.4453944656881441,0.46313141343677094,0.354494819457557,0.4453944656881441,0.4453944656881441,True
2618,2023,0.3391225559111075,0.6800312959331386,0.44759122020457054,0.3391225559111075,0.8202637383148359,0.44759122020457054,True
2619,2023,0.15801113008902745,0.4704599035409914,0.26177340936329346,0.15801113008902745,0.48876573636358184,0.5857866503234362,True
2620,2023,0.6570362504398397,0.4653601661103995,0.7616637093760316,0.6570362504398397,0.7162183806543119,0.7616637093760316,True
2621,2023,0.8003794034979279,0.1525645132395504,0.9061964461097097,0.8003794034979279,0.33453905312770643,0.9061964461097097,True
2622,2023,0.5811164666900773,0.0,0.6826757414921992,0.5811164666900773,0.7003159415307819,0.6826757414921992,True
2623,2023,0.8555023284701669,0.2166029305611189,0.9597446923236508,0.8555023284701669,0.30289190289847556,0.9597446923236508,True
2624,2023,1.0438472293565149,0.01669813153513042,1.1454918233109719,1.0438472293565149,0.41578347522512715,1.1454918233109719,True
2625,2023,-1.0510368589893349,1.0915445452532553,0.1618497084341286,-1.0510368589893349,0.9334587835269359,0.1618497084341286,False
2626,2023,0.31141798705376955,0.5605720043306284,0.41314884734762136,0.31141798705376955,0.5605720043306284,0.6151731735836461,True
2627,2023,0.20960479689339062,0.17844359301777715,0.3113658612861222,0.20960479689339062,0.6627904883517496,0.2549194185967949,True
2628,2023,-1.0503461944645403,1.4681139880022402,0.020416250149233418,-1.0503461944645403,0.9131631884918998,0.020416250149233418,False
2629,2023,-1.0508813136887165,1.094185536427576,0.06932339871204421,-1.0508813136887165,0.8168919415794844,0.4084459707897635,False
2630,2023,0.14876334577349906,0.36581202243233063,0.25414308926882684,0.14876334577349906,0.36581202243233063,0.25414308926882684,True
2631,2023,-1.0525761782887622,1.4338429984900078,0.23994133847876623,-1.0525761782887622,0.9481552891499299,0.253486414038083,False
2632,2023,0.3653521503327574,0.9053175101168227,0.4728176469841345,0.3653521503327574,0.9053175101168227,0.9181458958877393,True
2633,2023,1.0627147935486152,0.4113291005312092,1.1757992824940966,1.0627147935486152,0.7805220493007221,1.1757992824940966,True
2634,2023,0.32279459430075996,0.20820567853969393,0.4255431850854641,0.32279459430075996,0.6702761756496709,0.0,True
2635,2023,0.16259236125228224,0.41238671004333366,0.26576032425015667,0.16259236125228224,0.41238671004333366,0.49303122222959556,True
2636,2023,0.875473524068939,0.3171456748005872,0.9811114735058826,0.875473524068939,0.3171456748005872,0.8642683301582801,True
2637,2023,0.4775352989821419,0.8134620355385871,0.5865780664427915,0.4775352989821419,0.8134620355385871,0.5865780664427915,True
2638,2023,0.33436881138719976,0.9314456916715567,0.44130630828710854,0.33436881138719976,0.9314456916715567,0.44130630828710854,True
2639,2023,0.2850231368223368,0.986599876382731,0.3924596193345773,0.2850231368223368,0.986599876382731,0.3924596193345773,True
2640,2023,0.4453172405164552,0.16036894550226444,0.5452544147076761,0.4453172405164552,0.22958080619272592,0.9470208255448889,True
2641,2023,0.5088683674707025,0.07228633082706215,0.6085500409164493,0.5088683674707025,0.685879604126792,0.6085500409164493,True
2642,2023,-1.0445843962763994,1.0658821360755528,0.17926199561268674,-1.0445843962763994,0.9108447344645606,0.17926199561268674,False
2643,2023,0.25734645347479307,0.315493014880274,0.3632949868317845,0.25734645347479307,0.315493014880274,0.3632949868317845,True
2644,2023,0.21369612860611234,0.5766988540287002,0.3208126075391152,0.21369612860611234,0.4697613181823286,0.3208126075391152,True
2645,2023,0.4295906777885228,0.2441195505431944,0.5348268015716403,0.4295906777885228,0.2441195505431944,0.7360856676682797,True
2646,2023,0.8948642444657957,0.27804484086646813,0.9998566131820853,0.8948642444657957,0.27804484086646813,0.9998566131820853,True
2647,2023,0.9792040310474794,0.03788128709722496,1.0871929396901108,0.9792040310474794,0.15341921274371584,1.0871929396901108,True
2648,2023,0.3281656130293347,0.3865873919095788,0.4291630958643786,0.3281656130293347,0.8123444314575765,0.4291630958643786,True
2649,2023,0.20145058176571345,0.241348341964058,0.3097303721871887,0.20145058176571345,0.746168623905525,0.3097303721871887,True
2650,2023,0.48739995331810304,0.010182282615096596,0.5966817612452161,0.48739995331810304,0.1506977827035685,0.5966817612452161,True
2651,2023,-1.0566944017059774,1.0473400348050703,0.0,-1.0566944017059774,0.7603975595159985,0.25414904954173473,False
2652,2023,0.2716989870702865,0.15362703065564207,0.38099503602597184,0.2716989870702865,0.22736800537037635,0.38099503602597184,True
2653,2023,0.3819022382840393,0.11012105422275507,0.4924281103923698,0.3819022382840393,0.3407519413685162,0.4924281103923698,True
2654,2023,-1.0580079128013513,1.3766202899110105,0.03556617770283487,-1.0580079128013513,0.8368512400674639,0.15690960751264948,False
2655,2023,0.3219266379021531,0.23131128210141486,0.4319175267558105,0.3219266379021531,0.2886273520026508,0.4564815567134631,True
2656,2023,-1.056731565526008,1.0402604397236164,0.24573081253313953,-1.056731565526008,0.9112517631437006,0.24573081253313953,False
2657,2023,0.1658009904662983,0.22395951048525625,0.27532637068830057,0.1658009904662983,0.23012353370966268,0.2506702777908617,True
2658,2023,-1.0581663717017733,1.008438045301506,0.1464536580313505,-1.0581663717017733,0.880814143302787,0.1464536580313505,False
2659,2023,0.6432819659775869,0.18490195661163666,0.753525178019591,0.6432819659775869,0.41155596794208976,0.753525178019591,True
2660,2023,0.446342930970287,0.30138270245485516,0.5544668949009617,0.446342930970287,0.7206137693311448,0.49457674249006944,True
2661,2023,0.1728898515381349,0.3086500718484515,0.27835313228044883,0.1728898515381349,0.6778940228327792,0.19882366591462475,True
2662,2023,0.4435203639499584,0.14896908681516374,0.5500397051636782,0.4435203639499584,0.5557692854258383,0.5500397051636782,True
2663,2023,-1.0527713484385859,1.0182466900968568,0.07613059365212003,-1.0527713484385859,0.9801813932707967,0.2360048403215202,False
2664,2023,0.2862188323074862,0.18709402972226288,0.3910265221195567,0.2862188323074862,0.18709402972226288,0.7016026114584859,True
2665,2023,0.3182521357317445,0.4533264170091943,0.4249935159461035,0.3182521357317445,0.4533264170091943,0.4249935159461035,True
2666,2023,0.21101212865212968,1.1340606818240364,0.33410086476975837,0.21101212865212968,0.8234880469676721,0.33410086476975837,True
2667,2023,-1.0590853815086152,1.1648430075086074,0.1258713139982183,-1.0590853815086152,0.8960330826989213,0.6912255209391998,False
2668,2023,-1.058394063722677,1.0177172982425098,0.11824101390368413,-1.058394063722677,0.7178918701296,0.677774383269406,False
2669,2023,-1.0604732460659885,2.0978400074257806,0.2100027536109325,-1.0604732460659885,0.8990742888967986,0.28875378621500736,False
2670,2023,-1.0604488741974236,1.864105572731228,0.0,-1.0604488741974236,0.995502389193362,0.4441472197939378,False
2671,2023,1.246431147626025,0.12049656678817464,1.36489747470919,1.246431147626025,0.39654324706644506,1.36489747470919,True
2672,2023,-1.0554522160589637,1.103761172356118,0.010070813616378746,-1.0554522160589637,0.9647839444499998,0.8258067165437899,False
2673,2023,0.2826865376840328,0.12531456730619384,0.39009212080807204,0.2826865376840328,0.34562566144134477,0.33956205334588824,True
2674,2023,0.15659756680807135,0.17668689521061154,0.26297584403442353,0.15659756680807135,0.5033522014721121,0.26297584403442353,True
2675,2023,0.4080076015028092,0.4014441502577925,0.5155388034888935,0.4080076015028092,0.4014441502577925,0.5155388034888935,True
2676,2023,0.29450206280728247,0.0911658135750386,0.40590493186977006,0.29450206280728247,0.0911658135750386,0.40590493186977006,True
2677,2023,0.20551336075464285,0.23655418729612,0.318353298791071,0.20551336075464285,0.32056408558822913,0.318353298791071,True
2678,2023,0.3428833733183387,0.5526822657349165,0.4564663247365171,0.3428833733183387,0.5526822657349165,0.4564663247365171,True
2679,2023,0.24848792926416036,0.20944773095182592,0.3625923084220707,0.24848792926416036,0.37385293911834594,0.3625923084220707,True
2680,2023,0.5556587185226224,0.03867828677762143,0.671182035258448,0.5556587185226224,0.18884104720828962,0.671182035258448,True
2681,2023,-1.0631794717795346,1.3053441909661088,0.1765234137249555,-1.0631794717795346,0.5318929176712455,0.1765234137249555,False
2682,2023,0.1539661801764914,0.9959387656026099,0.2739411989303387,0.1539661801764914,0.9959387656026099,0.471271723583517,True
2683,2023,0.4053416800783663,0.038410332779378324,0.5196692081913564,0.4053416800783663,0.3185798189347259,0.5196692081913564,True
2684,2023,0.2326767478528717,0.162307970421464,0.3474762183671672,0.2326767478528717,0.37490855139612944,0.3474762183671672,True
2685,2023,0.4459919403889265,1.7136061803532825,0.5719770968342849,0.4459919403889265,0.35109163260968784,0.5719770968342849,True
2686,2023,-1.0542435054332948,1.3414226368793356,0.2338077860439292,-1.0542435054332948,0.9946738016446468,1.9160349924110787,False
2687,2023,0.7789525414947256,0.47733802584308443,0.8633592119596998,0.7789525414947256,0.47733802584308443,0.8633592119596998,True
2688,2023,0.7773204398184644,0.5431890703412168,0.8660484374516617,0.7773204398184644,0.5431890703412168,0.8660484374516617,True
2689,2023,1.0169143321402938,0.371104331863454,1.105761453953588,1.0169143321402938,0.8123301217824866,1.105761453953588,True
2690,2023,0.3409343125044972,0.1535466198445269,0.42968287972618846,0.3409343125044972,0.23898788411285846,0.5473194029941775,True
2691,2023,0.2924029250910037,0.13993827524285107,0.38108191025950383,0.2924029250910037,0.38108191025953225,0.38108191025950383,True
2692,2023,0.5080649049457141,0.20604488388651448,0.5845403771128427,0.5080649049457141,0.4710663830883694,0.8547876523552927,True
2693,2023,0.8398761272856747,0.22618455575816943,0.9179998582237321,0.8398761272856747,0.7257061479537609,0.7087607252096451,True
2694,2023,-1.0304177399012395,1.4696279201827611,0.08147410925925107,-1.0304177399012395,0.7796762860759013,0.3124893051335948,False
2695,2023,0.9434268456911274,0.040891215254785604,1.0363367366129297,0.9434268456911274,0.1469528048218222,1.0363367366129297,True
2696,2023,0.20743843774441173,0.7588849272347976,0.29498591526385665,0.20743843774441173,0.7588849272347976,0.6377081404666604,True
2697,2023,-1.031392719995553,1.5579879840645847,0.0,-1.031392719995553,0.9961425202577855,0.44167588993441864,False
2698,2023,0.18651101853972143,0.7333068929204737,0.2723128517521145,0.18651101853972143,0.7333068929204737,0.4548746512413511,True
2699,2023,0.2777498419168453,0.21969604819390223,0.3635579274680758,0.2777498419168453,0.45388980515188104,0.3635579274680758,True
2700,2023,0.33894933855174925,0.14658699159277389,0.4327806418453385,0.33894933855174925,0.14658699159277389,0.4327806418453385,True
2701,2023,0.805820366282573,0.0,0.9019186828220808,0.805820366282573,0.19165772009967533,0.9019186828220808,True
2702,2023,0.33507670305237747,0.26529786796836846,0.42887530987637884,0.33507670305237747,0.4989799278369056,0.42887530987637884,True
2703,2023,0.4729346044095393,0.2700005437013125,0.5674123101134895,0.4729346044095393,0.404315534984215,0.3933510458999378,True
2704,2023,-1.0395828057697871,1.8423203161811565,0.041870916276837485,-1.0395828057697871,0.8752372176579207,0.5524259599106195,False
2705,2023,-1.040275018933419,1.4696658345578961,0.13996817471979964,-1.040275018933419,0.4871441375051875,0.3581538588418641,False
2706,2023,-1.0414820220777408,1.4682425962034071,0.014131305064505195,-1.0414820220777408,0.4564411535839355,0.18935948786453027,False
2707,2023,0.3418464249828019,0.08691947561055546,0.4409187944608484,0.3418464249828019,0.6447844736201623,0.4409187944608484,True
2708,2023,0.32442942830114607,0.545433428431884,0.42672144694968067,0.32442942830114607,0.545433428431884,0.42672144694968067,True
2709,2023,-1.045707603676454,1.1572626696558992,0.14291028940718623,-1.045707603676454,0.9863916714516824,0.46756518599521224,False
2710,2023,0.48242284279513414,0.0,0.581446989879011,0.48242284279513414,0.5297279853884014,0.5657745642758176,True
2711,2023,0.19178648317968847,0.24199771534533202,0.2910299321799994,0.19178648317968847,0.3495522554988249,0.2910299321799994,True
2712,2023,-1.0473645290101996,1.0943785934120975,0.1363961590029972,-1.0473645290101996,0.9355171846909837,0.2102105509339885,False
2713,2023,0.5670439128221028,0.31305477207622584,0.6685843122230922,0.5670439128221028,0.31305477207622584,0.6685843122230922,True
2714,2023,0.49442426221270247,0.49305796755409265,0.5950174855360101,0.49442426221270247,0.4945797514046016,0.5950174855360101,True
2715,2023,0.6830489172195031,0.12628487329873447,0.7848844656921837,0.6830489172195031,0.6841762755931708,0.7848844656921837,True
2716,2023,0.3109195157459863,0.4283771679603645,0.41124208124196554,0.3109195157459863,0.4283771679603645,0.5156103367086484,True
2717,2023,0.15306131621700014,0.29517313977684984,0.2508206990849638,0.15306131621700014,0.4863474531038188,0.2508206990849638,True
2718,2023,-1.0457351461741882,1.1605211318886595,0.14719560417810604,-1.0457351461741882,0.5097616186800592,0.4446856673591885,False
2719,2023,-1.047839325329411,1.287140742562917,0.07456986669760726,-1.047839325329411,0.6062854379326366,0.0810542029321754,False
2720,2023,-1.0479597019532623,1.0555834211903752,0.18675706682596732,-1.0479597019532623,0.967888798506873,0.3085551538863952,False
2721,2023,1.0102110206848502,0.15255147375318728,1.115947193868615,1.0102110206848502,0.15255147375318728,1.115947193868615,True
2722,2023,0.6796884285372411,0.12461784738944955,0.7804192692764707,0.6796884285372411,0.7975542232925054,0.7804192692764707,True
2723,2023,0.39421741675357597,0.01859076594745228,0.5019506805816765,0.39421741675357597,0.23052549774861958,0.5019506805816765,True
2724,2023,1.5592682631338066,0.0017976976469031107,1.6718588116214463,1.5592682631338066,0.15639969528069325,1.6718588116214463,True
2725,2023,0.1781249357529435,0.7266407141063416,0.26721626260684306,0.1781249357529435,0.8672808523204499,0.26721626260684306,True
2726,2023,0.32206806976476143,0.6699373609945386,0.4188998848656723,0.32206806976476143,0.6699373609945386,0.4188998848656723,True
2727,2023,0.4489203650267646,0.5666056892870563,0.5480284535727428,0.4489203650267646,0.5666056892870563,0.5480284535727428,True
2728,2023,0.4787466011159423,0.08238609489864476,0.5782571189109931,0.4787466011159423,0.5409502080135417,0.5782571189109931,True
2729,2023,0.26232879232699663,0.12448829123964643,0.36243426563442316,0.26232879232699663,0.12448829123964643,0.4491033291556928,True
2730,2023,1.333999683782626,0.12853954519357347,1.4412496504830288,1.333999683782626,0.24743862449763715,1.423575463018891,True
2731,2023,0.6587796077669291,0.6793251680372401,0.7588990488918865,0.6587796077669291,0.6793251680372401,0.6292230949064909,True
2732,2023,0.8054276118433217,0.5266417081507968,0.9051195931170481,0.8054276118433217,0.5266417081507968,0.7760263610355383,True
2733,2023,0.1987383218034206,0.19161036656009045,0.29639728577264896,0.1987383218034206,0.19161036656009045,0.35627552532269213,True
2734,2023,0.39529692298135843,0.10225338943583641,0.4944790772717536,0.39529692298135843,0.10225338943583641,0.4944790772717536,True
2735,2023,1.0118409523636485,0.36135758231599463,1.1163642755805188,1.0118409523636485,0.38442295991064745,0.9810473936919891,True
2736,2023,1.6073629607076143,0.18533246744091406,1.7104347567636184,1.6073629607076143,0.8290444726745319,0.0,True
2737,2023,-1.043816269031517,1.81411163759404,0.06567580345272699,-1.043816269031517,0.8100015759168776,0.21162203334766108,False
2738,2023,0.17479197678098496,0.16645651560597502,0.2757955993863842,0.17479197678098496,0.40798165589700486,0.2757955993863842,True
2739,2023,0.37349335413766394,0.11872137646843245,0.4765576379366258,0.37349335413766394,0.11872137646843245,0.4765576379366258,True
2740,2023,-1.0471445081653932,1.4080242232484632,0.1379801020555455,-1.0471445081653932,0.9689966257990618,0.4594110216167125,False
2741,2023,2.993040517186782,0.4298875811607313,3.109893059252187,2.993040517186782,0.4298875811607313,3.109893059252187,True
2742,2023,3.2556535743465806,0.2416556247259192,3.375014704787482,3.2556535743465806,0.2416556247259192,3.375014704787482,True
2743,2023,0.5359411392228237,0.01924383748866416,0.6309229576646546,0.5359411392228237,0.5072125738088313,0.6309229576646546,True
2744,2023,0.18586611771416836,0.11979848935985649,0.2795298085063631,0.18586611771416836,0.13356843066560764,0.3566414798184881,True
2745,2023,0.7403037099728158,0.005591882986366483,0.8373844772091437,0.7403037099728158,0.5508004741576071,0.8373844772091437,True
2746,2023,0.6806849256964125,0.058535686619707,0.78678849368275,0.6806849256964125,0.08608189208782513,0.78678849368275,True
2747,2023,2.1563675582621897,0.15203712980195036,2.2704211383755335,2.1563675582621897,0.658827562475067,2.2704211383755335,True
2749,2023,0.24003633161315122,0.2627497941545119,0.32814001441920293,0.24003633161315122,0.7680378598362572,0.32814001441920293,True
2750,2023,0.3653382029533069,0.028767475969923014,0.45308774652626704,0.3653382029533069,0.39315550492226303,0.45308774652626704,True
2751,2023,-1.0361459370761308,1.2020703365299434,0.11984017597144943,-1.0361459370761308,0.805864040461076,0.1760916871416972,False
2752,2023,-1.0440143876716192,1.0049098119741673,0.0,-1.0440143876716192,0.9504710666695475,0.4413952321994778,False
2753,2023,0.4239024855743728,0.12210806255995066,0.5196691964759714,0.4239024855743728,0.2995907116296201,0.5196691964759714,True
2754,2023,0.28421843643016376,0.2719186192094227,0.3801166038163527,0.28421843643016376,0.39577683843049494,0.3801166038163527,True
2755,2023,0.5316760030776817,0.47910004800829564,0.6302447060109418,0.5316760030776817,0.47910004800829564,0.6302447060109418,True
2756,2023,0.18943355059289477,1.6104481913376312,0.28996235397712183,0.18943355059289477,0.7092506404792197,0.9842384127955347,True
2757,2023,0.2606086158204315,0.1422899807786222,0.35369223793543414,0.2606086158204315,0.16126197821578622,0.4851410773214088,True
2758,2023,0.4046336263298564,1.4204178731164352,0.5066019042116073,0.4046336263298564,0.487276490971914,0.5066019042116073,True
2759,2023,-1.047677776590629,1.05024828462524,0.07944389444971404,-1.047677776590629,0.939026832395633,0.2844091421299705,False
2760,2023,0.36357925693739807,1.960344421913335,0.4722991966308738,0.36357925693739807,0.8280373735803829,0.9355157164034358,True
2761,2023,-1.0406668850640397,1.0836666308107537,0.11370964646941968,-1.0406668850640397,0.9863969332285233,0.16713948035261358,False
2762,2023,0.19710589597365852,0.2507926068605346,0.29075406619545136,0.19710589597365852,0.2507926068605346,0.5718622628963066,True
2763,2023,0.20112988312539648,0.331019129102522,0.29191138389207144,0.20112988312539648,0.5307479707128716,0.29191138389207144,True
2764,2023,0.2865008698775762,0.2517798438305898,0.38056378693932064,0.2865008698775762,0.26480293920115855,0.38056378693932064,True
2765,2023,0.19107306660718076,1.3485840409263525,0.2935591779696094,0.19107306660718076,0.3963793976645554,0.3427340656497862,True
2766,2023,0.4932593602868983,1.0736614449646487,0.5905137947305402,0.4932593602868983,0.5339289347932333,0.19732156285835092,True
2767,2023,1.0508615368908347,0.6898585053553917,1.1588978162395644,1.0508615368908347,0.6898585053553917,1.1588978162395644,True
2768,2023,0.270364537842989,0.0,0.3695548377681175,0.270364537842989,0.2383708693829054,0.3695548377681175,True
2769,2023,0.38798023982040913,0.21646521449331335,0.4891122403818642,0.38798023982040913,0.2792566507585699,0.4891122403818642,True
2770,2023,0.5525669144207342,0.05614417233971078,0.6567166825192077,0.5525669144207342,0.06975488078569189,0.6567166825192077,True
2771,2023,-1.0502092837950612,1.357753487412677,0.030473270291068437,-1.0502092837950612,0.9328206627984857,0.030473270291068437,False
2773,2023,2.516976418071082,0.26213661177488873,2.6276448389888913,2.516976418071082,0.4457892080482815,2.583693790308078,True
2774,2023,2.508672192486893,0.11858375493915387,2.621662474060164,2.508672192486893,0.3285090508449784,2.576792945164273,True
2775,2023,0.19274842321491692,0.6037226613199074,0.29674503691994003,0.19274842321491692,0.6037226613199074,0.29674503691994003,True
2776,2023,0.2834933612165935,0.5286821615409727,0.3895552769249044,0.2834933612165935,0.5286821615409727,0.3895552769249044,True
2777,2023,0.6420187997124521,0.1771776460853525,0.7490579690935634,0.6420187997124521,0.1771776460853525,0.7490579690935634,True
2778,2023,0.38415198156058,0.1655564266511644,0.48813544352814464,0.38415198156058,0.5734738077813586,0.48813544352814464,True
2779,2023,-1.0507928322070852,1.2220374324259875,0.12818574466007107,-1.0507928322070852,0.94344708069812,0.47514182687332546,False
2780,2023,-1.0491392298366458,1.0071764285005427,0.13704203863202596,-1.0491392298366458,0.9015054589529305,0.5977014215035693,False
2781,2023,0.2966337530520872,0.3240742085077818,0.3986112764645775,0.2966337530520872,0.3240742085077818,0.6837965799514241,True
2782,2023,0.21147033337871757,0.5154251435268777,0.31247649326317395,0.21147033337871757,0.6281743936733879,0.31247649326317395,True
2783,2023,-1.0492050563417994,4.506692777227003,0.21641376606188262,-1.0492050563417994,0.6327211633716682,0.21641376606188262,False
2784,2023,-1.0547112900083926,1.5506150541186376,0.06694604084295024,-1.0547112900083926,0.30397121247597164,0.20083812252880956,False
2785,2023,0.2862165642741033,0.18632643376897615,0.3751207673229696,0.2862165642741033,0.2961479742023592,0.3640152182903917,True
2786,2023,0.4743034686646677,0.0,0.5659636635746347,0.4743034686646677,0.012718284574699194,0.5545172074574054,True
2787,2023,3.4373707937404383,0.3689960902676678,3.54853382975194,3.4373707937404383,0.47442354462985437,3.54853382975194,True
2788,2023,0.16058856293982376,0.06458852358660197,0.25548349329808473,0.16058856293982376,0.340166224222753,0.25548349329808473,True
2789,2023,0.24932350917842633,0.5830800559177336,0.3604151801950595,0.24932350917842633,0.5830800559177336,0.34531925641726857,True
2790,2023,0.3560081242978962,0.3009012044417897,0.46743772010760526,0.3560081242978962,0.4787924825394456,0.4522980368652662,True
2791,2023,0.37594638161806876,0.2882983371070235,0.4867374522585337,0.37594638161806876,0.6776882989138504,0.4867374522585337,True
2792,2023,0.49809321225231185,0.2701846917559669,0.6088408464911637,0.49809321225231185,0.2701846917559669,0.6088408464911637,True
2793,2023,-1.0549714450492942,1.0331736973503345,0.08142349628856621,-1.0549714450492942,0.9915572436917348,0.7346208776256877,False
2794,2023,0.20599230644100594,0.8263497591945338,0.31488658224814314,0.20599230644100594,0.8263497591945338,0.6079313206409025,True
2795,2023,0.680237591423852,0.3620489640857684,0.7902591601871909,0.680237591423852,0.3620489640857684,0.6891795001632552,True
2796,2023,0.7305726087716029,0.2000369648633768,0.8435521065465525,0.7305726087716029,0.3396854120321582,0.7397593417589546,True
2797,2023,0.6328941135777911,0.6439302875526121,0.7455080230539018,0.6328941135777911,0.899688514439724,0.7455080230539018,True
2798,2023,0.34521316388832124,0.1266950543722493,0.45572400154790743,0.34521316388832124,0.7242418779785863,0.45572400154790743,True
2799,2023,0.19358901055043626,0.2232588551026595,0.30149486415579757,0.19358901055043626,0.24806539455853466,0.30149486415579757,True
2800,2023,0.4890870079532039,0.1656400999417005,0.6053020936139938,0.4890870079532039,0.20653889005071643,0.6053020936139938,True
2801,2023,0.18990154040279913,0.817027421115102,0.30739645546903005,0.18990154040279913,0.817027421115102,0.30739645546903005,True
2802,2023,0.6314964956395622,0.017350160107100814,0.7441290890385807,0.6314964956395622,0.18506837447591734,0.88678596103043,True
2803,2023,0.9244400224592033,0.020992499128965073,1.0381745023788638,0.9244400224592033,0.05152704331659402,1.0381745023788638,True
2804,2023,0.5063511325520631,3.606011550411941,0.6336617554304498,0.5063511325520631,0.6611326407814556,0.6336617554304498,True
2805,2023,0.46537717548787005,0.0,0.5758413737885429,0.46537717548787005,0.13259505317500364,0.5758413737885429,True
2806,2023,0.6607522152002611,0.5056131077124052,0.767537274986402,0.6607522152002611,0.5056131077124052,0.767537274986402,True
2807,2023,0.9147420633162109,0.2541840565271753,1.0217202272171106,0.9147420633162109,0.2541840565271753,1.0217202272171106,True
2808,2023,0.4354410662518461,0.0,0.5445122745975894,0.4354410662518461,0.11188608382145385,0.5445122745975894,True
2809,2023,0.7440294457964621,0.2229607350560937,0.8521634873755255,0.7440294457964621,0.2229607350560937,0.8087050390171249,True
2810,2023,0.7580968006611751,0.1528847505768484,0.8702670417448798,0.7580968006611751,0.24500761310386085,0.8251856409337659,True
2811,2023,0.6476957668636809,0.311686919311511,0.7658003116857477,0.6476957668636809,0.311686919311511,0.7183248206647922,True
2812,2023,1.8759326169339503,0.059313769615643434,1.9968969103936587,1.8759326169339503,0.9727458216967142,1.9968969103936587,True
2813,2023,0.4417086684793633,0.18930077618146243,0.5472513347791931,0.4417086684793633,0.7675286016085446,0.7744122661969558,True
2814,2023,0.7135825651061434,1.5287729186606953,0.8233168120608287,0.7135825651061434,0.9275125081930314,0.0409950279864334,True
2815,2023,0.7406769885778932,1.609323173227061,0.8556801744188319,0.7406769885778932,0.9791988606843224,0.03222226598231069,True
2816,2023,0.2659883403720442,0.0936635397326969,0.3746541589307876,0.2659883403720442,0.0936635397326969,0.3746541589307876,True
2817,2023,0.4605673816351634,0.22010371401324064,0.5722696564343822,0.4605673816351634,0.3713053958136218,0.5052815695607664,True
2818,2023,0.705974213248314,1.7733107046097132,0.8271672935240514,0.705974213248314,0.906484705231806,0.8271672935240514,True
2819,2023,0.6807330668067926,0.0438026293635074,0.7821898100627083,0.6807330668067926,0.4427194324954815,1.7114313044172142,True
2820,2023,-1.0551106085433266,1.0276339865935469,0.055348329619032,-1.0551106085433266,0.9852002672189458,0.11254160355869701,False
2821,2023,0.1803665358720378,0.22516328926807713,0.28740354809017293,0.1803665358720378,0.22516328926807713,0.7066099972152793,True
2822,2023,0.4207616572397945,0.33503897932226245,0.5286170562640545,0.4207616572397945,0.33503897932226245,0.48580652001731656,True
2823,2023,0.21858191629565923,0.2711768847466391,0.3276720690688449,0.21858191629565923,0.5461201151147558,0.28435909442181045,True
2824,2023,0.3258626249096696,0.0037939128887854653,0.43440302576632395,0.3258626249096696,0.49510563198697766,0.40594867910038984,True
2825,2023,0.2899903412745232,0.9547775170145366,0.4044678687148948,0.2899903412745232,0.9547775170145366,0.4044678687148948,True
2826,2023,0.20164663180339815,0.09939283182025913,0.3094305141574008,0.20164663180339815,0.1368995608090466,0.5719776170788706,True
2827,2023,0.9644560097831273,0.08100189490105575,1.0780966488025716,0.9644560097831273,0.23143398543163796,1.0780966488025716,True
2828,2023,1.4263651100737842,0.5715719091151744,1.5425113701120186,1.4263651100737842,0.5715719091151744,1.0918489033097216,True
2829,2023,0.5248147216472329,0.19866783638341518,0.6369057107586478,0.5248147216472329,0.1402361198000213,0.6369057107586478,True
2830,2023,0.28719031484648644,0.7174133097040897,0.3998383512750637,0.28719031484648644,0.25635568933424574,0.7939373960725433,True
2831,2023,0.16755726418150246,0.158215997209828,0.2741184137705495,0.16755726418150246,0.380822225842293,0.2741184137705495,True
2832,2023,-1.0559613956000515,2.0380684089893126,0.0018871003786920999,-1.0559613956000515,0.7454046495840659,0.35288777081572303,False
2833,2023,-1.0561546465701235,1.4962662973392253,0.23705106104867704,-1.0561546465701235,0.19722648279249239,0.5006518409348248,False
2835,2023,0.9599359634228584,0.19287250568419603,1.0687614076443868,0.9599359634228584,0.3662808135470313,1.0687614076443868,True
2836,2023,0.33387785138125686,0.21064370197904314,0.4300642248738714,0.33387785138125686,0.21064370197904314,0.8177071486547147,True
2837,2023,0.2762505126219181,0.28457536390181426,0.37258836304673315,0.2762505126219181,0.6087565774188638,0.37258836304673315,True
2838,2023,-1.043133321266199,2.208441085024007,0.17326864895797695,-1.043133321266199,0.6827959471650172,0.5770727037329793,False
2839,2023,-1.0443016519280037,2.190773752746597,0.1809310738675515,-1.0443016519280037,0.6242122048431624,0.25481126236348095,False
2840,2023,0.2789653492422692,0.22630376980885228,0.3771729496813854,0.2789653492422692,0.6204110151902742,0.3771729496813854,True
2841,2023,-1.0485495283122968,3.7695334177246638,0.17651644450613244,-1.0485495283122968,0.6417280085316951,0.17651644450613244,False
2842,2023,0.258829856760283,0.5648728636699171,0.3620979895320108,0.258829856760283,0.5648728636699171,0.33856162021245145,True
2843,2023,0.4758459007756658,0.3766374095196596,0.5827573848786612,0.4758459007756658,0.3766374095196596,0.558397751427163,True
2844,2023,0.4241336902644046,0.11465687465731886,0.5331544671566065,0.4241336902644046,0.4452508632526418,0.5083121443142062,True
2845,2023,0.5425008151545433,0.23743721479600052,0.6529523406891321,0.5425008151545433,0.5706152420098036,0.6529523406891321,True
2846,2023,0.4036976225843284,0.8284064392668637,0.5030278378392499,0.4036976225843284,0.8284064392668637,0.8377563990779936,True
2847,2023,0.20161812978731272,0.017407158102821216,0.30946058849486324,0.20161812978731272,0.07156276108946406,0.30946058849486324,True
2848,2023,0.1867487491928836,0.830982889344272,0.2950591418686167,0.1867487491928836,0.830982889344272,0.2950591418686167,True
2849,2023,0.19666506248009635,0.7093183936089164,0.31293458541569,0.19666506248009635,0.6655075516507122,0.31293458541569,True
2850,2023,0.6481794481465999,0.15072489524216312,0.7616631372903904,0.6481794481465999,0.16881188267125194,0.8098951037678844,True
2851,2023,0.3857945587560808,0.3250468328312067,0.4914864761483649,0.3857945587560808,0.5893921486878801,0.4914864761483649,True
2852,2023,0.25546592860604306,0.0,0.37204136202930493,0.25546592860604306,0.27624628078821645,0.37204136202930493,True
2853,2023,1.3925198466716722,0.035500625676503215,1.5154329585649395,1.3925198466716722,0.42822629722261507,1.5154329585649395,True
2855,2023,0.3181990348943444,1.0178426968853524,0.4323408026770199,0.3181990348943444,0.620399358101557,0.9499865170929692,True
2856,2023,-1.0521080399186078,1.9227432011142995,0.10373870294382827,-1.0521080399186078,0.9980378662528049,1.3289285566771505,False
2857,2023,0.3396016170520162,1.4017806961436643,0.45044813933155325,0.3396016170520162,0.8295898164522704,0.5182762375320314,True
2858,2023,-1.0452027797369328,1.2144689100195818,0.08333077654517411,-1.0452027797369328,0.9768218806129638,1.6187774925165481,False
2859,2023,-1.045516853489163,1.0677002586279443,0.18001922965236053,-1.045516853489163,0.999417102552894,0.4283216153798067,False
2860,2023,-1.0512724801726465,1.1117628265308501,0.04007922415393738,-1.0512724801726465,0.8817429313865431,0.2125941455121775,False
2861,2023,1.1206651957138816,0.2808590580750429,1.2227455125035556,1.1206651957138816,0.2808590580750429,1.2227455125035556,True
2862,2023,0.35318289157941896,0.08312500643632213,0.4571875353997717,0.35318289157941896,0.30998700316876654,0.43467451282324976,True
2863,2023,1.173484171337644,0.9058572622178309,1.285053325471775,1.173484171337644,0.9058572622178309,1.285053325471775,True
2864,2023,1.6881941552700306,0.3491983846097173,1.7975975956507992,1.6881941552700306,0.3491983846097173,1.7975975956507992,True
2865,2023,0.2841165996556701,0.07169794076573864,0.38821811829246333,0.2841165996556701,0.1189136578553588,0.4039566906556568,True
2866,2023,1.6710431803911105,0.3970126840410399,1.7847687327612354,1.6710431803911105,0.3970126840410399,1.7847687327612354,True
2867,2023,1.726175301544367,0.2594511375614755,1.8415587736005756,1.726175301544367,0.3719404419587337,1.8415587736005756,True
2869,2023,0.3669976104494142,0.13058974844056961,0.4687837123508096,0.3669976104494142,0.32647437110140504,0.4687837123508096,True
2870,2023,0.4077715400710021,0.7302052968178366,0.5143478418693508,0.4077715400710021,0.7302052968178366,0.5143478418693508,True
2871,2023,0.14654409206487157,0.9933979531738207,0.2512229534472985,0.14654409206487157,0.9933979531738207,0.2512229534472985,True
2872,2023,0.23768397818038867,0.5772850935211499,0.33929569563496353,0.23768397818038867,0.5772850935211499,0.43899395691161164,True
2873,2023,0.311814530816183,0.1660067832434499,0.4103186529224054,0.311814530816183,0.17227119015829034,0.7204067952072923,True
2874,2023,0.7103599939177248,0.11228002801259511,0.8112627376121065,0.7103599939177248,0.3811195317047177,0.8112627376121065,True
2875,2023,1.2211223285128063,0.20892918849746678,1.345683697957041,1.2211223285128063,0.4335842298926319,1.345683697957041,True
2877,2023,1.021615968348519,0.07838313154917108,1.138618121450786,1.021615968348519,0.24340025060000078,0.9529738625185732,True
2878,2023,0.7597332639005001,0.9369204569938473,0.8726410909215178,0.7597332639005001,0.9369204569938473,0.9271811591041071,True
2879,2023,0.322966836063594,0.37017386919812034,0.4348074019152348,0.322966836063594,0.37017386919812034,0.6012877134593364,True
2880,2023,0.23237573937452224,0.49986755405426664,0.3435383190025518,0.23237573937452224,0.5867171290830118,0.27019867786719726,True
2881,2023,0.6705958498797129,0.013258859573490569,0.7803785920404197,0.6705958498797129,0.7538608728934385,0.7803785920404197,True
2882,2023,-1.054898042892981,2.1807740257001265,0.08409154340746786,-1.054898042892981,0.824097125393117,0.25040592925775257,False
2883,2023,0.5534227156320698,0.21065178328195536,0.6561285053044287,0.5534227156320698,0.21065178328195536,0.6561285053044287,True
2884,2023,-1.0513731156934834,2.6980272478785743,0.07572791883733443,-1.0513731156934834,0.8400515647768149,0.3416561919637469,False
2885,2023,0.1718652429244285,0.2800965668718499,0.27643517384084865,0.1718652429244285,0.40824532295702065,0.27643517384084865,True
2886,2023,0.22234414094609117,0.22069159140769046,0.3300942606525721,0.22234414094609117,0.24332662642388914,0.3300942606525721,True
2887,2023,-1.055770263226306,2.559355358403859,0.07448870072968442,-1.055770263226306,0.5443405053321522,0.3266043031993087,False
2888,2023,0.1766327063573032,0.1604032022378963,0.2926274635420848,0.1766327063573032,0.4486954440978798,0.1972525865358067,True
2889,2023,-1.0654096377522664,1.1136311828184184,0.004436777620786492,-1.0654096377522664,0.8518613031918135,0.09317233003656678,False
2890,2023,0.30289557384834426,0.5521971957976015,0.4208277016360439,0.30289557384834426,0.5521971957976015,0.5121183670703423,True
2891,2023,0.25652976386092113,0.08751410921298469,0.37473990355290615,0.25652976386092113,0.3365927277421624,0.37473990355290615,True
2892,2023,-1.0675154810111411,1.1516871726877334,0.06194333398917693,-1.0675154810111411,0.816734329635116,0.06194333398917693,False
2893,2023,0.21762050962303756,2.131702511811072,0.34923636895633037,0.21762050962303756,0.7619702595409673,0.40593058469598736,True
2894,2023,0.842526701496485,1.454774199861429,0.9713278956392181,0.842526701496485,0.11531746706218336,0.7539988230989377,True
2895,2023,1.063910513216795,0.39930278665380187,1.1773834503671536,1.063910513216795,0.7463603488856554,0.0,True
2896,2023,0.49111568308815284,0.2323453641185014,0.6053208170454756,0.49111568308815284,0.3770516873852821,0.6053208170454756,True
2897,2023,0.9289939039634768,0.30422008803664524,1.0427543807045734,0.9289939039634768,0.34024615109362955,0.9767065984334735,True
2898,2023,0.8797116779602064,0.06686642093568256,0.9948912933159976,0.8797116779602064,0.36877844273625704,0.9280248723803151,True
2899,2023,0.28214166255415035,0.26243525432994796,0.3907369342245479,0.28214166255415035,0.519038614119192,0.3907369342245479,True
2900,2023,0.24301839383680132,0.24275031608066333,0.3550975698039312,0.24301839383680132,0.3189859525357673,0.3550975698039312,True
2901,2023,0.2550138379060145,0.6204787579066121,0.369861930608793,0.2550138379060145,0.6204787579066121,0.5760144820956657,True
2902,2023,0.2765816738318881,0.5968059979911207,0.3911498770617542,0.2765816738318881,0.5968059979911207,0.3911498770617542,True
2903,2023,-1.0572902789685457,1.345611307010097,0.03120258103213374,-1.0572902789685457,0.9633796893666471,0.04290354891916726,False
2904,2023,2.570653718630072,1.591954863593424,2.6978454019713145,2.570653718630072,0.7046048745372057,0.9740126206837957,True
2905,2023,2.8307468470103836,1.5263208001899762,2.96390201897355,2.8307468470103836,0.5975131814697133,1.1595305303769012,True
2906,2023,0.3593209070166981,0.06231462801495362,0.4693070422377288,0.3593209070166981,0.06231462801495362,0.7594595289324161,True
2907,2023,2.952951977889748,1.4127841950545805,3.0863900876576382,2.952951977889748,0.4821249560745748,1.27842150237805,True
2908,2023,0.22940413555991823,0.13357952774681373,0.31954318402180254,0.22940413555991823,0.13357952774681373,0.5853926363022272,True
2909,2023,0.6977314061356804,0.018763754229904735,0.7907582139739734,0.6977314061356804,0.3980596433055554,0.6982797109838178,True
2910,2023,0.41887777356562717,0.6969934583844365,0.5135046502112769,0.41887777356562717,0.6969934583844365,0.5135046502112769,True
2911,2023,-1.0361749332111434,2.515968245141516,0.0012473813808609089,-1.0361749332111434,0.7721290747360272,1.0952008523719972,False
2912,2023,-1.046336431231017,1.0396373416829559,0.1135870843720036,-1.046336431231017,0.9323606508871349,0.5474266427374157,False
2913,2023,-1.0450733911760741,1.0772916240592652,0.2482521238941883,-1.0450733911760741,0.9562304031478813,0.321808308751723,False
2914,2023,0.15320639603282146,0.375042610223439,0.25210333135348945,0.15320639603282146,0.375042610223439,0.3641492563994965,True
2915,2023,0.9496708514830956,0.7438979944693038,1.048646122455686,0.9496708514830956,0.7438979944693038,1.048646122455686,True
2916,2023,0.15001923517187415,0.2316720461505553,0.25847707628365224,0.15001923517187415,0.5590763427765438,0.25847707628365224,True
2917,2023,0.1930272207585291,0.17563985614975033,0.302490863368975,0.1930272207585291,0.2868784317112352,0.302490863368975,True
2918,2023,0.8603730003611925,0.7250110670221587,0.9759764363759288,0.8603730003611925,0.7250110670221587,0.9221981429429715,True
2919,2023,1.1227594248726045,0.029653490821554645,1.2375390169540044,1.1227594248726045,0.4507330604880352,1.184162733475161,True
2921,2023,0.1620885583667821,0.1936438609639353,0.27033449896947237,0.1620885583667821,0.2549963713683388,0.22623738211629507,True
2922,2023,-1.0572802478543217,1.1014226232457496,0.14306735141804855,-1.0572802478543217,0.9720740589500114,0.14306735141804855,False
2923,2023,0.16741344300375036,0.22066161755773786,0.27438792444140575,0.16741344300375036,0.22066161755773786,0.8116509932776921,True
2924,2023,0.5674478126173493,0.09263342842310816,0.6859284818947791,0.5674478126173493,0.30877809474366047,0.6859284818947791,True
2925,2023,-1.0637067839772574,1.0897145658498526,0.1307657479019625,-1.0637067839772574,0.8499773613629049,0.4315269680765456,False
2926,2023,-1.0602148779044176,1.131543430228069,0.004114703382643781,-1.0602148779044176,0.99164351521804,0.5822305286446096,False
2927,2023,0.28172999813119964,0.14887775734633296,0.3917835719640388,0.28172999813119964,0.3682765576462178,0.6856212509370678,True
2928,2023,0.5471114958711606,0.24623006125365524,0.6572754054432092,0.5471114958711606,0.3097733028674886,0.6572754054432092,True
2929,2023,0.26452303431681423,1.7096829369859934,0.38488122989018164,0.26452303431681423,0.877124066012982,0.38488122989018164,True
2930,2023,0.3007908749633017,0.2179839939858683,0.41355841849657293,0.3007908749633017,0.3198456734185231,0.41355841849657293,True
2931,2023,0.532915976580409,1.4600795184556508,0.6543773752182398,0.532915976580409,0.834331153403229,0.6543773752182398,True
2932,2023,0.2547709872526035,0.9090657765739185,0.370283085194872,0.2547709872526035,0.9090657765739185,0.370283085194872,True
2933,2023,0.3772868965347802,0.22457384838518027,0.48961145323607136,0.3772868965347802,0.7546490580870544,0.48961145323607136,True
2934,2023,-1.058423451936054,1.80761956379392,0.18720336239733254,-1.058423451936054,0.565635965953365,0.4790795725867825,False
2935,2023,0.37636281734515514,0.2180181516402458,0.4890126765762999,0.37636281734515514,0.22616836291655606,0.5297637329576196,True
2936,2023,-1.0588640052455718,1.6940303772269703,0.2333095729115199,-1.0588640052455718,0.43415868350485515,0.26982759301942,False
2937,2023,-1.0603615856281736,1.7847656526037363,0.16641171586048017,-1.0603615856281736,0.35362489620355,0.19137347323957823,False
2938,2023,-1.057710844153494,1.1140704861589754,0.19929704582450655,-1.057710844153494,0.8749140311696038,0.19929704582450655,False
2939,2023,0.453247525484699,0.17551949351470547,0.564028934215712,0.453247525484699,0.17551949351470547,0.7020779740587322,True
2940,2023,0.1683447924577969,0.9901653812158239,0.2817861954448332,0.1683447924577969,0.9901653812158239,0.2817861954448332,True
2941,2023,0.27972361084770103,0.44655428648099876,0.3859111117736758,0.27972361084770103,0.7460948160958373,0.4483919584417824,True
2942,2023,0.2752061907574431,0.11654845474217808,0.38109494725226273,0.2752061907574431,0.14059813587947761,0.46804379444089317,True
2943,2023,0.5279181519104679,0.21667101234851077,0.6368243667285938,0.5279181519104679,0.21667101234851077,0.6368243667285938,True
2944,2023,0.6058317145823959,0.6705050189998176,0.7166830506113319,0.6058317145823959,0.6705050189998176,0.6908233529088839,True
2945,2023,0.678084291840626,0.66189162100757,0.7853532705218971,0.678084291840626,0.5555774228146275,0.0,True
2946,2023,0.30788645432143813,0.329673418336915,0.4148699197048898,0.30788645432143813,0.5278478889102203,0.4148699197048898,True
2947,2023,-1.0527207737538344,1.19390177455601,0.11204308961216103,-1.0527207737538344,0.9918568588619328,0.11755340549472222,False
2948,2023,0.15280784354509322,0.34916069077736184,0.2526589923213155,0.15280784354509322,0.34916069077736184,0.8983430838090685,True
2949,2023,-1.0512103086184297,2.157763977602081,0.1833743314299171,-1.0512103086184297,0.806490991628503,0.1833743314299171,False
2950,2023,-1.0522874546991212,2.1665683264019906,0.2235636779760463,-1.0522874546991212,0.7870168501108136,0.2235636779760463,False
2951,2023,-1.0545182780692568,2.3085906533913585,0.0075815785004572965,-1.0545182780692568,0.8699861329282936,0.18385327863626183,False
2952,2023,-1.0550176990123072,2.0296973576940163,0.06880330026083915,-1.0550176990123072,0.8887092950354986,0.1720082506520544,False
2953,2023,0.7903736871294491,0.16839037183795605,0.9019530261664165,0.7903736871294491,0.16839037183795605,0.9019530261664165,True
2954,2023,-1.0535080005254704,1.1799572598752373,0.07421114841984428,-1.0535080005254704,0.9127971255638906,0.11688255876124841,False
2955,2023,0.3235864144250998,0.1104250285564219,0.42617159458487885,0.3235864144250998,0.26398483389265015,0.45032706958157037,True
2956,2023,0.588789482513015,0.22066698840095872,0.7032471312591889,0.588789482513015,0.23097852991501347,0.6496271153860574,True
2957,2023,0.369800179761938,0.05803019321032181,0.480249874844121,0.369800179761938,0.6083165081358562,0.480249874844121,True
2958,2023,-1.0570452028936912,1.1435822920500158,0.04937747375000099,-1.0570452028936912,0.9006451212000074,0.485874341700017,False
2959,2023,1.1819152755530413,0.8862759878988348,1.2978340328542068,1.1819152755530413,0.8862759878988348,1.2978340328542068,True
2960,2023,0.6757506820701036,0.004216784308064386,0.7906470577627914,0.6757506820701036,0.21505599971147543,0.7906470577627914,True
2961,2023,1.4041298588172162,0.014558774319816687,1.522431828873678,1.4041298588172162,0.7071404669631396,1.522431828873678,True
2962,2023,0.5318550437024134,0.856091532758594,0.6449222880114932,0.5318550437024134,0.856091532758594,0.44707002266284723,True
2963,2023,1.1576221620285174,0.1523789178987537,1.276978255630345,1.1576221620285174,0.2639803788950144,1.276978255630345,True
2964,2023,0.2232089833921476,0.24035283550624675,0.3314543134803933,0.2232089833921476,0.24035283550624675,0.8955081451926454,True
2965,2023,0.1941823130440759,0.2663195311444331,0.3015677043841021,0.1941823130440759,0.2663195311444331,0.4014375285632534,True
2966,2023,0.15749585546994968,0.3163663340094998,0.26800460142201776,0.15749585546994968,0.3163663340094998,0.26800460142201776,True
2967,2023,0.8112165614892413,0.8538591376484608,0.9290800616793736,0.8112165614892413,0.8538591376484608,0.9290800616793736,True
2968,2023,0.48643001860443713,0.42859157831600536,0.6012765346278307,0.48643001860443713,0.4327526616006231,0.6012765346278307,True
2969,2023,0.3876613813527914,0.24031333794497048,0.4986501762358912,0.3876613813527914,0.6188068452083765,0.4986501762358912,True
2970,2023,0.6577208546315266,0.42129021146948453,0.7690533577297354,0.6577208546315266,0.42129021146948453,0.7014879464562951,True
2971,2023,0.31155981669829075,2.7838778919665255,0.4335228840142946,0.31155981669829075,0.9214791346313691,0.4335228840142946,True
2972,2023,0.5971794436827866,0.06213075724574958,0.7103616578426056,0.5971794436827866,0.5798870676266822,0.7103616578426056,True
2973,2023,0.36952530624017393,0.1515376621748586,0.4812344677174317,0.36952530624017393,0.1515376621748586,0.6327721298922904,True
2974,2023,0.8498130203691956,0.05960283223568611,0.963921666156573,0.8498130203691956,0.46449103742298953,0.963921666156573,True
2975,2023,-1.056472108135033,2.385395403796175,0.06928534367870934,-1.056472108135033,0.9541581615185061,0.2553659809873021,False
2976,2023,-1.0559022231560347,1.7195447314252508,0.17019384713763216,-1.0559022231560347,0.5360128059277841,0.506669039179895,False
2977,2023,0.2834291918163158,0.07618650871664316,0.3929619923278434,0.2834291918163158,0.07618650871664316,0.40900125732080167,True
2978,2023,-1.058536864586429,1.7635472467070041,0.13723306100973692,-1.058536864586429,0.524353188335643,0.1966324456258778,False
2979,2023,-1.0518561560493729,1.4436221549179433,0.2315584408890882,-1.0518561560493729,0.6747757691533762,1.152365053487149,False
2980,2023,0.5928129309036873,0.14955491101316631,0.7053332965350614,0.5928129309036873,0.7417115181328251,0.7053332965350614,True
2981,2023,-1.0569083561531891,1.0162843225552074,0.19810610576125356,-1.0569083561531891,0.8518562547733812,0.4358334326747668,False
2982,2023,0.3264027029240875,0.23451764759512078,0.43581196178091985,0.3264027029240875,0.762182354684087,0.43581196178091985,True
2983,2023,-1.0560262640761273,1.9652683267722768,0.06446705246870364,-1.0560262640761273,0.775558176668592,0.39070940890105116,False
2984,2023,0.14112356662903472,0.2846757681548242,0.2508331943182237,0.14112356662903472,0.2846757681548242,0.22097209975655738,True
2985,2023,1.5371860278321547,0.44218584636170544,1.6556730320392303,1.5371860278321547,0.44218584636170544,1.5668320400761393,True
2986,2023,1.8383892130376007,0.18129726502403673,1.9592465799754248,1.8383892130376007,0.18129726502403673,1.8685979474634065,True
2987,2023,-1.0680664734495873,1.0046346455709594,0.2240382425569153,-1.0680664734495873,0.8749282946169727,0.3443114043506198,False
2988,2023,0.7971897375960074,0.07345287597740434,0.9230578081161832,0.7971897375960074,0.1126277431653793,0.7981879189545792,True
2989,2023,0.1294166528712851,0.33817415528145095,0.25067454867023603,0.1294166528712851,0.8276989814581915,0.25067454867023603,True
2990,2023,0.5007534395555973,0.5389506323357499,0.6224164382284332,0.5007534395555973,0.5389506323357499,0.6224164382284332,True
2991,2023,0.3816948723950065,0.0,0.5026815746998563,0.3816948723950065,0.6520633634078661,0.5026815746998563,True
2992,2023,0.15044889954087337,0.23411387307090398,0.27273059440220576,0.15044889954087337,0.23411387307090398,0.27273059440220576,True
2993,2023,0.16638429337328872,0.20135872477504113,0.2897601161395953,0.16638429337328872,0.45919611625521406,0.2897601161395953,True
2994,2023,0.4553080233585997,0.4479772299803187,0.5831211988011906,0.4553080233585997,0.4479772299803187,0.5831211988011906,True
2995,2023,0.5271666551437515,0.6744131920019942,0.6479183880305109,0.5271666551437515,0.8646940568882655,0.6479183880305109,True
2996,2023,0.525175002538826,0.2373133426107543,0.6604744836516596,0.525175002538826,0.2373133426107543,0.6604744836516596,True
2997,2023,0.6616744881712119,0.02945054979062377,0.8010549543057032,0.6616744881712119,0.12369230912068681,0.8010549543057032,True
2998,2023,0.1423435763501665,0.15050094113702028,0.27784789132971655,0.1423435763501665,0.7467162079488066,0.27784789132971655,True
2999,2023,0.9855043216133657,0.5346157022750312,1.1256630620123023,0.9855043216133657,0.5346157022750312,1.1256630620123023,True
3000,2023,0.9580373717394288,0.6195541574115637,1.1034845191708975,0.9580373717394288,0.6195541574115637,1.1034845191708975,True
3001,2023,1.2971807348404774,0.29949533882210866,1.4444410611941074,1.2971807348404774,0.29949533882210866,1.4444410611941074,True
3002,2023,1.3372431798490068,0.08301954378248885,1.4879656693323784,1.3372431798490068,0.29695452199124084,1.4879656693323784,True
3003,2023,-1.0839256733770655,1.6592746150312487,0.12226234005495432,-1.0839256733770655,0.8791244451568949,0.3580539958751666,False
3004,2023,0.4741724820032804,0.1690253791469089,0.6032905840322134,0.4741724820032804,0.1690253791469089,1.352203033175567,True
3005,2023,0.3527432761684006,0.8253823625880271,0.48340150830706335,0.3527432761684006,0.8253823625880271,0.48340150830706335,True
3006,2023,0.47593086662911716,0.16617708136100307,0.6049884368300623,0.47593086662911716,0.16617708136100307,0.5348824806308798,True
3007,2023,0.15310887609223298,0.2490734366441261,0.27988664530110247,0.15310887609223298,0.5905864992592398,0.27988664530110247,True
3008,2023,0.5112798787879107,0.6828297143829727,0.6437364101244395,0.5112798787879107,0.6828297143829727,0.6437364101244395,True
3009,2023,1.4791121286419064,1.3898822256286516,1.6162553376837148,1.4791121286419064,0.4868238968926945,1.0345007808969757,True
3010,2023,0.19240210660140825,0.2284025100210342,0.3114579682105298,0.19240210660140825,0.41297019488650416,0.3114579682105298,True
3011,2023,0.9274658502012038,0.9753099868587896,1.0548316644443778,0.9274658502012038,0.9753099868587896,0.9986987155604174,True
3012,2023,1.299589655656279,0.6313220313254723,1.428781439315494,1.299589655656279,0.6313220313254723,1.3718200530304887,True
3013,2023,0.23683546806284253,0.31301125127036855,0.35739344361469,0.23683546806284253,0.40177563595901145,0.35739344361469,True
3014,2023,1.6662144928887073,0.021014727280210213,1.7932567279129172,1.6662144928887073,0.14476812126377653,1.737217455165637,True
3016,2023,-1.0602050973058061,4.995763614791713,0.2062471217115862,-1.0602050973058061,0.4624935456562857,0.2062471217115862,False
3017,2023,0.3425503967770155,0.45112671915326624,0.45522787114556484,0.3425503967770155,0.45112671915326624,0.45522787114556484,True
3018,2023,0.5452904935247409,0.2631782271125657,0.6600342838696311,0.5452904935247409,0.2631782271125657,0.6600342838696311,True
3019,2023,0.13845418020760605,0.24401785765543677,0.25022170149417655,0.13845418020760605,0.4404729125475623,0.25022170149417655,True
3020,2023,0.24290291508747214,0.1832977754546551,0.3560611959981793,0.24290291508747214,0.3455268410869526,0.3560611959981793,True
3021,2023,0.3367631579604523,0.07689622838989985,0.45069733861839884,0.3367631579604523,0.22428066613711883,0.45069733861839884,True
3022,2023,2.162847664578897,0.7133758795283244,2.291909740612288,2.162847664578897,0.7133758795283244,2.291909740612288,True
3023,2023,1.9499015027829822,0.02851351280107546,2.074906393061092,1.9499015027829822,0.18204781249905516,2.074906393061092,True
3024,2023,0.2663493062253483,0.9878736219971774,0.3905546877663405,0.2663493062253483,0.9235469675415529,0.3905546877663405,True
3025,2023,0.16326737354264123,0.2049212025779965,0.27749746182435003,0.16326737354264123,0.2049212025779965,1.1740277231030605,True
3026,2023,0.14159344687051761,0.3810770634961403,0.25477723673743535,0.14159344687051761,0.3810770634961403,0.25477723673743535,True
3027,2023,0.16910735621682715,0.3469030616413161,0.28323098070711483,0.16910735621682715,0.3578810066299543,0.28323098070711483,True
3028,2023,0.24781764931567696,0.018021026030776117,0.36492577712357493,0.24781764931567696,0.20949442760792603,0.36492577712357493,True
3029,2023,-1.0674079880243657,3.6498285059635296,0.18353688858759062,-1.0674079880243657,0.48323636488890437,0.18353688858759062,False
3030,2023,0.1144370804333545,3.570797167759772,0.2532315493076577,0.1144370804333545,0.40424118880299803,0.26252445019967213,True
3031,2023,-1.054260004062249,1.3837543269871164,0.0,-1.054260004062249,0.7621748432068086,0.027749084097352824,False
3032,2023,0.3724455583463066,0.028250635327666255,0.48026080057002657,0.3724455583463066,0.028250635327666255,0.48026080057002657,True
3033,2023,1.3244762867252238,0.7107766350160262,1.4426275098843921,1.3244762867252238,0.7107766350160262,1.4426275098843921,True
3034,2023,0.5662697144646323,0.3058532928646095,0.6834239095733149,0.5662697144646323,0.5167865982884715,0.6834239095733149,True
3035,2023,0.33562497991809964,0.1753418779651976,0.44854899014359023,0.33562497991809964,0.7727275784746162,0.44854899014359023,True
3036,2023,0.19810039816700437,0.2724167722365348,0.30928520757677996,0.19810039816700437,0.2724167722365348,0.5161580947638971,True
3037,2023,0.7678852756242595,0.16044425989718486,0.8835130578338061,0.7678852756242595,0.16044425989718486,0.8835130578338061,True
3038,2023,0.7399837377683597,0.0,0.8590474887030987,0.7399837377683597,0.21586321511002096,0.8590474887030987,True
3039,2023,0.6417179016988843,0.4942279237812644,0.7618447908069335,0.6417179016988843,0.6237199562130682,0.7618447908069335,True
3040,2023,0.4112875921264455,0.27720770153927665,0.5242841311720486,0.4112875921264455,0.27720770153927665,0.4338903154527173,True
3041,2023,0.16279773618817583,0.2415779509562749,0.27326030518001915,0.16279773618817583,0.6554287030043392,0.27326030518001915,True
3042,2023,0.4096223078428195,0.04025783017619532,0.5213389007815944,0.4096223078428195,0.0603867452642701,0.5213389007815944,True
3043,2023,0.17786831372846834,0.9710811895037426,0.2911207758889767,0.17786831372846834,0.9710811895037426,0.2911207758889767,True
3044,2023,0.23607522930368835,1.887993991673414,0.35659907502754445,0.23607522930368835,0.9826285622979853,0.35659907502754445,True
3045,2023,0.5215462558481484,0.3221025273609759,0.6442050547218995,0.5215462558481484,0.3221025273609759,0.5843860139262956,True
3046,2023,0.41566613506724875,0.202854135756008,0.5349999184773052,0.41566613506724875,0.8693748675256906,0.5349999184773052,True
3047,2023,0.2119067674401858,0.21459239032589536,0.3296316098820382,0.2119067674401858,0.21459239032589536,0.5707715124131741,True
3048,2023,0.25836674667962883,0.10535995837747682,0.37660580866836924,0.25836674667962883,0.2488288378702253,0.37660580866836924,True
3049,2023,0.1772010656674761,0.2698611316127531,0.29730463652249817,0.1772010656674761,0.41393953238901865,0.29730463652249817,True
3050,2023,1.966642421899742,0.4738784708129084,2.0989348853567695,1.966642421899742,0.4738784708129084,2.0989348853567695,True
3051,2023,0.3202191243857423,1.5567702671190617,0.43766167805566736,0.3202191243857423,0.10749585075050559,0.2553026455324617,True
3052,2023,0.2224688731984567,1.025484237495116,0.33852858033135735,0.2224688731984567,0.821575209576211,0.33852858033135735,True
3053,2023,-1.0538219026712214,1.1483312061912123,0.2158790103265894,-1.0538219026712214,0.7945798867484222,0.540604580481793,False
3054,2023,0.22925446338472819,0.3417090976597805,0.3417090976597805,0.22925446338472819,0.3417090976597805,0.7648721081337808,True
3055,2023,0.3085051038530132,0.5334596783199383,0.4224048753983286,0.3085051038530132,0.5334596783199383,0.4224048753983286,True
3056,2023,0.7796409273792829,0.20004610774658715,0.8925134037924726,0.7796409273792829,0.2654457968176171,0.8925134037924726,True
3057,2023,0.19035614693069183,0.4464225534219165,0.29952282430448995,0.19035614693069183,0.4464225534219165,0.29952282430448995,True
3058,2023,1.4502028586953641,0.3536677723079407,1.5665175784292373,1.4502028586953641,0.5189690137127709,1.5665175784292373,True
3059,2023,1.6295206325456078,0.03877627836604375,1.7468713403918579,1.6295206325456078,0.19000376399374663,1.7468713403918579,True
3061,2023,0.49551296359699937,0.07859581002063654,0.6134839615501768,0.49551296359699937,0.28600141979738386,0.6134839615501768,True
3062,2023,-1.0643597786999937,1.4174148477549011,0.10668713907832802,-1.0643597786999937,0.8883337294685444,0.32877057144545174,False
3063,2023,0.36751364770214623,0.6440926535056692,0.48057687150114764,0.36751364770214623,0.6440926535056692,1.344019964281174,True
3064,2023,0.49302918620622926,0.07650006970436446,0.604154396639427,0.49302918620622926,0.07650006970436446,0.7512699153016287,True
3065,2023,0.42365756388532566,0.35059027740804044,0.5346991381698191,0.42365756388532566,0.5562437920887298,0.5229475087595041,True
3066,2023,0.46870054268579997,0.3254469629614082,0.5825902423383807,0.46870054268579997,0.3254469629614082,0.570536651117598,True
3067,2023,0.35440965118036,0.6442768582411024,0.46803090917816703,0.35440965118036,0.6912757779912154,0.46803090917816703,True
3068,2023,0.4945037310217961,0.3604678040175794,0.6159892853464465,0.4945037310217961,0.3604678040175794,0.6159892853464465,True
3069,2023,0.35755156083613987,0.492107543795932,0.4805557235190946,0.35755156083613987,0.5082800921836305,0.4805557235190946,True
3070,2023,0.7585201440064656,0.04474044979869663,0.8791498385442031,0.7585201440064656,0.8679647260945418,0.8791498385442031,True
3071,2023,0.488108952390277,0.8512165433384554,0.6117438585117553,0.488108952390277,0.8512165433384554,0.6117438585117553,True
3072,2023,1.2450089842275935,0.027327518161170166,1.3642737912781224,1.2450089842275935,0.048348685977502706,1.3642737912781224,True
3074,2023,0.35633983854483425,0.13675780255305184,0.4677513246741495,0.35633983854483425,0.31315554787506505,0.4677513246741495,True
3075,2023,0.42611715349552126,0.20950494725383736,0.5387270072241857,0.42611715349552126,0.20950494725383736,0.5686562854032793,True
3076,2023,1.5183358749067444,0.03955998407944311,1.635805341686502,1.5183358749067444,0.059339976119209645,1.5052573942242047,True
3077,2023,0.21113360385342753,0.4326530093296357,0.3271278851028929,0.21113360385342753,0.43898451678323447,0.3271278851028929,True
3078,2023,0.4243975536588261,0.10866205950740007,0.5391309875559502,0.4243975536588261,0.37195858831379985,0.5391309875559502,True
3079,2023,0.26522844809942664,0.44809228833674164,0.3810878340060709,0.26522844809942664,0.4292472855562405,0.3810878340060709,True
3080,2023,0.22043956221200947,0.16464432319263567,0.33340475446498896,0.22043956221200947,0.16464432319263567,0.7223769680075229,True
3081,2023,-1.061687620062493,1.9932192299070148,0.1089878022662053,-1.061687620062493,0.9054371265193101,0.31857972970122284,False
3082,2023,0.18661336392891387,1.3543318950663799,0.306484893684752,0.18661336392891387,0.94430480756926,0.6813076352856827,True
3083,2023,0.7390553231950937,0.5333772486395035,0.851532098705123,0.7390553231950937,0.5333772486395035,1.4915847970724676,True
3084,2023,0.32689461682829835,0.14920551549100247,0.44538959848055604,0.32689461682829835,0.14920551549100247,0.3295883028756155,True
3085,2023,1.2202892134607737,0.1189467446590131,1.3443226424670307,1.2202892134607737,0.5790237758873359,1.3443226424670307,True
3086,2023,0.48598931175719134,0.4096937058090975,0.603527287052072,0.48598931175719134,0.4096937058090975,0.603527287052072,True
3087,2023,0.430468713051783,0.08715125398479659,0.5497232943655072,0.430468713051783,0.478214573147245,0.5497232943655072,True
3088,2023,0.34220622694400354,0.19727869945976229,0.4618115010081807,0.34220622694400354,0.19727869945976229,0.4707787146199811,True
3089,2023,0.18725058347871024,0.2909020386771196,0.29267583159592137,0.18725058347871024,0.2909020386771196,0.29267583159592137,True
3090,2023,-1.0530133761012868,1.329766210849293,0.09127601178103924,-1.0530133761012868,0.9306573750223855,0.12528080048378973,False
3091,2023,0.14214928946171643,0.1737003978940401,0.2500522211442406,0.14214928946171643,0.26532258579421125,0.2500522211442406,True
3092,2023,0.16355762292988893,0.3939202800098174,0.27437233433517066,0.16355762292988893,0.3939202800098174,0.3841212680692835,True
3093,2023,0.2051005518034923,0.27824346668442906,0.31547322631118313,0.2051005518034923,0.43304088829054005,0.31547322631118313,True
3094,2023,0.651288338414173,0.20933907809348368,0.7642851247373839,0.651288338414173,0.276485574840423,0.7642851247373839,True
3095,2023,-1.0560273655093957,1.4435706130333437,0.047800351424945445,-1.0560273655093957,0.9387989019859442,0.4856515704774388,False
3096,2023,-1.0556641516033358,1.9134146176761873,0.09481737451319142,-1.0556641516033358,0.7926732509302492,0.6750997065339557,False
3097,2023,-1.0574293965197168,1.6734429938718376,0.19158576331710767,-1.0574293965197168,0.7741628803425911,0.39685622401399606,False
3098,2023,0.20245413091435094,1.555170331115005,0.320471256601422,0.20245413091435094,0.6507729198471406,0.320471256601422,True
3099,2023,0.3474714074120607,1.1992832461611456,0.45778155840404905,0.3474714074120607,0.546552887220038,1.335051160820891,True
3100,2023,-1.0614468836260835,1.2108069365291245,0.048097684870761916,-1.0614468836260835,0.9368592531347705,0.2593092575640891,False
3101,2023,-1.0611560334050105,2.4221902161521394,0.024992504379926575,-1.0611560334050105,0.9309707881513533,0.18119565675431376,False
3102,2023,0.26113158515182133,0.1519731648225606,0.37472835161725393,0.26113158515182133,0.21234606591644545,0.3893011208468009,True
3103,2023,0.2770558739683134,0.031702786050330424,0.3910010279544597,0.2770558739683134,0.24094117398270345,0.3910010279544597,True
3104,2023,-1.0637036909119377,2.3720798470609123,0.11068259121692924,-1.0637036909119377,0.8181830762506938,0.17796024470171873,False
3105,2023,-1.0639240778191819,2.245976991183043,0.08278091723082502,-1.0639240778191819,0.9650512192959336,0.24616430650214327,False
3106,2023,0.4007215001774795,1.6419737225285322,0.5257763625944574,0.4007215001774795,0.874857390218615,0.5257763625944574,True
3107,2023,0.5586522091231504,0.007631974644518588,0.6677977813959839,0.5586522091231504,0.12211159431238418,0.6677977813959839,True
3108,2023,1.1401668226652335,0.22312376974288378,1.2520747078962502,1.1401668226652335,0.5882353929585727,1.2520747078962502,True
3109,2023,0.527454235811186,0.8326519509018317,0.6442416554423217,0.527454235811186,0.8326519509018317,0.41126118256222305,True
3110,2023,0.84319130888145,0.51639243732562,0.9598824129111714,0.84319130888145,0.51639243732562,0.7269995490192026,True
3111,2023,0.7816808722364157,0.7608665377390703,0.8951371032223933,0.7816808722364157,0.7608665377390703,0.8951371032223933,True
3112,2023,0.9074463965239945,0.6239090875897403,1.0201006150205765,0.9074463965239945,0.6239090875897403,1.0201006150205765,True
3113,2023,0.7547841999133359,0.027123237347396564,0.8700299979903732,0.7547841999133359,0.2524547476183129,0.8700299979903732,True
3114,2023,0.2469271812222854,0.24840674844645708,0.35428503466953104,0.2469271812222854,0.5660416071156791,0.35428503466953104,True
3115,2023,0.22850016784100693,0.28020117327943833,0.3387506721735897,0.22850016784100693,0.28020117327943833,0.3387506721735897,True
3116,2023,0.1417745712632566,0.3865686425105816,0.2562646057092797,0.1417745712632566,0.3865686425105816,0.2562646057092797,True
3117,2023,0.3878412457418424,0.07121850099099676,0.5052062414049797,0.3878412457418424,0.15356489276187946,0.5052062414049797,True
3118,2023,0.181497361908033,0.17753724243444258,0.2988918132124645,0.181497361908033,0.17753724243444258,0.31462296127626227,True
3119,2023,1.592408171219248,2.3972988618525894,1.7320197518647715,1.592408171219248,0.2615235122021225,0.43816658623336097,True
3120,2023,-1.048668889872414,1.3068326230357303,0.06023812346898022,-1.048668889872414,0.9487504446367143,2.3978119703075613,False
3121,2023,0.2064079552513769,0.23926754905757222,0.3170295025013002,0.2064079552513769,0.23926754905757222,0.480528994357289,True
3122,2023,0.18865769960697967,0.6952662504578734,0.3006004082861957,0.18865769960697967,0.6952662504578734,0.27810650018316796,True
3123,2023,0.17178543416954126,0.42166305614049926,0.28597939946160555,0.17178543416954126,0.40705097003663376,0.28597939946160555,True
3124,2023,0.16598560345110866,0.19120511944196225,0.2784944131002576,0.16598560345110866,0.19120511944196225,0.6879227666878637,True
3125,2023,0.5186371789782636,0.3503151432802963,0.6348135020654735,0.5186371789782636,0.3991469511314903,0.4670868577070456,True
3126,2023,0.320851816976208,0.5588772440241812,0.4385036837727882,0.320851816976208,0.5588772440241812,0.26869098270391917,True
3127,2023,0.8001606477483652,0.7639564709559331,0.9196541212866234,0.8001606477483652,0.7639564709559331,0.9175781526155493,True
3128,2023,0.1550730425142778,0.9472184775884929,0.27580108416658045,0.1550730425142778,0.9472184775884929,0.27580108416658045,True
3129,2023,0.184381422401516,0.17923614085514356,0.3033226999087527,0.184381422401516,0.20681093175591075,0.3171100953591363,True
3130,2023,0.5591555161358258,0.27895258337199824,0.6821445526156771,0.5591555161358258,0.309426395000902,0.534463773183449,True
3131,2023,-1.0658038557198002,1.068052580646829,0.0,-1.0658038557198002,0.9362503472903779,0.056811307481213755,False
3132,2023,0.40216680031586916,0.11329518820382088,0.5185433613941766,0.40216680031586916,0.11329518820382088,0.9847966359251198,True
3133,2023,0.8648423873551118,0.1137195422248,0.9841114230992652,0.8648423873551118,0.1137195422248,0.8047844526678576,True
3134,2023,0.42317925685594465,0.52258704584124,0.5393098313081445,0.42317925685594465,0.8131454433289904,0.5393098313081445,True
3135,2023,0.8961297086819199,0.22460773622981214,1.0107348130340406,0.8961297086819199,0.8823875351884728,1.0107348130340406,True
3136,2023,0.38446607344226236,0.6710401278400284,0.4952465168847821,0.38446607344226236,0.8638460237264582,0.4952465168847821,True
3137,2023,0.4818042083899845,0.2669443634398781,0.6041372435745647,0.4818042083899845,0.2669443634398781,0.6041372435745647,True
3138,2023,0.5225481019466411,0.258931726911988,0.6416007392510006,0.5225481019466411,0.490366279284672,0.6278521519813485,True
3139,2023,0.6133538665877316,0.05639182760411317,0.7354434183369203,0.6133538665877316,0.14567888797731463,0.7213454614359053,True
3140,2023,0.36471875094770045,0.09042405022463075,0.484580166588545,0.36471875094770045,0.6260126554015047,0.4451645549521905,True
3141,2023,0.2502586224405942,0.07258841625141788,0.36996676670082307,0.2502586224405942,0.47065392472701595,0.36996676670082307,True
3142,2023,0.3234513494053174,0.2519129093740248,0.44624572517689376,0.3234513494053174,0.3334847085998834,0.44624572517689376,True
3143,2023,0.46151564656147687,0.42083406671003754,0.5858201496815458,0.46151564656147687,0.42083406671003754,0.5858201496815458,True
3144,2023,0.6438908536061567,0.2699263393915571,0.765944826307604,0.6438908536061567,0.34836647220617384,0.6229069370573588,True
3145,2023,0.37627819830389686,0.026763104957022887,0.49876695601768734,0.37627819830389686,0.026763104957022887,0.5182310323501229,True
3146,2023,0.3574669252137155,0.7658134193011895,0.48419171026778035,0.3574669252137155,0.7658134193011895,0.48419171026778035,True
3147,2023,0.16904987719101297,0.5815854283458467,0.29576352979983483,0.16904987719101297,0.5815854283458467,0.29576352979983483,True
3148,2023,0.5970721765028688,0.13214403821267262,0.7218979865322528,0.5970721765028688,0.14193248548767717,0.7218979865322528,True
3149,2023,-1.0690192495849182,1.043543532962135,0.17032549618462772,-1.0690192495849182,0.9547823588940658,0.5973387119714125,False
3150,2023,-1.0681861687554366,2.5768748376019506,0.163423128487635,-1.0681861687554366,0.980538770925756,0.28895103877522227,False
3151,2023,-1.0684760524452699,2.5639112612514325,0.06659509769489015,-1.0684760524452699,0.9608721238827198,0.18789331135335124,False
3152,2023,0.13937103443983295,0.3599978730455579,0.26159845441314034,0.13937103443983295,0.3599978730455579,0.42719747601411007,True
3153,2023,-1.069518292648691,2.0305937265582013,0.20740030936340081,-1.069518292648691,0.5209124049128079,0.47026814332405587,False
3154,2023,-1.0713552917368352,2.0593907857896694,0.15346421721025783,-1.0713552917368352,0.5098972378277634,0.2376220137449099,False
3155,2023,1.4588009295967834,0.19960447224660635,1.579848163313485,1.4588009295967834,0.8281462146401466,1.579848163313485,True
3156,2023,-1.0612033623142196,1.2730575723604596,0.15566700633553673,-1.0612033623142196,0.9830478071325903,0.17272640429014866,False
3157,2023,0.42763057993814135,1.1298994614528037,0.5426070860084529,0.42763057993814135,0.976692754815128,0.6255940521038302,True
3158,2023,0.5688634143294846,1.0206466702630115,0.6862220166023764,0.5688634143294846,0.9077240599360451,0.14766802888912897,True
3159,2023,0.2833695455050196,0.334366656130266,0.40079711761314096,0.2833695455050196,0.334366656130266,0.46279888166378064,True
3160,2023,0.3058040151944699,0.18245193312160635,0.4220574838476243,0.3058040151944699,0.18245193312160635,0.6418790900182536,True
3161,2023,0.5375957357798016,1.0821343500676128,0.6572472432925918,0.5375957357798016,0.9759125733738575,0.6572472432925918,True
3162,2023,0.9967927161201537,0.6923265266054021,1.1215689731007807,0.9967927161201537,0.6923265266054021,1.1215689731007807,True
3163,2023,0.3258682507618721,1.4161416147925006,0.45459335869811285,0.3258682507618721,0.38557133041406366,0.45459335869811285,True
3164,2023,0.24244827103396635,0.6598379649217444,0.3583784474016095,0.24244827103396635,0.6598379649217444,1.035081280436403,True
3165,2023,-1.0654311412462445,1.0086410964691455,0.20994339564517467,-1.0654311412462445,0.8762854774754236,0.3194790803296091,False
3166,2023,0.19146957519350913,0.9240580514511805,0.3118986873915611,0.19146957519350913,0.789057127057774,0.3188814938257476,True
3167,2023,0.30941758081358745,0.8744936917762474,0.4372468458881237,0.30941758081358745,0.7312150643100429,0.4372468458881237,True
3168,2023,0.23372210532897392,0.2861687301919115,0.35771091273994554,0.23372210532897392,0.4317200670999207,0.35771091273994554,True
3169,2023,0.23557515715757152,0.9496356798195192,0.36353240868084646,0.23557515715757152,0.8062011240134133,0.36353240868084646,True
3170,2023,0.2810685633190186,0.14339397866377948,0.40011545659402226,0.2810685633190186,0.8904303513797301,0.40011545659402226,True
3171,2023,-1.0672980561687258,1.9452980899609134,0.1687487499725203,-1.0672980561687258,0.9820239755345034,0.45468413187039747,False
3172,2023,-1.068428940766784,1.9044188897246366,0.24550080806211785,-1.068428940766784,0.9247991604670576,0.24550080806211785,False
3173,2023,0.13972600259519827,0.13455287867740062,0.2617665094270047,0.13972600259519827,0.13944571062930206,0.27889142125865973,True
3174,2023,1.8694606116506658,0.02771331347229845,2.0029167464088573,1.8694606116506658,0.2645361740539871,2.0029167464088573,True
3175,2023,0.5499876018503946,0.08258618668034162,0.6651536116418706,0.5499876018503946,0.12499530957027147,0.6651536116418706,True
3176,2023,0.3602601785263232,0.24591248297203994,0.4802253205208804,0.3602601785263232,0.24591248297203994,0.5823022002451413,True
3177,2023,-1.065872933333291,1.989422384598913,0.19594542606128834,-1.065872933333291,0.919790882334854,0.4725742628537355,False
3178,2023,-1.0673040810135295,2.02092076724245,0.2119846958645623,-1.0673040810135295,0.9280218907850152,0.12954620302835257,False
3179,2023,0.26756194837610403,1.8822870508142417,0.3966505279493322,0.26756194837610403,0.7668576873687855,0.22837454639509985,True
3180,2023,0.226567463506501,1.9686906489804767,0.3583900682682203,0.226567463506501,0.8296975553060152,0.12764577773937835,True
3181,2023,0.35088938761650856,1.8698432696369036,0.48422236066289975,0.35088938761650856,0.7176423704184406,0.18127298629946595,True
3182,2023,0.28456514004896977,1.9615377374533582,0.41943252516604707,0.28456514004896977,0.7961683262134868,0.1130207403142262,True
3183,2023,0.7212184611889129,0.7214262398230249,0.840249385205626,0.7212184611889129,0.5198512610489401,0.19308761124676296,True
3184,2023,0.21988862408061652,0.12741804526908945,0.33823699289616477,0.21988862408061652,0.2803196995920284,0.32665353423534804,True
3185,2023,0.4131181129740391,0.47847248978974827,0.5349077065341833,0.4131181129740391,0.47847248978974827,0.4490280288795816,True
3186,2023,-1.0701240337818423,1.0320545648482375,0.19011531457730987,-1.0701240337818423,0.9629217231837663,0.33825711814408205,False
3187,2023,0.2603246919401873,0.22932964664187097,0.38063992896224635,0.2603246919401873,0.41846749954236706,0.38063992896224635,True
3188,2023,0.7428821202536313,0.5423374115100463,0.8682155929876062,0.7428821202536313,0.5423374115100463,0.8682155929876062,True
3189,2023,0.6821393979960141,0.8922484271211598,0.8041251256771237,0.6821393979960141,0.8922484271211598,0.6785494211193435,True
3190,2023,0.3080004231636735,0.05061076897497082,0.42559055728950596,0.3080004231636735,0.10812300644652144,0.46239838927126486,True
3191,2023,0.14195780164944494,0.11654615666013252,0.2514943380560069,0.14195780164944494,0.11654615666013252,0.4600506183951278,True
3192,2023,0.3585062183320959,0.08237784067578355,0.47103226847936325,0.3585062183320959,0.22812325110214396,0.47103226847936325,True
3193,2023,0.6664384289978205,0.5708990198164252,0.7825806788494293,0.6664384289978205,0.5708990198164252,0.7077437286862489,True
3194,2023,0.8330852692627555,0.17665929608406641,0.9500823118667898,0.8330852692627555,0.4136412786359106,0.8746789537821411,True
3196,2023,0.43767818695996535,0.8247078631608681,0.5422973974146243,0.43767818695996535,0.8247078631608681,1.282108862897166,True
3197,2023,0.4009174459312831,0.1632407718221422,0.5013823705965688,0.4009174459312831,0.2565212128633555,0.7145948072622154,True
3198,2023,0.3633424137444443,0.013319515889452366,0.462853177158924,0.3633424137444443,0.5810638806778895,0.462853177158924,True
3199,2023,0.1876403920169619,0.08158219350288208,0.2770395321035451,0.1876403920169619,0.31103211272971376,0.2770395321035451,True
3200,2023,0.16718287855960115,0.06444000943572527,0.2613400382671872,0.16718287855960115,0.1163500170367748,0.2613400382671872,True
3201,2023,0.14979123281165344,1.250529490897373,0.26888518063662875,0.14979123281165344,0.7447692701760663,0.27315319937688887,True
3202,2023,0.2003877614442562,0.7642119190409978,0.32715426634530215,0.2003877614442562,0.7642119190409978,0.32715426634530215,True
3203,2023,0.1789722097891048,0.38804758399432954,0.30581233440603867,0.1789722097891048,0.46257327893361777,0.30581233440603867,True
3204,2023,0.30619503502306467,0.5022276320392116,0.43304321333988016,0.30619503502306467,0.5022276320392116,0.4842909308949125,True
3205,2023,0.3671120592012943,0.35026615830086827,0.4955617498922517,0.3671120592012943,0.45145415958774254,0.4955617498922517,True
3206,2023,0.23522398211128087,0.35385192727799986,0.36148901923357474,0.23522398211128087,0.35385192727799986,0.6338786323181003,True
3207,2023,0.20227571423513205,0.12662450628580976,0.32669122621737995,0.20227571423513205,0.5166279856460946,0.32669122621737995,True
3208,2023,1.2490517179120204,0.16327928374690595,1.3813945751923178,1.2490517179120204,0.16327928374690595,1.3813945751923178,True
3209,2023,0.1844515630405438,0.21701587780308929,0.30723596183362883,0.1844515630405438,0.26090672949362353,0.30723596183362883,True
3210,2023,0.23250431033256055,0.19809310139763964,0.35656758251578513,0.23250431033256055,0.32932978107357663,0.35656758251578513,True
3211,2023,-1.0722387413619245,1.2957262129097187,0.17543681799552982,-1.0722387413619245,0.9949773820603042,0.34836739573398307,False
3212,2023,0.48908588613329546,0.012480938523715944,0.614062175367392,0.48908588613329546,0.014977126228459134,0.6864516188050013,True
3213,2023,-1.0722118741280475,2.1359342032354807,0.16295272677268305,-1.0722118741280475,0.9777163606359274,0.4211701245816609,False
3214,2023,0.695088332301347,0.30182126509080637,0.8229143894355216,0.695088332301347,0.3508349748064184,0.7042496185451758,True
3215,2023,0.6231315407797138,0.1128417183835052,0.753152864559534,0.6231315407797138,0.39100967532883457,0.6324384681493407,True
3216,2023,1.112923230055594,0.025693534514586915,1.2435670705042892,1.112923230055594,0.7245576733104045,1.2435670705042892,True
3217,2023,0.12628354899393662,0.36028117780041286,0.25656386903971523,0.12628354899393662,0.36028117780041286,0.18559939462448144,True
3218,2023,0.3246474464873625,0.17313438727225228,0.4579683792363888,0.3246474464873625,0.17313438727225228,0.38536363618672437,True
3219,2023,-1.0804424686920444,1.3511286011079504,0.025228542344380447,-1.0804424686920444,0.9418655808553191,0.09250465526262208,False
3220,2023,0.1399722385413203,0.35435357425369646,0.2719457662877307,0.1399722385413203,0.5329038248466119,0.2719457662877307,True
3221,2023,-1.0792631281625988,1.351841004638783,0.052418324669618446,-1.0792631281625988,0.8497286314872619,0.5159066691172102,False
3222,2023,-1.078451127919047,1.132753968070905,0.1119106329900954,-1.078451127919047,0.9143917573584585,0.2047145725429301,False
3223,2023,0.30576190920827867,0.1873746914498975,0.43812611677249086,0.30576190920827867,0.044088162694111956,0.5621240743496297,True
3224,2023,0.3933499426161223,0.5424726378403799,0.52863405014032,0.3933499426161223,0.5424726378403799,0.5895238360203692,True
3225,2023,0.8968969194467329,0.11937445291290671,1.0292730606712095,0.8968969194467329,0.8090935141873851,1.0292730606712095,True
3226,2023,0.1953311088324703,0.4969511071081673,0.3141106054363447,0.1953311088324703,0.4969511071081673,0.29301362447417034,True
3227,2023,0.26340221387568885,0.11460111672497945,0.3843912456817178,0.26340221387568885,0.4416918040441532,0.3629035362957502,True
3228,2023,0.16050279139264914,0.6953232075767164,0.27958800304661363,0.16050279139264914,0.6953232075767164,0.27958800304661363,True
3229,2023,0.20229883787167213,0.6766959872028879,0.3246143112044057,0.20229883787167213,0.6766959872028879,0.3246143112044057,True
3230,2023,-1.0776918866626795,1.0159448102708448,0.15360438775976648,-1.0776918866626795,0.991691485887743,0.15360438775976648,False
3231,2023,0.13720537692009876,0.5224000220303108,0.2665855782525762,0.13720537692009876,0.5224000220303108,0.6462680684910512,True
3232,2023,0.27688861732758374,0.05433498037804445,0.40751235283524073,0.27688861732758374,0.11410345879388717,0.47543107830778086,True
3233,2023,0.2888152075731234,0.2417327757800173,0.4223377232018069,0.2888152075731234,0.34731720658043747,0.394552346675334,True
3234,2023,0.22641148193349256,0.5503035281059024,0.3613103972412963,0.22641148193349256,0.617006986058135,0.3613103972412963,True
3235,2023,0.1481377582426414,0.27353172349549576,0.2789481932676789,0.1481377582426414,0.44415052131944993,0.44415052131944993,True
3236,2023,0.5948104979843175,0.44965169260883636,0.7293131111825405,0.5948104979843175,0.44965169260883636,0.575773508828328,True
3237,2023,-1.0759956632500038,1.5566691253132146,0.0606837116647563,-1.0759956632500038,0.9234477862027402,0.9973236090989522,False
3238,2023,1.0658724762936804,0.7399729457485194,1.1967148674346508,1.0658724762936804,0.7399729457485194,1.109959418622721,True
3239,2023,1.1095368476274323,0.06069604425693431,1.2392109035790515,1.1095368476274323,0.6803014960464601,1.1532248408816945,True
3240,2023,0.1994137472108315,0.06637230447231579,0.32000932513438934,0.1994137472108315,0.10904021449025235,0.32000932513438934,True
3241,2023,0.18230621557439197,0.32502925003548866,0.29814713161152384,0.18230621557439197,0.32502925003548866,0.29814713161152384,True
3242,2023,0.16084093478531825,0.24427643643715277,0.2909359804756624,0.16084093478531825,0.29642533859784,0.2909359804756624,True
3243,2023,-1.0814237230527661,1.2116750668718408,0.10938733242589022,-1.0814237230527661,0.9816811884377967,0.10938733242589022,False
3244,2023,0.19044425919022928,0.19444817895138491,0.32598665294784307,0.19044425919022928,0.231622095515648,0.32598665294784307,True
3245,2023,0.17155384937395918,0.12491704014933308,0.30793502920527127,0.17155384937395918,0.12491704014933308,0.44737730658125563,True
3246,2023,-1.0865566673745208,2.729399178110725,0.18772068583072257,-1.0865566673745208,0.9147658817467574,0.3456444374026218,False
3247,2023,0.27278999192282255,0.079131397728401,0.4103109511842891,0.27278999192282255,0.1963630980668074,0.6125356342680102,True
3248,2023,-1.0868449803835538,2.33026599238617,0.21808899672332774,-1.0868449803835538,0.6781671541944352,0.3883776653976837,False
3249,2023,0.13616756292186608,1.970562571489998,0.2849006127454809,0.13616756292186608,0.9229592767069356,0.5608980813427393,True
3250,2023,0.3457959674902128,0.1404904766381578,0.47932044970666715,0.3457959674902128,0.1404904766381578,0.47932044970666715,True
3251,2023,0.2853255455125256,0.0,0.41806077234964756,0.2853255455125256,0.4235980011224855,0.41806077234964756,True
3252,2023,0.4009653214610472,0.255994040570372,0.5347431069691339,0.4009653214610472,0.255994040570372,0.5318987287405771,True
3253,2023,0.2509201369116223,0.05894217040558384,0.38901832467674613,0.2509201369116223,0.0707306044866872,0.3595472394739877,True
3254,2023,0.257547357786895,1.1477882794255385,0.409239275115487,0.257547357786895,0.8952109143152052,0.16305627367882744,True
3255,2023,0.56092944645574,0.8436274254051728,0.7126095297929846,0.56092944645574,0.8436274254051728,0.7126095297929846,True
3256,2023,0.3511809990108734,0.2260646313484513,0.4873601143356579,0.3511809990108734,0.32882128196142624,0.4873601143356579,True
3257,2023,0.3484790556966044,0.08588134293680677,0.4907505310675569,0.3484790556966044,0.25457683799125114,0.4907505310675569,True
3258,2023,2.4463521972999622,0.08052374039895553,2.601536228274067,2.4463521972999622,0.15485334692107375,2.601536228274067,True
3259,2023,0.4005725242459652,0.2694451208072349,0.5061198890838489,0.4005725242459652,0.38050020438317017,0.5061198890838489,True
3260,2023,0.5372605544782283,0.1516123728727827,0.6457564029764952,0.5372605544782283,0.1516123728727827,0.6457564029764952,True
3261,2023,0.43040245499989094,0.36179796183648133,0.5260837710377142,0.43040245499989094,0.705136843987445,0.08121995061631955,True
3262,2023,0.46406151491924974,0.3721588117203193,0.5650578816696554,0.46406151491924974,0.3721588117203193,0.04871188635083084,True
3263,2023,0.2177155781114634,0.461137469646313,0.34585310223477944,0.2177155781114634,0.461137469646313,0.34585310223477944,True
3264,2023,0.3397005116710216,0.18191638429545737,0.4708424064117255,0.3397005116710216,0.17121542051338237,0.8721285482399027,True
3265,2023,0.2738254573638967,0.16075400102125675,0.40456423590340174,0.2738254573638967,0.16075400102125675,0.6028275038295757,True
3266,2023,0.4285557414375651,0.0771206285727496,0.5618788653157918,0.4285557414375651,0.4737410040898012,0.5618788653157918,True
3267,2023,-1.08114349676228,1.7052112661738734,0.19815057266506253,-1.08114349676228,0.9516809194194362,0.19815057266506253,False
3268,2023,-1.0886834325124666,1.0157106162948928,0.1586094656076088,-1.0886834325124666,0.9638575217693044,0.16776001170034746,False
3269,2023,-1.092581585321778,1.1175698202370905,0.09233482845262576,-1.092581585321778,0.8087257388610191,0.1082546264616867,False
3270,2023,-1.0984395381043772,1.201799155620672,0.08463374335356955,-1.0984395381043772,0.873420231408813,0.08463374335356955,False
3271,2023,-1.1026594036933302,1.098225910208439,0.18362619720526902,-1.1026594036933302,0.7556924269601271,0.24365783859932708,False
3272,2023,0.553170066099173,0.1370202310280902,0.7096945299401761,0.553170066099173,0.1370202310280902,0.7061811906830497,True
3273,2023,0.4976043928775837,0.07927747173117539,0.6514540068343458,0.4976043928775837,0.6583477000284327,0.6514540068343458,True
3274,2023,0.3762455912247636,0.4142251607017454,0.5306190075104689,0.3762455912247636,0.5340423559460172,0.5306190075104689,True
3275,2023,0.9676856006947376,0.02659415579016976,1.1202788126586998,0.9676856006947376,0.8909042189689863,1.1202788126586998,True
3276,2023,-1.0916896448719715,1.0117129188314637,0.01580801435672702,-1.0916896448719715,0.973773684375319,0.6291589713983105,False
3277,2023,0.36245184194925956,0.1631903180782943,0.5049662672611238,0.36245184194925956,0.1631903180782943,0.809793465180975,True
3278,2023,0.11337555091747664,0.34787854110037214,0.25552140629503795,0.11337555091747664,0.34787854110037214,0.40021425082346485,True
3279,2023,1.1752802350675102,0.7841942245102813,1.3266210596458572,1.1752802350675102,0.7841942245102813,1.3266210596458572,True
3280,2023,-1.077859960033677,1.8816576421842643,0.1288438899070588,-1.077859960033677,0.8294325412766377,0.0,False
3281,2023,0.42344703780080545,0.12297154413209439,0.5656691030078719,0.42344703780080545,0.19368018200807838,0.5595205258012707,True
3282,2023,0.1567859220538563,0.20856059932418328,0.2944384931636349,0.1567859220538563,0.5858099186900818,0.1840240582273067,True
3283,2023,0.24533539800031975,0.023354586378620413,0.39369159895426625,0.24533539800031975,0.27024592809569237,0.39369159895426625,True
3284,2023,-1.096157633643604,1.0384571107039389,0.18971812599397425,-1.096157633643604,0.968560959022004,0.59245309520931,False
3285,2023,0.4709756855923521,0.13499893521085252,0.6153439837517132,0.4709756855923521,0.13499893521085252,1.1208051132620083,True
3286,2023,0.11399834939601303,0.6005414118143417,0.25826392321546293,0.11399834939601303,0.6036530253470556,0.16180390370126244,True
3287,2023,0.5748109412872194,0.0,0.716479527790699,0.5748109412872194,0.7774565088792101,0.716479527790699,True
3288,2023,0.13247429749036718,0.9856156211828153,0.27597237393114415,0.13247429749036718,0.7793945065969221,0.3912135850233218,True
3289,2023,0.4466310447097504,0.6914097043599811,0.5926368894513623,0.4466310447097504,0.48151747267932393,0.5926368894513623,True
3290,2023,1.567562357378199,0.6166654555876881,1.7139246465159492,1.567562357378199,0.6166654555876881,1.5054743516694093,True
3291,2023,0.13164508826991228,0.7751569810029802,0.25406482989395734,0.13164508826991228,0.7751569810029802,0.25406482989395734,True
3292,2023,0.4868281015584837,0.021360917666877952,0.6167964976316472,0.4868281015584837,0.021360917666877952,0.6167964976316472,True
3293,2023,0.43225386505042757,0.3374652620375718,0.5597638076655391,0.43225386505042757,0.3374652620375718,0.5597638076655391,True
3294,2023,0.13205379240590912,0.27468037907801096,0.26369316391490055,0.13205379240590912,0.3378568662659585,0.26369316391490055,True
3295,2023,0.3213558065458989,0.05848682142942045,0.4539691377616438,0.3213558065458989,0.4149779234753424,0.4539691377616438,True
3296,2023,0.4749990524098124,0.22088637722025117,0.6088534756711879,0.4749990524098124,0.45593213759569867,0.6088534756711879,True
3297,2023,0.534900949935327,0.01737297654817752,0.6717550931967899,0.534900949935327,0.17662526157326977,0.6717550931967899,True
3298,2023,1.4496366669611436,0.5141609354040719,1.5944766086688265,1.4496366669611436,0.41017333049091614,1.5944766086688265,True
3299,2023,-1.0721782813773086,1.2585031191711828,0.07005583963576516,-1.0721782813773086,0.7105663734485239,0.0,False
3300,2023,-1.0771623762578664,1.1412293829474758,0.05625778648333613,-1.0771623762578664,0.5357884426983466,0.1687733594500084,False
3301,2023,0.1558382535157331,0.9099860490642957,0.27375624874362187,0.1558382535157331,0.9099860490642957,0.8288730864736207,True
3302,2023,0.3768509169293101,0.4490450255239748,0.5104052153472015,0.3768509169293101,0.4490450255239748,0.5104052153472015,True
3303,2023,0.2620471583117555,0.19488903389739828,0.3953463259061454,0.2620471583117555,0.5623940692467363,0.3953463259061454,True
3304,2023,0.2848493341257326,0.49966677742419624,0.4154532756111409,0.2848493341257326,0.5249308279681575,0.3565038243419831,True
3305,2023,0.24272095222475934,0.34413763241775525,0.37884058694738176,0.24272095222475934,0.34413763241775525,0.37016484831494223,True
3306,2023,0.4002513939366912,0.10523470667993061,0.537866278586504,0.4002513939366912,0.19293029557988386,0.5203271608064601,True
3307,2023,0.11570916510984762,0.14066811437923382,0.252030371596155,0.11570916510984762,0.5743948003818603,0.1904880715552319,True
3308,2023,0.6295438050807383,0.9359553562643478,0.7759371824514144,0.6295438050807383,0.9359553562643478,0.2324792336527587,True
3309,2023,-1.0782145251979782,2.2942981694322317,0.07330893559132041,-1.0782145251979782,0.9095738304849379,0.0,False
3310,2023,0.1314653260804396,0.3264762417560401,0.25528969280177644,0.1314653260804396,0.4148457508027681,0.25528969280177644,True
3311,2023,0.5860018354293998,0.3864498832754521,0.7134459383547328,0.5860018354293998,0.366631940543395,0.7134459383547328,True
3312,2023,0.184153347832664,0.27224597392785466,0.3053889620581694,0.184153347832664,0.27224597392785466,0.9919222876153353,True
3313,2023,0.42774507530447503,0.8532857877287823,0.55212609794215,0.42774507530447503,0.8532857877287823,0.55212609794215,True
3314,2023,0.16283600909810056,0.16521363833995997,0.28253926556697406,0.16283600909810056,0.16521363833995997,0.6440937494704532,True
3315,2023,-1.0828845270608072,1.029116162742134,0.020122383070359028,-1.0828845270608072,0.9687490135310569,0.6352923797933518,False
3316,2023,0.234857418360703,0.14337425030668616,0.36990556579123984,0.234857418360703,0.5505571211776306,0.36990556579123984,True
3317,2023,0.1792634284557248,0.05539255325456392,0.31486293428943163,0.1792634284557248,0.22157021301845456,0.31486293428943163,True
3318,2023,1.0939187616412236,0.6865131577598078,1.237530297540691,1.0939187616412236,0.6865131577598078,1.237530297540691,True
3319,2023,0.20098488099011153,0.06824969135981443,0.3382810789138657,0.20098488099011153,0.4599435722073952,0.3382810789138657,True
3320,2023,-1.0878653751899563,1.251506552089576,0.18314730030576792,-1.0878653751899563,0.14957029524973592,0.24114394540261988,False
3321,2023,-1.081039156988834,1.2578902607077571,0.011281527001852941,-1.081039156988834,0.7474011638733986,1.1422546089386363,False
3322,2023,-1.0760224460984622,1.1524694125685373,0.0,-1.0760224460984622,0.9537677897118887,0.6014035785127847,False
3323,2023,0.41611236966809517,0.5363931857839573,0.543948019386541,0.41611236966809517,0.5363931857839573,0.7957758061395597,True
3324,2023,0.4031924527294104,0.5472597018079112,0.5362039502562463,0.4031924527294104,0.5472597018079112,0.6799287204280147,True
3325,2023,0.4798480442640945,0.17763911338785904,0.6134100634173649,0.4798480442640945,0.47462950608312177,0.4885075618165335,True
3326,2023,0.15733033083916725,0.33964937767159076,0.28486721998261244,0.15733033083916725,0.6820378632276273,0.28486721998261244,True
3327,2023,0.119657492098953,0.391938014785404,0.25095311738052845,0.119657492098953,0.391938014785404,0.25095311738052845,True
3328,2023,0.26003256542349595,0.11826704811196881,0.3951850144228098,0.26003256542349595,0.11826704811196881,0.3490320200377024,True
3329,2023,0.4182014578843577,2.0558262019670326,0.5660120641649798,0.4182014578843577,0.8680806787193294,0.1495679547793394,True
3330,2023,0.5028889134025455,2.013307983947647,0.6532065903474751,0.5028889134025455,0.8053231935790723,0.21177017312635593,True
3331,2023,0.7234749611557352,0.7049742955101503,0.8523556813311268,0.7234749611557352,0.6533908104728672,0.09825425721398431,True
3332,2023,0.16315252277150671,0.7295015237701353,0.28714421680311897,0.16315252277150671,0.7295015237701353,0.7760654508193104,True
3333,2023,0.34872453608356324,0.5693274633086179,0.4762131585619,0.34872453608356324,0.5693274633086179,0.3219094535530324,True
3334,2023,0.277365267454405,0.0854885603183635,0.40607066151230253,0.277365267454405,0.18166319067651485,0.3927130739625677,True
3335,2023,0.359599213473261,0.3376020970100161,0.4900675601758138,0.359599213473261,0.48189976750622415,0.3321569018969563,True
3336,2023,0.6506645620549641,0.022427577588623793,0.7849652156025339,0.6506645620549641,0.06728273276593512,0.622365278084884,True
3337,2023,0.20834477078458996,2.187349760650311,0.35074926717498855,0.20834477078458996,0.7622582499236056,0.35074926717498855,True
3338,2023,0.6541417079095465,1.7764199946507784,0.7985484203083,0.6541417079095465,0.2801924281783598,0.7985484203083,True
3339,2023,0.7599148912107919,0.051692091100864465,0.8891039669346807,0.7599148912107919,0.34892161493079105,0.8891039669346807,True
3340,2023,0.20875455222746434,0.788409451384341,0.3314332725565291,0.20875455222746434,0.788409451384341,0.3314332725565291,True
3341,2023,0.15196376689659485,0.31474417875249344,0.272942217511965,0.15196376689659485,0.6442419908839969,0.272942217511965,True
3342,2023,0.1739977158985644,0.07586933682699203,0.2984193915195633,0.1739977158985644,0.30600632520225673,0.2984193915195633,True
3343,2023,0.3841746408535569,0.328956163776557,0.5117095880968796,0.3841746408535569,0.328956163776557,0.5117095880968796,True
3344,2023,0.6303411800498934,0.11131825741352902,0.7629373252003581,0.6303411800498934,0.11131825741352902,0.7629373252003581,True
3345,2023,0.21519877424715828,0.8339857123836031,0.3479367144020509,0.21519877424715828,0.8339857123836031,0.3479367144020509,True
3346,2023,2.307896969752374,0.0503409858955222,2.4440548652270566,2.307896969752374,0.2592560773618735,2.4440548652270566,True
3347,2023,-1.0736699267506342,1.2088531185493452,0.12470274275561899,-1.0736699267506342,0.9441779094353926,0.19087154503410714,False
3348,2023,-1.0745145558940508,1.285337709348994,0.17258041388054465,-1.0745145558940508,0.9968450771904723,0.45334556482048366,False
3349,2023,0.14431922554170912,0.3589137083824111,0.26662161194119305,0.14431922554170912,0.3589137083824111,0.6973180620000747,True
3350,2023,0.24351768816661162,0.13719394202298751,0.36936830544654176,0.24351768816661162,0.27438788404597503,0.36936830544654176,True
3351,2023,0.2199886462604193,0.14733018798607067,0.3492271122631477,0.2199886462604193,0.35741212270686995,0.3492271122631477,True
3352,2023,0.26266538824506286,0.09924437351496633,0.3969774940599943,0.26266538824506286,0.11909324821801118,0.3969774940599943,True
3353,2023,0.23212912775437988,0.9329207349276355,0.37259063407325355,0.23212912775437988,0.8173887553700079,0.4014736289626933,True
3354,2023,0.45337861423333736,0.9346432318913616,0.5936658964781394,0.45337861423333736,0.9346432318913616,0.5936658964781394,True
3355,2023,0.6758022650826729,0.7712399529893511,0.8220211844618535,0.6758022650826729,0.7712399529893511,0.8220211844618535,True
3356,2023,0.9918625775093338,0.5009352786231805,1.142656289147017,0.9918625775093338,0.5009352786231805,1.142656289147017,True
3357,2023,1.1652278154257392,0.3572985051554624,1.3189991545456032,1.1652278154257392,0.3572985051554624,1.3189991545456032,True
3358,2023,1.3349325226764002,0.0,1.4913481921689755,1.3349325226764002,0.21402035559604662,1.4913481921689755,True
3360,2023,0.37472316341402473,0.04466356322301216,0.520011486096162,0.37472316341402473,0.09889788999372456,0.44663563222983144,True
3361,2023,0.187014541862127,0.712835885686106,0.3354521814993267,0.187014541862127,0.712835885686106,0.49995277050388043,True
3362,2023,0.11782096690254189,0.23454457368461168,0.2634610279744683,0.11782096690254189,0.46587620800368373,0.2634610279744683,True
3363,2023,0.5463659967671657,0.366471655335441,0.6969505588076834,0.5463659967671657,0.366471655335441,0.6969505588076834,True
3364,2023,-1.0911373348955378,1.4845795612031345,0.1789028223860521,-1.0911373348955378,0.9823962001195808,0.49276742306324633,False
3365,2023,-1.0898623868191055,1.0481766596045057,0.0,-1.0898623868191055,0.6760429343011038,0.13955014698878454,False
3366,2023,0.21268865951570184,0.3475367598876059,0.36103333308711266,0.21268865951570184,0.3475367598876059,0.36103333308711266,True
3367,2023,0.25865382135409126,0.3214110269164851,0.41224457800167025,0.25865382135409126,0.3214110269164851,0.41224457800167025,True
3368,2023,0.2974982292896897,0.415858959042719,0.4549568098930204,0.2974982292896897,0.415858959042719,0.4940546607431602,True
3369,2023,0.6967687704535347,0.052174042173062284,0.8521760221608082,0.6967687704535347,0.6678277398157508,0.8521760221608082,True
3370,2023,-1.098129111500195,1.0447025230140967,0.01356756523393729,-1.098129111500195,0.8208376966539,0.2611756307535242,False
3371,2023,-1.0992518017854809,1.224498801257863,0.0,-1.0992518017854809,0.9158016244701495,0.12690883934600977,False
3372,2023,0.12593737264945432,0.30735293263159,0.27394500517159165,0.12593737264945432,0.30735293263159,0.7550191605949301,True
3373,2023,0.3926675774778512,0.051809739178956433,0.5457292526846518,0.3926675774778512,0.055263721790881626,0.5457292526846518,True
3374,2023,0.2505373507407911,0.6820320875472393,0.407131399199056,0.2505373507407911,0.6820320875472393,0.407131399199056,True
3375,2023,-1.0964850715780143,3.751847677008077,0.09321360688217932,-1.0964850715780143,0.6125465595114965,0.4294484031357844,False
3376,2023,0.19974298656024106,0.10920239252141156,0.3250675870404259,0.19974298656024106,0.25903823342284027,0.3250675870404259,True
3377,2023,0.6923321248580072,0.21356409305972113,0.8230030903277911,0.6923321248580072,0.2890928576783994,0.8230030903277911,True
3378,2023,0.14720072484843677,0.9669899635635129,0.27306193271610807,0.14720072484843677,0.9669899635635129,0.27306193271610807,True
3379,2023,0.322173981918848,0.6531603121726385,0.4500120261032023,0.322173981918848,0.6531603121726385,0.4500120261032023,True
3380,2023,0.14088153630068345,0.2834310383048005,0.26797116348824634,0.14088153630068345,0.24478135126321013,0.572015368215197,True
3381,2023,0.44305892824815857,0.0313063759913441,0.5713413618425637,0.44305892824815857,0.08348366931031026,0.5713413618425637,True
3382,2023,0.1415561971148688,0.3625098408690146,0.27056893919935304,0.1415561971148688,0.3625098408690146,0.3336141289157112,True
3383,2023,0.2106308222259685,0.8819298278642448,0.35277193114564165,0.2106308222259685,0.8819298278642448,0.1701969843246566,True
3384,2023,0.14756890305432208,1.034088302411392,0.3011907676926769,0.14756890305432208,0.6960853297785363,0.3011907676926769,True
3385,2023,0.8170117959746581,0.4871649413709914,0.9649613261772353,0.8170117959746581,0.9368556564827086,0.0,True
3386,2023,0.29239010012041045,0.7172306551518386,0.42918621533182416,0.29239010012041045,0.7172306551518386,1.0628839829358692,True
3387,2023,0.2656833369516839,0.031150804907650213,0.3992966810884675,0.2656833369516839,0.20389617757711856,0.6088566413760562,True
3388,2023,-1.0837991492908539,1.1650755614369288,0.19466349779615058,-1.0837991492908539,0.9762229143212563,0.3515564661692592,False
3389,2023,0.20621331840673826,0.03433555055349567,0.34049420965582405,0.20621331840673826,0.03433555055349567,0.7839950709722001,True
3390,2023,0.39444452789295104,0.8152077750737038,0.5375645473311934,0.39444452789295104,0.8152077750737038,0.5375645473311934,True
3391,2023,0.911501499340568,0.12631150927354284,1.0506820998667243,0.911501499340568,0.26410588302655796,1.0506820998667243,True
3392,2023,0.1768181801041975,0.1171151177120787,0.3196926186195495,0.1768181801041975,0.15509839913226095,0.21840386816585008,True
3393,2023,0.19830206521552945,0.1752405454252228,0.3439907002791465,0.19830206521552945,0.1752405454252228,0.4478369494200056,True
3394,2023,0.8718870100244617,0.04616193808204905,1.0221572003874686,0.8718870100244617,0.5242677253600125,0.9298333242234454,True
3395,2023,-1.09059180939023,1.052692881051816,0.24657671087699867,-1.09059180939023,0.9483719649115665,0.24657671087699867,False
3396,2023,0.326807599386794,0.5832333508321541,0.46481033543480443,0.326807599386794,0.5832333508321541,0.9177783693298134,True
3397,2023,0.35295846734587333,0.03225105000066845,0.48962957728233014,0.35295846734587333,0.5482678500107636,0.48962957728233014,True
3398,2023,-1.085455150446572,2.3110152763793574,0.19953353546061076,-1.085455150446572,0.9410835403813101,0.19953353546061076,False
3399,2023,0.4272763599808831,0.36160412973977957,0.5678081376079285,0.4272763599808831,0.36160412973977957,0.5678081376079285,True
3400,2023,0.23813847019739068,1.8340887020223062,0.38367624194442923,0.23813847019739068,0.49703513160986335,0.6162072976683898,True
3401,2023,-1.0714154369684565,1.3832955543047156,0.02492424422168412,-1.0714154369684565,0.09969697688684984,0.6480303497643539,False
3402,2023,0.5029145976757641,0.46951641543407746,0.6349142435983872,0.5029145976757641,0.46951641543407746,0.6349142435983872,True
3403,2023,0.7234999183088271,0.2150334123504137,0.8548241824298646,0.7234999183088271,0.24423548069426426,0.8548241824298646,True
3404,2023,0.5322282405781683,0.0940503906166526,0.6583527343167416,0.5322282405781683,0.2008102934788488,0.6583527343167416,True
3405,2023,-1.071711882846551,1.108256578260426,0.2468389651580162,-1.071711882846551,0.9394993265708039,0.2468389651580162,False
3406,2023,0.17205389294926646,0.3954119486802133,0.2971885983710435,0.17205389294926646,0.3954119486802133,0.5843030069668624,True
3407,2023,-1.0714504884094105,1.029743176641961,0.015069412341145602,-1.0714504884094105,0.8690027783369028,0.3239923653336882,False
3408,2023,-1.0726725914151851,1.513085811678817,0.2095828320231267,-1.0726725914151851,0.9226756385406285,0.21469460841392898,False
3409,2023,-1.0724054945089232,1.0730421518161535,0.07391501758358754,-1.0724054945089232,0.9838343719739745,0.6448448085736831,False
3410,2023,-1.074288313417926,2.2108215468922023,0.05494349406478585,-1.074288313417926,0.8581650501545947,0.3191955369477554,False
3411,2023,-1.0723328763246054,1.8582578072143445,0.10706012058026938,-1.0723328763246054,0.9839334891422798,0.28294460439063746,False
3412,2023,0.6367792756742886,0.1495891177025519,0.7572949083690528,0.6367792756742886,0.1495891177025519,0.7572949083690528,True
3413,2023,0.1692800559400521,0.7565224942358754,0.2871139586557875,0.1692800559400521,0.7565224942358754,0.2871139586557875,True
3414,2023,0.21508374250627565,0.4706596703280983,0.3317030057550591,0.21508374250627565,0.4706596703280983,0.5558266582922585,True
3415,2023,0.5742794692051102,0.09722427116856124,0.6918750459901117,0.5742794692051102,0.1175735372270758,0.6918750459901117,True
3416,2023,0.2028134997460801,0.9498996226860715,0.30092820046695024,0.2028134997460801,0.9498996226860715,0.4833089280226829,True
3417,2023,-1.0423819474786074,1.0957082138319791,0.0,-1.0423819474786074,0.7366364644327573,0.10171131098863659,False
3418,2023,0.4134688260004307,0.4940651021619978,0.5108908486752393,0.4134688260004307,0.4940651021619978,0.5108908486752393,True
3419,2023,0.5314019767305772,0.38855165741751263,0.6276603696744022,0.5314019767305772,0.38855165741751263,0.600917947908849,True
3420,2023,-1.0480179569757524,1.3081519736323008,0.04214180854654526,-1.0480179569757524,0.7164107452912695,0.35469355526673935,False
3421,2023,1.1458541860639138,0.971983857497049,1.2554066996652635,1.1458541860639138,0.971983857497049,1.2554066996652635,True
3422,2023,0.33061255804082196,0.10348623797973636,0.4245979470050495,0.33061255804082196,0.16740420849660284,0.6056988634695795,True
3423,2023,0.2994665738853904,0.3429442076653188,0.3923776069684927,0.2994665738853904,0.4402662125433403,0.3923776069684927,True
3424,2023,0.40250823766587096,0.9201442482601377,0.5163399378725682,0.40250823766587096,0.9201442482601377,0.5163399378725682,True
3425,2023,0.5047291600420403,0.06309892091502324,0.6197215447011815,0.5047291600420403,0.3402834663631921,0.6197215447011815,True
3426,2023,-1.0613949059924388,1.2777951194058184,0.18672006146251008,-1.0613949059924388,0.9763434539122019,0.18672006146251008,False
3427,2023,0.3572590103991592,0.16175350603818867,0.471781059278212,0.3572590103991592,0.08312332949184553,0.6312879888437005,True
3428,2023,0.3187899566184906,0.08341945755494852,0.4328793473123094,0.3187899566184906,0.08341945755494852,0.5974636824883416,True
3429,2023,0.3056731218289631,0.037394072595315145,0.4179337525356663,0.3056731218289631,0.5543121349420774,0.4179337525356663,True
3430,2023,2.3051220681322797,0.11253064826113007,2.4306620024403993,2.3051220681322797,0.28582784658326627,2.4306620024403993,True
3432,2023,1.5338230917606852,0.0014404974507125805,1.6320836116588604,1.5338230917606852,0.16565720683207777,1.6320836116588604,True
3433,2023,2.8381350547198894,0.49600676366891694,2.935576872345811,2.8381350547198894,0.9411075700139051,0.2989093391584022,True
3434,2023,0.3071317010166639,0.05403603217089656,0.3953856012503837,0.3071317010166639,0.05403603217089656,0.5548577937547099,True
3435,2023,-1.0527655758134349,1.0089472660126833,0.02271551067948273,-1.0527655758134349,0.884011957275636,0.24797765825076512,False
3436,2023,0.3016173485344051,0.7229900944465637,0.4131371968265825,0.3016173485344051,0.7229900944465637,0.4131371968265825,True
3437,2023,0.14814486294137194,0.22842936455399993,0.25831731879473335,0.14814486294137194,0.25404761104601553,0.25831731879473335,True
3438,2023,-1.068789678536545,1.0605471604742769,0.15044971346266298,-1.068789678536545,0.4883449715671787,0.19977748836845502,False
3439,2023,-1.0651079393051548,1.316717251000464,0.0209742570955632,-1.0651079393051548,0.6432105509311876,0.7434208903878734,False
3441,2023,0.20319410212178945,0.12001585302058124,0.31640543069065935,0.20319410212178945,0.5324339661277254,0.31640543069065935,True
3442,2023,0.8457423922199199,0.12752602424587586,0.9642757271922108,0.8457423922199199,0.3176964112791245,0.9642757271922108,True
3443,2023,-1.0601489898905179,1.4187066640843844,0.1390888886356925,-1.0601489898905179,0.8751900838771106,0.1690464954187924,False
3444,2023,0.31476228569585707,0.7721226184971417,0.43036342670330757,0.31476228569585707,0.7721226184971417,0.7636841199342913,True
3445,2023,0.8203212011669454,0.43293413633154604,0.9337012709822565,0.8203212011669454,0.43293413633154604,1.0992935904086336,True
3446,2023,-1.0659105574404568,1.316665294883908,0.1075783367044999,-1.0659105574404568,0.8957065860400485,0.5004731316254601,False
3447,2023,0.24565821243691705,0.6073083603090226,0.3687229330447598,0.24565821243691705,0.6073083603090226,0.3687229330447598,True
3448,2023,0.6701601075398398,0.12362969610035449,0.7907635278868448,0.6701601075398398,0.12362969610035449,0.8327509718454548,True
3449,2023,-1.0640399833690914,1.2861350828846962,0.05226343976386912,-1.0640399833690914,0.9952776789814537,0.05226343976386912,False
3450,2023,1.0146044583588125,0.9551631355416209,1.1393731688246334,1.0146044583588125,0.9551631355416209,1.1393731688246334,True
3451,2023,1.1578133778827315,0.8313919677762178,1.28383455797495,1.1578133778827315,0.8313919677762178,1.28383455797495,True
3452,2023,1.2868850558775817,0.7428999336330427,1.4154938798559773,1.2868850558775817,0.7428999336330427,1.4154938798559773,True
3453,2023,1.7779306724044932,0.2268450830337371,1.905035748334312,1.7779306724044932,0.2268450830337371,1.905035748334312,True
3454,2023,1.126302194098494,0.19406466302442046,1.2404133100529708,1.126302194098494,0.9343113157979713,0.0,True
3455,2023,0.29787032495531873,0.08291058538353922,0.4169218007859034,0.29787032495531873,0.637227070519326,0.4169218007859034,True
3456,2023,0.21462020782745145,0.22672691012879354,0.3352663883818892,0.21462020782745145,0.2508467941850248,0.3352663883818892,True
3457,2023,-1.0686775821104202,1.5099549737462925,0.046347567853291666,-1.0686775821104202,0.7342430486229865,0.31467559226698627,False
3458,2023,-1.0628747477295213,1.3451478150272453,0.03563305470272693,-1.0628747477295213,0.6258055232163093,1.1847990688651007,False
3459,2023,0.8562034303340993,0.30305071955052054,0.9760015820819196,0.8562034303340993,0.30305071955052054,0.9760015820819196,True
3461,2023,2.4385109009359094,0.05007233548371041,2.562034498918888,2.4385109009359094,0.20863473118231646,2.1405923419306125,True
3462,2023,-1.052386560117946,1.3412825522440595,0.14032439744944503,-1.052386560117946,0.980448387374046,0.2842935844430697,False
3463,2023,-1.053722663847483,1.1917324520854347,0.0429621416896045,-1.053722663847483,0.8218844497140826,0.3268858606817475,False
3464,2023,0.21130036911521474,0.2443378964251038,0.30807821723162415,0.21130036911521474,0.3794066714675225,0.256478909912019,True
3465,2023,-1.0446203590437226,1.544116551794575,0.08604032527411562,-1.0446203590437226,0.6898590365728886,0.15517987236940084,False
3466,2023,0.2743000071153064,0.026037538874733434,0.37065202398131714,0.2743000071153064,0.06892289702133067,0.6249009329933238,True
3467,2023,-1.0458613505017438,1.2129002244338727,0.01892692157766022,-1.0458613505017438,0.9447688354172765,0.19873267656523505,False
3468,2023,0.4674017131310383,0.5991726271960339,0.5538863239777182,0.4674017131310383,0.5991726271960339,0.5910443163619603,True
3469,2023,0.28323110763253967,0.3471536383611243,0.3722059627789139,0.28323110763253967,0.3471536383611243,0.3280661530904003,True
3470,2023,0.30469325564421346,0.09582024800432078,0.3804063845771561,0.30469325564421346,0.48389225242181555,0.3804063845771561,True
3471,2023,0.2210395078946207,0.3036690407814758,0.30828758132567635,0.2210395078946207,0.4168232841144946,0.30828758132567635,True
3472,2023,0.37802404176881643,0.19512246989473278,0.4657387525463375,0.37802404176881643,0.20789834589975936,0.4657387525463375,True
3473,2023,0.2867136871901974,0.24870355702854666,0.3742175016971447,0.2867136871901974,0.24870355702854666,0.5694614156260954,True
3474,2023,0.2231007907488815,0.5884900117867693,0.3024184782793046,0.2231007907488815,0.5884900117867693,0.3024184782793046,True
3475,2023,0.32882269635376854,0.7749968512398322,0.4118693957847105,0.32882269635376854,0.7749968512398322,0.4118693957847105,True
3476,2023,0.24034614148727235,0.21252270863766995,0.3217857961293643,0.24034614148727235,0.24614212017356962,0.4694710682335116,True
3477,2023,0.15889443075081308,0.4157714069210866,0.2565726897728713,0.15889443075081308,0.4157714069210866,0.31376057845716626,True
3478,2023,0.33286612658854775,0.2598682817500634,0.43364523089578655,0.33286612658854775,0.2598682817500634,0.4065424039647886,True
3479,2023,0.754785879113965,0.09538267294884605,0.8568543453235853,0.754785879113965,0.6152182405199359,0.8568543453235853,True
3480,2023,-1.0472614605545638,1.1086015686699027,0.007998568316514316,-1.0472614605545638,0.9550290569926823,0.014397422969725768,False
3481,2023,-1.0470702545110968,2.2487904962737777,0.10973588701761268,-1.0470702545110968,0.8778870961408292,0.5152815564304898,False
3482,2023,0.26928695048146106,0.34783909498463067,0.37017738548820983,0.26928695048146106,0.34783909498463067,0.37017738548820983,True
3483,2023,-1.0470141084291458,1.9248631666465295,0.0428452642205252,-1.0470141084291458,0.8378629447562838,0.4284526422049273,False
3484,2023,-1.050258696657868,1.401570850552327,0.12802810654083702,-1.050258696657868,0.9383112545163981,0.12802810654083702,False
3485,2023,0.16508890989070554,0.2922665114378339,0.2684773767859392,0.16508890989070554,0.2922665114378339,0.36363391539359524,True
3486,2023,-1.051236788516812,1.1584237101703343,0.10312377241870833,-1.051236788516812,0.9762383788972645,0.3059338581755431,False
3487,2023,-1.0530612941918038,1.1216056549262665,0.18515394938464838,-1.0530612941918038,0.9328910526688395,0.18515394938464838,False
3488,2023,0.7288637713865181,0.7818418878316128,0.8404800294189696,0.7288637713865181,0.7818418878316128,0.5703891954407849,True
3489,2023,0.5736530067314877,0.1631197258705341,0.6712448896443167,0.5736530067314877,0.417182307757409,0.4142952329632754,True
3490,2023,0.2065501908917421,0.31480892946522415,0.3020464052976946,0.2065501908917421,0.6508887325429762,0.2141267943659819,True
3491,2023,0.2910020813218847,0.1725056977013324,0.38635573617405206,0.2910020813218847,0.5759694369531865,0.38635573617405206,True
3492,2023,0.21869243053877935,0.4745254527416666,0.31586952629304177,0.21869243053877935,0.4745254527416666,0.40529377574589054,True
3493,2023,0.2553317786952988,0.11957033801416335,0.35017027561285147,0.2553317786952988,0.11957033801416335,0.680412161556665,True
3494,2023,0.1573513366640095,0.2093958105778048,0.2530199377815458,0.1573513366640095,0.43478713446368983,0.2530199377815458,True
3495,2023,0.19653201421045155,0.6288622316038649,0.2958477165228585,0.19653201421045155,0.6288622316038649,0.4727616776596168,True
3496,2023,0.19830478326943143,0.645217051433866,0.296568375659055,0.19830478326943143,0.645217051433866,0.6061568263470654,True
3497,2023,-1.0555647308302767,1.135540544500029,0.12637767107366688,-1.0555647308302767,0.8400398136072331,0.12637767107366688,False
3498,2023,-1.0565800374139365,1.0285766917024812,0.035924553570501026,-1.0565800374139365,0.9699629464032269,0.4651284304389919,False
3499,2023,0.15306357534200862,1.0028680201761133,0.2660279671840968,0.15306357534200862,0.9588490040233415,0.2909082806617693,True
3500,2023,0.2959391116233434,0.8427693833281911,0.4072442657692973,0.2959391116233434,0.8427693833281911,0.37519263374118517,True
3501,2023,0.38093112746254004,0.7871661024169304,0.4951216762131033,0.38093112746254004,0.7871661024169304,0.22628607858178879,True
3502,2023,0.3486462822762051,0.06750631584355563,0.45904294773597654,0.3486462822762051,0.06750631584355563,0.6904931734852287,True
3503,2023,0.8731797259910133,0.3093875015143259,0.9888651155996226,0.8731797259910133,0.3093875015143259,0.7029753990104597,True
3504,2023,-1.054901236897175,1.5460952444434797,0.19440818020289294,-1.054901236897175,0.9812110981936698,0.0,False
3505,2023,0.5093520413498501,0.873388189531858,0.6167995688784107,0.5093520413498501,0.873388189531858,1.3207734768249657,True
3506,2023,-1.0510776764632055,1.0075307677073881,0.0034445496332237324,-1.0510776764632055,0.8266919119650414,0.10678103862883923,False
3507,2023,0.22359222936997616,0.20762502091728374,0.32555603279830697,0.22359222936997616,0.20762502091728374,0.8421270848404923,True
3508,2023,0.24122576592984105,0.14831112363870097,0.3454776762407789,0.24122576592984105,0.2058907363455239,0.3454776762407789,True
3509,2023,0.7971034901091989,0.03377754718615366,0.9048827114603682,0.7971034901091989,0.18844315798584607,0.9048827114603682,True
3510,2023,0.43380061189834945,0.45097229494464747,0.5528746885138197,0.43380061189834945,0.45097229494464747,0.5528746885138197,True
3511,2023,0.5644398179587327,0.33504246228731477,0.6855145116536869,0.5644398179587327,0.33504246228731477,0.6855145116536869,True
3512,2023,0.44633509894182,0.07432959367247943,0.5627812092346527,0.44633509894182,0.41624572456600073,0.5670286145873631,True
3513,2023,3.129552511085674,0.6849551022676794,3.2650255993080552,3.129552511085674,0.6849551022676794,3.2650255993080552,True
3514,2023,0.16707763093070638,0.09264167715002661,0.2845422941035958,0.16707763093070638,0.32865737846075377,0.2845422941035958,True
3515,2023,0.2370045581797401,3.7309503299946165,0.3778753842459111,0.2370045581797401,0.7216054024455847,0.3778753842459111,True
3517,2023,0.28198295400323564,0.9059697267220452,0.38180152769003156,0.28198295400323564,0.9059697267220452,0.19251856692844657,True
3518,2023,0.15441964441277403,0.10449516070016499,0.25543261504492737,0.15441964441277403,0.21230762808925943,0.25543261504492737,True
3519,2023,0.19700854947116914,0.665426665949452,0.301843023729656,0.19700854947116914,0.665426665949452,0.301843023729656,True
3520,2023,0.7049452426262961,0.18156180527996857,0.8126212838258826,0.7049452426262961,0.18156180527996857,0.8126212838258826,True
3521,2023,0.2932483977455751,0.14294089232173954,0.40569988556034237,0.2932483977455751,0.6642547349070366,0.40569988556034237,True
3522,2023,0.22908479919106084,0.1556316803037111,0.3463352885631544,0.22908479919106084,0.2257755362152253,0.3463352885631544,True
3523,2023,0.7809886014995086,0.6426348931353852,0.9014739473148731,0.7809886014995086,0.6426348931353852,0.9014739473148731,True
3524,2023,0.4591110463652969,0.05113534618046382,0.5780517394313148,0.4591110463652969,0.1178336238071404,0.5802750153522024,True
3525,2023,0.7321907399074102,0.022322398581766573,0.8527156258242952,0.7321907399074102,0.6250271602900224,0.8527156258242952,True
3526,2023,0.6034564081732806,0.1965143065708321,0.7227359497217631,0.6034564081732806,0.2598355831325463,0.476001320360546,True
3527,2023,0.3561252723204831,0.5272377043652012,0.47408874223161274,0.3561252723204831,0.5272377043652012,0.6526692550004525,True
3528,2023,0.22974131090187563,0.17239890771364047,0.3427454474782179,0.22974131090187563,0.4412591090289029,0.5254061949367068,True
3529,2023,-1.0615287629643342,1.8609234340764522,0.022948607370876895,-1.0615287629643342,0.9826176428811756,0.3942987993726714,False
3530,2023,-1.0609620399874986,1.382345105982514,0.09105267165155326,-1.0609620399874986,0.7925721191486814,0.43456956924597695,False
3531,2023,1.4186300610832,0.4076147130336256,1.535221769650135,1.4186300610832,0.4076147130336256,1.3504618296302042,True
3532,2023,0.13655298967737933,0.3837084623915043,0.25227241450043103,0.13655298967737933,0.44094674131177464,0.3773486536225425,True
3533,2023,0.17022760288370287,0.14888503668463704,0.28500849879626927,0.17022760288370287,0.4509089682448966,0.28500849879626927,True
3534,2023,-1.0644030477349216,1.9064836914348355,0.002181331454728947,-1.0644030477349216,0.6238607960530245,0.16141852765009088,False
3535,2023,1.1754539106073854,0.0021908674885231794,1.2969935532069177,1.1754539106073854,0.5630529445509552,1.2969935532069177,True
3536,2023,-1.0580244602925684,1.075105589435768,0.08132717558459455,-1.0580244602925684,0.7041743251839706,0.08132717558459455,False
3537,2023,0.8270102899997508,0.2675446605430198,0.9415912859421197,0.8270102899997508,0.2675446605430198,0.9415912859421197,True
3538,2023,0.8793367625402378,0.07920958760093474,0.9976126438391115,0.8793367625402378,0.25047356079218575,0.9976126438391115,True
3539,2023,0.29883713535105705,0.2686393362424423,0.4121870731659001,0.29883713535105705,0.2686393362424423,0.7690057335184738,True
3540,2023,0.22272575496568991,0.32146936101565204,0.3358023898507789,0.22272575496568991,0.587654182238805,0.3358023898507789,True
3541,2023,0.2981033610843774,0.4509205162761232,0.4119773807795385,0.2981033610843774,0.4509205162761232,0.37508388399329795,True
3542,2023,0.651340796273164,0.030780139233046674,0.7653994622613003,0.651340796273164,0.09849644554569337,0.6669030167156069,True
3543,2023,-1.0590728922744932,1.1192302620589971,0.19834460340286492,-1.0590728922744932,0.9269574322297297,0.19834460340286492,False
3544,2023,0.5327204650238283,0.030985322096127466,0.6429454334943037,0.5327204650238283,0.23819966361386158,0.6429454334943037,True
3545,2023,0.26027923651261226,0.34637870605144994,0.36766454832279316,0.26027923651261226,0.34637870605144994,0.36766454832279316,True
3546,2023,0.1724373800359895,0.07290557882769723,0.28177021006389846,0.1724373800359895,0.44531515716390185,0.28177021006389846,True
3547,2023,0.38878935716140145,0.09785113850615071,0.5014870848440108,0.38878935716140145,0.2853991539762343,0.5014870848440108,True
3548,2023,1.3133135007628833,0.0,1.4312044416306815,1.3133135007628833,0.06160133895109579,1.4312044416306815,True
3550,2023,0.6640553751353891,0.23263252387340158,0.7724126769234202,0.6640553751353891,0.3271394866969697,0.7724126769234202,True
3551,2023,0.7522619417168487,0.2613245179655202,0.859389354383265,0.7522619417168487,0.2613245179655202,0.6875114835066121,True
3552,2023,0.2402405576690088,0.3620488353301082,0.3503698406420502,0.2402405576690088,0.3620488353301082,0.42433680699983944,True
3553,2023,1.9153400453529512,3.5676787482557892,2.064209461070464,1.9153400453529512,0.8717183489217893,0.10774047009147213,True
3554,2023,0.20058300950371608,0.10667036657431088,0.32497251212190437,0.20058300950371608,0.23070567654448704,0.32497251212190437,True
3555,2023,2.196637681881024,3.501626610748852,2.351382985706355,2.196637681881024,0.6998163647935574,0.2824713326985228,True
3556,2023,3.025337888953883,2.763775849567043,3.182608111147799,3.025337888953883,0.6541022356786256,0.3360999629969141,True
3557,2023,3.3173160524885077,2.56778693232532,3.477156715932865,3.3173160524885077,0.42314605537804667,0.3311577824697938,True
3558,2023,2.2377232081037484,3.7617103698799705,2.4006356776442135,2.2377232081037484,0.5197804927041675,0.2143424712182203,True
3559,2023,0.6407956988555016,0.029255490453369608,0.7564633960079936,0.6407956988555016,0.2235955341791993,0.7564633960079936,True
3560,2023,0.18011943124835864,0.484889253116395,0.2950602689176607,0.18011943124835864,0.5798037452157857,0.2950602689176607,True
3561,2023,0.3497527452684821,0.10396936191299763,0.46276559125981753,0.3497527452684821,0.6217775565385171,0.46276559125981753,True
3562,2023,0.40873485513068575,0.3194051770437289,0.5213516760778382,0.40873485513068575,0.362679426836759,0.5213516760778382,True
3563,2023,0.4202144710888757,0.04848228199378491,0.5354130272356616,0.4202144710888757,0.32462049682791777,0.5354130272356616,True
3564,2023,0.34471825407755424,2.0587292458766426,0.47001979683749556,0.34471825407755424,0.5955001950883198,0.20204470904777097,True
3565,2023,0.3918289524651221,2.0946066652078623,0.5214514492166401,0.3918289524651221,0.5808573105198505,0.12981280803282244,True
3566,2023,0.6862170303276007,1.7985058212029668,0.8157037404233022,0.6862170303276007,0.9190408719594692,0.8157037404233022,True
3567,2023,0.22210326631238073,0.4362821247204146,0.332791946298369,0.22210326631238073,0.7183435914000867,0.332791946298369,True
3568,2023,0.3196397848600899,0.35617552995740104,0.43324274988972716,0.3196397848600899,0.35617552995740104,0.43324274988972716,True
3569,2023,-1.0621804733549283,1.1314102322765276,0.23597382870574868,-1.0621804733549283,0.9670713158564757,0.23597382870574868,False
3570,2023,1.3102637600391587,0.8753093706154197,1.4311627665537197,1.3102637600391587,0.8753093706154197,1.4311627665537197,True
3571,2023,0.1763577764155103,0.07197239812032609,0.29225155600359354,0.1763577764155103,0.10468712453861104,0.3533190453177751,True
3572,2023,1.533280325428248,0.7798917511732628,1.6612145104472127,1.533280325428248,0.7798917511732628,1.6612145104472127,True
3573,2023,1.7850321739040964,0.028889039850590437,1.9111210978100588,1.7850321739040964,0.4955581451297632,1.9111210978100588,True
3574,2023,-1.0635024551213947,1.1695568508257455,0.157932859418028,-1.0635024551213947,0.8728991824593892,0.19634896035757324,False
3575,2023,0.49865304086725043,0.30221613460822977,0.6147117295773692,0.49865304086725043,0.2220363437938167,0.9765487342784264,True
3576,2023,0.13971659173470538,0.9450410121263045,0.2542801028390641,0.13971659173470538,0.9450410121263045,0.8148976524055036,True
3577,2023,0.6506245419068571,0.41507186299109355,0.7632601082489558,0.6506245419068571,0.41507186299109355,0.7632601082489558,True
3578,2023,0.7542381620540038,0.009957333959077386,0.8682795212323179,0.7542381620540038,0.32460908706623975,0.8682795212323179,True
3579,2023,0.9061569042325041,0.5394088549267327,1.0223453026589766,0.9061569042325041,0.5394088549267327,1.0223453026589766,True
3580,2023,0.8832817827084835,0.572723352635601,1.0003044857676167,0.8832817827084835,0.572723352635601,1.0003044857676167,True
3581,2023,0.26287100586693135,0.15205302986914035,0.36850499003582865,0.26287100586693135,0.29695062303860287,0.33630552488709536,True
3582,2023,0.39384738283960163,0.24533661005457913,0.5015770694449495,0.39384738283960163,0.4397885898756175,0.5015770694449495,True
3583,2023,0.22700797507782983,0.6486539024986546,0.3351378496243363,0.22700797507782983,0.6486539024986546,0.3351378496243363,True
3584,2023,0.6515797732845381,0.03382957865428077,0.7584947635115492,0.6515797732845381,0.21366049676382523,0.7584947635115492,True
3585,2023,0.5251390062012693,0.06500349022443824,0.6307095402859773,0.5251390062012693,0.4515107293968957,0.6307095402859773,True
3586,2023,0.38968513589810405,0.003502801070609386,0.4938949509564013,0.38968513589810405,0.5044033541681896,0.4938949509564013,True
3587,2023,1.1029341208668402,0.13734879276265238,1.2129503776442234,1.1029341208668402,0.15340254776087026,1.2129503776442234,True
3588,2023,0.16291612661149557,1.0250280483315652,0.27568443899169476,0.16291612661149557,0.9713713454405293,0.4755094014823045,True
3589,2023,0.6954480613583389,0.48569913062945425,0.8076587816148757,0.6954480613583389,0.48569913062945425,0.7635043151940162,True
3590,2023,0.2522346097747309,0.4444536721845201,0.3622857664025361,0.2522346097747309,0.4444536721845201,0.3622857664025361,True
3591,2023,0.36913426401027094,0.007359361808530921,0.47651867710283735,0.36913426401027094,0.40476489946953537,0.47651867710283735,True
3592,2023,0.4199882984873852,0.08819985086181337,0.5291991051708376,0.4199882984873852,0.20079540515350908,0.5291991051708376,True
3593,2023,0.3118277738884491,0.08866790062651976,0.42070089020665785,0.3118277738884491,0.09621410493515244,0.42070089020665785,True
3594,2023,0.18635384381470566,0.16694349991880042,0.2935902929606039,0.18635384381470566,0.2475369136727071,0.2705636033166119,True
3595,2023,0.38835244537736224,0.8150773986147428,0.486643262563541,0.38835244537736224,0.8150773986147428,0.486643262563541,True
3596,2023,0.39072801770655863,0.10674630697747599,0.5029393309515965,0.39072801770655863,0.10674630697747599,0.5029393309515965,True
3597,2023,0.512538744787818,0.4604719429144445,0.627526880343858,0.512538744787818,0.4604719429144445,0.5825505510359296,True
3598,2023,0.3981620921862338,0.29136922110362967,0.5274787623427177,0.3981620921862338,0.29136922110362967,0.5274787623427177,True
3599,2023,0.28489344365328956,0.015302073528839076,0.413155985279003,0.28489344365328956,0.05355725735099476,0.413155985279003,True
3600,2023,0.2694924841981862,0.14917704746711924,0.4004226010959892,0.2694924841981862,0.14917704746711924,0.4004226010959892,True
3601,2023,0.20206480811977223,0.20938038970769215,0.3339484696603827,0.20206480811977223,0.20938038970769215,0.3737042398580115,True
3602,2023,-1.0803136589078361,2.2722527250847606,0.06446107021517268,-1.0803136589078361,0.991088954558257,0.3196194731502337,False
3603,2023,-1.0821598799437566,2.0211329916943552,0.054922092165556574,-1.0821598799437566,0.9885976589809549,0.36797801750954123,False
3604,2023,0.19569969526996286,0.11405910770244186,0.3310496052826462,0.19569969526996286,0.15856997900090639,0.3310496052826462,True
3605,2023,-1.0852837496048937,1.9092143379669986,0.23936418565553905,-1.0852837496048937,0.8377746497944839,0.23936418565553905,False
3606,2023,0.16973839078382313,1.836735776959141,0.3170725835807842,0.16973839078382313,0.762688106451165,0.3170725835807842,True
3607,2023,0.428333513390584,0.990494835026728,0.5617731900151549,0.428333513390584,0.990494835026728,1.2812371000345344,True
3608,2023,0.27708260513958544,0.9353727021841929,0.3839216314935271,0.27708260513958544,0.9353727021841929,0.37519613986868233,True
3609,2023,0.2626319620813715,0.2935181089448406,0.3673370345477043,0.2626319620813715,0.2935181089448406,0.5835210309561735,True
3610,2023,0.1809284396919536,0.30264516514520623,0.28823349061445486,0.1809284396919536,0.3891152123295509,0.28823349061445486,True
3611,2023,0.39650715998568425,0.6851364137363603,0.5074406058956419,0.39650715998568425,0.6851364137363603,0.5074406058956419,True
3612,2023,0.5973791670508428,0.4999404602842693,0.7099526238981834,0.5973791670508428,0.4999404602842693,0.7099526238981834,True
3613,2023,0.18373048098592915,0.1063345516101522,0.2977367445084455,0.18373048098592915,0.24456946870332105,0.34239725618471717,True
3614,2023,1.2820792670694776,0.7971726061529661,1.4100406821925844,1.2820792670694776,0.7971726061529661,1.4033790726704207,True
3615,2023,1.517306848094505,0.6179715697064639,1.6486842985158896,1.517306848094505,0.6179715697064639,1.6418432848291078,True
3616,2023,0.15774202080373284,0.18993326974610808,0.2591462409247445,0.15774202080373284,0.22695416130679108,0.2800710926764508,True
3617,2023,-1.0504975221470996,1.21294582630489,0.10547355011348662,-1.0504975221470996,0.533959847449444,0.22413129399110757,False
3618,2023,0.4883245629680523,0.20517749318480452,0.5962422878874051,0.4883245629680523,0.20517749318480452,0.5962422878874051,True
3619,2023,0.6593244239903038,0.2264590678569658,0.7675406574694521,0.6593244239903038,0.44254596466705665,0.743338925026744,True
3620,2023,0.1866090747370504,0.2956115357227393,0.290601170710494,0.1866090747370504,0.8701333904607336,0.2755700756737581,True
3621,2023,0.4225444278558447,0.11624039529679606,0.527293387360979,0.4225444278558447,0.3992604881934246,0.527293387360979,True
3622,2023,0.30161009332842365,0.04053190110311245,0.4053190110311245,0.30161009332842365,0.3732312559911141,0.4053190110311245,True
3623,2023,1.0894283835307437,0.7627268677204129,1.2046807536892563,1.0894283835307437,0.7627268677204129,1.2046807536892563,True
3624,2023,-1.0580496181560537,1.062075228124517,0.23896692632801847,-1.0580496181560537,0.6922454611883297,0.23896692632801847,False
3625,2023,-1.0589375124781972,1.2715004261005751,0.03467728434821024,-1.0589375124781972,0.8958298456617987,0.05008941072517311,False
3626,2023,0.28648418867782505,0.7969160587021966,0.396655051842724,0.28648418867782505,0.7969160587021966,1.085392460042337,True
3627,2023,1.1512591650114508,0.07888675789761859,1.262188126361778,1.1512591650114508,0.6100575944081921,1.095649415244592,True
3628,2023,0.6272519980738293,0.13702182362978224,0.6989218019825585,0.6272519980738293,0.875171647699876,0.6989218019825585,True
3629,2023,0.2641455986704474,0.08574109134301525,0.32776974158979233,0.2641455986704474,0.3245137507792762,0.32776974158979233,True
3630,2023,0.7005211446414233,0.21648135982798214,0.7713703626054552,0.7005211446414233,0.21648135982798214,0.7713703626054552,True
3631,2023,0.26645650573519447,0.02891981308183307,0.33804048180076196,0.26645650573519447,0.06490891380586668,0.33804048180076196,True
3632,2023,0.8439807882823757,0.042494973800728704,0.919617792405918,0.8439807882823757,0.09760564294851572,0.919617792405918,True
3633,2023,0.8993334029096014,0.023813589015247574,0.9744263180836675,0.8993334029096014,0.8276831209085869,0.9744263180836675,True
3634,2023,0.2216186090409569,0.04461566333631369,0.3087873541433317,0.2216186090409569,0.11036506193717174,0.3087873541433317,True
3635,2023,-1.036836144006011,1.2707564602185581,0.042520531651689945,-1.036836144006011,0.8200388247108437,0.1421400629498884,False
3636,2023,0.33287934471825326,0.8167767092056558,0.4281780986584674,0.33287934471825326,0.8167767092056558,0.5924929432417059,True
3637,2023,0.7220334350991965,0.21098256566741275,0.823461804806308,0.7220334350991965,0.5274564141684961,0.823461804806308,True
3638,2023,0.755541977951246,0.12170940666049128,0.8600798070675012,0.755541977951246,0.20609459527842894,0.8600798070675012,True
3639,2023,0.16785501046167448,0.28884154954160374,0.2684342661500951,0.16785501046167448,0.494484174487021,0.2935509226319876,True
3640,2023,0.8160266884300663,0.7243139944723568,0.921276571916552,0.8160266884300663,0.7243139944723568,0.921276571916552,True
3641,2023,0.24486497392095066,0.13366105465269548,0.34623044277509957,0.24486497392095066,0.2463872453236607,0.4895537423424764,True
3642,2023,0.39726241596414386,1.1075561779509036,0.5061235946719136,0.39726241596414386,0.5652808979452765,0.5061235946719136,True
3643,2023,2.266176585370935,0.24475130763961891,2.3858720063237215,2.266176585370935,0.46230802554148864,2.3858720063237215,True
3645,2023,1.4388896624413234,0.8675766008192962,1.5499787492898203,1.4388896624413234,0.8675766008192962,1.5499787492898203,True
3646,2023,1.3917143120119297,0.9304517025836693,1.503568521243782,1.3917143120119297,0.9304517025836693,1.503568521243782,True
3647,2023,0.2951408479014672,0.17717743176662637,0.39864922147490933,0.2951408479014672,0.17717743176662637,0.5519758451191261,True
3648,2023,0.3004587110319451,0.1307483709257191,0.4042877258887258,0.3004587110319451,0.5487990832277052,0.4042877258887258,True
3649,2023,0.27986987905936683,0.055839465002769526,0.38389632189412476,0.27986987905936683,0.19194816094704256,0.35074163954871423,True
3650,2023,0.17023860726313855,0.13055817396023187,0.2754240930119827,0.17023860726313855,0.13055817396023187,0.40061686256289497,True
3651,2023,0.9074194438402122,1.5675574713633855,1.0266397523717836,0.9074194438402122,0.7948178728039601,0.270458859495801,True
3652,2023,-1.0575458495109058,1.1852523918853228,0.09326576198442378,-1.0575458495109058,0.7597273528313949,0.25648084545718747,False
3653,2023,-1.0541376039332406,1.373092831385806,0.11852726964155405,-1.0541376039332406,0.7913974619142505,0.8825722847154333,False
3654,2023,-1.0540786460257714,1.1724071684499244,0.1401791179668343,-1.0540786460257714,0.5916651083015873,0.2621531556782103,False
3655,2023,0.16405562418210837,0.12516658399574365,0.2705807036378373,0.16405562418210837,0.05153918164529636,0.5540462026869882,True
3656,2023,0.31120959827552036,0.07203705739615185,0.41705664808312276,0.31120959827552036,0.07203705739615185,0.41705664808312276,True
3657,2023,0.25388965189671303,0.011885253632974652,0.36448111141015677,0.25388965189671303,0.14658479480626702,0.36448111141015677,True
3658,2023,0.24530795521590706,1.0917447700504193,0.36391492335013975,0.24530795521590706,0.21466891545934608,0.36391492335013975,True
3659,2023,0.49421402601472314,0.31669819336259164,0.605119762317793,0.49421402601472314,0.4354600158735367,0.9067370893297564,True
3660,2023,0.3887942534694743,0.2182747456488485,0.49071986613020396,0.3887942534694743,0.2182747456488485,0.49071986613020396,True
3661,2023,0.3558614344500944,0.38541096390742857,0.45836941798040753,0.3558614344500944,0.2997640830391191,0.45836941798040753,True
3662,2023,0.20166015444956095,0.5899196276138379,0.30352065273008494,0.20166015444956095,0.5899196276138379,0.6786410491810816,True
3663,2023,-1.046027980151706,1.0500396764184896,0.07446012177207864,-1.046027980151706,0.9467072625306994,0.07446012177207864,False
3664,2023,0.16161558073829943,0.7473079024639021,0.26086723494633196,0.16161558073829943,0.7473079024639021,0.38976633927273885,True
3665,2023,0.3339763298086999,0.5206501303335948,0.43652068854185927,0.3339763298086999,0.5206501303335948,0.43652068854185927,True
3666,2023,0.700003463185721,0.16560891444543901,0.8039267691524604,0.700003463185721,0.16560891444543901,0.8039267691524604,True
3667,2023,-1.0552704131491115,1.0539243323827205,0.23299190767700553,-1.0552704131491115,0.9701928655612883,0.28031838892389666,False
3668,2023,0.23580282771529607,0.278510468986058,0.34491031589657145,0.23580282771529607,0.2932659905217277,0.34491031589657145,True
3669,2023,-1.0562809445520347,1.4564785658680823,0.1778905118617544,-1.0562809445520347,0.9709857105787075,0.339103788236443,False
3670,2023,-1.0582610694720396,1.344108635121696,0.02876124040918358,-1.0582610694720396,0.8417456359749046,0.2626859957370734,False
3671,2023,0.5922132769378979,0.059714581953375555,0.7066225531150421,0.5922132769378979,0.19705812044617102,0.68273672033371,True
3672,2023,0.5179785560173297,0.1969454304432255,0.632194831722761,0.5179785560173297,0.6420421032449133,0.632194831722761,True
3673,2023,0.17635513530351682,0.5075420041405425,0.2949816776201823,0.17635513530351682,0.5075420041405425,0.2949816776201823,True
3674,2023,0.4274927065365842,0.008756029895259964,0.5472518684542454,0.4274927065365842,0.26268089685804774,0.5472518684542454,True
3675,2023,0.18696909880767743,0.3234297704669633,0.30792286366371685,0.18696909880767743,0.3234297704669633,0.30792286366371685,True
3676,2023,0.8370537955936777,0.0911711277228292,0.9606323701525311,0.8370537955936777,0.5603688825889807,0.8983691609759833,True
3677,2023,-1.0652207276460888,1.3624890468726214,0.11532038954720684,-1.0652207276460888,0.8905296748368395,0.8264627917550633,False
3678,2023,0.700289710738262,0.6214910423200155,0.8217029217250801,0.700289710738262,0.5902079361629964,0.8217029217250801,True
3679,2023,0.7895419035827429,0.5315350389520009,0.9109051451844029,0.7895419035827429,0.5002682719548522,0.9109051451844029,True
3680,2023,0.236415300863844,0.1900728710261553,0.35013423610087946,0.236415300863844,0.4081564809404465,0.35013423610087946,True
3681,2023,0.40232948952422337,0.7768190924674642,0.517203312217211,0.40232948952422337,0.7768190924674642,0.517203312217211,True
3682,2023,0.3433329716817194,0.020237145479830434,0.4573594878445819,0.3433329716817194,0.2023714547984884,0.4573594878445819,True
3683,2023,0.5068260454046496,0.6940273496375621,0.6237983916384957,0.5068260454046496,0.6940273496375621,0.6237983916384957,True
3684,2023,0.3713228288201779,0.14748596403336078,0.4888106236534271,0.3713228288201779,0.3560732560233401,0.4888106236534271,True
3685,2023,-1.0644964708463465,1.1351216527536512,0.17333328775752352,-1.0644964708463465,0.6743087657884785,0.2134958788233058,False
3686,2023,-1.0670227177563232,1.1751781752036843,0.18451395648061358,-1.0670227177563232,0.6963205262421609,0.18451395648061358,False
3687,2023,1.0801476847954579,1.6399017837059697,1.20845630195791,1.0801476847954579,0.8526671369144675,1.20845630195791,True
3688,2023,0.6154671517138911,0.7673550609226705,0.7242638479983253,0.6154671517138911,0.7690124152659145,1.5396821848751485,True
3689,2023,-1.0486038807981473,1.4015452487894997,0.19457118013670133,-1.0486038807981473,0.9870928163032162,0.19457118013670133,False
3690,2023,-1.0505192262892689,1.129924630712289,0.031249735056098977,-1.0505192262892689,0.9654523409433943,0.0986833738613219,False
3691,2023,-1.0512107141202867,1.19739722353605,0.06328385882390195,-1.0512107141202867,0.9559193411817869,0.41467581176706725,False
3692,2023,-1.0526689457306393,1.9717350557222575,0.005134726707644301,-1.0526689457306393,0.9824443767226863,0.31321832916420084,False
3693,2023,-1.0534508430419323,1.6502556374068482,0.005205853745718618,-1.0534508430419323,0.7912897693560164,0.2707043947796566,False
3694,2023,-1.053591202445776,1.259998273888284,0.0816826467209988,-1.053591202445776,0.6916956041483301,0.3736546605324035,False
3695,2023,0.3720649270316849,1.397055328679141,0.48459343767413166,0.3720649270316849,0.8816683280759513,0.8654611896922171,True
3696,2023,0.2820075727916084,1.4133323981960004,0.3898312438980555,0.2820075727916084,0.9194426150901659,0.3898312438980555,True
3697,2023,0.34275549650468545,0.11148306865678426,0.44274704409423293,0.34275549650468545,0.1735950640512742,0.40770950823069496,True
3698,2023,0.3987307300120644,0.074696107027817,0.5029537873208709,0.3987307300120644,0.074696107027817,0.46643569055173445,True
3699,2023,-1.0580833679351627,1.6888463882986327,0.0750598394799563,-1.0580833679351627,0.9776544092262153,0.11071326323293766,False
3700,2023,0.28686644879036133,0.5819484116742547,0.40140996052784794,0.28686644879036133,0.3994893387070988,0.40140996052784794,True
3701,2023,0.4867359403905558,0.9131191326450938,0.5983178899130394,0.4867359403905558,0.9131191326450938,0.5983178899130394,True
3702,2023,0.17859819860792667,0.08078313976762047,0.29283888165794564,0.17859819860792667,0.08078313976762047,0.353426236483661,True
3703,2023,0.6321736732191653,0.8668366923826007,0.7516772284187823,0.6321736732191653,0.8668366923826007,0.7516772284187823,True
3704,2023,0.7222470760374529,0.008174291652223458,0.8399084672667502,0.7222470760374529,0.6559869050915365,0.7745141340488696,True
3705,2023,0.30052606006270627,0.757741997690524,0.4189631680352438,0.30052606006270627,0.757741997690524,0.4189631680352438,True
3706,2023,0.27724403980160933,0.29841599464102,0.3896514579708654,0.27724403980160933,0.6177401162952196,0.4979935706749812,True
3707,2023,0.517709144668488,0.3185936052024931,0.6314980388835608,0.517709144668488,0.4247914736033241,0.6314980388835608,True
3708,2023,0.1602278901641773,0.18399570288523726,0.26877803656769794,0.1602278901641773,0.3048556253686927,0.26877803656769794,True
3709,2023,0.21575558984549886,0.3267754053160006,0.3267754053160006,0.21575558984549886,0.3267754053160006,0.3267754053160006,True
3710,2023,1.6237773799844544,0.07949783135620099,1.7415571427341958,1.6237773799844544,0.2791668031346288,1.7415571427341958,True
3712,2023,0.25464858661687073,0.36641882761812544,0.35838332701243625,0.25464858661687073,0.36641882761812544,0.683017551481095,True
3713,2023,0.2585130999360909,0.17817572751475108,0.3694801928464971,0.2585130999360909,0.18567786341010364,0.3694801928464971,True
3714,2023,0.17697248604038526,0.6060228264608373,0.290662985731947,0.17697248604038526,0.3134600826521691,0.5357317776237088,True
3715,2023,-1.0575353394618912,1.2755965954428259,0.17613615780093508,-1.0575353394618912,0.7749990943243167,0.8658482704531127,False
3716,2023,0.5698102986549853,0.03473436847331776,0.6800623722142001,0.5698102986549853,0.7513592338173654,0.6800623722142001,True
3717,2023,0.5306859542920608,0.0,0.6401985074894174,0.5306859542920608,0.5256175246148705,0.6401985074894174,True
3718,2023,-1.05657082811583,1.7345461724121647,0.21157450683477366,-1.05657082811583,0.8608893726377785,0.21157450683477366,False
3719,2024,0.2885930582888755,0.3651020392073492,0.391654914786119,0.2885930582888755,0.4298246734305299,0.391654914786119,True
3720,2024,0.7060348415496956,0.962566346531861,0.8161620245942711,0.7060348415496956,0.962566346531861,0.8161620245942711,True
3721,2024,0.4980755823721918,0.005349815837559615,0.606312461586062,0.4980755823721918,0.2086428176634464,0.606312461586062,True
3722,2024,0.6194430415240643,0.2529319551903185,0.7300943671094304,0.6194430415240643,0.2529319551903185,0.7300943671094304,True
3723,2024,0.8900044123650529,0.0919567764255551,0.9993793060593811,0.8900044123650529,0.7477994460270337,0.9993793060593811,True
3724,2024,0.18353994575512328,0.6486444625977865,0.2839759250129064,0.18353994575512328,0.6486444625977865,0.27000989591392316,True
3725,2024,0.37219064248965816,0.4381281348466793,0.4720676382502627,0.37219064248965816,0.4550978865484359,0.45818329594879675,True
3726,2024,0.3715165666930479,0.06803804161312126,0.47162733390959305,0.3715165666930479,0.44070095135810394,0.4577104617614546,True
3727,2024,0.18353168207347262,0.1708739143060539,0.2837447567834957,0.18353168207347262,0.5157570440980866,0.2837447567834957,True
3728,2024,0.5175822823682982,0.7202502847513809,0.6217856888612492,0.5175822823682982,0.7202502847513809,0.6217856888612492,True
3729,2024,0.18695405215001332,0.3102106938813251,0.2903716378773436,0.18695405215001332,0.38415626626007743,0.2903716378773436,True
3730,2024,0.6292588435977003,0.12138741972840532,0.7468412434135394,0.6292588435977003,0.13784673087800056,0.7468412434135394,True
3731,2024,0.6949106648863599,0.904250704977996,0.8136242423409941,0.6949106648863599,0.904250704977996,0.6887611160411594,True
3732,2024,0.2261401814004915,0.25696759597239077,0.33873001287271504,0.2261401814004915,0.7455953731623375,0.33873001287271504,True
3733,2024,0.672948158792104,0.262859784889726,0.7885793546692227,0.672948158792104,0.3746732754771857,0.6669576631530948,True
3734,2024,0.16285899370253007,0.2825958386131944,0.2731759773260536,0.16285899370253007,0.9344502396809695,0.2731759773260536,True
3735,2024,0.44535746319986613,0.05719878024377209,0.556734794372348,0.44535746319986613,0.05719878024377209,0.556734794372348,True
3736,2024,2.6904895204530788,0.5215490126484118,2.816748160222471,2.6904895204530788,0.5215490126484118,2.816748160222471,True
3737,2024,2.9392750549550573,0.33851382278531794,3.0681484053605494,2.9392750549550573,0.33851382278531794,3.0681484053605494,True
3738,2024,1.4075992941517799,0.04465311083773336,1.5084379004864008,1.4075992941517799,0.2721048941673048,1.5084379004864008,True
3739,2024,0.6430606655727417,0.9163178496696878,0.7514776015809292,0.6430606655727417,0.9163178496696878,0.7514776015809292,True
3740,2024,0.36674174301762635,0.060244999359433844,0.47163228069969193,0.36674174301762635,0.5731881367627498,0.43376399538803323,True
3741,2024,-1.0530399719170993,1.2312883370642906,0.04715572354713865,-1.0530399719170993,0.7789426926676084,0.11701605472806569,False
3742,2024,-1.0499340563123236,1.5194189435209389,0.11965219296335654,-1.0499340563123236,0.8457607064259098,0.9719691839351976,False
3743,2024,0.2999401376010961,0.7926941692855685,0.39953059536280366,0.2999401376010961,0.7926941692855685,0.6303351225644314,True
3744,2024,0.384476414261495,0.760852864617429,0.4888813362563908,0.384476414261495,0.760852864617429,0.4888813362563908,True
3745,2024,0.23067930970646952,0.08097393854735198,0.33199314804413577,0.23067930970646952,0.7951640765350098,0.33199314804413577,True
3746,2024,0.3400856329511756,0.26968619750696693,0.44448280700216514,0.3400856329511756,0.26968619750696693,0.3828878112752879,True
3747,2024,0.7198943304956706,0.4207001533582877,0.8264936083692479,0.7198943304956706,0.6923333232431869,0.8264936083692479,True
3748,2024,0.5132069977175133,0.5419469978181134,0.6198415204402936,0.5132069977175133,0.6281281717830708,0.6198415204402936,True
3749,2024,-1.0537652100194896,1.0577880079838005,0.16069901289905567,-1.0537652100194896,0.9500666916448601,0.4556081904170491,False
3750,2024,-1.0544296366720352,1.0708600771711547,0.16268491990414638,-1.0544296366720352,0.9618075484441864,0.16268491990414638,False
3751,2024,0.9422073223125935,1.6813115690853817,1.0577178908360043,0.9422073223125935,0.8829645001761344,0.3862969688270876,True
3752,2024,0.20506744507474764,0.6995577996808333,0.3151853822737489,0.20506744507474764,0.6995577996808333,0.23254531253126662,True
3753,2024,0.3720823828708316,0.5321241415671917,0.48217747123958665,0.3720823828708316,0.5321241415671917,0.39957336262088383,True
3754,2024,0.5820342077689779,0.3321209268498605,0.6933752683356467,0.5820342077689779,0.3321209268498605,0.6098594797126159,True
3755,2024,0.5712822785167124,0.03199613685399441,0.6859171838071215,0.5712822785167124,0.36995533237414835,0.5999275660120883,True
3756,2024,1.0047747367087756,1.8317201779953634,1.1296602183510664,1.0047747367087756,0.8373009717003818,0.12927449681832048,True
3757,2024,1.127243439440511,1.77365069139542,1.254979904347412,1.127243439440511,0.7566491481641043,0.23187635185671407,True
3758,2024,1.3093791202825615,1.6586056763782735,1.4400942635555027,1.3093791202825615,0.6180751391271644,0.30175385580278374,True
3759,2024,0.44264405425841574,0.1546311745544676,0.560015605143166,0.44264405425841574,0.1546311745544676,0.5224026167380598,True
3760,2024,1.3787068415395967,1.586218471119947,1.5092983093487522,1.3787068415395967,0.5010205131584404,0.16423493999799735,True
3761,2024,0.6166925247575605,0.9204951231022351,0.7258384483243004,0.6166925247575605,0.9105973260796022,0.0,True
3762,2024,-1.0463482199589262,1.1215320171480363,0.13337137501221383,-1.0463482199589262,0.8229620071775452,0.2591648309896161,False
3763,2024,-1.0480335186415057,1.2600789600379632,0.012569366184905579,-1.0480335186415057,0.9505583177343775,0.04085044010097885,False
3764,2024,0.22250111361101968,0.6769964957133543,0.3223058487565034,0.22250111361101968,0.6769964957133543,0.3223058487565034,True
3765,2024,0.3452060633794801,0.02154946377589013,0.4448425022313298,0.3452060633794801,0.3109279773381233,0.4448425022313298,True
3766,2024,0.16112871363169687,0.1258400696787123,0.2595451437122994,0.16112871363169687,0.2343771297765856,0.2595451437122994,True
3767,2024,0.21708535203892151,0.06019785174135832,0.31888591733270083,0.21708535203892151,0.07972147933321219,0.31888591733270083,True
3768,2024,0.48610770530881514,0.28369922435672507,0.5892214659716011,0.48610770530881514,0.28369922435672507,0.5892214659716011,True
3769,2024,0.3402576789337957,0.039917600905336394,0.4460358014204122,0.3402576789337957,0.039917600905336394,0.4460358014204122,True
3770,2024,0.1509982432521711,0.442386228291732,0.27505879479270356,0.1509982432521711,0.3782058428400456,0.27505879479270356,True
3771,2024,0.421517368187174,0.10258890916927625,0.5448610953659029,0.421517368187174,0.10258890916927625,0.7021640894255358,True
3772,2024,1.514641661791547,0.17818765145349583,1.644809090340509,1.514641661791547,0.3312462751379755,1.644809090340509,True
3774,2024,0.26967405219946683,0.2361253215904566,0.38248399199776,0.26967405219946683,0.2361253215904566,0.49176513256853593,True
3775,2024,0.42662059509166544,0.025500136460535956,0.5394259635878077,0.42662059509166544,0.2844245989826712,0.5394259635878077,True
3776,2024,0.7257268877566403,0.02181483717508695,0.8408628147495726,0.7257268877566403,0.24392954295801586,0.8408628147495726,True
3777,2024,-1.0465270364063877,1.0691420976488195,0.20891282367848849,-1.0465270364063877,0.8433319132316088,0.24117142145238069,False
3778,2024,0.5452935640349689,0.12110152837383245,0.6429914482706545,0.5452935640349689,0.12110152837383245,1.1374893557971615,True
3779,2024,0.24254923678951565,0.4023551335448351,0.33957631838183444,0.24254923678951565,0.6363488991524893,0.33957631838183444,True
3780,2024,0.6074532988945497,0.7218425404114982,0.7076887651093245,0.6074532988945497,0.7218425404114982,0.7076887651093245,True
3781,2024,-1.0475904700242027,1.0406793074757366,0.001579179525758372,-1.0475904700242027,0.8890780730027893,0.2668813398533803,False
3782,2024,-1.0597077353625133,1.697725216222746,0.13195776042563362,-1.0597077353625133,0.9867289249739938,0.13195776042563362,False
3783,2024,-1.0621305974240367,1.6472764794564576,0.16390810740864076,-1.0621305974240367,0.9076411447751083,0.25610641782594296,False
3784,2024,-1.0619866613201094,1.1863163222599842,0.053088165884264356,-1.0619866613201094,0.951503280848788,0.5982627924649666,False
3785,2024,0.24354629552780555,0.3982264041977759,0.35590282500766757,0.24354629552780555,0.37514081554864975,0.7425864348808804,True
3786,2024,0.28537665372259585,0.21727699189984362,0.39643521329097314,0.28537665372259585,0.21727699189984362,0.6708903609539746,True
3787,2024,-1.0583612339678328,1.0274122707248388,0.19743183560569602,-1.0583612339678328,0.8625662720637434,0.4140318105905689,False
3788,2024,0.20661776143696384,0.3139815927418453,0.31990577373701423,0.20661776143696384,0.3139815927418453,0.31990577373701423,True
3789,2024,-1.0603923020851103,1.5358072831666567,0.001981686816987432,-1.0603923020851103,0.8481619576713869,0.5766708637438834,False
3790,2024,-1.0602657316676223,1.3024509936497348,0.03755169784419106,-1.0602657316676223,0.9723913336504778,0.11858430898174585,False
3791,2024,1.5212911243774154,0.08848393759925612,1.6369528455861542,1.5212911243774154,0.7631739617935734,1.6369528455861542,True
3792,2024,0.48976067868675616,0.2253773649549367,0.6010063065464837,0.48976067868675616,0.3606037839278987,0.6010063065464837,True
3793,2024,-1.054313499267934,1.4936346618345928,0.24714818145461936,-1.054313499267934,0.8560639908356341,0.2704302565192065,False
3794,2024,0.17706705018894708,0.2992885204982685,0.28208803081447564,0.17706705018894708,0.6983398811626134,0.31132886327692344,True
3795,2024,-1.052643184362693,1.459902098665513,0.1128342882440793,-1.052643184362693,0.9825262637867828,0.19789398245883646,False
3796,2024,-1.0530278382454337,1.274020781930514,0.10485767752512655,-1.0530278382454337,0.9716811450663502,0.2761252174828624,False
3797,2024,0.7383846847120704,0.6906396544588174,0.8498848880683814,0.7383846847120704,0.6906396544588174,0.8498848880683814,True
3798,2024,1.3318190974908095,0.0,1.4412637948695106,1.3318190974908095,0.06960166736120338,1.4412637948695106,True
3799,2024,1.1838230369081566,0.4925060930950073,1.297462288260936,1.1838230369081566,0.4925060930950073,1.297462288260936,True
3800,2024,0.19328553543966204,0.26248894538169537,0.29411411952411426,0.19328553543966204,0.36685202005154816,0.29411411952411426,True
3801,2024,0.5397671421147611,0.0,0.6416514345505228,0.5397671421147611,0.29602372915671105,0.6304505366905487,True
3802,2024,0.3250881063252511,0.17327827372240803,0.42677797046436494,0.3250881063252511,0.4588665396722575,0.42677797046436494,True
3803,2024,-1.0490593731906146,1.040679079185294,0.11473325251888047,-1.0490593731906146,0.6576962503546653,0.24239419546241112,False
3804,2024,0.28485009283386964,0.7595924605375177,0.39036871633620623,0.28485009283386964,0.7595924605375177,0.29602960988826815,True
3805,2024,0.21531214733562484,0.23716915812490866,0.3280840020727941,0.21531214733562484,0.2450747967290648,0.3280840020727941,True
3806,2024,-1.0606788294115097,1.4146694532672903,0.16584401782651978,-1.0606788294115097,0.7732727096249488,0.34167863913660207,False
3807,2024,-1.0595837040020148,1.0959842626471537,0.049015396361680216,-1.0595837040020148,0.7567977198243675,0.3960444026023726,False
3808,2024,0.14113006631801608,0.5091540041582637,0.2517794526057162,0.14113006631801608,0.5091540041582637,0.4681232785484355,True
3809,2024,0.18885928055814485,0.5853038784649491,0.29911428489377445,0.18885928055814485,0.5853038784649491,0.5132948839534717,True
3810,2024,0.17394298426512517,0.3943000123218642,0.28294676810138997,0.17394298426512517,0.5914500184828377,0.28294676810138997,True
3811,2024,0.2377697033870301,0.275332803266376,0.3464452491430993,0.2377697033870301,0.275332803266376,0.6272482405538768,True
3812,2024,0.22698376249937696,0.17222755598685957,0.33529407176161935,0.22698376249937696,0.17222755598685957,0.474541882985028,True
3813,2024,0.16186436253885667,0.7381406079142719,0.2740067408166641,0.16186436253885667,0.7381406079142719,0.2740067408166641,True
3814,2024,1.8840036763312562,0.13480928570516104,2.0005697998646097,1.8840036763312562,0.485313428538588,2.0005697998646097,True
3815,2024,0.3185916366897227,0.4881125663561858,0.4319408821326631,0.3185916366897227,0.4881125663561858,0.4319408821326631,True
3816,2024,0.4763289888865715,0.043372455706241035,0.5864710315060635,0.4763289888865715,0.48086853065610397,0.5864710315060635,True
3817,2024,-1.0571896014651154,1.0791401735371913,0.1968957509611633,-1.0571896014651154,0.7800100903461966,0.21961449145666226,False
3818,2024,0.7113186180068628,0.30599779879066025,0.8190480003557667,0.7113186180068628,0.30599779879066025,0.9308196514110563,True
3819,2024,0.39203188123328764,0.06764808033356277,0.5017232624740771,0.39203188123328764,0.06764808033356277,0.5017232624740771,True
3820,2024,0.676411892431186,0.024685810662001213,0.7880470326708897,0.676411892431186,0.2829373683565473,0.7880470326708897,True
3821,2024,0.638763688500341,1.7462518016205995,0.7590773356080943,0.638763688500341,0.7441201467291305,0.05608945829615686,True
3822,2024,0.23617506192229915,0.2430420595944559,0.34803622933925377,0.23617506192229915,0.33831454695548435,0.34803622933925377,True
3823,2024,0.49930722054140053,0.2136630808589172,0.6115860663116599,0.49930722054140053,0.2920715508988496,0.6115860663116599,True
3824,2024,0.3463897349319933,0.3872676219093673,0.46189731988146016,0.3463897349319933,0.3872676219093673,0.46189731988146016,True
3825,2024,0.28747923316986557,1.1711747351572246,0.40555881876220057,0.28747923316986557,0.7636375806937467,0.5123889466312632,True
3826,2024,0.5459524262918367,0.24316005558014256,0.6597211344018366,0.5459524262918367,0.24316005558014256,0.6597211344018366,True
3827,2024,0.5548201515147348,0.20607880412706897,0.6712864015624312,0.5548201515147348,0.25300764071046505,0.6712864015624312,True
3828,2024,0.39568729134943376,1.0754881077285205,0.5147976471130711,0.39568729134943376,0.572662498920394,0.2394407660990733,True
3829,2024,0.4942706530293452,0.9654415069019051,0.605767220016874,0.4942706530293452,0.9654415069019051,0.730706709145325,True
3830,2024,0.5232737589650868,0.40657615304889394,0.6318413189272941,0.5232737589650868,0.46884457288523695,0.4780016934493511,True
3831,2024,0.5775174850003307,0.07669899075775266,0.6884202097279534,0.5775174850003307,0.3573050545055722,0.5312808140291897,True
3832,2024,0.40560759620508985,0.0407259588194253,0.5146280250817599,0.40560759620508985,0.5849728630425969,0.5146280250817599,True
3833,2024,0.27259160615284406,0.16112308714414553,0.38219895090010375,0.27259160615284406,0.2023406210647508,0.38219895090010375,True
3834,2024,-1.0577607223441583,1.7865971039854356,0.07594461653499976,-1.0577607223441583,0.8923492442860098,0.5126261616111405,False
3835,2024,-1.0593894682814458,1.7801088863038237,0.1346792907401042,-1.0593894682814458,0.9739850156421276,0.1346792907401042,False
3836,2024,-1.054153311958023,1.4727836155739562,0.00532973564139656,-1.054153311958023,0.9575758369051374,0.09948839863948325,False
3837,2024,-1.0540752379779919,1.0472176831324196,0.0815093289747791,-1.0540752379779919,0.533354522204489,0.3827394577945991,False
3838,2024,0.647239849388182,0.08961162703494999,0.756322132174942,0.647239849388182,0.31364069462232497,0.756322132174942,True
3839,2024,-1.0536602982446852,2.5022850449094673,0.19694724176376155,-1.0536602982446852,0.7068999213307497,0.5222618821771334,False
3840,2024,0.377133731877208,0.35527790407375953,0.48626420204034965,0.377133731877208,0.24582360029343803,0.48626420204034965,True
3841,2024,0.15096385133557552,0.15291872160114472,0.2627065217250366,0.15096385133557552,0.15291872160114472,0.3352448896640669,True
3842,2024,-1.0614780436588704,1.2329878541249288,0.08461681351834469,-1.0614780436588704,0.9670492973529033,0.1369986504582898,False
3843,2024,-1.0597388647110126,1.298483919554316,0.09777740358089583,-1.0597388647110126,0.8839077283712947,0.48888701790447914,False
3844,2024,0.380586399015689,0.14011030877379882,0.48942642105913936,0.380586399015689,0.2571887859683646,0.5700378315864988,True
3845,2024,0.21270577836646715,0.06937822577165104,0.32508654361584055,0.21270577836646715,0.32508654361579553,0.3191398385497029,True
3846,2024,-1.062384522470905,1.2801976696714257,0.1776350833515622,-1.062384522470905,0.8473397654124813,0.1776350833515622,False
3847,2024,0.13848834982473598,1.236714767524828,0.2599197138526736,0.13848834982473598,0.7923359019057193,0.2599197138526736,True
3848,2024,0.39983892837041274,0.9950769951978132,0.5230532923475691,0.39983892837041274,0.8164734319571515,0.5230532923475691,True
3849,2024,-1.0596800900995131,2.607061929771011,0.23186873665378327,-1.0596800900995131,0.8066693863416716,1.1457043458186624,False
3850,2024,1.4939227831182595,0.017385924145067334,1.601085559902965,1.4939227831182595,0.27027209352755777,1.1885649960977698,True
3852,2024,0.36665137334910003,0.15117504586585298,0.46360347398863977,0.36665137334910003,0.14685575884111804,0.4866396714539254,True
3853,2024,0.3863345907639747,1.1423231695414853,0.4893602424651833,0.3863345907639747,0.9512120689337631,0.580572358664295,True
3854,2024,0.26200424954532253,0.288722664481661,0.3612977604715954,0.26200424954532253,0.29976670082798035,0.28556722552558006,True
3855,2024,3.790999914914027,0.5832167781715514,3.9106050635523655,3.790999914914027,0.5832167781715514,3.489660722282571,True
3856,2024,3.754731775132184,0.7673661977530386,3.878355133665363,3.754731775132184,0.7673661977530386,3.4431820951127823,True
3857,2024,4.121041883997246,0.5084248618414589,4.247643160133288,4.121041883997246,0.5084248618414589,3.802133749422766,True
3858,2024,0.30625896069838826,0.02095499700715502,0.41211494114103303,0.30625896069838826,0.02095499700715502,0.4243386893952465,True
3859,2024,4.441045030980931,0.43523176618769355,4.574411238037962,4.441045030980931,0.43523176618769355,4.1051490045352566,True
3861,2024,0.16561085373183598,0.5884824016412002,0.2650416923422129,0.16561085373183598,0.5884824016412002,0.3144562451518017,True
3862,2024,0.6440111409028437,0.06612171363651088,0.7438692784110463,0.6440111409028437,0.11270746642591507,0.728841616220938,True
3863,2024,1.0356950845321404,0.008880230910021571,1.1366695564838045,1.0356950845321404,0.6378965870371217,1.1248292486037756,True
3864,2024,0.47497534703040806,0.4134627306336577,0.5821120023395052,0.47497534703040806,0.4134627306336577,0.4170895966918856,True
3865,2024,0.4077361331534702,0.079359602119203,0.5167601998458882,0.4077361331534702,0.4964589062805321,0.34881313489599863,True
3866,2024,-1.0564549683189772,1.3054590772813237,0.18038394657591494,-1.0564549683189772,0.8145172020643958,0.18038394657591494,False
3867,2024,-1.057717850438781,1.3880882526293468,0.11789242693561947,-1.057717850438781,0.8860946927743437,0.11789242693561947,False
3868,2024,-1.0583772303484156,1.336402417455935,0.18651947409097627,-1.0583772303484156,0.8287617869402834,0.18651947409097627,False
3869,2024,0.31245891506076195,0.2198454645984751,0.42277973961242576,0.31245891506076195,0.16535385371510258,0.6576573727304401,True
3870,2024,0.36793260609032336,0.6340827939718268,0.4916439054708411,0.36793260609032336,0.6340827939718268,0.4916439054708411,True
3871,2024,0.42026404634550063,0.6086374918862183,0.5473019306883345,0.42026404634550063,0.6086374918862183,0.5473019306883345,True
3872,2024,0.7967706090633371,0.037703015190567055,0.9237238721697502,0.7967706090633371,0.23093096804243754,0.9237238721697502,True
3873,2024,0.40754064005322654,0.660161842205006,0.5299569113895465,0.40754064005322654,0.660161842205006,0.5299569113895465,True
3874,2024,0.26961545569022444,0.011522579282046167,0.3917676955899365,0.26961545569022444,0.13135740381543112,0.45859865542585665,True
3875,2024,0.5037036212833241,0.6047159621166207,0.6308017487177604,0.5037036212833241,0.6047159621166207,0.6308017487177604,True
3876,2024,0.7037049948479444,0.03537490016288916,0.8301309904886247,0.7037049948479444,0.39855720850165577,0.8301309904886247,True
3877,2024,0.1375830653616801,0.7343041197380683,0.2632410995287593,0.1375830653616801,0.7343041197380683,0.6696484110818938,True
3878,2024,0.641035400238331,1.8799519657501313,0.7738355066611072,0.641035400238331,0.43040418670195923,0.8496580058728902,True
3879,2024,0.1911564043620419,0.3106077651649685,0.3106077651649685,0.1911564043620419,0.3106077651649685,0.24761737922238375,True
3880,2024,0.8273420058391386,0.09167388574720443,0.9494795309535682,0.8273420058391386,0.5675050070066927,0.7704971825899265,True
3881,2024,0.22006663947669095,0.2581169465001066,0.3357618816261309,0.22006663947669095,0.791138933581612,0.3357618816261309,True
3882,2024,0.5824233644728137,0.6135412989896013,0.7011900559881366,0.5824233644728137,0.6135412989896013,0.7011900559881366,True
3883,2024,0.14826055250318293,0.15800645374411057,0.2662300521989781,0.14826055250318293,0.15800645374411057,0.44155228169585176,True
3884,2024,0.24274743041365615,0.40443906562744936,0.36443959759834543,0.24274743041365615,0.40443906562744936,0.36443959759834543,True
3885,2024,0.739522824291065,0.1165003824875361,0.8616632063225492,0.739522824291065,0.4901808546171878,0.8616632063225492,True
3886,2024,-1.064798175225477,1.0997252904472519,0.21909420680089428,-1.064798175225477,0.6849352872804896,0.40628149028124977,False
3887,2024,1.3669999007140623,0.6203200604301176,1.487177580774671,1.3669999007140623,0.6203200604301176,1.4494016796587703,True
3888,2024,1.5102531013828955,0.03156458856939226,1.6295218848963557,1.5102531013828955,0.46163210782776554,1.5920389359702025,True
3890,2024,0.5959407798717198,0.25406596721693636,0.703434344607412,0.5959407798717198,0.596277269998929,0.6412141077379766,True
3891,2024,0.14051629536409843,0.03412236401583745,0.252906933293744,0.14051629536409843,0.2448781417606165,0.252906933293744,True
3892,2024,0.3443064410696217,0.472860528081432,0.45821440553025045,0.3443064410696217,0.472860528081432,0.45821440553025045,True
3893,2024,0.3790119159146322,0.4641660300968574,0.496549706615212,0.3790119159146322,0.4641660300968574,0.496549706615212,True
3894,2024,0.6186446821840633,0.24565083248187097,0.7391655680086114,0.6186446821840633,0.24565083248187097,0.7391655680086114,True
3895,2024,0.5575545078839651,0.13116467153266945,0.6806994160572907,0.5575545078839651,0.3256502189775876,0.6806994160572907,True
3896,2024,0.16000133483656886,0.2738985587232191,0.28057901137499874,0.16000133483656886,0.2738985587232191,0.4052807942083203,True
3897,2024,0.5575129434536586,0.4507820274485575,0.678426951310077,0.5575129434536586,0.4597976679975205,0.5770009951341413,True
3898,2024,0.17654062403447676,0.17010783792530595,0.29883809365255043,0.17654062403447676,0.17010783792530595,0.4229708402466827,True
3899,2024,0.5832597750173338,0.14795588917552893,0.7092488655714559,0.5832597750173338,0.46735272930040145,0.6035660875889429,True
3900,2024,0.5900821202735994,1.9585944524269003,0.7249791451404137,0.5900821202735994,0.7894217358195534,0.7249791451404137,True
3901,2024,0.6379678822497759,0.6813169326349692,0.7532337199686352,0.6379678822497759,0.08327206954428118,0.274419320089083,True
3902,2024,0.6954762877545142,0.8072972665110085,0.8215019104964725,0.6954762877545142,0.8072972665110085,0.800194944518196,True
3903,2024,0.17218845366033572,0.5388739738423963,0.3015716734347335,0.17218845366033572,0.3337063599482407,0.3015716734347335,True
3904,2024,0.35215760058756523,0.4076882070321645,0.4804896725736087,0.35215760058756523,0.4076882070321645,0.6163857415843118,True
3905,2024,0.6584406691587411,0.03792730646810544,0.7846211525596318,0.6584406691587411,0.8462530255703571,0.7632870426713225,True
3906,2024,0.38203479155047404,1.5877627701443768,0.5106021243195741,0.38203479155047404,0.8276883750385479,0.17486374120532924,True
3907,2024,0.4348087194309882,1.6190957481024555,0.5688714790630727,0.4348087194309882,0.8265653969291664,0.21879672271657494,True
3908,2024,0.16571965072479053,0.15473876212832752,0.2922843284645814,0.16571965072479053,0.20877452033181196,0.3684256241150017,True
3909,2024,0.5655739747770457,1.5595266278869877,0.7043023480780608,0.5655739747770457,0.7395174654818724,0.2112907044234411,True
3910,2024,0.47262537794271803,0.37848020832240137,0.5887469907236907,0.47262537794271803,0.37848020832240137,0.5887469907236907,True
3911,2024,0.185112013620508,0.0068398442009973285,0.30551304097813986,0.185112013620508,0.20519532603012722,0.2644739757721041,True
3912,2024,-1.0759530291400765,1.2654077250057174,0.017540305099073356,-1.0759530291400765,0.9972916327767968,0.37836943856606714,False
3913,2024,-1.0746021389052263,1.0543221405894432,0.05652542944885622,-1.0746021389052263,0.8945763617122312,0.7151695638963618,False
3914,2024,-1.075378331037056,1.0123792003870615,0.1761738314399175,-1.075378331037056,0.9602714474259528,0.352347662879835,False
3915,2024,0.12245291962187534,0.1882047371017219,0.2517874185550055,0.12245291962187534,0.08647244677644493,0.4145590830754371,True
3916,2024,5.9985050209878175,1.511835484997155,6.16985274653156,5.9985050209878175,0.8341161296536211,0.3988117744906248,True
3917,2024,6.085220942567798,1.5569362165103016,6.259573204368354,6.085220942567798,0.8673222194188942,0.1511846070546431,True
3918,2024,6.267990790886027,1.2404387589509385,6.439336498671805,6.267990790886027,0.5628881763307004,0.3231395086342811,True
3919,2024,6.6036096978099605,1.111205158692305,6.77969026941891,6.6036096978099605,0.41502843276463547,0.24901705965870824,True
3921,2024,0.4786275217318215,0.14457919595807106,0.5923730945503711,0.4786275217318215,0.14457919595807106,0.5401639404544047,True
3922,2024,0.5376437765487324,0.23717123986371458,0.6517226507179048,0.5376437765487324,0.6078758668775508,0.6517226507179048,True
3923,2024,0.32909423968835816,0.946088882956317,0.4438441673128231,0.32909423968835816,0.946088882956317,0.4574709619232923,True
3924,2024,0.20781787419372588,0.4247751287720505,0.3190707188472191,0.20781787419372588,0.4247751287720505,0.5520119184963664,True
3925,2024,0.3145685247523446,0.09613011874217307,0.42571909728672824,0.3145685247523446,0.10593931453222624,0.5414676076089631,True
3926,2024,0.42276311909795566,0.20126867093891826,0.5360522027977287,0.42276311909795566,0.21123246652994485,0.5360522027977287,True
3927,2024,0.20079044760843542,0.5794916158537889,0.3144681464871867,0.20079044760843542,0.5794916158537889,0.21755657933075132,True
3928,2024,0.4460929500804597,0.6120532754926579,0.5599225548671452,0.4460929500804597,0.7858223442445426,0.3629842769483658,True
3929,2024,0.16389602885753757,0.12620688594995821,0.2737718602915212,0.16389602885753757,0.12620688594995821,0.2737718602915212,True
3930,2024,0.35694668012427744,0.19387935846711318,0.4677089678484703,0.35694668012427744,0.23785199646996782,0.45171891766563066,True
3931,2024,0.4995578102786212,0.03336290006943616,0.6151284700307981,0.4995578102786212,0.07506652515627876,0.5984470199960801,True
3932,2024,-1.0623869826673904,1.1073023736256429,0.07103449189294928,-1.0623869826673904,0.9923936367399715,0.11073023736255953,False
3933,2024,-1.0644799178357338,1.0185224822577026,0.11221010397753894,-1.0644799178357338,0.9214175845848193,0.23736752764478258,False
3934,2024,-1.0674515316896986,1.1084570710297486,0.07449915141344181,-1.0674515316896986,0.9459134679459456,0.07449915141344181,False
3935,2024,-1.069263510720703,1.0818315283298385,0.24787146366441976,-1.069263510720703,0.9891692989225521,0.4030806979216059,False
3936,2024,-1.0700427474040362,1.018772939606638,0.07260220948919363,-1.0700427474040362,0.9719328044523007,0.32085492580711245,False
3937,2024,0.19930690401173198,0.3659176999397744,0.323424031559709,0.19930690401173198,0.2596835289895035,0.323424031559709,True
3938,2024,-1.0705236104317364,1.8557698318868057,0.1695627257561638,-1.0705236104317364,0.9255298780856538,0.5934695401466001,False
3939,2024,-1.071612846613946,1.9828872648343538,0.07414898095277976,-1.071612846613946,0.7486655173620411,0.05979756528451033,False
3940,2024,0.1495761172424343,0.3838259343895765,0.2751959529585477,0.1495761172424343,0.3838259343895765,0.388653933564284,True
3941,2024,0.426703875761707,1.5172344825874446,0.5605070063061768,0.426703875761707,0.5629229847816324,0.3889725345486696,True
3942,2024,0.3724075643006476,0.9381123700511615,0.4931910670291121,0.3724075643006476,0.9381123700511615,1.7104285941648305,True
3943,2024,0.3299236169358838,0.056486699986932155,0.45959633171179076,0.3299236169358838,0.06932458634758529,0.45959633171179076,True
3944,2024,-1.078439205136368,1.0543114374386124,0.10699695280932713,-1.078439205136368,0.9838500294909865,0.28967467711801115,False
3945,2024,0.20210684471421134,0.14398662253991762,0.3316834697795345,0.20210684471421134,0.3393970388441082,0.45510057481370786,True
3946,2024,2.446750294084206,0.8504693955310617,2.590781769719647,2.446750294084206,0.8504693955310617,2.590781769719647,True
3947,2024,2.5019625899053466,0.8232866199595694,2.64722385839079,2.5019625899053466,0.8232866199595694,2.64722385839079,True
3948,2024,3.0283814083836282,0.2676510557816959,3.172452220000784,3.0283814083836282,0.2676510557816959,3.172452220000784,True
3949,2024,3.1591512516789026,0.22640586506959587,3.307142814766019,3.1591512516789026,0.22640586506959587,3.307142814766019,True
3950,2024,3.105448619769571,0.03306307805504652,3.2567131884250893,3.105448619769571,0.35542808909206336,3.2567131884250893,True
3952,2024,0.2266375641061419,0.2689446300330283,0.33665097046090176,0.2266375641061419,0.2689446300330283,0.33665097046090176,True
3953,2024,0.3115982188258412,0.5581108693102681,0.4283176438892915,0.3115982188258412,0.5581108693102681,0.3266462839761719,True
3954,2024,0.3392974056387843,0.18482397465914818,0.4566239373932682,0.3392974056387843,0.5349023266606093,0.3544271514052517,True
3955,2024,-1.0824661778025286,1.190235740367725,0.20972117164373041,-1.0824661778025286,0.6863601981067653,0.20972117164373041,False
3956,2024,-1.0808237227540831,1.526204274958593,0.1360776538861652,-1.0808237227540831,0.9845618487058155,0.45092399032868763,False
3957,2024,-1.0776619404775813,1.5597621497740561,0.18440537731319837,-1.0776619404775813,0.9348328155460629,0.6607859353722505,False
3958,2024,-1.0785812000952113,1.2379356095454475,0.08287435042980475,-1.0785812000952113,0.7484589773193489,0.5257341605391713,False
3959,2024,-1.0784421803709132,1.0283009407746375,0.13176720597865663,-1.0784421803709132,0.9688765145489631,0.32037516747752615,False
3960,2024,-1.0803274022865945,1.451542358468547,0.00793192545610505,-1.0803274022865945,0.978270806253798,0.5261510552554494,False
3961,2024,0.24701926152122566,0.3439046260608141,0.3806577922047457,0.24701926152122566,0.3439046260608141,0.3806577922047457,True
3962,2024,0.3167377129195598,0.07827125887679269,0.4487552175603532,0.3167377129195598,0.33656641317025005,0.4487552175603532,True
3963,2024,0.2876174173849512,0.16421753392986624,0.4211385144329421,0.2876174173849512,0.20659625236333348,0.4211385144329421,True
3964,2024,0.5618524214050751,0.12290958561078345,0.6973783009654504,0.5618524214050751,0.4756066573634823,0.6947063534521751,True
3965,2024,-1.0799092724648989,1.3090831174551711,0.15772085752469492,-1.0799092724648989,0.9988987643232671,0.15772085752469492,False
3966,2024,0.147529893351302,0.9092361980721031,0.2829899406103163,0.147529893351302,0.9092361980721031,0.5528784950812771,True
3967,2024,0.5601454663676413,0.015834694552466604,0.6940874445503863,0.5601454663676413,0.044864967898715385,0.6940874445503863,True
3968,2024,0.19518294199889955,0.8642636418984415,0.3309945862589789,0.19518294199889955,0.8642636418984415,0.3309945862589789,True
3969,2024,0.3506204191819937,0.5563561151968088,0.48714434966993286,0.3506204191819937,0.5563561151968088,0.48714434966993286,True
3970,2024,0.3001183105347592,0.42730022605167983,0.4324175940283418,0.3001183105347592,0.7317836206632984,0.4324175940283418,True
3971,2024,-1.068924884280214,1.2630021480611828,0.21541329275730609,-1.068924884280214,0.9410159630976295,0.31745116827393016,False
3972,2024,0.22829385752439185,0.43795630801268964,0.3503650464101308,0.22829385752439185,0.42412610881224977,0.3503650464101308,True
3973,2024,-1.0738988030409076,1.5398088584971188,0.02671592656701598,-1.0738988030409076,0.8889117385015227,0.05343185313397674,False
3974,2024,-1.0749111328968548,1.3708088093259096,0.09598122722392244,-1.0749111328968548,0.7112455043001905,0.18211822601457758,False
3975,2024,0.5789226328673618,0.8145496350674574,0.7099955028051043,0.5789226328673618,0.8145496350674574,0.7099955028051043,True
3976,2024,0.9930823312653139,0.0,1.121811560795015,0.9930823312653139,0.37473279796767767,1.121811560795015,True
3977,2024,0.13792053549115654,0.21165405793072223,0.25944690972148376,0.13792053549115654,0.523445519613568,0.40510131517919784,True
3978,2024,0.376184616322288,0.07903495937182238,0.4997798901454889,0.376184616322288,0.41609581551645075,0.4997798901454889,True
3979,2024,0.17883668290067414,0.21119813009115546,0.3027173197972837,0.17883668290067414,0.21119813009115546,0.39658315539336464,True
3980,2024,1.1441089645647025,0.08111347983614076,1.2739587715443803,1.1441089645647025,0.3864818745134978,1.2739587715443803,True
3981,2024,-1.0591185064720352,1.1338988749560972,0.1558623883101093,-1.0591185064720352,0.6448806316331033,1.0657090800704383,False
3982,2024,-1.0611407578021037,1.0694013726799725,0.16917083861607188,-1.0611407578021037,0.9727323220422303,0.3604950013365596,False
3983,2024,0.5615806350910307,0.22804694884974303,0.6745590419756761,0.5615806350910307,0.22804694884974303,0.95051501369301,True
3984,2024,0.16944793960990154,0.4288497684707134,0.2895280162771623,0.16944793960990154,0.4288497684707134,0.5572870087741054,True
3985,2024,0.2670070288219116,0.09958575680027434,0.3853535806618948,0.2670070288219116,0.6494723269582596,0.348550148800911,True
3986,2024,0.18968618141944685,0.5232716481979423,0.3113135122190614,0.18968618141944685,0.5232716481979423,0.29806612872039073,True
3987,2024,0.16798939787274733,0.18001674242064158,0.2862916867412726,0.16798939787274733,0.7178980932679109,0.27327842825304416,True
3988,2024,1.0306731800536455,0.7868422332620184,1.1569905514444536,1.0306731800536455,0.7868422332620184,1.1569905514444536,True
3989,2024,0.14366811985106745,0.3494112509869274,0.26370660451845934,0.14366811985106745,0.3494112509869274,0.43511589745544543,True
3990,2024,1.4078839177070457,0.059676371597374774,1.533903773651156,1.4078839177070457,0.40447318527110687,1.533903773651156,True
3991,2024,0.14042336534018118,0.055567399243915065,0.27254486295819563,0.14042336534018118,0.2090392638223013,0.27254486295819563,True
3992,2024,-1.0837536708765765,1.6144492025776251,0.09884382872921305,-1.0837536708765765,0.7193634201961718,0.23338126227734848,False
3993,2024,-1.085428498533532,1.6748214776838748,0.05881480105579826,-1.085428498533532,0.7617917089130721,0.05881480105579826,False
3994,2024,-1.084120866512531,1.124146393407095,0.21215507914790638,-1.084120866512531,0.8982150104184276,0.432575940600332,False
3995,2024,0.5645200654904429,0.012854068318276861,0.6966905028512488,0.5645200654904429,0.36505554023941356,0.8817890866345525,True
3996,2024,0.386097441653601,0.030708686379366315,0.5169295540531318,0.386097441653601,0.3659451793544062,0.5169295540531318,True
3997,2024,0.1851599128711159,0.6817261275865624,0.3188300900880035,0.1851599128711159,0.6817261275865624,0.48731753606943096,True
3998,2024,0.13968093431296358,0.22916547323155936,0.26990600180601765,0.13968093431296358,0.22916547323155936,0.6849501366587166,True
3999,2024,0.6466684554659546,0.09074946053116727,0.780445360567732,0.6466684554659546,0.09074946053116727,0.780445360567732,True
4000,2024,0.5132712128477714,0.2997348618404953,0.6512421089080663,0.5132712128477714,0.2997348618404953,0.6512421089080663,True
4001,2024,0.2564148533891601,0.010577247335146407,0.38871383956472144,0.2564148533891601,0.7271857542878433,0.38871383956472144,True
4002,2024,0.25014887766825017,0.3266758277867887,0.38656639621444505,0.25014887766825017,0.3402873206112898,0.3402873206112898,True
4003,2024,0.37625939197303604,0.15710930390029462,0.5119596282266512,0.37625939197303604,0.682612837635576,0.49570694161629497,True
4004,2024,-1.0822552104393854,1.5029866643574048,0.1110314472768764,-1.0822552104393854,0.9992830254916414,0.1110314472768764,False
4005,2024,-1.0808800166546895,2.321834183845542,0.14361860931002354,-1.0808800166546895,0.8271368054707806,0.6516029496473245,False
4006,2024,-1.0843299312408272,2.437581805798054,0.09983270194392026,-1.0843299312408272,0.8790824032286735,0.1331102692586024,False
4007,2024,-1.08169216150566,1.744182925327783,0.12343448394622261,-1.08169216150566,0.9633256464503068,0.42933733546527597,False
4008,2024,0.2787899739178057,0.0,0.4118375275561143,0.2787899739178057,0.03188419568173095,0.4118375275561143,True
4009,2024,0.17121349783282397,0.7293365178805522,0.30593891386754757,0.17121349783282397,0.7293365178805522,0.30593891386754757,True
4010,2024,0.30731963488213027,0.6164783887470052,0.44554574459450413,0.30731963488213027,0.6164783887470052,0.44554574459450413,True
4011,2024,0.12359519504168617,0.2752826715884573,0.26381256027234495,0.12359519504168617,0.2752826715884573,0.4014538960666062,True
4012,2024,0.3903364125832503,0.04942351184226947,0.5320295686547696,0.3903364125832503,0.14827053552674233,0.5320295686547696,True
4013,2024,0.7852939345260763,0.052812961009450446,0.9300949244439031,0.7852939345260763,0.08215349490355252,0.9300949244439031,True
4014,2024,1.0090150206955462,0.07946111492186955,1.1521861663672053,1.0090150206955462,0.7094742403739044,1.1521861663672053,True
4016,2024,0.4475481885378131,0.08985111164541243,0.5813895459406672,0.4475481885378131,0.3911166036328092,0.5813895459406672,True
4017,2024,-1.0804404834643528,4.883921400069883,0.0026413852893809836,-1.0804404834643528,0.9007123836797563,0.567897837217452,False
4018,2024,0.24575277962087597,0.5200697210461943,0.37643141713816886,0.24575277962087597,0.5200697210461943,0.2872766078159947,True
4019,2024,1.4044322103942937,0.05559107994410237,1.5372142106281312,1.4044322103942937,0.8290321922098243,1.5372142106281312,True
4021,2024,0.13731265155045155,1.901387374093797,0.2548251119920023,0.13731265155045155,0.8892149012865574,0.2548251119920023,True
4022,2024,-1.049262351865849,1.0784190436607684,0.006180051826130571,-1.049262351865849,0.9733581626164081,0.14368620495771142,False
4023,2024,-1.0473045008259871,1.0499442952697289,0.2188616277463715,-1.0473045008259871,0.7911552084074683,0.8695313318572111,False
4024,2024,0.313403025146156,0.8085291885904501,0.4176903557294053,0.313403025146156,0.5474727162595887,0.4713934014659908,True
4025,2024,0.2341425197451906,0.14429771812514958,0.33332772886915324,0.2341425197451906,0.19913085101265654,0.28859543625029915,True
4026,2024,1.3975744390332006,2.8528291904060548,1.519937906297941,1.3975744390332006,0.4801354238887152,0.792370730221217,True
4027,2024,0.28784969208608124,0.28572249895731755,0.37796362066796735,0.28784969208608124,0.28572249895731755,0.4398326657177504,True
4028,2024,0.41906736201724665,0.2779370144685678,0.5063629818253669,0.41906736201724665,0.2779370144685678,0.5063629818253669,True
4029,2024,0.6138507247399567,0.5644425243553587,0.7123445761918696,0.6138507247399567,0.5644425243553587,0.7123445761918696,True
4030,2024,0.8916190765583144,0.3217030027357476,0.9930831823583679,0.8916190765583144,0.3217030027357476,0.9930831823583679,True
4031,2024,0.2847170904500491,0.1968931991424582,0.3873833674185009,0.2847170904500491,0.1968931991424582,0.3873833674185009,True
4032,2024,0.16065641365364755,0.10669287898305688,0.2659114830041319,0.16065641365364755,0.3332100682087685,0.2659114830041319,True
4033,2024,0.882531829500128,0.018643100086545492,0.9931687864275681,0.882531829500128,0.2067689282323222,0.9931687864275681,True
4034,2024,1.662292509236409,1.660538076426827,1.7847515545847767,1.662292509236409,0.7125931115375276,1.7847515545847767,True
4035,2024,0.15771230357169075,0.20756222009208758,0.2569126780160255,0.15771230357169075,0.20756222009208758,0.23223744905402355,True
4036,2024,-1.048030263240301,1.2017357731190077,0.10533733319925363,-1.048030263240301,0.9094617641011503,0.10533733319925363,False
4037,2024,-1.0493985964613528,1.1869674859453683,0.06865493170632213,-1.0493985964613528,0.8864114515864201,0.11900188162430093,False
4038,2024,0.17348630884505428,0.12120080276889719,0.2738240358852938,0.17348630884505428,0.09576359724948642,0.6942860800588956,True
4039,2024,0.1695903335467309,0.3652551323329694,0.2727854785777447,0.1695903335467309,0.3652551323329694,0.36987861502061853,True
4040,2024,0.22834571303350096,1.2320841314452329,0.33700670094743207,0.22834571303350096,0.4730461031646725,0.33700670094743207,True
4041,2024,0.17602260548361834,0.5989127078120399,0.28493725795899283,0.17602260548361834,0.5989127078120399,0.28493725795899283,True
4042,2024,0.18727488296021264,0.620542182370163,0.3008116066976546,0.18727488296021264,0.620542182370163,0.3008116066976546,True
4043,2024,0.21850662169191065,0.47116914131954163,0.33627009256007495,0.21850662169191065,0.47116914131954163,0.33627009256007495,True
4044,2024,0.26409260201867174,0.16563678392665335,0.37942379573886703,0.26409260201867174,0.38134980485433495,0.4140919598165896,True
4045,2024,0.5521785567301934,0.048785869893363504,0.6693421349369153,0.5521785567301934,0.062445913463537235,0.6693421349369153,True
4046,2024,1.4424755717737068,0.36679875268133266,1.5661724519251927,1.4424755717737068,0.407554169645935,1.28282526731419,True
4048,2024,0.25438687757767825,0.1799962706734872,0.3674150679725921,0.25438687757767825,0.1799962706734872,1.0447206225685428,True
4049,2024,0.17178039889904165,0.6797649684306952,0.2875928712591435,0.17178039889904165,0.26891800948908584,0.6947048578467414,True
4050,2024,0.46811287505891924,0.15016354700300077,0.5807529950357593,0.46811287505891924,0.1574003444489226,0.7797649247987734,True
4051,2024,0.4707920832593137,0.010780980811008107,0.582172963794928,0.4707920832593137,0.47076949541442925,0.582172963794928,True
4052,2024,1.5821390829169124,0.07063422970108604,1.7006549151112962,1.5821390829169124,0.3169484666075409,1.7006549151112962,True
4053,2024,0.7612649345828043,0.24130048642963106,0.8696534309579076,0.7612649345828043,0.7319987910483811,0.8696534309579076,True
4054,2024,0.2858155755159191,0.3243949917294373,0.4040011246690988,0.2858155755159191,0.42788296455108776,0.4040011246690988,True
4055,2024,0.5688732044784035,0.446819445555488,0.6840687086823746,0.5688732044784035,0.446819445555488,0.6662750139479232,True
4056,2024,0.1357650910544476,0.3023298466944272,0.2522752363146384,0.1357650910544476,0.39042596096302673,0.2522752363146384,True
4057,2024,0.26837451361199466,0.1323557740240961,0.38688610868578377,0.26837451361199466,0.17715311292451238,0.38688610868578377,True
4058,2024,0.5353104755740458,0.03930952496405972,0.6558483901912349,0.5353104755740458,0.39102632727486497,0.6372280888924945,True
4059,2024,0.6115442045722236,0.03918989257476912,0.7322322033704196,0.6115442045722236,0.40633730722254197,0.7322322033704196,True
4060,2024,0.4111815548428792,0.10606608401050369,0.5303304200525184,0.4111815548428792,0.11626474593462803,0.5466482791310432,True
4061,2024,1.6461555772678582,0.030695538516075444,1.7721557569936515,1.6461555772678582,0.2987699082229606,1.7721557569936515,True
4062,2024,0.15489094208739207,0.26087359654167375,0.26634646919643135,0.15489094208739207,0.39222254025502556,1.0872773674045897,True
4063,2024,0.3364666555011709,0.9963547405682666,0.45373031866034974,0.3364666555011709,0.9963547405682666,0.45373031866034974,True
4064,2024,0.4984947484587602,0.8269324538421879,0.6151346093169626,0.4984947484587602,0.8269324538421879,0.6151346093169626,True
4065,2024,0.7829086902707432,0.5596927187713409,0.9011052772218453,0.7829086902707432,0.5596927187713409,0.9011052772218453,True
4066,2024,0.9906443184167488,0.30088635357532023,1.103823079973473,0.9906443184167488,0.30088635357532023,1.103823079973473,True
4068,2024,0.41752774483796534,0.597723477163659,0.5289066294639128,0.41752774483796534,0.597723477163659,0.5289066294639128,True
4069,2024,0.17476817077616558,0.20824407969633185,0.2907558848590479,0.17476817077616558,0.2671810833840117,0.3162952531236258,True
4070,2024,0.3059205617847085,0.2580650715144636,0.42210643480267374,0.3059205617847085,0.2580650715144636,0.35008827531032877,True
4071,2024,0.5064837825307302,0.08131823695506454,0.6276099826533461,0.5064837825307302,0.08131823695506454,0.533781247705202,True
4072,2024,0.38474292106062347,0.5355265369429604,0.5023155889155193,0.38474292106062347,0.6870514873183022,0.5023155889155193,True
4073,2024,0.5142161159285508,0.43827241776758996,0.6359246846039732,0.5142161159285508,0.43827241776758996,0.6359246846039732,True
4074,2024,0.42926895105470003,0.5550242272393275,0.5550242272393275,0.42926895105470003,0.5550242272393275,0.5550242272393275,True
4075,2024,0.7277242209557314,0.01570613439643376,0.8548624578666815,0.7277242209557314,0.2670042847403942,0.8548624578666815,True
4076,2024,0.5671710650523331,0.0,0.691665484538868,0.5671710650523331,0.15589920445164385,0.49404677467067704,True
4077,2024,0.39771317735759115,0.03503836675739911,0.5211957055168096,0.39771317735759115,0.2605978527584048,0.5211957055168096,True
4078,2024,0.3251628218802471,0.1750734156685316,0.44987219469252016,0.3251628218802471,0.1750734156685316,0.44987219469252016,True
4079,2024,0.8464092655662221,0.27825874629776665,0.9750186470272975,0.8464092655662221,0.27825874629776665,0.9750186470272975,True
4080,2024,0.44271358704930897,1.1456545675453447,0.5696856350500444,0.44271358704930897,0.7560901259303457,0.7539956934484986,True
4081,2024,0.30515079429702524,1.3085991500843166,0.42553008333670933,0.30515079429702524,0.1449814885704835,1.397094344406524,True
4082,2024,-1.038950226099921,1.080742577807167,0.2396325006224322,-1.038950226099921,0.8854420897999262,0.2396325006224322,False
4083,2024,-1.0402864869030635,1.2622501582694814,0.028518422043419287,-1.0402864869030635,0.9857454575877096,0.10415423702814981,False
4084,2024,0.22278424243307615,0.4915388288312921,0.33546628099070647,0.22278424243307615,0.4718055181848375,0.33546628099070647,True
4085,2024,0.13748066241306453,1.0969838049664025,0.2522004567687824,0.13748066241306453,0.9364926052044574,0.6014010892179089,True
4086,2024,-1.0536974608558025,2.780731871535399,0.0016434585529527684,-1.0536974608558025,0.9318409995038915,1.079752269266427,False
4087,2024,0.4734263993844281,0.31862707731741785,0.5758672865278615,0.4734263993844281,0.31862707731741785,0.5758672865278615,True
4088,2024,-1.04660020116655,2.354161616364474,0.12412852159011124,-1.04660020116655,0.7533317172366603,0.12412852159011124,False
4089,2024,-1.036024368485979,1.4589460059914132,0.16367076293070926,-1.036024368485979,0.9982832626434571,0.13765686683574022,False
4090,2024,0.45582941183957626,0.23504775191430824,0.5505065768518835,0.45582941183957626,0.23504775191430824,0.34638616071577233,True
4091,2024,0.6346613136090606,0.08360126333287016,0.7331187707650431,0.6346613136090606,0.08360126333287016,0.5209001792277753,True
4092,2024,0.7220605276629979,0.08987339528178646,0.8202529597548565,0.7220605276629979,0.737974499285608,0.8202529597548565,True
4093,2024,0.308384397044504,0.36269102260005237,0.4046348823564821,0.308384397044504,0.36269102260005237,0.6599989696973507,True
4094,2024,0.948083288939785,0.46500478509249565,1.0390847666881542,0.948083288939785,0.46500478509249565,1.0390847666881542,True
4095,2024,0.3251976656080127,0.10321328200500007,0.39723165831117424,0.3251976656080127,0.3286087735186309,1.391984532986436,True
4096,2024,0.2456185388357417,0.0034081552354947083,0.316958436901292,0.2456185388357417,0.24765928044618127,0.316958436901292,True
4097,2024,0.2010032001232094,0.2293419671164877,0.27508672605621237,0.2010032001232094,0.2293419671164877,0.27508672605621237,True
4098,2024,0.7789877502523739,0.4542159583652744,0.8518121989288047,0.7789877502523739,0.4542159583652744,0.8518121989288047,True
4099,2024,0.8966365592256261,0.3974125877272437,0.9730667015115454,0.8966365592256261,0.3974125877272437,0.9730667015115454,True
4100,2024,1.0763338885114346,0.16233331846783355,1.153702226312622,1.0763338885114346,0.23314538331388554,1.153702226312622,True
4101,2024,0.6059677382625109,0.44205758418613905,0.6825791994982449,0.6059677382625109,0.592713980590406,0.6825791994982449,True
4102,2024,-1.0351867673369204,1.180329319556274,0.1980552587052117,-1.0351867673369204,0.972271270007374,0.1980552587052117,False
4103,2024,-1.0363484566333498,1.2805848984938073,0.015503449134317154,-1.0363484566333498,0.23461886356585546,0.14366529531123867,False
4104,2024,-1.0341887236694918,1.1018859799027736,0.2410980746887205,-1.0341887236694918,0.942122195470466,0.8869310699392925,False
4105,2024,0.6783417411340963,0.7391342567909597,0.7669356750100713,0.6783417411340963,0.7391342567909597,0.7669356750100713,True
4106,2024,0.6106199526478905,0.0928472477291175,0.698249199758748,0.6106199526478905,0.19706354620056535,0.698249199758748,True
4107,2024,0.5568631226257894,0.02430886328961303,0.6432499208938457,0.5568631226257894,0.6067866259594262,0.6432499208938457,True
4108,2024,0.730221365317365,0.26269760509062035,0.8189434236988673,0.730221365317365,0.26269760509062035,0.8189434236988673,True
4109,2024,0.44692152697787557,0.04394642176935113,0.5341931712854645,0.44692152697787557,0.06250157762753444,0.4677852450561676,True
4110,2024,0.2917953234239483,0.04732506351150139,0.37860050809196627,0.2917953234239483,0.46536312452977113,0.37860050809196627,True
4111,2024,1.6062065811183646,0.10815448503712381,1.6973997279792528,1.6062065811183646,0.9546197522284952,0.0,True
4112,2024,0.34978549563169564,0.018772091552267157,0.42028627197613855,0.34978549563169564,0.06830955537080922,0.4693022888071058,True
4113,2024,0.189391177663245,0.08391354339267668,0.25975784769960303,0.189391177663245,0.35703342029490953,0.25975784769960303,True
4114,2024,0.39019739551682925,0.16387768112834183,0.4628437210246425,0.39019739551682925,0.1838087504547686,0.4628437210246425,True
4115,2024,0.2249152751168545,0.10731195627348818,0.2963589258744729,0.2249152751168545,0.24520503998243906,0.38421016468906705,True
4116,2024,0.3006100664722383,0.6619687519175803,0.37246469965286955,0.3006100664722383,0.6619687519175803,0.37246469965286955,True
4117,2024,0.2674293645623754,0.2577986570822897,0.3386536904399567,0.2674293645623754,0.2577986570822897,0.43005503249640925,True
4118,2024,-1.0283607614270942,1.011100125970357,0.1377325368447794,-1.0283607614270942,0.8383373485407742,0.19823931603668615,False
4119,2024,-1.0295890509492334,1.032346164401462,0.11212126483844305,-1.0295890509492334,0.8521216127722427,0.16610557753844535,False
4120,2024,0.473600298907787,0.144129656869416,0.5482314985594221,0.473600298907787,0.33405752246368486,0.5482314985594221,True
4121,2024,0.5017033618644932,0.011271254071253577,0.5797651312889867,0.5017033618644932,0.14441294278767017,0.5797651312889867,True
4122,2024,0.1871070656999269,0.711628788222211,0.26774855604767733,0.1871070656999269,0.711628788222211,0.2791118899913674,True
4123,2024,3.11499409520505,0.15940590300273927,3.2141081529354047,3.11499409520505,0.15940590300273927,3.2141081529354047,True
4124,2024,0.32467651765033495,0.22812999895882355,0.4097214781300272,0.32467651765033495,0.22812999895882355,0.4097214781300272,True
4125,2024,0.4782489526450334,0.0,0.5629377787403125,0.4782489526450334,0.40183688596257944,0.5528689729416938,True
4126,2024,0.337248815925256,0.11940669488875379,0.4220887819323458,0.337248815925256,0.3943197831209901,0.4220887819323458,True
4127,2024,0.6089863368247319,0.016887886086337758,0.6952179772197666,0.6089863368247319,0.11258590724209527,0.6952179772197666,True
4128,2024,0.18661869115883703,0.7936197833393158,0.271698067002077,0.18661869115883703,0.7936197833393158,0.3043765286689815,True
4129,2024,0.2620597187268583,0.0250007829322814,0.3471262553287049,0.2620597187268583,0.16923606907993763,0.3471262553287049,True
4130,2024,0.31163168226540844,0.730776171630684,0.4021254748783087,0.31163168226540844,0.730776171630684,0.4021254748783087,True
4131,2024,0.5920967058898665,0.2572203349801182,0.679931694304004,0.5920967058898665,0.2572203349801182,1.0563055668116434,True
4132,2024,0.981737395351899,0.5666812209496903,1.0690105066389861,0.981737395351899,0.5666812209496903,1.0690105066389861,True
4133,2024,0.23522364983689212,0.14955840138055665,0.3218972215144935,0.23522364983689212,0.14955840138055665,0.3218972215144935,True
4134,2024,1.3384532931616189,0.2923556698430352,1.4304183984705925,1.3384532931616189,0.2923556698430352,1.4304183984705925,True
4135,2024,1.4617990101676053,0.08925701455113726,1.5572723832864714,1.4617990101676053,0.23101815530887923,1.5572723832864714,True
4136,2024,-1.0329744080781973,1.2192523171590344,0.07887602675307213,-1.0329744080781973,0.9864254912011677,0.7783068182020744,False
4137,2024,-1.034238187423102,1.0479030743247868,0.08477861184562221,-1.034238187423102,0.8063826103459052,0.2986967370840832,False
4138,2024,-1.0344967034707027,1.0985611355567158,0.18044957280807,-1.0344967034707027,0.9785919140744346,0.32818026703002645,False
4139,2024,0.16363358594959185,0.3315044474411531,0.25138252660948046,0.16363358594959185,0.3315044474411531,0.5037665772293335,True
4140,2024,0.16828098452537674,0.9105465595317017,0.2546700699245079,0.16828098452537674,0.9105465595317017,0.5517851515031081,True
4141,2024,0.19708953882729532,0.07592471526063317,0.28497769837549747,0.19708953882729532,0.20073246637402806,0.26001614815284685,True
4142,2024,-1.0374993441833384,1.053785803885526,0.18602545313489235,-1.0374993441833384,0.776360561638125,0.18602545313489235,False
4143,2024,0.4568359287080956,0.7140818123082443,0.5506437323789943,0.4568359287080956,0.7140818123082443,0.5506437323789943,True
4144,2024,0.5057950961415238,0.6954378385566713,0.6020376110483079,0.5057950961415238,0.6954378385566713,0.6020376110483079,True
4145,2024,1.7704405869339142,0.05481129320480508,1.8678002222869114,1.7704405869339142,0.4300578389915549,1.8678002222869114,True
4146,2024,-1.038280300086417,1.3394167014149463,0.04803124275653222,-1.038280300086417,0.9900985722765933,0.4224566124267077,False
4147,2024,0.2276503115031512,0.6445644300179205,0.32118601699870175,0.2276503115031512,0.6445644300179205,0.3453023732238895,True
4148,2024,0.43200828109000566,0.7498859324220042,0.5236455590425476,0.43200828109000566,0.7498859324220042,0.7934345488940885,True
4149,2024,0.2873858859519385,0.5992294953422689,0.37638436273280607,0.2873858859519385,0.5992294953422689,0.37638436273280607,True
4150,2024,0.2901625366582629,0.10817573096993666,0.3802216286568165,0.2901625366582629,0.34701917657688436,0.3802216286568165,True
4151,2024,0.41766793853835554,0.046951806970990335,0.5088265592672391,0.41766793853835554,0.23475903485505098,0.5088265592672391,True
4152,2024,0.37983802898567803,0.7381608693802435,0.47516343388244126,0.37983802898567803,0.7381608693802435,0.47516343388244126,True
4153,2024,0.7386955165604445,0.5824906848297369,0.8330243127135075,0.7386955165604445,0.7067136086554409,0.8330243127135075,True
4154,2024,0.2111953377585815,0.31320841803415606,0.2991990958217789,0.2111953377585815,0.6044021868773882,0.288191771226317,True
4155,2024,-1.0351653974047834,1.222918447602796,0.012078206889893084,-1.0351653974047834,0.924989344318492,0.17010141369948778,False
4156,2024,0.1861524122697659,0.6245712979159962,0.2742508583797481,0.1861524122697659,0.6245712979159962,0.19317669951566102,True
4157,2024,0.23924915831273902,0.08023996222370414,0.3259129329827629,0.23924915831273902,0.1089678499334237,0.6330041464315188,True
4158,2024,0.5074265046960461,0.1783356824936679,0.5971697710930489,0.5074265046960461,0.28839427511837046,0.5125877045389167,True
4159,2024,0.7982784241548426,0.04532915017160023,0.8884513433627965,0.7982784241548426,0.5912935811269491,0.8884513433627965,True
4160,2024,0.7152733242885219,0.24373896493453062,0.8079495319126487,0.7152733242885219,0.24373896493453062,0.8079495319126487,True
4161,2024,0.39700079450296694,0.0753277838884026,0.4914241139389113,0.39700079450296694,0.4878370766108662,0.4914241139389113,True
4162,2024,0.7050756610324401,0.10512469610497231,0.8008375725750958,0.7050756610324401,0.5138117169176241,0.720517580045462,True
4163,2024,0.5110546699957483,0.3656062411698222,0.6035404616136362,0.5110546699957483,0.3656062411698222,0.6035404616136362,True
4164,2024,0.6055080897322392,0.005956141699296195,0.7004422638346431,0.6055080897322392,0.2942333999441919,0.7004422638346431,True
4165,2024,0.8653259938028772,0.08659105311897113,0.961991014787465,0.8653259938028772,0.33331624556753164,0.961991014787465,True
4166,2024,0.186658167175548,0.14751864645886292,0.27632224075497824,0.186658167175548,0.4183364601071978,0.27632224075497824,True
4167,2024,-1.038710758974876,1.1189893669677746,0.07685987571089864,-1.038710758974876,0.9573575695168425,0.1831073509583491,False
4168,2024,0.37119805159463515,0.24850834936132424,0.4608700297247189,0.37119805159463515,0.24850834936132424,0.4608700297247189,True
4169,2024,0.2979902036111459,0.13755584656673353,0.39051871694802653,0.2979902036111459,0.3415581613903073,0.39051871694802653,True
4170,2024,0.15986975076457138,0.11123005850617751,0.25204257938101754,0.15986975076457138,0.24494278841249117,0.2851749372339432,True
4171,2024,-1.0419433519484316,1.3257924444900877,0.06237584379061378,-1.0419433519484316,0.977221552719171,0.30698699591056317,False
4172,2024,0.23878122821519024,0.2803312745169353,0.33281883229883813,0.23878122821519024,0.22307212057304626,0.7002317367721036,True
4173,2024,-1.0412699798392644,1.2285731541196483,0.21236078933512742,-1.0412699798392644,0.9754198967766254,0.4907093945653189,False
4174,2024,-1.0412350556852323,1.059060089652403,0.0551094616787484,-1.0412350556852323,0.926078562558027,0.3797760728730927,False
4175,2024,0.27829058933657824,0.6107634506788628,0.3745697724866934,0.27829058933657824,0.5857126060221077,0.49863109840583575,True
4176,2024,0.30372764598789914,0.22550638136966403,0.38925582842233447,0.30372764598789914,0.22082782573961324,0.38925582842233447,True
4177,2024,-1.0326545169493866,1.0030461926015952,0.13737780874281288,-1.0326545169493866,0.9004833079922236,0.5156372547332866,False
4178,2024,-1.0326239700997462,1.3270620633963401,0.1714161075501497,-1.0326239700997462,0.9842298482960835,0.547212958717774,False
4179,2024,-1.0323595571163957,1.5388962101368762,0.2474230203874019,-1.0323595571163957,0.8865991563882363,0.33270898574820135,False
4180,2024,0.382446067857382,0.7138567246671055,0.4744055713536079,0.382446067857382,0.7138567246671055,0.32264075587315655,True
4181,2024,0.9399520461775772,0.15495115699776713,1.0318848788473736,0.9399520461775772,0.15495115699776713,0.8803022252625726,True
4182,2024,0.260189139572942,0.46036809385006394,0.3490448268233911,0.260189139572942,0.46036809385006394,0.3490448268233911,True
4183,2024,0.3107538091672703,0.22301647225450413,0.40237363512586133,0.3107538091672703,0.22301647225450413,0.40237363512586133,True
4184,2024,2.5701229832536203,0.4040261122247597,2.670631933198706,2.5701229832536203,0.0,0.988800748339584,True
4185,2024,0.21470046202940474,0.3167148725130313,0.30064277450490007,0.21470046202940474,0.3167148725130313,0.30064277450490007,True
4186,2024,1.060804318153707,0.34500928509471807,1.1519318279195094,1.060804318153707,0.34500928509471807,1.1519318279195094,True
4187,2024,0.2750283461035531,0.0,0.36611609678825446,0.2750283461035531,0.19269268252016378,0.36611609678825446,True
4188,2024,0.21609108072139876,0.1838785899164679,0.3091971193499371,0.21609108072139876,0.1838785899164679,0.3091971193499371,True
4189,2024,0.813941239135547,0.06563684831765784,0.9105620957526999,0.813941239135547,0.3102832829563438,0.9105620957526999,True
4190,2024,0.2619298607439955,0.17672871639716237,0.3546125224438994,0.2619298607439955,0.39273048088254214,0.4585705909128153,True
4191,2024,0.19652190578044393,0.6038443389164007,0.2934001727396576,0.19652190578044393,0.6038443389164007,0.2934001727396576,True
4192,2024,0.3483343511653125,0.9267000102854699,0.44790500497132396,0.3483343511653125,0.9267000102854699,0.7199746233757071,True
4193,2024,1.1342808242951419,0.026606789915191532,1.237215731054682,1.1342808242951419,0.5574122487225094,0.8500869377891929,True
4195,2024,-1.0431130573702763,1.2182946909989756,0.03861670288447646,-1.0431130573702763,0.9392578701566943,0.4023611300538666,False
4196,2024,-1.0437463923973398,1.0311101087380405,0.0252413735308958,-1.0437463923973398,0.914999790495805,0.4417240367910783,False
4197,2024,0.2402920011866514,0.3168250387697336,0.33670425688865946,0.2402920011866514,0.3168250387697336,0.42864564068854294,True
4198,2024,0.8721051250534849,0.5399838595070693,0.9717221066244333,0.8721051250534849,0.5399838595070693,0.9717221066244333,True
4199,2024,0.8483353057790298,0.214270666102088,0.947497454150853,0.8483353057790298,0.5536357673273298,0.947497454150853,True
4200,2024,0.33294185717516156,0.05161313383001549,0.43649964610482556,0.33294185717516156,0.45419557770372054,0.43649964610482556,True
4201,2024,0.902195501157841,0.10824642748797915,1.010299989888056,0.902195501157841,0.42095832912006326,1.010299989888056,True
4202,2024,0.2853042967394133,0.572163909892403,0.3886125804031373,0.2853042967394133,0.6983554489163138,0.3886125804031373,True
4203,2024,0.4325017336646161,0.23503761988444438,0.5364048748282377,0.4325017336646161,0.4297006792979151,0.5364048748282377,True
4204,2024,-1.0493564523474492,1.3075878977735118,0.04277823002533345,-1.0493564523474492,0.949676706561806,0.13118657207762008,False
4205,2024,-1.0487557595605468,2.4887547219734945,0.09701925187355166,-1.0487557595605468,0.8338031356668116,0.5610243695296572,False
4206,2024,-1.0481207817437201,1.8672969150962802,0.1856215034294091,-1.0481207817437201,0.5042255764800491,0.5845692122927238,False
4207,2024,-1.0424029801421875,1.425953236408903,0.14151596458891721,-1.0424029801421875,0.7219712769706756,0.3957649857147907,False
4209,2024,-1.039131168055671,1.302944761359924,0.08487880425102728,-1.039131168055671,0.9568156115570394,0.19070172903153534,False
4210,2024,0.7603995433147074,0.9657228927655869,0.8569554679830882,0.7603995433147074,0.9657228927655869,0.8569554679830882,True
4211,2024,1.0854024578378891,0.6492069098982781,1.1824840144576516,1.0854024578378891,0.6492069098982781,1.1824840144576516,True
4212,2024,0.3049016373672497,0.09961011039756887,0.39625120839477596,0.3049016373672497,0.39625120839477596,0.39625120839477596,True
4213,2024,1.0470925901648866,0.4014079710711917,1.1451277396947876,1.0470925901648866,0.4014079710711917,1.1451277396947876,True
4214,2024,0.5235790984473561,0.21534513376649106,0.6198608546538453,0.5235790984473561,0.21891439012723143,0.6198608546538453,True
4215,2024,0.26724179986411956,0.19165842125853091,0.3611125132248067,0.26724179986411956,0.48498929769680604,0.3611125132248067,True
4216,2024,0.7298859647729745,0.20349083442285576,0.8269772864046367,0.7298859647729745,0.3135178553608424,0.8269772864046367,True
4217,2024,0.37507520463005967,0.12411842273989916,0.4680061628081956,0.37507520463005967,0.8084777994983074,0.41904201438784183,True
4218,2024,-1.0402931203241936,1.103101872415267,0.2008770319174497,-1.0402931203241936,0.8035081276697988,0.2008770319174497,False
4219,2024,0.47369799935121654,0.382388650159158,0.5695150108753586,0.47369799935121654,0.382388650159158,0.5695150108753586,True
4220,2024,1.0232654615822254,0.07027189240750945,1.130086759532414,1.0232654615822254,0.17639679114529833,1.130086759532414,True
4221,2024,0.33856061367494306,0.2355917729519914,0.4398620963207679,0.33856061367494306,0.33091792385739566,0.4398620963207679,True
4222,2024,0.3471926111061861,0.08163127464578684,0.4476114893077941,0.3471926111061861,0.2489753876696777,0.4476114893077941,True
4223,2024,0.8728248598148993,0.9251714483059751,0.9817864175307133,0.8728248598148993,0.9251714483059751,0.9817864175307133,True
4224,2024,0.14655839496364043,0.17062180680275393,0.25144266265659326,0.14655839496364043,0.17062180680275393,0.423561151975125,True
4225,2024,-1.0543794156771102,2.394587212521375,0.04303494348558144,-1.0543794156771102,0.9252512849409096,0.2966337175972881,False
4226,2024,-1.052759937357546,1.7672626762727663,0.004466544253389334,-1.052759937357546,0.963284710655848,0.378167413456835,False
4227,2024,0.42344243111188634,0.21136736084451288,0.5238234594841575,0.42344243111188634,0.6511690122911235,0.5238234594841575,True
4228,2024,0.4090004014879512,0.10426178321262815,0.5082761931613993,0.4090004014879512,0.6386034221772141,0.5082761931613993,True
4229,2024,0.4443975549620791,2.1445910277921776,0.5558108776185372,0.4443975549620791,0.5243498845457606,0.5558108776185372,True
4230,2024,2.134241083567777,0.3121386013402041,2.2366345296031582,2.134241083567777,0.7028500230177694,2.2366345296031582,True
4231,2024,-1.039261994961737,1.5065864860795066,0.12948084876719365,-1.039261994961737,0.9381875058980362,0.2534752208917388,False
4232,2024,-1.0398794443168702,1.471535358569521,0.19063071690560374,-1.0398794443168702,0.8940692102824012,0.19063071690560374,False
4233,2024,-1.0503244203520299,1.2468728034913046,0.05917362457247956,-1.0503244203520299,0.9411424098668697,0.305730393624435,False
4234,2024,0.3186432355153173,0.2580112307893685,0.42169577505355754,0.3186432355153173,0.2580112307893685,0.5631858048412636,True
4235,2024,0.2480876405776512,0.2299468107931399,0.3504611031968319,0.2480876405776512,0.5402364831887622,0.3504611031968319,True
4236,2024,0.2502654804147576,0.3355544174421133,0.35373028172017873,0.2502654804147576,0.3355544174421133,0.40126715752449665,True
4237,2024,-1.049844938268484,1.0655992309727988,0.09902820078412808,-1.049844938268484,0.9679657935800268,0.11018630791472334,False
4238,2024,-1.0492189176831899,2.434106798609059,0.22128243623714175,-1.0492189176831899,0.90574612099571,0.7009567855960449,False
4239,2024,0.29120226035676344,0.5828429960524963,0.39594559826845593,0.29120226035676344,0.5731520198710783,0.5523856423395044,True
4240,2024,-1.048090292037629,1.5887963039093371,0.0,-1.048090292037629,0.7073224691940581,0.8479831874996527,False
4241,2024,1.0356139701847156,0.05664864875194989,1.1329729750389979,1.0356139701847156,0.5189016225678528,1.021941623485174,True
4242,2024,0.21708286381244368,0.6791201859437523,0.31005645140240745,0.21708286381244368,0.7005773798124124,0.42592529829326986,True
4243,2024,0.21519822453854942,0.09980624107930326,0.2994187232379518,0.21519822453854942,0.09980624107930326,0.4934864142254906,True
4244,2024,0.16735061293788042,0.21311215242878792,0.25116789393389,0.16735061293788042,0.21311215242878792,0.3348905252452011,True
4245,2024,0.43551494076675357,0.957346406926813,0.5235334109970449,0.43551494076675357,0.957346406926813,0.5235334109970449,True
4246,2024,0.17445533914235198,0.307816006816921,0.2625489469909207,0.17445533914235198,0.307816006816921,0.4094154077597847,True
4247,2024,-1.0356390638757134,1.0001593934875066,0.18092314231788797,-1.0356390638757134,0.740971745784971,0.18092314231788797,False
4248,2024,0.36085246601507837,0.1873422957149599,0.4475961876000957,0.36085246601507837,0.3716466082561893,0.4475961876000957,True
4249,2024,0.16239130825937348,0.2700103617762741,0.2513173367302407,0.16239130825937348,0.39982303570717964,0.2513173367302407,True
4250,2024,0.16133818001129518,0.858712024014869,0.25423783511986997,0.16133818001129518,0.858712024014869,0.36711521419801063,True
4251,2024,0.20335771344817785,0.11476008834636876,0.29862302558939124,0.20335771344817785,0.11476008834636876,0.41461709338031505,True
4252,2024,0.3207254709668201,0.021562811871991446,0.4173038297577689,0.3207254709668201,0.40208302137756,0.4173038297577689,True
4253,2024,-1.0456048386503771,1.45744936153619,0.042904396905159244,-1.0456048386503771,0.9998024612143929,0.052005329581975374,False
4254,2024,-1.0439456249323713,1.5959685416261553,0.21871142896208112,-1.0439456249323713,0.9285862383933293,0.7548668748176925,False
4255,2024,0.231256504940456,0.1087294783783173,0.32877723223913585,0.231256504940456,0.1087294783783173,0.32877723223913585,True
4256,2024,0.5390237193553614,0.23354842519347935,0.6382772302163487,0.5390237193553614,0.23354842519347935,0.6382772302163487,True
4257,2024,-1.0481517028349725,1.6317297939126705,0.1889083150670919,-1.0481517028349725,0.9007367486531541,0.26282896009333445,False
4258,2024,1.215362950418028,0.34053860008210984,1.3217743291723143,1.215362950418028,0.4684088254093497,1.3002382912224788,True
4259,2024,0.3675386961530966,0.5645750851757837,0.47167032432412015,0.3675386961530966,0.5645750851757837,0.47167032432412015,True
4260,2024,0.27728722313426274,0.6889373092721033,0.3852122589478217,0.27728722313426274,0.6889373092721033,0.3852122589478217,True
4261,2024,0.34824235672704357,0.16609403653325822,0.45143507365450997,0.34824235672704357,0.23849400117592245,0.7907211824702718,True
4262,2024,0.4390204472250962,0.047094978678265696,0.5423058150832051,0.4390204472250962,0.15270190056285365,0.5423058150832051,True
4263,2024,1.2719809645802913,0.4058074712389672,1.3771551417579375,1.2719809645802913,0.4604907475052324,1.3052034624602407,True
4264,2024,1.349051178738025,0.41246055747373095,1.4594758187531702,1.349051178738025,0.41246055747373095,1.38393359210963,True
4265,2024,1.27219772276824,0.0,1.3831532980586836,1.27219772276824,0.49799591851065494,1.30723928609059,True
4267,2024,0.22606028858336324,0.54414515170408,0.3276417756944585,0.22606028858336324,0.54414515170408,0.3276417756944585,True
4268,2024,0.2732443299308204,0.030230467340098523,0.375721522655398,0.2732443299308204,0.030230467340098523,0.6693889196735072,True
4269,2024,-1.0520626980996979,1.9622103602278942,0.08145024136790992,-1.0520626980996979,0.8559679911032166,0.21325154103602886,False
4270,2024,0.21705953485405083,0.411904309837222,0.3240717731807059,0.21705953485405083,0.38767464455263495,0.3801028741511886,True
4271,2024,-1.0529288712521625,1.4385541389996854,0.22547870517237134,-1.0529288712521625,0.7335573874941311,0.5426520837815262,False
4272,2024,-1.0479362478168062,1.472145048457352,0.12358413229667509,-1.0479362478168062,0.5174236747806601,0.8650889260768492,False
4273,2024,0.6608098079522331,0.006798542369332265,0.7627964538362606,0.6608098079522331,0.6363435657672245,0.7627964538362606,True
4274,2024,0.6782164923090127,0.05379508485926169,0.7800287304591417,0.6782164923090127,0.08203750441037255,0.7033707345346891,True
4275,2024,0.6359230277267456,0.17440032352086435,0.7372377312471892,0.6359230277267456,0.746486233252104,0.6394678529097758,True
4276,2024,0.48447964738024624,0.10041904454727597,0.5832029125628434,0.48447964738024624,0.8085020509701941,0.5832029125628434,True
4277,2024,0.2542954974230725,0.1863379203702501,0.3521144150444887,0.2542954974230725,0.1863379203702501,0.6309787510469073,True
4278,2024,0.7914999051492629,0.2605622179156278,0.8913970612902549,0.7914999051492629,0.6358216800811414,0.8913970612902549,True
4280,2024,-1.0386795145981815,1.3584558115411458,0.2487002095986645,-1.0386795145981815,0.9616408104481494,0.9119007685284366,False
4281,2024,0.18299590903474358,0.14921279778396107,0.27392797205121966,0.18299590903474358,0.3730319944599786,0.27392797205121966,True
4282,2024,0.2847546636728853,0.34415165664643466,0.37845248621254796,0.2847546636728853,0.34415165664643466,0.37845248621254796,True
4283,2024,0.18482979923502793,0.8740064143424174,0.2807276779487101,0.18482979923502793,0.5466802149527894,0.2807276779487101,True
4284,2024,0.4956448524791561,0.006480415834199327,0.5864776329956038,0.4956448524791561,0.01944124750259798,1.0779091670894703,True
4285,2024,0.3167381034633864,1.0222582108884934,0.41260475178566625,0.3167381034633864,0.696746810403203,0.41260475178566625,True
4286,2024,0.21660569667326537,0.07821644720299029,0.3141693962654323,0.21660569667326537,0.15121846459245183,0.3050441440917273,True
4287,2024,1.6173409728605161,0.2081768978729586,1.723167483683697,1.6173409728605161,0.2927907337825564,1.5606551956667563,True
4288,2024,-1.0491594908042103,1.8163716629595281,0.19436155592874374,-1.0491594908042103,0.8529535907662158,0.19436155592874374,False
4289,2024,0.4418820007348181,0.5814201513330667,0.5356112909250201,0.4418820007348181,0.5814201513330667,0.5356112909250201,True
4290,2024,0.3477284541457162,0.07487739757419912,0.4410746700856023,0.3477284541457162,0.6715566594937065,0.4410746700856023,True
4291,2024,0.5867943764235529,1.1855944293360636,0.6909030726622155,0.5867943764235529,0.952518693980129,0.31512790749649516,True
4292,2024,1.126340304068017,0.13400791592471986,1.2297196990739385,1.126340304068017,0.5596801194502795,1.2297196990739385,True
4293,2024,-1.045504256425561,1.4969874452891265,0.04291970955215578,-1.045504256425561,0.7868613417897198,0.18728600531854633,False
4294,2024,0.3731952977328315,0.454321189696527,0.4697823820160006,0.3731952977328315,0.3698792931822503,1.1833758736859077,True
4295,2024,-1.039688165237888,1.0269763314628517,0.06593210397858851,-1.039688165237888,0.9465168147432604,0.4123550231880257,False
4296,2024,-1.0402242508588466,1.336820558262349,0.14047944849539012,-1.0402242508588466,0.9674955565729013,0.14047944849539012,False
4297,2024,0.1702900164882072,0.8589658690838876,0.2610804154715314,0.1702900164882072,0.8589658690838876,0.6148387273442332,True
4298,2024,0.17208466592209729,0.8891513123900876,0.2656965913826407,0.17208466592209729,0.8891513123900876,0.2656965913826407,True
4299,2024,0.4743683858118659,0.6754765219258415,0.5757332598097495,0.4743683858118659,0.6754765219258415,0.5757332598097495,True
4300,2024,0.37691366674304777,1.1299392019633268,0.4776399150254941,0.37691366674304777,0.965973260984412,0.4776399150254941,True
4301,2024,0.20943351103891403,0.15356799396297763,0.3058562546428446,0.20943351103891403,0.6193909089838875,0.3058562546428446,True
4302,2024,1.4746498203019267,0.3088754945477115,1.577097334449059,1.4746498203019267,0.3468305341319574,1.577097334449059,True
4303,2024,-1.046841307103716,1.6699362953649812,0.002706541807720329,-1.046841307103716,0.8200821677399981,0.28012707709933093,False
4304,2024,0.4871685463470241,0.0689127233864467,0.5850825338493756,0.4871685463470241,0.1675525039199483,0.5850825338493756,True
4305,2024,0.19268939845296285,0.7517372989393533,0.2973739917490703,0.19268939845296285,0.7517372989393533,0.2973739917490703,True
4306,2024,0.48721469498617903,0.4315282513853317,0.593931356745433,0.48721469498617903,0.4315282513853317,0.593931356745433,True
4307,2024,0.4634613382414757,0.09020206009849764,0.5707613113129905,0.4634613382414757,0.46034154808894795,0.5707613113129905,True
4308,2024,0.46937481377610263,0.19451985632450128,0.5773349335710547,0.46937481377610263,0.19451985632450128,0.5773349335710547,True
4309,2024,-1.0533843791369963,3.8178028741300216,0.18927438674647346,-1.0533843791369963,0.5124257787526288,0.30930204663444005,False
4310,2024,0.1605339379869917,0.12396250428640548,0.26675475605918375,0.1605339379869917,0.21340380484738983,0.2824462122979467,True
4311,2024,0.16429045280095475,3.917875792989485,0.2926683939459657,0.16429045280095475,0.44466192450355246,0.2926683939459657,True
4312,2024,-1.05762724216269,4.1094805309009566,0.2159387506132594,-1.05762724216269,0.5415079438454432,0.2159387506132594,False
4313,2024,1.196836182470403,0.6813672132590586,1.2994901843066575,1.196836182470403,0.6813672132590586,2.904461991370487,True
4314,2024,1.18582741594515,0.492735422197823,1.2804492249490067,1.18582741594515,0.492735422197823,1.2804492249490067,True
4315,2024,-1.0362488756141344,2.0552028306583288,0.15607809468300093,-1.0362488756141344,0.7950555292913916,0.3247262372599729,False
4316,2024,-1.0480851004478073,1.1014587427293956,0.18242478549591407,-1.0480851004478073,0.9674041655088486,0.3883436721542588,False
4317,2024,0.3539405191666009,0.1762537142588603,0.45825965707309024,0.3539405191666009,0.3290069332832905,0.45825965707309024,True
4318,2024,0.3968911680009634,0.08695764490992644,0.501111852023581,0.3968911680009634,0.2431866340702071,0.501111852023581,True
4319,2024,0.6509651070751096,0.004459126023980045,0.7565650487417248,0.6509651070751096,0.24822468200360615,0.7550786734004207,True
4320,2024,0.5899464259738051,0.0,0.6945474716109378,0.5899464259738051,0.5591695746020766,0.6592314984782088,True
4321,2024,0.5822190379849851,0.44160199670431916,0.6866104134804996,0.5822190379849851,0.5443001354728135,0.6866104134804996,True
4322,2024,0.568981038503021,0.1972058222893613,0.6752805429909894,0.568981038503021,0.4735927701949529,0.6752805429909894,True
4323,2024,-1.050612323223939,2.311024939480635,0.236803314481938,-1.050612323223939,0.9179782808309834,0.2587295473042818,False
4324,2024,0.16722491296153502,1.5015044104058444,0.2754156134542968,0.16722491296153502,0.9912165986757375,0.9352946467053036,True
4325,2024,-1.0548988605967997,1.098958256216189,0.177657057156574,-1.0548988605967997,0.886713099436246,0.177657057156574,False
4326,2024,0.18081002480750943,0.9129489456681432,0.2861959041586572,0.18081002480750943,0.9129489456681432,0.38532521174432194,True
4327,2024,0.2974107226434595,0.7838935956527601,0.4076246697394022,0.2974107226434595,0.7838935956527601,0.4076246697394022,True
4328,2024,0.577913177274777,0.525388697835185,0.6904146349757329,0.577913177274777,0.525388697835185,0.6904146349757329,True
4329,2024,0.706076822118532,0.03246872702862905,0.8202625775650834,0.706076822118532,0.41354904952243215,0.8202625775650834,True
4330,2024,0.27531708112924286,0.4909153077820464,0.3870356180807385,0.27531708112924286,0.5981459552156521,0.3870356180807385,True
4331,2024,0.24849932512971062,0.5389267044970708,0.3633020276321416,0.24849932512971062,0.5389267044970708,0.3633020276321416,True
4332,2024,0.7493224907623846,0.4215354052123766,0.8649033214517858,0.7493224907623846,0.4215354052123766,0.8649033214517858,True
4333,2024,0.6027686584006464,0.4992266624514873,0.7118310770602477,0.6027686584006464,0.658286261529144,0.7118310770602477,True
4334,2024,0.4440923138136118,0.1728826631206836,0.5538648281459368,0.4440923138136118,0.43540818860023744,0.8564094886071331,True
4335,2024,-1.0556764705259924,1.1451793035208793,0.21790217303104434,-1.0556764705259924,0.9861266224763087,0.21790217303104434,False
4336,2024,-1.0578308924264195,1.158008780615767,0.024779075191508734,-1.0578308924264195,0.9928149460058089,0.25770238199152556,False
4337,2024,0.18868964546711295,0.8171258219257531,0.30055202645547235,0.18868964546711295,0.8171258219257531,0.9908824622203364,True
4338,2024,0.45876772382557,0.6113720807131284,0.5646700467698359,0.45876772382557,0.6113720807131284,0.4896637498304604,True
4339,2024,0.23275134248422738,0.7511203151779734,0.332527222865286,0.23275134248422738,0.7511203151779734,1.0249662634200016,True
4340,2024,0.2257851927603448,0.24803794452860328,0.32465699545631177,0.2257851927603448,0.35842132298373747,0.32465699545631177,True
4341,2024,0.23898898164166912,0.03279590177973765,0.33714187029566484,0.23898898164166912,0.44340059206206733,0.33714187029566484,True
4342,2024,0.3298894444449889,0.6923600058634071,0.4335718236327267,0.3298894444449889,0.6923600058634071,0.3522771067016097,True
4343,2024,0.6857055406507385,0.23736312467497506,0.7889626587206876,0.6857055406507385,0.33176891289794025,0.708043411672423,True
4344,2024,-1.0393271384496423,1.0859317974834226,0.1950843208355564,-1.0393271384496423,0.997974704852392,0.4623385638299675,False
4345,2024,-1.0409431251676284,1.022484915553965,0.21952316786289267,-1.0409431251676284,0.9250494988019887,0.21952316786289267,False
4346,2024,0.46986333698319166,0.05608251119676383,0.5720416142068508,0.46986333698319166,0.48371165907195257,0.5720416142068508,True
4347,2024,-1.0493167940915344,1.103775323666078,0.0732095877941747,-1.0493167940915344,0.8855544369719339,0.25341780390288293,False
4348,2024,-1.0466565738735767,1.3215401314341761,0.04672111575776133,-1.0466565738735767,0.8156171922285768,0.5539789439850404,False
4349,2024,0.32706072467284997,0.5138388472289317,0.4275453003660731,0.32706072467284997,0.5138388472289317,0.8263260851112131,True
4350,2024,0.2178163333849402,0.31448183138535263,0.31326290955819575,0.2178163333849402,0.31448183138535263,0.31326290955819575,True
4351,2024,0.8717855381718334,0.3427273553668694,0.9682047789115381,0.8717855381718334,0.3427273553668694,0.9682047789115381,True
4352,2024,0.9893448045453794,0.01648448130502131,1.0892438031539735,0.9893448045453794,0.2688238489739541,1.0892438031539735,True
4353,2024,0.37302576344017985,0.6878853110215282,0.47110455279472657,0.37302576344017985,0.8368463906969712,0.47110455279472657,True
4354,2024,0.23678021252344483,0.5602370920809552,0.3313106417233763,0.23678021252344483,0.5602370920809552,0.9870296201343354,True
4355,2024,0.4565757882275097,0.01732216175246489,0.563757627945524,0.4565757882275097,0.10865719644761179,0.4204561079929108,True
4356,2024,-1.05477061209014,1.7307651690980301,0.1557529720584068,-1.05477061209014,0.9520003088059962,0.1557529720584068,False
4357,2024,-1.0523845914356795,1.0820456395733855,0.18969944592800997,-1.0523845914356795,0.9029693626172999,0.40671561206962853,False
4358,2024,-1.0539750567232233,1.7785851076448718,0.045324225063002085,-1.0539750567232233,0.9377425875105057,0.3719712263791843,False
4359,2024,-1.0523227522684504,1.2078155787019014,0.03325649903806868,-1.0523227522684504,0.9372286092554878,0.6787349121866224,False
4360,2024,-1.050783916855412,1.9075957283300125,0.0453840887016263,-1.050783916855412,0.9179297940620844,0.5343610443902235,False
4361,2024,0.16227513066924928,0.39599673703456967,0.26748458841201544,0.16227513066924928,0.37955913662934265,0.4094456828206707,True
4362,2024,-1.0519539734331298,1.2780860432657455,0.11061797333524591,-1.0519539734331298,0.58448145370395,0.5471105167663559,False
4363,2024,-1.053841757858732,1.0731949541170225,0.04329893186635312,-1.053841757858732,0.9974218233508694,0.22113383060333636,False
4364,2024,-1.0523604497480112,1.6660102167728503,0.1455882802044395,-1.0523604497480112,0.9275624450140867,0.6543968058674634,False
4365,2024,0.3078385259774504,0.20879685106615567,0.4145231602048011,0.3078385259774504,0.20879685106615567,0.4145231602048011,True
4366,2024,-1.053841914225775,1.493076565241787,0.10488554383927068,-1.053841914225775,0.9331728532761169,0.36864183790574107,False
4367,2024,-1.0529009816216035,1.228224957025454,0.2211107814127225,-1.0529009816216035,0.79963351086239,0.2953191943525739,False
4368,2024,-1.054089069528332,1.0058102233002577,0.1454556322926611,-1.054089069528332,0.8108377800143277,0.4750519054664547,False
4369,2024,0.2826357609298541,0.8104185506660126,0.39108271344069223,0.2826357609298541,0.8104185506660126,0.39108271344069223,True
4370,2024,-1.0491880580913069,1.011241218227015,0.07909149192836379,-1.0491880580913069,0.8841298919136121,0.47878599578065945,False
4371,2024,0.2817479882629893,0.0689020933001651,0.38098804530659286,0.2817479882629893,0.34586148793792826,0.6241719040129784,True
4372,2024,0.15325646968649667,0.35961808364415115,0.25449895150193624,0.15325646968649667,0.42047652856848206,0.25449895150193624,True
4373,2024,-1.0485278884077924,1.7234218959531247,0.05563912497025131,-1.0485278884077924,0.923609474505944,0.5591732059508959,False
4375,2024,0.90532490190435,0.054333968121639785,1.0152690043303272,0.90532490190435,0.3027178223920435,0.909705866265425,True
4376,2024,0.24040273646938615,0.2889171173757999,0.34670054085105667,0.24040273646938615,0.2889171173757999,0.4805147846883115,True
4377,2024,1.0301672054853142,0.02593676221764931,1.1396918456808955,1.0301672054853142,0.1510434976203304,1.1396918456808955,True
4378,2024,0.2439767303675551,0.2563432993429707,0.347584134702284,0.2439767303675551,0.2563432993429707,1.077510817577186,True
4379,2024,0.9267628223796991,0.10352286012596668,1.0337705328071565,0.9267628223796991,0.192465035727097,0.9739897262555663,True
4380,2024,0.17815488363007123,0.23180864474973123,0.279003219129871,0.17815488363007123,0.9785933805302851,0.279003219129871,True
4381,2024,0.5291733260719931,0.15528132970029412,0.6324185064157982,0.5291733260719931,0.28515298726783384,0.6324185064157982,True
4382,2024,-1.048510477105075,1.1134678406653824,0.23133374411820068,-1.048510477105075,0.8877084036343628,0.23133374411820068,False
4383,2024,-1.053499949463314,1.2045355178622474,0.05350094305224254,-1.053499949463314,0.7444274076128087,0.2124751738360847,False
4384,2024,-1.0504596098262902,1.013448680985906,0.1883145776016359,-1.0504596098262902,0.6051941768724634,1.0335739030197166,False
4385,2024,0.5194792973838835,0.0,0.6209107019219905,0.5194792973838835,0.3516662382566965,0.6209107019219905,True
4386,2024,-1.0485658921108703,1.4757158700406785,0.06764272930959839,-1.0485658921108703,0.59221899742511,0.4113782313116208,False
4387,2024,0.8383248666628782,0.04992312690103944,0.9470265890926182,0.8383248666628782,0.23600023625950295,0.9470265890926182,True
4388,2024,0.2972341593477719,0.19432853452911789,0.401807120266995,0.2972341593477719,0.17825624971848592,0.8445255109611378,True
4389,2024,0.18352559735820584,0.3150598694857486,0.28855950663182967,0.18352559735820584,0.21200290283155243,0.5712300437405662,True
4390,2024,0.3635269058240949,0.038538632941723876,0.46839261575373126,0.3635269058240949,0.11561589882523904,0.49210869756402287,True
4391,2024,0.2246712706272547,0.6198146753850083,0.32725008408398776,0.2246712706272547,0.6198146753850083,0.32725008408398776,True
4392,2024,0.27602824240786,0.5924567904674464,0.38152976558890256,0.27602824240786,0.5924567904674464,0.38152976558890256,True
4393,2024,0.3536294420643289,0.5425211601253894,0.4625032899004027,0.3536294420643289,0.5425211601253894,0.4625032899004027,True
4394,2024,0.24022209325056149,0.6688167858111883,0.35064181003691935,0.24022209325056149,0.6688167858111883,0.35064181003691935,True
4395,2024,0.4790731811818134,0.5461548815731638,0.6011496439537859,0.4790731811818134,0.5461548815731638,0.557533108272594,True
4396,2024,0.7148485919299085,0.09490626843124564,0.8370732875636452,0.7148485919299085,0.3112925604544615,0.7934164040852688,True
4397,2024,2.246991190079581,2.53778241211866,2.3901296172317226,2.246991190079581,0.7751771731562955,0.10889393622903452,True
4398,2024,0.36811428495943116,0.1825834115681994,0.4868890975150586,0.36811428495943116,0.15860781206933053,0.5274631889746119,True
4399,2024,2.865873925329187,1.9137840729393478,3.0089553054307814,2.865873925329187,0.4978051056778481,0.6323968564723255,True
4400,2024,-1.0432178687456966,1.1317333232705302,0.060780522194980494,-1.0432178687456966,0.9250795478076186,0.22367232167749063,False
4401,2024,0.3677977384965112,0.4080695415427755,0.464609297298648,0.3677977384965112,0.4080695415427755,0.464609297298648,True
4402,2024,0.5310328605326731,0.2685455532416521,0.6308287052563685,0.5310328605326731,0.2685455532416521,0.6308287052563685,True
4403,2024,0.20078393899671398,0.5400924217520142,0.2990900825262162,0.20078393899671398,0.5808774330055867,0.2990900825262162,True
4404,2024,-1.0533680438812718,1.039548449878272,0.18777970554159343,-1.0533680438812718,0.9884723699709368,0.18777970554159343,False
4405,2024,-1.0524744624585338,1.461612295475197,0.08111874495569471,-1.0524744624585338,0.9483518728461806,0.7049956379788953,False
4406,2024,-1.0532635208015066,1.3843991042454311,0.16612789250947077,-1.0532635208015066,0.9578545153697573,0.18109436931211048,False
4407,2024,-1.0547293839161889,1.3869943889751155,0.1737587205700704,-1.0547293839161889,0.9487533680682871,0.20605016421583816,False
4408,2024,-1.0564045738729007,1.0241483470747261,0.02378053437481443,-1.0564045738729007,0.99561170582492,0.03329274812472578,False
4409,2024,-1.0570324555938932,1.5081019080135205,0.0016026587757468748,-1.0570324555938932,0.9503766540404168,0.1089807967533383,False
4410,2024,0.4398412468166539,0.17106319815165563,0.5489573540685714,0.4398412468166539,0.9144105501198518,0.5489573540685714,True
4411,2024,0.45137742798862723,0.20081113561295513,0.5606646906313356,0.45137742798862723,0.20081113561295513,0.5606646906313356,True
4412,2024,0.5589225074500095,0.12049948874036893,0.6727888121339105,0.5589225074500095,0.12049948874036893,0.6727888121339105,True
4413,2024,0.3854579920943236,0.03467525872379018,0.49701204170868546,0.3854579920943236,0.231168391492335,0.5515017339890237,True
4414,2024,0.20361190992771128,4.997816741910562,0.34346377207232937,0.20361190992771128,0.7874535262145085,0.27812188372688895,True
4415,2024,0.488367266609961,0.006720041579410025,0.6014437213578083,0.488367266609961,0.09240057171692603,0.6014437213578083,True
4416,2024,0.46226947168323945,0.17413256287298565,0.5764971256282346,0.46226947168323945,0.23837564432130592,0.5764971256282346,True
4417,2024,0.3560749533361178,4.8456450127675,0.49595813408685824,0.3560749533361178,0.438989970036317,0.4306122988524632,True
4418,2024,0.5341230675997056,0.06842691229629681,0.6317270295926678,0.5341230675997056,0.40445192803707286,0.6317270295926678,True
4419,2024,0.9637435809352135,0.5028443118426114,1.065348118310589,0.9637435809352135,0.6026826497871112,1.065348118310589,True
4420,2024,1.1705323623769561,0.31748661907609255,1.2736525457876609,1.1705323623769561,0.31748661907609255,1.2736525457876609,True
4421,2024,0.7361378094359827,0.024971865413117265,0.8407194689090383,0.7361378094359827,0.8129729517833525,0.8407194689090383,True
4422,2024,0.5764776740664767,0.005306249147215491,0.6778733285574124,0.5764776740664767,0.382049938599817,0.6460358336741195,True
4423,2024,0.6291065236044685,0.03442970502950935,0.7309691221643516,0.6291065236044685,0.49525806465486544,0.7309691221643516,True
4424,2024,0.2446731167664935,0.6184889167616785,0.34724483674122325,0.2446731167664935,0.6184889167616785,0.34724483674122325,True
4425,2024,0.4777415088668092,0.42153171483614327,0.5789712709797276,0.4777415088668092,0.42153171483614327,0.7694223469599034,True
4426,2024,1.1862129565015314,0.5756184799701238,1.2932228516662279,1.1862129565015314,0.5756184799701238,1.2932228516662279,True
4427,2024,-1.0339612428185352,1.226444668226721,0.1219111665726036,-1.0339612428185352,0.9560402010167708,0.2493220850206583,False
4428,2024,0.34298681680074705,0.06170574902102027,0.43096078681336464,0.34298681680074705,0.36239884345674966,0.43096078681336464,True
4429,2024,0.822837944133576,0.06287797500793268,0.9142257953533065,0.822837944133576,0.271473161938944,0.9142257953533065,True
4430,2024,0.5893168462597959,0.22216505380733328,0.6790523166371187,0.5893168462597959,0.25114310430391334,0.6790523166371187,True
4431,2024,0.22943624349273647,0.32884724721266234,0.315655667095219,0.22943624349273647,0.3816135676823072,0.49751102157096155,True
4432,2024,0.30103045024898195,0.18973657644068578,0.38925338878036686,0.30103045024898195,0.2875389354307273,0.35795663390353755,True
4433,2024,0.7442004760124442,0.014809473035576594,0.8342669810036243,0.7442004760124442,0.4275001216267113,0.8342669810036243,True
4434,2024,0.19525580578433355,0.19968758486025437,0.2878178597426376,0.19525580578433355,0.19968758486025437,0.25881295914839314,True
4435,2024,0.20844390931595672,0.6224817768856971,0.3012008597833987,0.20844390931595672,0.6224817768856971,0.5802079720038537,True
4436,2024,0.43928776969398875,0.15595931345633718,0.5371931907941692,0.43928776969398875,0.43817140447264413,0.5371931907941692,True
4437,2024,-1.0442557912813029,1.0836888470078077,0.05554213908351996,-1.0442557912813029,0.9738388385981507,0.2740078861454512,False
4438,2024,-1.042253600647018,1.0949024328695611,0.17504341469699097,-1.042253600647018,0.9433547785346107,0.8904893177201664,False
4439,2024,0.6916383793432551,0.045638036297797696,0.7946387496554413,0.6916383793432551,0.21879411519230407,0.7946387496554413,True
4440,2024,0.4094317969031632,0.0672069326332768,0.5099820182175001,0.4094317969031632,0.33208131418810755,0.4190549917136057,True
4441,2024,0.16989402125307076,0.40714485201748957,0.27142990134505357,0.16989402125307076,0.41113646821370564,0.27142990134505357,True
4442,2024,0.3901930402751622,0.7516669196567951,0.47771857098549175,0.3901930402751622,0.7516669196567951,0.4295239540895972,True
4443,2024,0.36623085985408876,0.6588879535702702,0.44999141525119346,0.36623085985408876,0.9957925210096414,0.44999141525119346,True
4444,2024,0.25064412872493425,0.1840741782024858,0.3343388134698098,0.25064412872493425,0.1840741782024858,0.3343388134698098,True
4445,2024,-1.0350023463468627,1.0267472945343514,0.24291818175283805,-1.0350023463468627,0.9815074712119533,0.24291818175283805,False
4446,2024,-1.0354798521110162,1.7511907465276209,0.22126599073943248,-1.0354798521110162,0.9937035710233534,0.2930279336819229,False
4447,2024,0.21825898882923075,0.225250563234241,0.3127764963766679,0.21825898882923075,0.225250563234241,0.3320836875110431,True
4448,2024,0.22696597668046628,0.15345562762496134,0.32410886869066774,0.22696597668046628,0.22886054809587864,0.32410886869066774,True
4449,2024,0.236286739247459,0.4019877498892791,0.33657957363604984,0.236286739247459,0.4019877498892791,0.2139392431613535,True
4450,2024,0.20920847095050024,0.45559187124305045,0.3136629393916345,0.20920847095050024,0.45559187124305045,0.1859269007253472,True
4451,2024,0.5669241839775971,0.06546369516371403,0.6717144373319406,0.5669241839775971,0.09961866655350882,0.5436332946203234,True
4452,2024,-1.0505728799531686,1.5155620776358074,0.187856250070411,-1.0505728799531686,0.7203510341046101,0.187856250070411,False
4453,2024,-1.052221187964095,1.6426229995927673,0.10503450796682423,-1.052221187964095,0.6608421126248153,0.11670500885201955,False
4454,2024,0.16356241641727584,0.8437264302512099,0.2585080979257168,0.16356241641727584,0.8437264302512099,0.2585080979257168,True
4455,2024,0.5761020915354393,0.6252320502603318,0.6677648427951087,0.5761020915354393,0.6252320502603318,0.5912058162326359,True
4456,2024,0.39463248925483646,0.19534346355388063,0.48675748295394555,0.39463248925483646,0.19534346355388063,0.49956689040009056,True
4457,2024,0.5603317678055486,0.43693221147924266,0.6522012522568236,0.5603317678055486,0.6436757456913825,0.5754716931678054,True
4458,2024,0.2898293407583619,0.10357674316688618,0.37845348464826933,0.2898293407583619,0.2748767414813832,0.37845348464826933,True
4459,2024,-1.0371115555549077,1.9863382739125572,0.07721826537974415,-1.0371115555549077,0.9804687643609066,0.30684100190363023,False
4460,2024,1.2857165669666275,0.04572759350376513,1.379780430071396,1.2857165669666275,0.606387652985254,1.379780430071396,True
4461,2024,0.554745933942458,0.24081109616896332,0.6322085506282755,0.554745933942458,0.29164193441044517,0.3837728287230986,True
4462,2024,-1.022367343286194,1.0393845094929506,0.24119688378183177,-1.022367343286194,0.8777577317009926,0.24119688378183177,False
4463,2024,1.0451157939434763,0.4011259021528313,1.1180843713320523,1.0451157939434763,0.4011259021528313,1.1013965448942618,True
4464,2024,-1.0392678364760182,1.3021112046490084,0.07106400361220486,-1.0392678364760182,0.6286431088775486,0.18039323993873504,False
4465,2024,0.2861881843380433,0.9707504430519617,0.3847213737441088,0.2861881843380433,0.9707504430519617,0.3847213737441088,True
4466,2024,-1.0422561472201153,1.0554635855967012,0.0546330270077332,-1.0422561472201153,0.9275990543019096,0.0953171960560519,False
4467,2024,0.49500957374221805,0.24624110320577303,0.5903040145343726,0.49500957374221805,0.24624110320577303,0.8275500089472492,True
4468,2024,-1.045626365224764,1.0269750536286553,0.12618549929016923,-1.045626365224764,0.7708559709110744,0.7021410950599842,False
4469,2024,-1.0468171183747448,1.051570691652148,0.16650936652228715,-1.0468171183747448,0.9529459130197324,0.40346500349626635,False
4470,2024,-1.0455491487890876,1.9775101867835732,0.246255985523993,-1.0455491487890876,0.6218585493030069,0.7549362788538707,False
4471,2024,0.19708301850668303,0.38034077519215936,0.2944166133546975,0.19708301850668303,0.38034077519215936,0.30452533827673833,True
4472,2024,0.27852849563104964,0.2696327546697561,0.37697470439619785,0.27852849563104964,0.30541340457857,0.37697470439619785,True
4473,2024,0.19896022623024795,1.746169521038795,0.30932910993861445,0.19896022623024795,0.8744238475753773,0.314685458162655,True
4474,2024,0.3326834435382939,0.4001026295433058,0.42639508805615367,0.3326834435382939,0.4001026295433058,0.476693704341604,True
4475,2024,0.1928648756518726,0.3376872912566368,0.28944624964856114,0.1928648756518726,0.3376872912566368,0.28944624964856114,True
4476,2024,0.5376336737589823,0.011816157312876652,0.6345276476991549,0.5376336737589823,0.21978052601872122,0.6345276476991549,True
4477,2024,-1.0437067152200843,1.408006968513393,0.1906552749627221,-1.0437067152200843,0.8206466183177196,0.2001288289981275,False
4478,2024,-1.0451925245530682,1.4497204370957173,0.15795095978492157,-1.0451925245530682,0.8424051188528965,0.20325472344420625,False
4479,2024,-1.0460138924881488,1.287030443689647,0.08223040588915641,-1.0460138924881488,0.6690564842800883,0.3488562674085852,False
4480,2024,0.7483682943679023,1.218087660063836,0.8579138961023935,0.7483682943679023,0.9879766441996078,0.8579138961023935,True
4481,2024,0.9470368069096184,0.9465820640958412,1.0525607175823553,0.9470368069096184,0.8719152855030539,1.0525607175823553,True
4482,2024,0.6250077951165716,0.3249850208486074,0.7238302737083103,0.6250077951165716,0.3249850208486074,0.7176752543740337,True
4483,2024,-1.0467263608907909,1.2577176275818993,0.20498013648717592,-1.0467263608907909,0.7275529535810746,0.35049072720340235,False
4484,2024,-1.0455325831764373,1.3754357691691008,0.12794751341107655,-1.0455325831764373,0.9473037050627889,0.8685667737329086,False
4485,2024,0.1706932538437292,0.9421089124043742,0.27268341402053486,0.1706932538437292,0.9421089124043742,0.5220290583726926,True
4486,2024,0.2920820153313843,0.10789576554360808,0.38749662033925253,0.2920820153313843,0.4861110297070777,0.6612966275251118,True
4487,2024,0.17821591535219952,0.38883114138153624,0.2753728144130581,0.17821591535219952,0.2954643931470673,0.2753728144130581,True
4488,2024,0.2907875445783981,0.028372068049283536,0.38656942717183757,0.2907875445783981,0.13713166223831127,0.5272475979163361,True
4489,2024,1.3839350192308528,0.6390568761205323,1.4907277319388963,1.3839350192308528,0.6390568761205323,1.4907277319388963,True
4490,2024,1.9339091207265544,0.08087238307059245,2.0344130650355896,1.9339091207265544,0.5776598790756741,0.0,True
4491,2024,-1.044997525034969,1.264092180459057,0.14059052297176733,-1.044997525034969,0.8178700858095589,0.4327743054956625,False
4492,2024,0.2024991575991672,0.14067648191835466,0.29711843163791946,0.2024991575991672,0.3298620955327108,0.29711843163791946,True
4493,2024,0.17468304416493144,0.18356702284316634,0.2734515650629395,0.17468304416493144,0.18356702284316634,0.2734515650629395,True
4494,2024,-1.0476989065482167,1.1305958520598265,0.02072111527255525,-1.0476989065482167,0.9725973481064748,0.24088296504363146,False
4495,2024,-1.0499257481639526,1.0052673249333284,0.002709615431084648,-1.0499257481639526,0.9293980928628967,0.14902884870977884,False
4496,2024,2.2282871583268253,1.6495036439285602,2.352684008048813,2.2282871583268253,0.8579076741035487,0.08841560570469545,True
4497,2024,2.907451603569261,0.8885150739654026,3.0293360208256015,2.907451603569261,0.8885150739654026,2.132706653947342,True
4498,2024,0.3783293103342338,1.235398289179656,0.48492269294904405,0.3783293103342338,0.46567972894311893,0.48492269294904405,True
4499,2024,0.17954499817115094,0.33313918016324456,0.2731971823484042,0.17954499817115094,0.9890429639448928,0.0,True
4500,2024,0.1772428643931571,0.8348152127942413,0.28267477142081077,0.1772428643931571,0.8348152127942413,0.28267477142081077,True
4501,2024,0.23142327935640672,1.0216679970734317,0.33221275628669145,0.23142327935640672,0.7224489734316465,0.18544753176278417,True
4502,2024,0.4348379407571475,0.3338016277804471,0.5329315643528643,0.4348379407571475,0.3338016277804471,0.5329315643528643,True
4503,2024,0.30936659726188176,0.5124080988087909,0.4082886449412687,0.30936659726188176,0.5124080988087909,0.4082886449412687,True
4504,2024,0.6135778417764722,0.29383205176965577,0.7118024509924031,0.6135778417764722,0.5876641035393633,0.7118024509924031,True
4505,2024,0.21230216911354619,0.2912274459529749,0.30661304687123075,0.21230216911354619,0.8044471337266484,0.2461696146923435,True
4506,2024,0.20481055144972982,0.2181057469271876,0.2989266582250207,0.20481055144972982,0.5624249717716006,0.2989266582250207,True
4507,2024,0.7668605765102271,0.899014702742083,0.8686349818735042,0.7668605765102271,0.899014702742083,0.8686349818735042,True
4508,2024,0.18717880606241497,0.4411767133015053,0.2835325920960924,0.18717880606241497,0.4411767133015053,0.49788323172077537,True
4509,2024,0.43576090862300043,0.21189874188597108,0.5320010966498314,0.43576090862300043,0.21189874188597108,0.552289274064426,True
4510,2024,1.3084391185869106,0.2660532045945266,1.4096348361079245,1.3084391185869106,0.34653988833738253,1.4096348361079245,True
4511,2024,0.19477799114630287,0.5024048379743136,0.2920156266486888,0.19477799114630287,0.5024048379743136,0.2920156266486888,True
4512,2024,0.9495555908345255,0.20868245315171105,1.0456805532927076,0.9495555908345255,0.20868245315171105,1.0456805532927076,True
4513,2024,0.7415394197157008,0.0790015819295368,0.8399727019863088,0.7415394197157008,0.44496479233851916,0.8399727019863088,True
4514,2024,-1.0463701876282197,1.0048961316659226,0.15259533851223667,-1.0463701876282197,0.8188042554314904,0.15259533851223667,False
4515,2024,-1.0472785174081403,1.1290837577579824,0.15172458110973258,-1.0472785174081403,0.8888531710009491,0.20988567053512144,False
4516,2024,-1.0491689202754877,1.1029845221019106,0.052585674474478095,-1.0491689202754877,0.9951838894292334,0.2287476839639588,False
4517,2024,0.15138499332039537,0.37044074366748314,0.25251497059690947,0.15138499332039537,0.37044074366748314,0.7280634685230121,True
4518,2024,0.3232012097087183,0.04893766203736129,0.42369712658700864,0.3232012097087183,0.37991079739562683,0.42369712658700864,True
4519,2024,0.5000054446100417,0.6325989565495115,0.6049802910869057,0.5000054446100417,0.6325989565495115,0.6049802910869057,True
4520,2024,0.31315817710715677,0.09486505678457564,0.4150346234326458,0.31315817710715677,0.1080407591158183,0.5428389360452083,True
4521,2024,0.8055865906407135,0.34842049246332946,0.9125936744903548,0.8055865906407135,0.34842049246332946,0.9125936744903548,True
4522,2024,-1.0520006433396796,1.5659537678423534,0.09804472444163259,-1.0520006433396796,0.8520224645138721,0.19747036049508643,False
4523,2024,-1.0515526440430536,1.4608000233798477,0.12708550250175252,-1.0515526440430536,0.9210282654424905,0.7256172239614468,False
4524,2024,0.6760049801088246,0.7181318281302645,0.7811488806902059,0.6760049801088246,0.7181318281302645,0.832350235895091,True
4525,2024,0.32940912044709375,0.3530984171711729,0.430543794914994,0.32940912044709375,0.32159521266522395,0.430543794914994,True
4526,2024,0.23324803138631242,0.2132863656989643,0.33770341235667795,0.23324803138631242,0.2132863656989643,0.33770341235667795,True
4527,2024,0.4498422755678212,0.26995375105124153,0.5565200406287627,0.4498422755678212,0.23672867399880812,0.5565200406287627,True
4528,2024,0.4210105302390136,0.04491543032684838,0.5253744274596324,0.4210105302390136,0.04763757761938277,0.7649233892028443,True
4529,2024,1.0367869658894846,0.3589467367885392,1.1469792278989746,1.0367869658894846,0.4208341052003283,1.0795907600727443,True
4530,2024,0.5827702707483988,0.13356634617793625,0.6905664281114355,0.5827702707483988,0.5129516060662533,0.6905664281114355,True
4531,2024,0.4461650753563554,0.08803263919948726,0.5519506743458705,0.4461650753563554,0.5952683222059841,0.5519506743458705,True
4532,2024,0.2875036000104033,0.0658634425470871,0.39237795559986044,0.2875036000104033,0.14013498414279818,0.3965820051241087,True
4533,2024,0.2966114300682892,0.06880121142048824,0.40277375852408515,0.2966114300682892,0.06880121142048824,0.4500745913756586,True
4534,2024,-1.0550578968690356,1.4844546749626155,0.10101318794125232,-1.0550578968690356,0.9530374688369228,0.16103551700783408,False
4535,2024,1.1534706348996224,0.5692754725764151,1.2664622241761467,1.1534706348996224,0.5692754725764151,0.8560216365408136,True
4536,2024,1.3464752549091752,0.37683554142623127,1.4595346716432451,1.3464752549091752,0.37683554142623127,1.0095817863582033,True
4538,2024,0.25677842539753354,0.32647927544149175,0.35507600029771125,0.25677842539753354,0.32647927544149175,0.3074147922041024,True
4539,2024,0.5429667776282913,0.7185380245265448,0.6435911775974923,0.5429667776282913,0.6483497075611858,0.6435911775974923,True
4540,2024,0.5694799874788741,0.7252592551163328,0.6727573225069218,0.5694799874788741,0.6532217196754678,0.6727573225069218,True
4541,2024,0.6745624044391775,0.6250470833986876,0.778244897957248,0.6745624044391775,0.5527377149270557,0.778244897957248,True
4542,2024,0.20366331478055913,0.40179924523427896,0.3038296761802961,0.20366331478055913,0.6783462566146832,0.3038296761802961,True
4543,2024,0.21467339995461587,0.3494953013417098,0.3124463294679567,0.21467339995461587,0.3494953013417098,0.48287160008687285,True
4544,2024,0.40079871190210986,0.001261135386381047,0.5006707483823218,0.40079871190210986,0.17529781870318045,0.5006707483823218,True
4545,2024,0.6125237423422218,0.42236841014765664,0.7150735697636325,0.6125237423422218,0.42236841014765664,0.7150735697636325,True
4546,2024,0.8824743645885221,0.04195451557163653,0.9872421945445337,0.8824743645885221,0.1743734553445156,0.9872421945445337,True
4547,2024,0.4801701767083463,0.01893085726278812,0.580546289393623,0.4801701767083463,0.5477328034712924,0.580546289393623,True
4548,2024,0.8834629514524656,0.02415296005838653,0.9864577371211576,0.8834629514524656,0.5161106201948412,0.9864577371211576,True
4549,2024,0.2258774771298287,0.3237737560026123,0.32905985814148614,0.2258774771298287,0.3237737560026123,0.6554766652135053,True
4550,2024,1.645758506250899,0.9939388059603377,1.7575908579432622,1.645758506250899,0.9939388059603377,1.7575908579432622,True
4551,2024,0.4440994273962779,0.13035086086235623,0.5482799096064581,0.4440994273962779,0.13035086086235623,0.5482799096064581,True
4552,2024,1.707822453239012,0.9689983001048894,1.821233647150121,1.707822453239012,0.9689983001048894,1.821233647150121,True
4553,2024,2.042687416122549,0.005293798934517623,2.1545761663506586,2.042687416122549,0.45791360783619567,2.1545761663506586,True
4554,2024,-1.0522595703410618,1.4344973579025562,0.08315926712477399,-1.0522595703410618,0.7858550743292434,0.17186248539125842,False
4555,2024,0.875105367089203,0.4921597670274965,0.9780738517322863,0.875105367089203,0.4921597670274965,0.8281774759878959,True
4557,2024,0.28086100343009085,0.6150982759169209,0.3806067875884231,0.28086100343009085,0.6150982759169209,0.3806067875884231,True
4558,2024,-1.046815207823541,1.1256148310666925,0.12492950400295952,-1.046815207823541,0.97195154114305,0.2623519584062036,False
4559,2024,0.8494893629581775,0.03292079164901063,0.9488242450277241,0.8494893629581775,0.11169554309493768,1.0652227583582883,True
4560,2024,0.23846221372496193,0.4688201481824349,0.32304273892172686,0.23846221372496193,0.4688201481824349,0.2472384861061481,True
4561,2024,0.15578772814170816,0.408657693501037,0.25194530366290824,0.15578772814170816,0.408657693501037,0.32789053873828333,True
4562,2024,0.22901856809735394,0.08111152199843893,0.33821974267261384,0.22901856809735394,0.172935886524925,0.4376961375763361,True
4563,2024,0.21346550807804937,0.35685902231159844,0.3238456325823256,0.21346550807804937,0.35685902231159844,0.3238456325823256,True
4564,2024,0.4128835810468292,0.0,0.525378097222964,0.4128835810468292,0.16818506161095587,0.525378097222964,True
4565,2024,0.24830570032611582,0.6180254538093207,0.3643097411928838,0.24830570032611582,0.483035683635124,0.37732080337833074,True
4566,2024,-1.058942399411787,1.3167478259666159,0.20451280451090367,-1.058942399411787,0.9596370057821197,0.7063557632723889,False
4567,2024,1.1593376488329592,0.8232536092511689,1.274963922941488,1.1593376488329592,0.8232536092511689,1.274963922941488,True
4568,2024,0.35315321981367914,0.158304603553856,0.46285250753380014,0.35315321981367914,0.3407318133635906,0.4130996321311577,True
4569,2024,1.1438615501384979,0.015150503123877616,1.2574917592829444,1.1438615501384979,0.6045050746433025,1.2574917592829444,True
4570,2024,1.6732028322356212,0.6103303050639297,1.789733155642018,1.6732028322356212,0.6103303050639297,1.6873000974494978,True
4572,2024,1.1055113606124412,0.0348024573945712,1.2103521293890411,1.1055113606124412,0.45500990593648727,1.0646974002932192,True
4574,2024,1.0530181859065233,0.1407325038766516,1.1547282369365457,1.0530181859065233,0.7301250414796967,1.1222515052727073,True
4576,2024,-1.0535316492869042,1.1532398725920203,0.04292456101455015,-1.0535316492869042,0.8055509283738062,0.06295602282134023,False
4577,2024,0.5454449814091735,0.20648490977516157,0.6468201992957775,0.5454449814091735,0.720209414215833,0.6468201992957775,True
4578,2024,0.17932539862407731,0.557341509409782,0.29410732712295135,0.17932539862407731,0.557341509409782,0.29410732712295135,True
4579,2024,0.4526966935004872,0.22031758636710383,0.5688797379331069,0.4526966935004872,0.29266067442796956,0.5688797379331069,True
4580,2024,0.3386661677095752,0.11846847190469177,0.4527767624850377,0.3386661677095752,0.3618968388321346,0.4170739353356381,True
4581,2024,0.1877030116541191,0.6181362841897505,0.3016898575355319,0.1877030116541191,0.6181362841897505,0.3016898575355319,True
4582,2024,0.4070971941039076,0.41807723534927727,0.5238558129677967,0.4070971941039076,0.41807723534927727,0.5238558129677967,True
4583,2024,0.22081494526503972,0.11002844580646967,0.33685631869972305,0.22081494526503972,0.11849217240699694,0.47735418026795234,True
4584,2024,0.614452010349859,0.23749874374585517,0.7350326083813535,0.614452010349859,0.23749874374585517,0.7350326083813535,True
4585,2024,1.3534625570940002,2.163662616571908,1.4872033190710559,1.3534625570940002,0.6714236203481313,0.6814949746533441,True
4586,2024,0.2594030013073678,0.2982578895769041,0.3523901044111224,0.2594030013073678,0.2982578895769041,0.3523901044111224,True
4587,2024,-1.0397817394202378,1.0324068195456446,0.10738732108556674,-1.0397817394202378,0.8442131974451539,0.14034778597321787,False
4588,2024,-1.054146628509819,1.141356761436051,0.23375448211456454,-1.054146628509819,0.85998562555735,0.23375448211456454,False
4589,2024,0.14367748881183737,0.5652336911996784,0.2513764230785311,0.14367748881183737,0.5652336911996784,0.44172504402237994,True
4590,2024,0.338350982334821,0.3860740956084047,0.4484399110528523,0.338350982334821,0.3860740956084047,0.34004218420894755,True
4591,2024,0.15645518675271086,0.526572624481666,0.26328631224086624,0.15645518675271086,0.526572624481666,0.8600686199867589,True
4592,2024,-1.0550769378495184,1.2265452605124787,0.21101853944301782,-1.0550769378495184,0.7883887098634833,0.21101853944301782,False
4593,2024,-1.0565267871414226,1.4158347127916864,0.02106449094487808,-1.0565267871414226,0.9659573704700181,0.06018425984238173,False
4594,2024,-1.060048309783554,1.4935137654302522,0.04130995521399028,-1.060048309783554,0.6466596835426928,0.1572955986995329,False
4595,2024,-1.0612430066922003,1.2387879973277025,0.07934720505755512,-1.0612430066922003,0.9780757521384561,0.25909291447375005,False
4596,2024,0.7740869353963867,0.16953169394461842,0.8870140415317699,0.7740869353963867,0.36630955298752577,0.6826678032948781,True
4597,2024,2.6703886509142887,0.8456348392124792,2.791176161730464,2.6703886509142887,0.9168308995585133,2.791176161730464,True
4598,2024,0.227858583253773,0.05644806055784502,0.33304355729122787,0.227858583253773,0.40078122996062904,0.33304355729122787,True
4599,2024,2.8820020515017313,0.2603777697693824,3.0071374797642836,2.8820020515017313,0.29499446748438934,3.0071374797642836,True
4600,2024,0.2798309245896411,0.7980004994737949,0.38979255166605403,0.2798309245896411,0.7980004994737949,0.38979255166605403,True
4601,2024,0.30717050123160644,0.4449366826249694,0.42126983780454724,0.30717050123160644,0.4449366826249694,0.35184709299779865,True
4602,2024,0.2523351504323655,0.13439444483005744,0.3630194774145544,0.2523351504323655,0.8326276524529693,0.3630194774145544,True
4603,2024,0.3038204860077479,0.8118198076957795,0.4184962574555283,0.3038204860077479,0.8118198076957795,0.29105942717771865,True
4604,2024,0.5342740599549343,0.582977678745602,0.6491535233599026,0.5342740599549343,0.582977678745602,0.5215286801750726,True
4605,2024,0.776475448935299,0.36800714178991906,0.8941927918929645,0.776475448935299,0.36800714178991906,0.763453412572882,True
4606,2024,-1.0571986068529495,1.071181841259511,0.03489685885123356,-1.0571986068529495,0.9376634247852201,0.0,False
4607,2024,-1.0547617629581105,2.289474344338752,0.08839109810423508,-1.0547617629581105,0.9766491823318045,0.8665225683003558,False
4608,2024,0.6830514380231322,2.8041654307369424,0.7996157319961887,0.6830514380231322,0.7996157319961887,1.196362282021824,True
4609,2024,0.2990774777048118,0.2563439707286001,0.3965859636832361,0.2990774777048118,0.4264736015260574,0.3965859636832361,True
4610,2024,0.2732348206372845,0.46048755520744145,0.37184370083001106,0.2732348206372845,0.46048755520744145,0.46394121187152026,True
4611,2024,0.3706105796339886,0.13234354149206096,0.4671613900531557,0.3706105796339886,0.14931066219618058,0.6685045557418909,True
4612,2024,0.24221857467339325,0.33610528728194067,0.33952330715262746,0.24221857467339325,0.33610528728194067,0.4899161814618627,True
4613,2024,-1.045671524816332,1.0163894422418758,0.14943415370180846,-1.045671524816332,0.7424268271218486,0.42458275416870145,False
4614,2024,0.7762601940053816,0.5302453964703645,0.8842086822408503,0.7762601940053816,0.5302453964703645,0.8842086822408503,True
4615,2024,0.4084016605191015,0.11886683349124072,0.516504693146386,0.4084016605191015,0.11886683349124072,0.46273160180510436,True
4616,2024,0.7153875004703412,0.04259526461518,0.8249282913801448,0.7153875004703412,0.610532126150569,0.8249282913801448,True
4617,2024,0.8139071672264173,0.8937251981451775,0.927083525914238,0.8139071672264173,0.8937251981451775,0.927083525914238,True
4618,2024,0.25246988578732255,0.19340009101946626,0.3572529459109254,0.25246988578732255,0.22563343952268008,0.6930169928197082,True
4619,2024,1.2627541343413489,0.12103648809034483,1.3735601457438449,1.2627541343413489,0.37534910913399466,1.3735601457438449,True
4620,2024,0.3223747300532665,0.14115420567918016,0.42346261703748367,0.3223747300532665,0.5508761478275823,0.8219421888220402,True
4621,2024,0.6940489588225403,0.5695955782982695,0.7981915864402095,0.6940489588225403,0.5695955782982695,0.724939826925138,True
4622,2024,0.6494972710408317,0.2737204447727069,0.7539984474061682,0.6494972710408317,0.6184054493012261,0.6804994390875907,True
4623,2024,0.3863572730120999,0.1119293376027564,0.49568706652648326,0.3863572730120999,0.1119293376027564,0.4360883283224379,True
4624,2024,0.15506206048280755,0.361332138159178,0.2647818502300184,0.15506206048280755,0.6085593905839067,0.2647818502300184,True
4625,2024,0.7381971851613851,0.5465673286468964,0.8492363332200822,0.7381971851613851,0.5465673286468964,0.7934041867454538,True
4626,2024,0.579833318711432,0.0014516121759217298,0.6895157835791265,0.579833318711432,0.6895157835791265,0.6343545208928465,True
4627,2024,0.22401877032589212,0.2779857602852391,0.3330037753416405,0.22401877032589212,0.5530758355675096,0.3330037753416405,True
4628,2024,0.23081974344957806,0.3918069206061482,0.34082832498826215,0.23081974344957806,0.36558935714547186,0.34082832498826215,True
4629,2024,-1.0559571775396128,1.091963071322917,0.004338926111179952,-1.0559571775396128,0.9791509924312515,0.6985671039058916,False
4630,2024,0.8249841104389184,0.18389398409551502,0.9319138742886335,0.8249841104389184,0.35672667591461754,0.9319138742886335,True
4631,2024,0.7713764046003013,0.046907570669629105,0.8812937519738039,0.7713764046003013,0.2658095671276397,0.8812937519738039,True
4632,2024,1.0517920674743093,0.0,1.1614648216399313,1.0517920674743093,0.5516957902789941,1.1614648216399313,True
4633,2024,0.3940396805764747,0.3269579787734909,0.4989720157989695,0.3940396805764747,0.5856355764376548,0.4989720157989695,True
4634,2024,-1.04982725323556,1.119343647181404,0.09941114282925646,-1.04982725323556,0.8585507789799742,0.4157193245586928,False
4635,2024,1.2873869237215894,0.2133162678770109,1.3932599667624,1.2873869237215894,0.2279436691028498,1.3932599667624,True
4636,2024,0.3969403403574811,0.6644562615370965,0.4961273419477007,0.3969403403574811,0.6511671363063666,0.4175000176658069,True
4637,2024,-1.047057504307756,1.267001651747626,0.13073208942817563,-1.047057504307756,0.9212336021385876,0.23947186474690635,False
4638,2024,-1.048411206604466,1.1306450644084796,0.13944622461039516,-1.048411206604466,0.7751200052667113,0.30653043968408356,False
4639,2024,-1.0508317737879127,1.098512220323978,0.2347361047031114,-1.0508317737879127,0.7253081886893076,0.2347361047031114,False
4640,2024,-1.0421029544409248,1.40220407840764,0.009692654919884166,-1.0421029544409248,0.9983434567464529,0.4124763149233337,False
4641,2024,0.25600096139122924,0.043035104147231655,0.36436388178028606,0.25600096139122924,0.13484332632805776,0.36436388178028606,True
4642,2024,-1.0580992151067619,1.6215642292128911,0.035411775706163016,-1.0580992151067619,0.7480737617933982,0.1977157476929448,False
4643,2024,-1.0593382557562716,1.0804272939784418,0.018057280679288277,-1.0593382557562716,0.8005394434491997,0.29644035781855543,False
4644,2024,1.6915552662798616,0.27661944682817025,1.8085576015975762,1.6915552662798616,0.27661944682817025,1.1963440035412412,True
4646,2024,0.6440064212862466,0.19408335201294705,0.7470378077478654,0.6440064212862466,0.19408335201294705,0.7470378077478654,True
4647,2024,0.2522967529223301,0.07114686746195897,0.35099121281238843,0.2522967529223301,0.1648235762868815,0.7494136705994341,True
4648,2024,0.5783633624776259,0.8694262483123574,0.6819029398527869,0.5783633624776259,0.8694262483123574,0.6819029398527869,True
4649,2024,0.809322102152572,0.6711728054950358,0.9152356438568001,0.809322102152572,0.6711728054950358,0.9152356438568001,True
4650,2024,1.1389164680636386,0.0,1.2446173151415059,1.1389164680636386,0.33786018933984224,1.2446173151415059,True
4651,2024,0.35371915502733214,0.15265326962656212,0.4592757853418331,0.35371915502733214,0.2539834572234748,0.4592757853418331,True
4652,2024,0.18720773744764604,0.687020986215176,0.29519398829669347,0.18720773744764604,0.6486325303380327,0.4871362676824102,True
4653,2024,-1.0511786688199676,1.4046530636139682,0.012804494654627695,-1.0511786688199676,0.7439411394345387,0.6671141715067143,False
4654,2024,0.165208719519704,0.09765213701907044,0.2675922196234933,0.165208719519704,0.18262217832128186,0.5301116009603468,True
4655,2024,-1.0524626904517993,2.1925226758859075,0.17430096586539714,-1.0524626904517993,0.8937839001519565,0.24769084622977175,False
4656,2024,0.3647007180839243,0.26060767036286286,0.4620858692989526,0.3647007180839243,0.2638926409977112,0.4620858692989526,True
4657,2024,-1.0434891642044295,1.1515868073324191,0.18394912139809685,-1.0434891642044295,0.9426031901227954,0.5823241417040057,False
4658,2024,-1.0448141134362459,1.1134944167455865,0.23099682764309015,-1.0448141134362459,0.8981964026316756,0.26239445470139755,False
4659,2024,0.32663246869711354,0.9325584499849104,0.42936308659480243,0.32663246869711354,0.9325584499849104,0.42936308659480243,True
4660,2024,0.5424178406675234,0.10148482697351295,0.6385087030416576,0.5424178406675234,0.44611038523769597,0.8213928183168374,True
4661,2024,-1.0478753083956138,1.221667300320422,0.14110076420286588,-1.0478753083956138,0.8827842683460453,0.5077215532427637,False
4662,2024,-1.0489352634573748,2.8453205210493473,0.2118593634721048,-1.0489352634573748,0.9964780526098888,0.39538869578218805,False
4663,2024,0.3350917637828932,0.2313375917298965,0.4395414242867683,0.3350917637828932,0.2313375917298965,0.4395414242867683,True
4664,2024,0.17655810342197836,2.758098592070434,0.2954646838267895,0.17655810342197836,0.8298703728353466,0.4303507351390588,True
4665,2024,0.5461104213512236,0.38819440137436384,0.6458751678038911,0.5461104213512236,0.38819440137436384,0.6458751678038911,True
4666,2024,1.1428583003669797,0.5412822761774364,1.253563466206641,1.1428583003669797,0.5412822761774364,1.1532783889101426,True
4667,2024,1.47013544596212,0.043170000979506594,1.57951415348692,1.47013544596212,0.19299529849679092,1.4804770924162294,True
4668,2024,0.21058983887932145,1.0547627178291332,0.31197207147059014,0.21058983887932145,0.7645029883290297,0.43196132972852946,True
4669,2024,0.27435588897127455,0.2535148625956346,0.3738468019843122,0.27435588897127455,0.21379363988478217,0.3738468019843122,True
4670,2024,0.5939201337160888,0.7051003791060062,0.6980611074343521,0.5939201337160888,0.7051003791060062,0.5514096142758703,True
4671,2024,0.8905443609181458,0.029681949894282418,0.997571620359937,0.8905443609181458,0.052911301985437004,0.7226909539477356,True
4672,2024,0.17768419844745523,0.1525912312536207,0.2817068884681863,0.17768419844745523,0.32083284519990524,0.25692711587149825,True
4673,2024,3.2833890410470183,0.6794488540672505,3.407944252290119,3.2833890410470183,0.6794488540672505,2.8301452267840803,True
4674,2024,3.456925712805718,0.588473799834143,3.584092168363446,3.456925712805718,0.588473799834143,2.994253000084182,True
4675,2024,3.8644491503248077,0.017678073407669102,3.9911650347280845,3.8644491503248077,0.16454206787124845,3.4037090568737054,True
4676,2024,-1.0379230544106675,1.0503687204984469,0.10552091293488199,-1.0379230544106675,0.9506562981838715,0.23814811543098977,False
4677,2024,0.822682556101924,0.5937819212015154,0.9153734348050243,0.822682556101924,0.5937819212015154,0.9153734348050243,True
4678,2024,0.328070542324456,0.13886240123807017,0.420641580392737,0.328070542324456,0.13886240123807017,0.5098378673193528,True
4679,2024,0.27425348060858007,0.34042189188340005,0.36810680477748214,0.27425348060858007,0.3547770319025658,0.36810680477748214,True
4680,2024,0.22806343450365266,0.3853287259381556,0.3299300273208172,0.22806343450365266,0.3853287259381556,0.2351366985756535,True
4681,2024,0.18184269871099262,0.5511177048263894,0.28413179448829196,0.18184269871099262,0.5511177048263894,0.28413179448829196,True
4682,2024,0.28441095932155197,0.07097566057116776,0.3837497580036402,0.28441095932155197,0.07097566057116776,0.7831382208789149,True
4683,2024,0.42113064922989524,0.41851593734062065,0.5219139924482625,0.42113064922989524,0.41851593734062065,0.5219139924482625,True
4684,2024,0.6383859611675294,0.2152570191531628,0.7408846240621441,0.6383859611675294,0.2152570191531628,0.7408846240621441,True
4685,2024,0.7608501313462035,0.12161445266802444,0.8668264179528663,0.7608501313462035,0.12161445266802444,0.8668264179528663,True
4686,2024,1.2914554872776594,1.7834318684834702,1.408235823220417,1.2914554872776594,0.6453371978523925,0.22011501322092833,True
4687,2024,0.42135364242654305,0.9852720841530143,0.5190754353533285,0.42135364242654305,0.9852720841530143,0.5190754353533285,True
4688,2024,0.16442872783644893,0.32150958709272637,0.25955757363296206,0.16442872783644893,0.32150958709272637,0.6750633190783355,True
4689,2024,0.17458852927753543,0.30643436370978594,0.27251174042095677,0.17458852927753543,0.20014347740457536,0.5031855787855504,True
4690,2024,0.5106944629407831,0.9268837762619572,0.614117575897635,0.5106944629407831,0.9268837762619572,0.614117575897635,True
4691,2024,0.1803426699813063,0.3244602211502572,0.2787615984529779,0.1803426699813063,0.3244602211502572,0.5358163511248234,True
4692,2024,1.0277365707889234,0.42100424229731453,1.1318802579795342,1.0277365707889234,0.42100424229731453,1.1318802579795342,True
4693,2024,0.7742242539563299,0.011129738120956167,0.8780126739851112,0.7742242539563299,0.15581633369310516,0.7691885679137023,True
4694,2024,0.6801323639625313,0.0,0.7837976777754346,0.6801323639625313,0.12395522380158067,0.7837976777754346,True
4695,2024,-1.0490016877454225,1.4863385284498138,0.06182772580906057,-1.0490016877454225,0.8952654697151701,0.4711272706650348,False
4696,2024,0.26598898084448175,0.9761794744251372,0.368165968855643,0.26598898084448175,0.9761794744251372,0.7375311753949357,True
4697,2024,0.5100398340270879,0.7249363972872652,0.6116650852110962,0.5100398340270879,0.7249363972872652,0.5508562755702511,True
4698,2024,0.24445866578469524,0.18161737961211333,0.3442420920753156,0.24445866578469524,0.202984130154753,0.42733501085209175,True
4699,2024,0.80353884117355,0.19145510618259476,0.9081844780456289,0.80353884117355,0.46759227856134683,0.8455933856398075,True
4700,2024,-1.046580298419359,1.1435453937659459,0.0633348218085712,-1.046580298419359,0.9054533784485532,0.24982068602267382,False
4701,2024,0.15900803134864017,0.5554565636041507,0.25721741069097437,0.15900803134864017,0.9290870265474673,0.03215217633641591,True
4702,2024,-1.0513563832285497,1.4084628946719564,0.07703534519626491,-1.0513563832285497,0.6393933651290981,0.14765107829287516,False
4703,2024,0.19830104258120537,1.0710587318675182,0.3076859629728955,0.19830104258120537,0.8490574674440642,0.431019998763677,True
4704,2024,0.3744224920984456,0.026536953850440748,0.4752527189583322,0.3744224920984456,0.05307390770093635,0.936030735816424,True
4705,2024,0.24493949633855,0.8263880111141559,0.34872837318934874,0.24493949633855,0.8263880111141559,0.34872837318934874,True
4706,2024,0.6639439948441532,0.40590243968378137,0.7676583904593963,0.6639439948441532,0.40590243968378137,0.7676583904593963,True
4707,2024,0.746251454050811,0.10405634307311944,0.8510322344197973,0.746251454050811,0.33446681702084163,0.8510322344197973,True
4708,2024,-1.0482025351390707,1.3217959887764885,0.2235036853749488,-1.0482025351390707,0.909635966821603,0.16342204952147207,False
4709,2024,0.5788414030185476,0.8220406217954018,0.6838628534594414,0.5788414030185476,0.8220406217954018,0.6206289594751838,True
4710,2024,0.9834335938146986,0.4216746771950777,1.088836840556603,0.9834335938146986,0.4216746771950777,0.777572803072773,True
4711,2024,-1.0520212910093742,1.1620768494856593,0.0,-1.0520212910093742,0.9675327340583635,0.06744196001485249,False
4712,2024,0.15759549543280574,0.8466978295037721,0.26149887987671744,0.15759549543280574,0.8466978295037721,0.30085065306204284,True
4713,2024,0.34312557390709175,0.27055653361282983,0.44716982638777103,0.34312557390709175,0.27055653361282983,0.6889170994770143,True
4714,2024,0.17470785556089388,0.3301267659259781,0.2778047879302031,0.17470785556089388,0.5730502351923312,0.2778047879302031,True
4715,2024,0.5203963673097394,0.23819362623790394,0.6230643802117254,0.5203963673097394,0.23819362623790394,0.6230643802117254,True
4716,2024,0.5204905641882298,0.030684329251571246,0.6251932085001318,0.5204905641882298,0.25314571632521565,0.6251932085001318,True
4717,2024,-1.0514436372596436,1.200633774594931,0.05119973452431514,-1.0514436372596436,0.8063958187578033,0.3135983739613356,False
4718,2024,0.6880067314852766,0.12887903237739454,0.7913413483358084,0.6880067314852766,0.1710357252111043,0.9117890421464391,True
4719,2024,0.8621842847295419,0.1196073385876149,0.9650670554667552,0.8621842847295419,0.8419418539795344,0.9650670554667552,True
4720,2024,0.20846030284678202,1.0505238920421485,0.31089222018769597,0.20846030284678202,0.962980234371995,0.8529894849915588,True
4721,2024,0.9286079506431101,0.01887288501027148,1.0321108989972267,0.9286079506431101,0.3102230473557508,1.0321108989972267,True
4722,2024,0.47557614450759933,0.1959927098925548,0.5755161654648286,0.47557614450759933,0.47582045176229765,0.5335986494762605,True
4723,2024,-1.0454111541105424,1.2144281426560801,0.07058023338315986,-1.0454111541105424,0.9634762017381955,0.07058023338315986,False
4724,2024,-1.0462316155171905,1.2323146202146409,0.0034167688175716126,-1.0462316155171905,0.9464449624753645,0.5147931685184908,False
4725,2024,0.44561410247770555,0.8287642095004482,0.5498421858892566,0.44561410247770555,0.8287642095004482,0.5498421858892566,True
4726,2024,0.40824303269277407,0.6918896013164624,0.5099895932283698,0.40824303269277407,0.8358472764290708,0.5099895932283698,True
4727,2024,0.6345830639087295,0.0025212153618658934,0.7399767087082989,0.6345830639087295,0.1298425911362368,0.6214795867004873,True
4728,2024,-1.0511079383214537,1.0328701045838444,0.15505556049446104,-1.0511079383214537,0.9553423243366425,0.15505556049446104,False
4729,2024,0.4922927171390537,0.27275252733347183,0.5968754858239288,0.4922927171390537,0.27275252733347183,0.8133651599854698,True
4730,2024,0.21573742472384905,0.7721127942992186,0.31842171051724316,0.21573742472384905,0.7721127942992186,0.6045224203428379,True
4731,2024,0.34384635745214814,0.6687812733821619,0.44912650652825703,0.34384635745214814,0.6687812733821619,0.44912650652825703,True
4732,2024,0.716216153675928,0.04862631903022669,0.8205691336348888,0.716216153675928,0.2868952822782877,0.8205691336348888,True
4733,2024,1.194110031400512,0.862633309885557,1.305253435785487,1.194110031400512,0.862633309885557,1.305253435785487,True
4734,2024,1.3350654030903732,0.7373249784130089,1.4470752015357735,1.3350654030903732,0.7373249784130089,1.4470752015357735,True
4735,2024,0.47855479240724413,0.22986083825556375,0.5811353500511451,0.47855479240724413,0.22986083825556375,0.6848674206485261,True
4736,2024,0.5447511706503839,0.08031310236328829,0.6459966929220187,0.5447511706503839,0.31310470341627944,0.6459966929220187,True
4737,2024,0.19842992935779522,0.04510611898502081,0.2972377584398685,0.19842992935779522,0.46609656284533774,0.2972377584398685,True
4738,2024,0.4160236360692613,0.013180237035037876,0.5176238544663625,0.4160236360692613,0.0694957952755651,0.5176238544663625,True
4739,2024,0.49546009661041956,0.002431805812204145,0.5982242298027726,0.49546009661041956,0.12766980514085585,0.5982242298027726,True
4740,2024,0.21070863939605589,0.12783586347035975,0.3113040008584099,0.21070863939605589,0.22489642647565877,0.5977510282642439,True
4741,2024,0.15192546014379016,0.5835692345190878,0.25599398853126065,0.15192546014379016,0.5835692345190878,0.25599398853126065,True
4742,2024,0.4977091789115797,0.14413224324145782,0.6003524842453888,0.4977091789115797,0.4204849740845948,0.5634260417620477,True
4743,2024,-1.0484004652754655,1.2510243201147786,0.22917725977551515,-1.0484004652754655,0.9899512561437052,0.22917725977551515,False
4744,2024,0.9635894561793977,0.04546531310187891,1.0661615922388303,0.9635894561793977,0.04546531310187891,1.0661615922388303,True
4745,2024,0.8334124133328008,0.2544760326044227,0.9435188285795654,0.8334124133328008,0.2544760326044227,0.9435188285795654,True
4746,2024,0.20869707104085575,0.07531763890271004,0.3111482787455546,0.20869707104085575,0.07531763890271004,1.0643246677724867,True
4747,2024,-1.0522960661991747,1.0272550683182533,0.08401342566175829,-1.0522960661991747,0.8566823556111665,0.12602013849260849,False
4748,2024,0.45687339599357213,0.08626859603820711,0.560138348924479,0.45687339599357213,0.9137180876164763,0.560138348924479,True
4749,2024,1.0980145722471575,0.9771889769210538,1.203837370807737,1.0980145722471575,0.9771889769210538,1.0378762517869036,True
4750,2024,0.5276389710956351,0.41559586676258103,0.6319501856359787,0.5276389710956351,0.41559586676258103,0.683288498589011,True
4751,2024,0.7763591774106807,0.085062034907848,0.8831440683081571,0.7763591774106807,0.1888877539865607,0.8831440683081571,True
4752,2024,1.1428678844342692,0.2723644710069596,1.2501152678475744,1.1428678844342692,0.2723644710069596,1.0819270691612364,True
4753,2024,1.066663635612979,0.0640588908643853,1.1761212362701516,1.066663635612979,0.37794745609985003,1.0044434087535803,True
4754,2024,1.3103689097598434,0.10018180050452202,1.418236332443659,1.3103689097598434,0.7857632786560451,1.418236332443659,True
4755,2024,0.17073354568109692,0.6047649562024467,0.27650005304455144,0.17073354568109692,0.6047649562024467,0.27650005304455144,True
4756,2024,0.40303167883200175,0.3823158473209644,0.5101806792008173,0.40303167883200175,0.3823158473209644,0.5101806792008173,True
4757,2024,1.0791811137926872,0.5193514437883116,1.1897642450246755,1.0791811137926872,0.5193514437883116,1.1897642450246755,True
4758,2024,0.16146337379376888,0.23228219906936468,0.26812002406863567,0.16146337379376888,0.23228219906936468,0.26812002406863567,True
4759,2024,0.840961007216331,0.8905731070016436,0.9540889431610646,0.840961007216331,0.8905731070016436,0.9527375423916852,True
4760,2024,0.3688592163069242,0.550465108815504,0.4804558306369474,0.3688592163069242,0.4818285615816544,0.4804558306369474,True
4761,2024,0.7278536308307888,0.0,0.8363001965596225,0.7278536308307888,0.04756209648682055,0.9446360830018082,True
4762,2024,0.8697472850323935,0.07915272766593048,0.9783796173786695,0.8697472850323935,0.5268197939731252,0.9770820316791999,True
4763,2024,0.1942156122305848,0.24784037940056283,0.29765754108906695,0.1942156122305848,0.9041814846471993,0.29765754108906695,True
4764,2024,0.39978830769958595,0.17917706618579665,0.5047241301008097,0.39978830769958595,0.1287046531757042,0.5337457675816086,True
4765,2024,-1.051428346379576,1.2846743077489482,0.1297269153903625,-1.051428346379576,0.8942340769625077,0.6322612769509619,False
4766,2024,-1.0495665684487308,1.0080423086178325,0.11038730455380108,-1.0495665684487308,0.991059646378799,0.33601410287261085,False
4767,2024,0.5540778557413213,0.272849509036085,0.6626345219447948,0.5540778557413213,0.272849509036085,0.4950269663940543,True
4768,2024,0.3328976472082686,0.3968935866164869,0.43575853723476476,0.3328976472082686,0.3274077658141745,0.43575853723476476,True
4769,2024,0.2318059093813821,0.1944006784041569,0.33210115894050707,0.2318059093813821,0.1944006784041569,0.645687967556771,True
4770,2024,-1.0484429730547786,1.7504363321272898,0.09515794825663354,-1.0484429730547786,0.9656769563816324,0.09515794825663354,False
4771,2024,0.20518502913018813,0.8197386416533782,0.31339333376549744,0.20518502913018813,0.8197386416533782,0.6230996871338406,True
4772,2024,0.4162271170622019,0.2283667456110994,0.51944560271134,0.4162271170622019,0.2283667456110994,0.4756654494076669,True
4773,2024,0.47295484780264835,0.5853540727500295,0.5793319115078325,0.47295484780264835,0.5853540727500295,0.5793319115078325,True
4774,2024,0.4852923333130159,0.2697703890309585,0.5919606166888915,0.4852923333130159,0.2697703890309585,0.3004551726174532,True
4775,2024,0.5915756152267195,0.12233432303422252,0.7001687850256301,0.5915756152267195,0.17699433970903503,0.38392154569252007,True
4776,2024,0.26714786858300965,0.5350634814332608,0.3750564594735065,0.26714786858300965,0.7885146042173634,0.3750564594735065,True
4777,2024,0.5419240388209566,0.1317849293269068,0.648787344378627,0.5419240388209566,0.252165393615947,0.648787344378627,True
4778,2024,0.6152380392108676,0.26289575910753105,0.7210855106950008,0.6152380392108676,0.3567871016459391,0.7210855106950008,True
4779,2024,0.5181197238108476,0.3871737091818314,0.6272214088745833,0.5181197238108476,0.3871737091818314,0.6272214088745833,True
4780,2024,0.41072085083867416,0.22022755416411677,0.51635273998933,0.41072085083867416,0.22022755416411677,0.9344118258602158,True
4781,2024,0.8267763274072025,0.30503823318915685,0.9348742612314132,0.8267763274072025,0.3754316716174368,0.9262294530034172,True
4782,2024,2.102261249055113,0.02792425708199084,2.2129973737455915,2.102261249055113,0.9703679335982426,2.182746095240106,True
4783,2024,0.17835505290370093,0.7733118136428906,0.2753843646481244,0.17835505290370093,0.7733118136428906,0.41866552854251926,True
4784,2024,1.1360788022505846,0.14380325594876997,1.247166419773976,1.1360788022505846,0.25361665140058604,1.247166419773976,True
4785,2024,0.2089280681818526,0.4184200815661742,0.3114376743475388,0.2089280681818526,0.4184200815661742,0.7179708217783211,True
4786,2024,0.39866388317133705,0.8099598695738466,0.5041586943265665,0.39866388317133705,0.648204035562759,0.5041586943265665,True
4787,2024,0.3832142223797679,0.03640887643882733,0.48103848870705085,0.3832142223797679,0.5582694387288027,0.48103848870705085,True
4788,2024,-1.0460458594407016,1.357803705433141,0.16930500373275809,-1.0460458594407016,0.9978904193521844,0.2590030189554458,False
4789,2024,0.3751930236551325,0.15074531356327697,0.4749044088948672,0.3751930236551325,0.15074531356327697,0.43636801294634164,True
4790,2024,-1.0467526116775316,1.0018152510480556,0.1741792425117316,-1.0467526116775316,0.9904309868316109,0.1741792425117316,False
4791,2024,1.3632663893524914,0.1513955290134562,1.446335943183778,1.3632663893524914,0.41828250901344305,1.1094360110313242,True
4793,2024,1.8529557816528701,0.0,1.935215025318442,1.8529557816528701,0.6911865246980984,1.935215025318442,True
4794,2024,0.3350607073953414,0.07654158111796976,0.42630754040386654,0.3350607073953414,0.08332374653350223,0.4098365672519346,True
4795,2024,0.47644423824815685,0.21400328787450698,0.5680455936207688,0.47644423824815685,0.30670517294457217,0.5680455936207688,True
4796,2024,0.48451784744424475,0.12566014588491917,0.5786447040344347,0.48451784744424475,0.22497219666491883,0.5786447040344347,True
4797,2024,0.49433555562819853,0.8488364668349855,0.592469686126202,0.49433555562819853,0.8488364668349855,0.30178609225166053,True
4798,2024,0.17553181758574904,0.4818271716480914,0.26654269069897574,0.17553181758574904,0.9701781154462151,0.0,True
4799,2024,0.4488012483468159,0.05635667299108158,0.5386219730130049,0.4488012483468159,0.41574594829477735,0.4351474258818283,True
4800,2024,2.0432729239177423,0.026999899095522237,2.1423023385760827,2.0432729239177423,0.4785499356923894,2.13019893553327,True
4801,2024,0.22814478967520438,0.014180475469864529,0.31669728549344056,0.22814478967520438,0.4424308346595326,0.31669728549344056,True
4802,2024,1.10904887662001,0.04805165947991247,1.2042334253338727,1.10904887662001,0.04805165947991247,1.108130106374003,True
4803,2024,0.22638902746509756,0.3118889655190942,0.31557995919391535,0.22638902746509756,0.9854953111669276,0.31557995919391535,True
4804,2024,1.0800466853504322,0.10563696944588015,1.1731263448986344,1.0800466853504322,0.21405385914026956,1.1731263448986344,True
4805,2024,0.5522706643142408,0.7209063071975429,0.6409022296798355,0.5522706643142408,0.8791752431564875,0.6409022296798355,True
4806,2024,0.7556845905351262,0.013833361551985028,0.843835054671873,0.7556845905351262,0.5101052072298804,0.843835054671873,True
4807,2024,0.2089432782892875,0.45073521293350616,0.29568907765747926,0.2089432782892875,0.5108897244340317,0.29568907765747926,True
4808,2024,0.26494330436885094,0.19573581480017918,0.3503083037411102,0.26494330436885094,0.19573581480017918,0.5830071050271659,True
4809,2024,-1.0331637804323923,1.575324889852711,0.0,-1.0331637804323923,0.9659609670355676,0.45106547359372023,False
4810,2024,0.43606261213797415,0.10927087991304202,0.5258077383849574,0.43606261213797415,0.10927087991304202,0.6490877054663033,True
4811,2024,0.4491322070320634,0.47726553254729664,0.5455965008635496,0.4491322070320634,0.47726553254729664,0.5455965008635496,True
4812,2024,-1.0396058113486382,1.1331004922698145,0.17112956496301313,-1.0396058113486382,0.5184516997695741,0.66527884130591,False
4813,2024,0.18613117186280345,0.3195559222513283,0.27805515312776874,0.18613117186280345,0.32266847993561526,0.27805515312776874,True
4814,2024,0.32072114038722044,0.32691748758829914,0.4071531111739453,0.32072114038722044,0.4071531111739453,0.4071531111739453,True
4815,2024,1.5848269320828339,0.188109911281623,1.6782524803742502,1.5848269320828339,0.3224741336256113,1.6782524803742502,True
4817,2024,-1.0292553146432752,1.004638642402693,0.14855175047723287,-1.0292553146432752,0.8828874654651594,0.574298004422276,False
4818,2024,-1.029490161236117,1.0592232261717278,0.07010131896844496,-1.029490161236117,0.9482936664853754,0.1633129628715598,False
4819,2024,-1.0358761700279175,1.1758264498982112,0.0158391835564375,-1.0358761700279175,0.9177409295956807,0.22547543650975782,False
4820,2024,0.24870804441211614,0.5038361211992667,0.3386743724451274,0.24870804441211614,0.5038361211992667,0.6829159948482945,True
4821,2024,-1.0349894175022596,1.0873957596619979,0.18123262661031228,-1.0349894175022596,0.8287522121376915,0.6283945344780444,False
4822,2024,0.18576673089446202,0.4828713822362635,0.27526449236882844,0.18576673089446202,0.4828713822362635,0.4096528808990567,True
4823,2024,0.18419548075655065,0.18631777897789586,0.2716751851106639,0.18419548075655065,0.19182470840580965,0.558953336933771,True
4824,2024,0.17767237356701657,1.107797475688662,0.2703776889816029,0.17767237356701657,0.8749722435100298,0.0948199534275652,True
4825,2024,0.1957956026296678,0.9527508088003455,0.28839068121531164,0.1957956026296678,0.9527508088003455,0.3688923744379836,True
4826,2024,0.7676053418260039,0.02849188064326035,0.8690023596202504,0.7676053418260039,0.18875870926173477,0.8690023596202504,True
4827,2024,-1.0455127594432123,1.782946850324376,0.04865741891724327,-1.0455127594432123,0.9129058596852757,0.15639884651967287,False
4828,2024,-1.0442412456574506,1.1432412289304268,0.1212868887273868,-1.0442412456574506,0.9556957621019979,0.8636075688089574,False
4829,2024,0.5845352439610516,0.03349835611696946,0.6807730436675342,0.5845352439610516,0.5359736978716096,0.6807730436675342,True
4830,2024,0.9282450279074876,0.02498744805650875,1.0332309771375743,0.9282450279074876,0.2073958188691931,1.0332309771375743,True
4831,2024,0.8851044485334758,0.08153669794933847,0.9880329280922501,0.8851044485334758,0.7626079396440116,0.7937837359187379,True
4832,2024,0.2141770711078376,0.3436853865180065,0.31265025128059437,0.2141770711078376,0.9908254286907676,0.31265025128059437,True
4833,2024,0.2749437984090248,0.16455341532200837,0.37283431163857533,0.2749437984090248,0.16455341532200837,0.3739850348226702,True
4834,2024,-1.0458906543934587,1.2252303953887627,0.11668860908464405,-1.0458906543934587,0.9895194050377837,0.11668860908464405,False
4835,2024,0.3254508242362462,0.3576135990304771,0.42561880802648755,0.3254508242362462,0.12780289276824405,0.42561880802648755,True
4836,2024,-1.0456499611677985,1.4301801634254347,0.11232993996132759,-1.0456499611677985,0.9704380380166306,0.7596746455118092,False
4837,2024,-1.04597501123842,1.006250934689976,0.07919567541539688,-1.04597501123842,0.8583413644288336,0.5450525896237259,False
4838,2024,-1.0440731253675173,1.1469539158023667,0.21735278287798002,-1.0440731253675173,0.6286511258625097,0.42801778782130906,False
4839,2024,-1.0473843560019573,1.5968260328921522,0.045181972635830195,-1.0473843560019573,0.9500104246320256,0.26395784013559404,False
4840,2024,-1.047347283325175,1.0651020108446256,0.15893504393451563,-1.047347283325175,0.9358190273456507,0.5586448186055919,False
4841,2024,-1.0480079732394891,1.025156553570835,0.13820985188822107,-1.0480079732394891,0.864112030501077,0.3761711620957503,False
4842,2024,0.5181215237609451,0.327149303672564,0.6194954899331341,0.5181215237609451,0.327149303672564,0.7958312848204612,True
4843,2024,0.3265797342269405,0.17570545855865796,0.4246215248501029,0.3265797342269405,0.278200309384529,0.5969480322826614,True
4844,2024,0.6870237076871772,0.40497366522485573,0.7872597301569726,0.6870237076871772,0.40497366522485573,0.724868829352005,True
4845,2024,0.8662346156923751,0.033157732280396965,0.9672910865248094,0.8662346156923751,0.23439086612009774,0.90440573219989,True
4846,2024,0.23295754685226508,0.47136199971605813,0.33116768129933966,0.23295754685226508,0.5508422432279277,0.33116768129933966,True
4847,2024,0.34238960475889296,0.6669769444599586,0.44174981965865384,0.34238960475889296,0.6669769444599586,0.44174981965865384,True
4848,2024,-1.0413915017029411,1.4920343207721862,0.24286547666414365,-1.0413915017029411,0.8372198077409969,0.7183489415255984,False
4849,2024,0.19728257188229867,1.0981740950737229,0.29485222278692774,0.19728257188229867,0.8705160863232779,0.5997334327434696,True
4850,2024,0.2862794732794778,1.021777650869587,0.38481219755250107,0.2862794732794778,0.791902996015869,0.38481219755250107,True
4851,2024,0.9141519039283998,0.23571503524187137,1.0093926105922326,0.9141519039283998,0.23571503524187137,1.0093926105922326,True
4852,2024,-1.0361707212105442,1.2115566754578493,0.10705950004048288,-1.0361707212105442,0.6361118627404009,0.1704030375644241,False
4853,2024,-1.0228013008511563,1.1943074558496123,0.03988622228504341,-1.0228013008511563,0.9749332332818217,0.2290608765513078,False
4854,2024,2.169940458979985,0.9873253436878725,2.254893301326493,2.169940458979985,0.9873253436878725,2.254893301326493,True
4855,2024,0.236661067489597,0.2503074483916241,0.3139553081293431,0.236661067489597,0.11015975723837479,0.3139553081293431,True
4856,2024,0.26870124938566803,0.18281587901980004,0.3645435682836049,0.26870124938566803,0.18281587901980004,0.3645435682836049,True
4857,2024,0.5856527113906919,0.09920520994761212,0.6834136685279556,0.5856527113906919,0.09920520994761212,0.5478332149328974,True
4858,2024,-1.0332041942947092,1.151059832514573,0.10886123049440773,-1.0332041942947092,0.9350251425411347,0.10970511600209638,False
4859,2024,-1.033882332307768,1.0098966089796353,0.059355081788414775,-1.033882332307768,0.9711867730306487,0.3475283049640211,False
4860,2024,-1.0342413918265947,1.4558891046467024,0.08160618714176024,-1.0342413918265947,0.9115584733923907,0.256104523476894,False
4861,2024,0.18125250638627333,0.31267230181755895,0.27345577582689123,0.18125250638627333,0.31267230181755895,0.6232247914194556,True
4862,2024,0.527741565836323,0.176063207571858,0.6205684661945068,0.527741565836323,0.441244828852828,0.6205684661945068,True
4863,2024,1.0802095264640397,0.6899762468376405,1.1869930348138462,1.0802095264640397,0.6899762468376405,0.9414082689902936,True
4864,2024,-1.0461564373588097,1.6272665791062488,0.2436237213705157,-1.0461564373588097,0.923205680982898,0.2436237213705157,False
4865,2024,0.646964409138333,0.27050258464845855,0.7433658814766922,0.646964409138333,0.27050258464845855,1.3556102810818467,True
4866,2024,0.9686748202625453,0.013299800942865859,1.0724475851189288,0.9686748202625453,0.26478694604402947,1.0651931482410169,True
4867,2024,0.46215475190043337,0.08215527421283708,0.5612015210313127,0.46215475190043337,0.8308096744340338,0.5612015210313127,True
4868,2024,0.2115307760437446,0.16472193919958955,0.30972364624147436,0.2115307760437446,0.16472193919958955,0.539406350195822,True
4869,2024,0.4430299559967698,0.8089497409040369,0.5448270582955397,0.4430299559967698,0.8089497409040369,0.5448270582955397,True
4871,2024,0.6766834717104171,0.1796940734055281,0.7771482537728676,0.6766834717104171,0.2483669677006168,0.6775725570449863,True
4872,2024,-1.0440105770537438,1.0456547728219032,0.1542951310214757,-1.0440105770537438,0.855838460558052,0.1542951310214757,False
4873,2024,-1.0448939482027129,1.103358212752181,0.06110907024473206,-1.0448939482027129,0.9709552272219111,0.3338365874480752,False
4874,2024,0.914842687087739,0.1431984595472667,1.0144135149608542,0.914842687087739,0.47332009911425976,0.6449396269686426,True
4875,2024,0.8247172672150858,0.1340671858174737,0.9165817805886671,0.8247172672150858,0.264486284945999,0.7961949198546565,True
4876,2024,0.6504515848198036,0.9758105403759884,0.7515628394022128,0.6504515848198036,0.9758105403759884,0.7515628394022128,True
4877,2024,0.2741214376481017,0.1073194275881515,0.3701425155591398,0.2741214376481017,0.6307754111303719,0.3701425155591398,True
4878,2024,-1.0446517518601985,1.513440624083703,0.18666512867202456,-1.0446517518601985,0.8081370540712872,0.2257865628248937,False
4879,2024,1.215676383718039,0.06753794382855975,1.3181155370532116,1.215676383718039,0.3523229403054521,1.3181155370532116,True
4880,2024,-1.042210422354676,1.8297369825107734,0.23673997761065382,-1.042210422354676,0.9564295095470567,0.4987322194998023,False
4881,2024,0.47815530093350944,0.4475519374908301,0.5757240886032613,0.47815530093350944,0.26579962484782843,0.5757240886032613,True
4882,2024,-1.040684951041247,1.1647285849282527,0.09107347753566941,-1.040684951041247,0.9542476590680676,0.822697080405475,False
4883,2024,0.7987964793474048,0.044895276278789226,0.8958173731910579,0.7987964793474048,0.09187870494268478,0.8958173731910579,True
4884,2024,0.267215307879247,0.11755470924185647,0.35740423696912277,0.267215307879247,0.638966726040314,0.19813656638342766,True
4885,2024,1.121375575539935,0.06397557703206336,1.2164908229686076,1.121375575539935,0.06397557703206336,1.2164908229686076,True
4886,2024,-1.0463499176220077,1.227389771761255,0.22824325926490635,-1.0463499176220077,0.9770208904247447,0.22824325926490635,False
4887,2024,0.3760117827774856,0.7298938265903256,0.47666535614057826,0.3760117827774856,0.7298938265903256,0.47666535614057826,True
4888,2024,0.47727726232659956,0.6653426484263956,0.5812869045859972,0.47727726232659956,0.6653426484263956,0.5812869045859972,True
4889,2024,0.6273754564248031,0.09267011105750264,0.7284574552748371,0.6273754564248031,0.09267011105750264,0.7284574552748371,True
4890,2024,0.6013513099188664,0.4996570365256351,0.7027508897092937,0.6013513099188664,0.5123504023496268,0.7027508897092937,True
4891,2024,0.8314715030041444,0.13450135874646976,0.9333930499217602,0.8314715030041444,0.274800189852723,0.9333930499217602,True
4892,2024,0.473752699810883,0.07607076431121239,0.5832091930521586,0.473752699810883,0.07607076431121239,0.5832091930521586,True
4893,2024,0.4077945746949003,0.1734095385420504,0.5174089483327872,0.4077945746949003,0.5216384492728654,0.5174089483327872,True
4894,2024,0.2607928076517309,0.2503026821051057,0.3698292437844199,0.2607928076517309,0.3670168540979125,0.3698292437844199,True
4895,2024,0.24730949933155869,0.4310385271445139,0.3575499913691161,0.24730949933155869,0.5115932682830272,0.3575499913691161,True
4896,2024,0.8900921353412887,0.13252669827536187,1.0016228353865881,0.8900921353412887,0.1562420021772834,1.0016228353865881,True
4897,2024,-1.052782482556566,1.0694246375496688,0.09565040236466213,-1.052782482556566,0.9405622899194294,0.3201631523595637,False
4898,2024,1.3710190077901863,0.020178115499757465,1.4793080925773168,1.3710190077901863,0.41491249996413565,0.9975555850202059,True
4900,2024,0.280508921868889,0.4118969460868055,0.3781349013256213,0.280508921868889,0.6324756385267469,0.3781349013256213,True
4901,2024,0.2854616500069011,1.0102737634287393,0.38751783276624335,0.2854616500069011,0.8398113736488596,0.21591902705452465,True
4902,2024,0.7454771258555778,0.5440089175865064,0.8471157573228401,0.7454771258555778,0.5440089175865064,0.8471157573228401,True
4903,2024,0.8242588986787079,0.48254926677719073,0.9272740067048195,0.8242588986787079,0.48254926677719073,0.9272740067048195,True
4905,2024,0.17392621329680263,0.17850419624262054,0.276681504176143,0.17392621329680263,0.3633835423511318,0.276681504176143,True
4906,2024,0.30587706738609227,0.02217803441675467,0.4096413415798649,0.30587706738609227,0.391377077942562,0.4096413415798649,True
4907,2024,0.2811209847170856,0.6075718276983296,0.38809654192185583,0.2811209847170856,0.604895299823009,0.38809654192185583,True
4908,2024,0.26228808948289867,0.07948841412249903,0.3669715118655904,0.26228808948289867,0.2848334839390101,0.46898164332281056,True
4909,2024,0.3385559700879741,0.09633415763813813,0.44503667190576923,0.3385559700879741,0.18995467703288932,0.44503667190576923,True
4910,2024,0.23526913446834496,0.6780138606500022,0.3451956978157627,0.23526913446834496,0.5968722424383159,0.3451956978157627,True
4911,2024,0.2142955889778427,0.17353276858464026,0.3192473070908207,0.2142955889778427,0.22916922874155976,0.75506624498661,True
4912,2024,0.34251678162473614,0.3550041936151632,0.4467923501392099,0.34251678162473614,0.3550041936151632,0.3320571544840748,True
4913,2024,0.252164913164606,0.12577905828380154,0.3593687379535839,0.252164913164606,0.1382187453667679,0.3593687379535839,True
4914,2024,0.2773496607675233,0.21003070229313817,0.38623095589485407,0.2773496607675233,0.4383862309609276,0.26641478344567954,True
4915,2024,0.29661660182953314,0.49569029513777796,0.40763070115915695,0.29661660182953314,0.5255169318079665,0.40763070115915695,True
4916,2024,0.8492298056195883,0.13436375185049607,0.9599389694063598,0.8492298056195883,0.5055955610869721,0.9599389694063598,True
4917,2024,0.24436030818141818,0.5288979382122164,0.3293876212830663,0.24436030818141818,0.5288979382122164,0.3293876212830663,True
4918,2024,0.1872810274520381,0.1850678090445351,0.2704837209112326,0.1872810274520381,0.5409674418224651,0.2704837209112326,True
4919,2024,0.7682136116407191,0.0039027834255063345,0.8531484568125681,0.7682136116407191,0.8024122722811988,0.738406624103115,True
4920,2024,0.35630518583080917,0.29546714169144034,0.4403039758539137,0.35630518583080917,0.29546714169144034,0.4403039758539137,True
4921,2024,0.2193954771102338,0.1532854675657261,0.30755353428253607,0.2193954771102338,0.1532854675657261,0.3851788672164606,True
4922,2024,0.4574339080353829,0.15180053546821334,0.546074409469426,0.4574339080353829,0.2302477920524435,0.546074409469426,True
4923,2024,0.41400927605663546,0.21595727422801264,0.5056560567289315,0.41400927605663546,0.21595727422801264,0.5056560567289315,True
4924,2024,0.35781304272651815,0.0568976525984324,0.45299284953367525,0.35781304272651815,0.2965243048879986,0.45299284953367525,True
4925,2024,0.3075964053316945,1.1607329582686354,0.40842664974552806,0.3075964053316945,0.7289358462760844,0.40842664974552806,True
4926,2024,0.30903578581375374,1.1933391556536899,0.4122030289567521,0.30903578581375374,0.751530384285709,0.4122030289567521,True
4927,2024,-1.040495720051505,2.2409594411906895,0.09621848016190879,-1.040495720051505,0.9808077332635029,0.9828769478906392,False
4928,2024,-1.0431883872659904,1.1179047609833683,0.06815151935197261,-1.0431883872659904,0.9816017222794232,0.8277111947103657,False
4929,2024,0.17221963339958396,0.22153979851405817,0.26715093350225533,0.17221963339958396,0.34859938883830754,0.42244598834297714,True
4930,2024,0.41583866841036465,0.17759176911429855,0.5228301682724718,0.41583866841036465,0.17759176911429855,0.5228301682724718,True
4931,2024,0.3323189711725294,0.08756659766807125,0.442211318223856,0.3323189711725294,0.2772942259488812,0.442211318223856,True
4932,2024,0.20602172310990854,0.36140476167338026,0.31548858293619764,0.20602172310990854,0.36140476167338026,0.38065993340189574,True
4933,2024,0.6447967956556858,0.2256157025960923,0.7565646560388579,0.6447967956556858,0.4662724520319788,0.7565646560388579,True
4934,2024,0.5186626271634325,0.1447981256518367,0.6331066983290645,0.5186626271634325,0.3727781532739773,0.6331066983290645,True
4935,2024,0.2766566113512718,0.6682733235038125,0.38817698745669543,0.2766566113512718,0.7124189416851535,0.38817698745669543,True
4936,2024,0.3381763397905279,0.09061079193180407,0.45003359992803116,0.3381763397905279,0.394156944903358,0.45003359992803116,True
4937,2024,0.2699488711327771,0.17604774930478484,0.3827124984886324,0.2699488711327771,0.17604774930478484,0.4026135484099884,True
4938,2024,0.30624785060327475,0.14403428774338883,0.419712816972545,0.30624785060327475,0.37479889928914234,0.419712816972545,True
4939,2024,0.52625547303871,0.4854675901621664,0.6436360630860078,0.52625547303871,0.4854675901621664,0.548108569537946,True
4940,2024,0.31120491838612147,0.15770446279664804,0.42314761799877015,0.31120491838612147,0.26232029455282907,0.42314761799877015,True
4941,2024,0.14589051686986768,0.19705343486270518,0.26166111842427314,0.14589051686986768,0.33919033869814,0.26166111842427314,True
4942,2024,0.2861911958611336,0.5748958622930607,0.4063919026554433,0.2861911958611336,0.5748958622930607,0.4063919026554433,True
4943,2024,0.45869817120617695,0.9125309017783622,0.5753259625923669,0.45869817120617695,0.9125309017783622,0.5753259625923669,True
4944,2024,0.14831780488962912,0.13331009706424235,0.26340790263303643,0.14831780488962912,0.24252800791203863,0.3806565422195994,True
4945,2024,0.35087324188031954,0.42838186805261846,0.46642350112301095,0.35087324188031954,0.42838186805261846,0.46642350112301095,True
4946,2024,0.5749413891578272,0.22615449287010445,0.6937671660977897,0.5749413891578272,0.22615449287010445,0.6937671660977897,True
4947,2024,0.4551456056878293,0.1159243376653221,0.5778652589681661,0.4551456056878293,0.37236302401594606,0.5778652589681661,True
4948,2024,0.7373178373835131,0.7653355430146719,0.8651619181904397,0.7373178373835131,0.7653355430146719,0.8651619181904397,True
4950,2024,0.39791805000947333,0.24134601652474566,0.5144480878553505,0.39791805000947333,0.29056790147386335,0.5144480878553505,True
4951,2024,0.1421907398673428,0.05686818985510863,0.2559068543478811,0.1421907398673428,0.2843409492753995,0.3443684830114153,True
4952,2024,0.17183421790286188,0.5250229103557077,0.290058953560688,0.17183421790286188,0.5250229103557077,0.49747541197283673,True
4953,2024,1.0753527165173735,0.0,1.19471249591948,1.0753527165173735,0.7289500809548793,1.150050346539282,True
4954,2024,0.263508043735212,0.22041115148963136,0.3759066898693291,0.263508043735212,0.6265111497821008,0.3759066898693291,True
4955,2024,-1.0598733036159795,1.1286790185489102,0.1110425449515859,-1.0598733036159795,0.9689602895090034,0.1110425449515859,False
4956,2024,1.2079905820627685,0.7328274957221597,1.3260688017829425,1.2079905820627685,0.7328274957221597,1.3260688017829425,True
4957,2024,0.37039194448935386,0.42270240650056723,0.48549515529237086,0.37039194448935386,0.42270240650056723,0.5620716782091468,True
4958,2024,1.1124818609953675,0.14331809390987513,1.2286540759148232,1.1124818609953675,0.7972068973736041,1.2286540759148232,True
4959,2024,0.900079720790036,0.09993652264109643,1.0104692844825058,0.900079720790036,0.8619525077797012,0.0,True
4960,2024,0.3470273155518574,0.09770610391387446,0.4515606424126365,0.3470273155518574,0.7050683714864016,0.42647394005637224,True
4961,2024,0.8799811982704477,0.093602072446751,0.9881704505445835,0.8799811982704477,0.4171978086196881,0.9881704505445835,True
4962,2024,0.2604713793382951,0.8539156010149566,0.36742695276054055,0.2604713793382951,0.8539156010149566,0.36742695276054055,True
4963,2024,0.19222147347244528,0.31888933024245436,0.29484608708919313,0.19222147347244528,0.5896921741784438,0.16071009897136548,True
4964,2024,-1.04983250766329,1.0359381720743255,0.17817118438619414,-1.04983250766329,0.8946738758823615,0.17817118438619414,False
4965,2025,0.38393959122019766,0.4066064983955744,0.48899082159995383,0.38393959122019766,0.4066064983955744,0.48899082159995383,True
4966,2025,0.14559654666815586,0.14822779166156333,0.25063972044595406,0.14559654666815586,0.3665269030176872,0.25063972044595406,True
4967,2025,0.15248816510249008,0.6728559061328488,0.26220570362699036,0.15248816510249008,0.6728559061328488,0.26220570362699036,True
4968,2025,0.3459201250629656,0.07147325565840201,0.45176491784066014,0.3459201250629656,0.7457492524355249,0.45176491784066014,True
4969,2025,1.2868411821972732,0.45059809942484474,1.4010998653848696,1.2868411821972732,0.45059809942484474,1.4010998653848696,True
4971,2025,0.4553435204539925,0.20251407017500342,0.5581485348724567,0.4553435204539925,0.20251407017500342,0.5581485348724567,True
4972,2025,0.3806557157258786,0.8985594042852308,0.4865668610959263,0.3806557157258786,0.8985594042852308,0.38142929814553517,True
4973,2025,0.8202826057587914,0.29173317678591615,0.9217406208178504,0.8202826057587914,0.7832524979856327,0.9217406208178504,True
4974,2025,-1.0466053941280962,1.0202720057833252,0.1904975222711258,-1.0466053941280962,0.8624979842704509,0.39735679492135073,False
4975,2025,-1.0478461594603974,1.156221467341556,0.0,-1.0478461594603974,0.9943024859192514,0.08635679009193213,False
4976,2025,-1.0483698137417345,1.7229995086573038,0.19899430945054897,-1.0483698137417345,0.6673589646207952,0.19899430945054897,False
4977,2025,-1.0500029916554123,1.772441802265989,0.08655235977089976,-1.0500029916554123,0.6811294399366427,0.2144993263888235,False
4978,2025,0.24122442890540435,0.5315650238403072,0.3419696214640332,0.24122442890540435,0.730465722038776,0.770013229282985,True
4979,2025,-1.0492587061576995,1.0872524118029296,0.183286817127308,-1.0492587061576995,0.7443689103742456,0.29051583939229414,False
4980,2025,0.16010166461573458,0.8001942064568387,0.2650643308888861,0.16010166461573458,0.8001942064568387,0.4738650066361816,True
4981,2025,0.5713236783392156,0.13190040469367523,0.6726920639378146,0.5713236783392156,0.21104064750986945,0.8105879415721337,True
4982,2025,0.4052736181255147,0.04135714444352082,0.5045571622110829,0.4052736181255147,0.5872714510981784,0.5045571622110829,True
4983,2025,0.19248290633406756,0.2011162861347499,0.2920974631957432,0.19248290633406756,0.2011162861347499,0.37230455349949926,True
4984,2025,1.7922507322336902,0.14393517458816954,1.901652010025335,1.7922507322336902,0.3439806714734343,1.901652010025335,True
4985,2025,0.2673074657060633,2.5135049242707743,0.37569160651520944,0.2673074657060633,0.7684601042356403,0.37569160651520944,True
4986,2025,0.19049910804809628,0.17037040483245994,0.2885866041040294,0.19049910804809628,0.2491812043468396,0.2885866041040294,True
4987,2025,-1.0469627430110808,1.3596103433893592,0.008297534789666904,-1.0469627430110808,0.9150995510868146,0.13513128086001236,False
4988,2025,0.47896014598222625,0.2316142517229496,0.5814736740623224,0.47896014598222625,0.2450234978753458,0.5814736740623224,True
4989,2025,0.4271803477826922,0.12001937475214676,0.5280852489094566,0.4271803477826922,0.7669238046662025,0.5280852489094566,True
4990,2025,1.4188856145548492,0.19602142636165934,1.5260809205701233,1.4188856145548492,0.5086936401900412,1.4166456457302035,True
4991,2025,0.22232165283485786,0.4179539883866112,0.3285888263960393,0.22232165283485786,0.4179539883866112,0.3285888263960393,True
4992,2025,0.3133206297475498,0.023598033202473136,0.4206002388439278,0.3133206297475498,0.3331487040347218,0.4206002388439278,True
4993,2025,-1.056599309395073,1.0935292251385944,0.22610032093244628,-1.056599309395073,0.8588968166238001,0.22610032093244628,False
4994,2025,-1.0586175347734559,1.0811197974648183,0.0,-1.0586175347734559,0.8380887803235358,0.28574555954792435,False
4995,2025,1.2498809140666831,0.7211766785994882,1.365601622327918,1.2498809140666831,0.7211766785994882,1.2251314660545531,True
4996,2025,0.9437356859002721,0.02231521569423972,1.0488151376275756,0.9437356859002721,0.10413767323963503,0.8913688935629188,True
4997,2025,0.6836687501318399,0.740274329388977,0.7842392574586142,0.6836687501318399,0.9850520370199959,0.7842392574586142,True
4998,2025,0.4502804056438839,0.2303873750251297,0.5524472134109458,0.4502804056438839,0.2303873750251297,0.5524472134109458,True
4999,2025,0.16088409108275423,0.24542591524520715,0.26091395844030646,0.16088409108275423,0.4622585199764348,0.31095225183982467,True
5000,2025,0.31984335087987953,0.07152045751690062,0.42063726709079596,0.31984335087987953,0.3357824869860416,0.42063726709079596,True
5001,2025,0.6205582149960638,0.2581794094125805,0.7251259010775328,0.6205582149960638,0.33229790015309013,0.7251259010775328,True
5002,2025,0.5959974142269027,0.09138651171051224,0.7112916828136058,0.5959974142269027,0.09138651171051224,0.7112916828136058,True
5003,2025,-1.0602607869495637,1.0418547203226032,0.06755542134653865,-1.0602607869495637,0.990812846416287,0.40683375966488045,False
5004,2025,0.23771805406328622,0.32127033742226824,0.35115595020584883,0.23771805406328622,0.32127033742226824,0.6515063586797059,True
5005,2025,0.5197800658801862,0.046294131601791196,0.6331842515858681,0.5197800658801862,0.10453513587507152,0.6331842515858681,True
5006,2025,0.7782421160499868,0.3206320765512889,0.891804566407736,0.7782421160499868,0.3206320765512889,0.891804566407736,True
5007,2025,0.8604594408715225,0.004602660771883978,0.9772983038901631,0.8604594408715225,0.2700227652820926,0.9772983038901631,True
5008,2025,2.062722385890038,0.816252141076491,2.1890398328869534,2.062722385890038,0.4541330093989799,2.1890398328869534,True
5009,2025,-1.0436081069445737,1.353169628903871,0.0572827398817351,-1.0436081069445737,0.6873928785805755,0.13726241443353787,False
5010,2025,0.3677866759523234,0.14722534416603378,0.46440935770016206,0.3677866759523234,0.14722534416603378,0.4882252221975848,True
5011,2025,-1.0438933141293318,1.0715367493996308,0.11651873189606464,-1.0438933141293318,0.8918583310551732,0.2613504266828428,False
5012,2025,-1.0445668975667424,1.0281020894591137,0.028773578391725244,-1.0445668975667424,0.9495280869277886,0.3884433082886179,False
5013,2025,0.20699125736870458,0.7515142067039456,0.30428156738827894,0.20699125736870458,0.7515142067039456,0.3420614935405035,True
5014,2025,0.5443405161234823,0.21532215088555254,0.6447833639156636,0.5443405161234823,0.21532215088555254,0.6447833639156636,True
5015,2025,0.5428226299870551,0.21975188333953086,0.6459005631858428,0.5428226299870551,0.2367492665812476,0.6459005631858428,True
5016,2025,0.3044636066467495,1.0187627491408269,0.4089316052560058,0.3044636066467495,0.7322728745283184,0.4255741705862329,True
5017,2025,0.19527247412375262,0.2988619621764279,0.29417393139714115,0.19527247412375262,0.2988619621764279,0.4547389855860746,True
5018,2025,0.270523201552104,0.2327747268069362,0.371245846343279,0.270523201552104,0.2327747268069362,0.34020921610238675,True
5019,2025,0.19331574549386585,0.31486714945716343,0.29443683823288874,0.19331574549386585,0.5383987899115102,0.29443683823288874,True
5020,2025,0.6205186960538256,0.7255289095522228,0.7267381244014479,0.6205186960538256,0.7231104798537176,0.7267381244014479,True
5021,2025,0.2433182783058517,0.3412926412648402,0.3412926412648402,0.2433182783058517,0.3412926412648402,1.267021047309981,True
5022,2025,0.3307347237031459,0.1274710684938804,0.4386101281508241,0.3307347237031459,0.22341703402685367,0.4386101281508241,True
5023,2025,0.2859363626359843,0.08359356887692791,0.3952984019772344,0.2859363626359843,0.2819511899407886,0.3952984019772344,True
5024,2025,0.23520166094490386,1.372187964675457,0.3528070214760913,0.23520166094490386,0.37305004729847113,0.3528070214760913,True
5025,2025,0.7257145732880931,0.057438936701263564,0.835599769631064,0.7257145732880931,0.5169504303118074,0.835599769631064,True
5026,2025,0.564704534594161,0.14553782095808943,0.6729455207602454,0.564704534594161,0.4739993251386926,0.6729455207602454,True
5027,2025,0.8224165345301889,0.1852512110906026,0.9315114089592448,0.8224165345301889,0.1852512110906026,0.9315114089592448,True
5028,2025,0.27545116285956084,0.09149776160362792,0.37852498636020243,0.27545116285956084,0.9876744677212855,0.37852498636020243,True
5029,2025,0.3391337693007652,0.1907751450605423,0.44428842507378424,0.3391337693007652,0.34698029739194264,0.44428842507378424,True
5030,2025,1.418534937125656,0.7798251753139684,1.533955946169452,1.418534937125656,0.7798251753139684,1.533955946169452,True
5031,2025,0.15791424318494915,1.8469071515935427,0.2702790953551304,0.15791424318494915,0.9822643048787106,0.4066699351408486,True
5032,2025,0.17424026187458808,0.42019729471379286,0.2718286623019307,0.17424026187458808,0.3400565735570152,1.5183417711049492,True
5033,2025,0.4080152929659404,0.11626897120491927,0.5196218219282424,0.4080152929659404,0.25981091096408854,0.48230091759082705,True
5034,2025,0.1619227392623463,0.10801261724598966,0.2721917954598756,0.1619227392623463,0.10801261724598966,0.5818279648983924,True
5035,2025,0.4274262712247979,0.3164690218324421,0.542306070276352,0.4274262712247979,0.3164690218324421,0.542306070276352,True
5036,2025,0.8142549112043483,0.3610396776347442,0.9288036868183575,0.8142549112043483,0.5939685019152094,0.829808936499178,True
5037,2025,1.017703959107543,0.053306446302364446,1.1342427185443318,1.017703959107543,0.17768815434112503,1.0335527644177034,True
5038,2025,0.1784117547080067,0.17951548071949153,0.28750526208972743,0.1784117547080067,0.9859326792639563,0.28750526208972743,True
5039,2025,-1.0581256290939471,1.1020693110556936,0.03582800100961268,-1.0581256290939471,0.9501585867749438,0.16624192468458196,False
5040,2025,0.4018860875516485,0.5854333138446384,0.5156371280091147,0.4018860875516485,0.5854333138446384,0.5740380181980381,True
5041,2025,0.8165095317975061,0.16924748401708978,0.9301500382115212,0.8165095317975061,0.16924748401708978,0.8362816857314795,True
5042,2025,0.8963862236244557,0.30174872003386854,1.0085475237169048,0.8963862236244557,0.30174872003386854,0.9732075835327869,True
5043,2025,-1.0470179077384718,1.031918293908015,0.07768373673240876,-1.0470179077384718,0.9182913357024123,0.08811886554722567,False
5044,2025,0.38073414934869804,0.23272660682328766,0.4818259397546763,0.38073414934869804,0.23272660682328766,0.4818259397546763,True
5045,2025,0.4584231281710376,0.7388294166860284,0.5608122501458642,0.4584231281710376,0.7388294166860284,0.5608122501458642,True
5046,2025,0.3331627285249356,0.48052171907727986,0.43576724524169075,0.3331627285249356,0.48052171907727986,0.43576724524169075,True
5047,2025,0.16513416958143182,0.18582544128404815,0.2638262437983786,0.16513416958143182,0.4657106738353557,0.4267102725782426,True
5048,2025,0.7010670070631859,0.27245541068438983,0.8044480875809974,0.7010670070631859,0.27245541068438983,0.8044480875809974,True
5049,2025,-1.0417088786560773,1.188844388878123,0.008149747310211031,-1.0417088786560773,0.8261806335734078,0.32293373716741325,False
5050,2025,0.30789162957379956,0.6755002632541399,0.4012971934294728,0.30789162957379956,0.6755002632541399,0.46134166127432163,True
5051,2025,0.19671859642946865,0.24610973630242028,0.29030903588327184,0.19671859642946865,0.328481158248559,0.3053769789222058,True
5052,2025,0.3840872264878085,0.33516752421260226,0.4798294951493575,0.3840872264878085,0.33516752421260226,0.4482483606490872,True
5053,2025,0.24333549782505542,0.20758148220965558,0.3369438551808307,0.24333549782505542,0.7420787286721491,0.3369438551808307,True
5054,2025,0.23498166849489377,0.2225273107737642,0.32921848717211394,0.23498166849489377,0.46842506971098435,0.32921848717211394,True
5055,2025,-1.0497487579758216,1.5043950815582037,0.018038310330445374,-1.0497487579758216,0.9247640429402241,0.05411493099133613,False
5056,2025,0.6703856652258502,0.050671455165231374,0.7699858078368005,0.6703856652258502,0.15421747224200635,0.9297110469446125,True
5057,2025,0.4660140833637094,0.20156333545445448,0.5645940740417438,0.4660140833637094,0.20156333545445448,0.5710961171209133,True
5058,2025,0.8729914605834123,0.030022832639807734,0.9725253287261025,0.8729914605834123,0.6948141268076129,0.9725253287261025,True
5059,2025,0.39641178432727525,0.009314975364755366,0.4916236998057383,0.39641178432727525,0.4553987956095354,0.4916236998057383,True
5060,2025,-1.0436226999781824,1.019988854360401,0.1707006140562221,-1.0436226999781824,0.9472830372623902,0.34772347307743445,False
5061,2025,0.45672187441259315,0.5870478084756463,0.5579112444520411,0.45672187441259315,0.5870478084756463,0.5579112444520411,True
5062,2025,0.2448414667436846,0.7883581194019348,0.34504020673011193,0.2448414667436846,0.7883581194019348,0.34504020673011193,True
5063,2025,0.15521929192509243,0.7548817204847487,0.2533228415103559,0.15521929192509243,0.7548817204847487,0.3591283656753294,True
5064,2025,0.40193461709538336,0.11422504658233823,0.5147356529533375,0.40193461709538336,0.11422504658233823,0.5147356529533375,True
5065,2025,-1.0599509547517798,1.7624264829342606,0.2366355162424273,-1.0599509547517798,0.24824952930952895,0.34551688874660436,False
5066,2025,0.1789245589570279,0.12233980515383432,0.29242197329447783,0.1789245589570279,0.15217878202059007,0.29242197329447783,True
5067,2025,-1.0633091050988428,1.7893998614712783,0.16713332039444112,-1.0633091050988428,0.1901333186139498,0.32199997507193645,False
5068,2025,0.7664544911424562,0.09160662456629383,0.8769987145981418,0.7664544911424562,0.661453715618526,1.0575176512434874,True
5069,2025,0.3114843534050905,0.058722329995325326,0.41758101330029557,0.3114843534050905,0.7516458239404371,0.41758101330029557,True
5070,2025,-1.054986723420142,1.3227857123594589,0.17583858412024667,-1.054986723420142,0.9524589973182249,0.3303634004684175,False
5071,2025,-1.0503532523905086,1.0787623845229921,0.1553319986784836,-1.0503532523905086,0.9026379135805058,1.0494083060325963,False
5072,2025,0.5888736187429909,0.15450061243516455,0.6906407973779861,0.5888736187429909,0.6606630666070146,0.6906407973779861,True
5073,2025,0.2439805906782288,0.13200772058808696,0.34636888154296797,0.2439805906782288,0.5788962425788972,0.27128192120848305,True
5074,2025,1.4956736615079462,0.0,1.6055838724687288,1.4956736615079462,0.4585616756627515,1.5338949851683623,True
5075,2025,0.3482914827236843,0.4588564998284228,0.44949208146458614,0.3482914827236843,0.4588564998284228,0.516213562306949,True
5076,2025,-1.050090476931127,1.0587065966634208,0.20331978958651076,-1.050090476931127,0.9227590450464508,0.5040887090931737,False
5077,2025,0.243495064481127,0.9450860743436271,0.34932295406121355,0.243495064481127,0.9450860743436271,0.34932295406121355,True
5078,2025,0.4883807304406547,0.7384190880383825,0.5976502317903244,0.4883807304406547,0.7384190880383825,0.5976502317903244,True
5079,2025,0.9325974538046825,0.2354389981487472,1.0400578423374425,0.9325974538046825,0.27306069372920944,1.0400578423374425,True
5080,2025,0.24568623217578114,0.8226951524623375,0.35241003576674446,0.24568623217578114,0.8154039103430324,0.35241003576674446,True
5081,2025,0.728158342679365,0.04500205548740911,0.8291628723563058,0.728158342679365,0.04500205548740911,0.8291628723563058,True
5082,2025,1.0387031863366676,0.013206999213490665,1.1402042654324118,1.0387031863366676,0.22341840336177562,1.1402042654324118,True
5083,2025,0.7594846608813751,0.1192630296748288,0.8537718473545772,0.7594846608813751,0.9834467288264251,0.8537718473545772,True
5084,2025,0.2709472658730811,0.4366785670816031,0.37280271285426864,0.2709472658730811,0.4366785670816031,0.4970702838057091,True
5085,2025,0.6132433913223898,0.2836180481179902,0.7102074893446382,0.6132433913223898,0.2836180481179902,0.7102074893446382,True
5086,2025,0.17288539915466397,0.2309047769110428,0.2723492240489692,0.17288539915466397,0.2687968428656984,0.23564128515542188,True
5087,2025,0.24259476375076125,0.17519829927723865,0.34549594682650225,0.24259476375076125,0.17519829927723865,0.23523128294569895,True
5088,2025,0.39149634314982296,0.044806636972637495,0.4953622643084305,0.39149634314982296,0.5289672420378945,0.4953622643084305,True
5089,2025,0.8255427064136747,0.0,0.9324180582550707,0.8255427064136747,0.44286703443506553,0.9324180582550707,True
5090,2025,0.12737542035931007,0.2790647629231058,0.25402048932746435,0.12737542035931007,0.21287632556315558,0.40249725421603205,True
5091,2025,1.1481043365645214,0.324858395685335,1.2794702176434174,1.1481043365645214,0.324858395685335,1.2794702176434174,True
5092,2025,1.1450138946555837,0.0,1.277706610239268,1.1450138946555837,0.34279933445440525,1.277706610239268,True
5093,2025,-1.0711837455482018,1.233390871630667,0.11165794798878166,-1.0711837455482018,0.9533870943663159,0.2851572210176385,False
5094,2025,0.32702494556261447,0.26030404341350766,0.44647085927256186,0.32702494556261447,0.8435169001754381,0.4201109561420279,True
5095,2025,-1.070423801872827,1.1640044675702943,0.08168452404002201,-1.070423801872827,0.59051103837268,0.13954439523498277,False
5096,2025,0.6091700253513892,0.5173988242015463,0.7366936900883299,0.6091700253513892,0.4334500083542345,0.7366936900883299,True
5097,2025,0.7597823790414987,0.05235377673559583,0.8765518047733656,0.7597823790414987,0.2632647058704578,0.32459341576078937,True
5098,2025,0.4567098854949069,0.08584161520925083,0.5703375112206551,0.4567098854949069,0.7667547663604046,0.5092299207327183,True
5099,2025,0.9628096194243146,0.05680659417906835,1.0793252894013714,0.9628096194243146,0.573892259141909,0.8739476027541639,True
5100,2025,0.5488842160192052,0.034670559681511316,0.6601274563360057,0.5488842160192052,0.04853878355410323,0.8695376368123012,True
5101,2025,0.5690033628804444,0.05530619856260584,0.6802662423199072,0.5690033628804444,0.3926740097944323,0.6802662423199072,True
5102,2025,0.2987542896230368,0.2868570900028608,0.4076390226355885,0.2987542896230368,0.4941079062249765,0.4076390226355885,True
5103,2025,0.39695133169189395,0.21081301268341446,0.5099395847341887,0.39695133169189395,0.21081301268341446,0.5099395847341887,True
5104,2025,0.6929974010698652,0.182690502914462,0.8072371059011726,0.6929974010698652,0.49567190713227527,0.6429572738230034,True
5105,2025,0.34348403882028133,0.7637887403900258,0.45717820661341046,0.34348403882028133,0.9184628043041518,0.3339864742924245,True
5106,2025,0.6490858155943262,0.4855359650064341,0.7644006446165929,0.6490858155943262,0.4855359650064341,0.7644006446165929,True
5107,2025,-1.0601168874566174,1.1796826752736602,0.08180281324885914,-1.0601168874566174,0.8912201232906626,0.08754336154702241,False
5108,2025,0.793131927657813,0.1443595480850727,0.9052827735053223,0.793131927657813,0.34943105564514215,0.7933029371402928,True
5109,2025,0.1727518916170993,0.4237843827360671,0.2786349917072134,0.1727518916170993,0.6881636306815002,0.2786349917072134,True
5110,2025,0.24883692338747868,0.18237521923864633,0.3568210811190985,0.24883692338747868,0.35946420023843645,0.3568210811190985,True
5111,2025,-1.0561536804759561,1.8141687243888263,0.24117457192763855,-1.0561536804759561,0.8829669050016127,0.41267648974285764,False
5112,2025,-1.0536458145659748,1.047348222159545,0.043426633601754375,-1.0536458145659748,0.9809310178274228,0.9183455752837726,False
5113,2025,-1.05188963234702,1.4650406865529535,0.21950946313674463,-1.05188963234702,0.9027018371689474,0.5315088686063209,False
5114,2025,-1.052266877067319,1.3347894210453652,0.223499623989014,-1.052266877067319,0.898965154266805,0.3613243921155745,False
5115,2025,0.4777756894989756,0.6089110296708756,0.5727569372841983,0.4777756894989756,0.6089110296708756,0.5727569372841983,True
5116,2025,0.5490708025284903,0.23470184814287304,0.6435373255530085,0.5490708025284903,0.5318646720011738,0.6435373255530085,True
5117,2025,0.5401765914296582,0.10179410819197497,0.6329742727571337,0.5401765914296582,0.4691782986665083,0.6329742727571337,True
5118,2025,1.4247208518644616,0.7230150138610217,1.5204445335959602,1.4247208518644616,0.7230150138610217,1.5204445335959602,True
5119,2025,0.6499165247175853,0.1451963218566605,0.7405925599105436,0.6499165247175853,0.20820604643598328,0.7360266378396034,True
5120,2025,0.6138697519790727,0.09193442744437491,0.7079898690817339,0.6138697519790727,0.2113544053617566,0.7032509810691643,True
5121,2025,1.3229603880978296,0.033639699410728245,1.420342864009843,1.3229603880978296,0.6755972964994084,1.420342864009843,True
5122,2025,0.4092154270288008,0.4222102578709325,0.50665230944511,0.4092154270288008,0.4222102578709325,0.25531302652432136,True
5123,2025,0.43029520976377095,0.06377517070873669,0.5246957226488902,0.43029520976377095,0.8967175517830483,0.5246957226488902,True
5124,2025,0.35594451300080715,0.21243109432775664,0.45117246180624326,0.35594451300080715,0.38003727884327176,0.45117246180624326,True
5125,2025,0.5642326812386982,0.4142791509291867,0.6618718670139206,0.5642326812386982,0.4795890406050891,0.6618718670139206,True
5126,2025,0.17144948245949584,0.28294301486938145,0.2642669082773585,0.17144948245949584,0.28294301486938145,0.8703065671890768,True
5127,2025,0.2833946668996224,0.9506415574689047,0.3812025349850726,0.2833946668996224,0.9506415574689047,0.3812025349850726,True
5128,2025,-1.0421069437993435,1.156002303410951,0.03912021331336323,-1.0421069437993435,0.8156564475843795,0.04987827197456036,False
5129,2025,0.9058836644044176,0.11107172871022157,1.0014967538706647,0.9058836644044176,0.3017448629961258,1.0014967538706647,True
5130,2025,0.16416912922764354,0.3679810428194383,0.25622383722238573,0.16416912922764354,0.3679810428194383,1.1066689139606165,True
5131,2025,0.15647152452630045,0.6252321691667577,0.2500928676666699,0.15647152452630045,0.6252321691667577,0.5668163168649778,True
5132,2025,0.25200932636037054,0.03571153161888802,0.34193791525076855,0.25200932636037054,0.6517354520445744,0.34193791525076855,True
5133,2025,0.6447353565914732,0.3316744592215417,0.7379756717679271,0.6447353565914732,0.33259577716384386,0.7379756717679271,True
5134,2025,0.6546954546187221,0.10448303351400215,0.7491060349263324,0.6546954546187221,0.3339725535537112,0.7491060349263324,True
5135,2025,0.3109470379201589,0.21583800368560818,0.4033244051922588,0.3109470379201589,0.7151920291617064,0.4033244051922588,True
5136,2025,-1.0394956573968537,2.1354097121020166,0.04872006661276346,-1.0394956573968537,0.9596933876170964,0.5230512811821171,False
5137,2025,0.1812563790615125,1.38421359804694,0.27882145249807,0.1812563790615125,0.8913292239535616,0.7528179217448012,True
5138,2025,0.3425243650810261,0.3495341905681684,0.44347150428338294,0.3425243650810261,0.3353343640763735,0.5330396406164991,True
5139,2025,0.18943424044918433,0.09557309482654498,0.28780534237551403,0.18943424044918433,0.41161594249175487,0.26391206866889017,True
5140,2025,0.2306248902808093,0.4939438696303475,0.3315360213392052,0.2306248902808093,0.4939438696303475,0.3528170497359843,True
5141,2025,0.5184487154096705,0.02598643132066096,0.6202848171757032,0.5184487154096705,0.21241082992539817,0.6202848171757032,True
5142,2025,0.17818947402010002,0.09511481367661483,0.27855052576718503,0.17818947402010002,0.18456803130103058,0.4631185570681641,True
5143,2025,1.1975930049898704,0.7598360327069359,1.309857747490167,1.1975930049898704,0.7598360327069359,1.309857747490167,True
5144,2025,1.0987550897836034,0.033492007489932314,1.195478600681875,1.0987550897836034,0.2939853990781772,1.195478600681875,True
5145,2025,0.603368415262231,0.16584160488372132,0.6958327654643678,0.603368415262231,0.6774059204773275,0.6379198240764244,True
5146,2025,0.20382508527935134,0.27934090275342705,0.2939525807436125,0.20382508527935134,0.756369213609295,0.2939525807436125,True
5147,2025,0.4961607124283227,0.025177688009693763,0.5869005894674368,0.4961607124283227,0.3724561433158582,0.5869005894674368,True
5148,2025,0.19144445976002628,0.4095795195123974,0.28295045697655924,0.19144445976002628,0.43839854753782304,0.28295045697655924,True
5149,2025,0.2015255977041774,0.3474853421153459,0.2926192354655482,0.2015255977041774,0.35706513851448674,0.3335510928074362,True
5150,2025,0.4681161650596031,0.43494132580532885,0.5598341161470048,0.4681161650596031,0.5449867214910331,0.5598341161470048,True
5151,2025,0.6373043393407962,0.29476025354264235,0.7319428925890633,0.6373043393407962,0.29476025354264235,0.7319428925890633,True
5152,2025,0.19137221472340285,0.34509394191457304,0.2796311566801968,0.19137221472340285,0.34509394191457304,0.736254288253353,True
5153,2025,0.2045893035323303,0.19646302682078448,0.2922590481631343,0.2045893035323303,0.54149106979116,0.2922590481631343,True
5154,2025,0.18000901351234752,0.21600607194761437,0.2640074212692981,0.18000901351234752,0.345113149433534,0.2640074212692981,True
5155,2025,0.5903040766504546,0.041695561835942814,0.6715512459335975,0.5903040766504546,0.7517836149209298,0.6715512459335975,True
5156,2025,0.3141028657480935,0.13892362682744935,0.3941407874244754,0.3141028657480935,0.323736053466681,0.3859688093757952,True
5157,2025,0.2081696727278388,0.3048410014726042,0.2888974344499791,0.2081696727278388,0.45152181808073744,0.22958736512579525,True
5158,2025,0.9590574035159837,0.25710603179188124,1.0393511335186554,0.9590574035159837,0.5598483842268237,0.8085984699854618,True
5159,2025,0.956886135658167,0.2811844574726026,1.0401159670964384,0.956886135658167,0.3038391294016529,0.8009092840806812,True
5160,2025,1.0899043254192724,0.023556980924876864,1.1764633414830226,1.0899043254192724,0.19746292834082027,0.9277293370116565,True
5161,2025,0.4198954540247428,0.5774070037320582,0.5040022541089202,0.4198954540247428,0.9680251356552262,0.5040022541089202,True
5162,2025,0.2900951252797912,0.6250047974496873,0.37211631012816565,0.2900951252797912,0.6250047974496873,0.9400172556020375,True
5163,2025,0.18241188771379677,0.12088969039103326,0.2693649477169859,0.18241188771379677,0.5103329882951048,0.2693649477169859,True
5164,2025,-1.0362777481639678,1.129573586242673,0.10869323923872265,-1.0362777481639678,0.8946289691189278,0.24915834840881804,False
5165,2025,-1.0368931838278683,1.0564532221625724,0.14630431095969423,-1.0368931838278683,0.8174328071644441,0.20329494371726237,False
5166,2025,-1.037129397809917,1.971310063069554,0.2460922088303326,-1.037129397809917,0.8677537119732215,0.5556367641883304,False
5167,2025,0.17539161329837705,0.2943761989538392,0.26426954224267835,0.17539161329837705,0.30106656711187496,0.5795531416903983,True
5168,2025,0.45451506009083176,0.06007227411458367,0.5440348205024554,0.45451506009083176,0.06007227411458367,0.5431887321346645,True
5169,2025,-1.036862572288816,1.8151811283677144,0.05877404873645355,-1.036862572288816,0.9761602877097196,0.06729202681419202,False
5170,2025,0.22464832021346098,0.7578470685312904,0.313746888395486,0.22464832021346098,0.7578470685312904,0.4342113097278708,True
5171,2025,0.32723508033749205,0.2611940097743443,0.4204586498805913,0.32723508033749205,0.29031668682232487,0.4204586498805913,True
5172,2025,0.2288930996143468,0.4515864916164933,0.3225617797260253,0.2288930996143468,0.4515864916164933,0.5506265873633369,True
5173,2025,0.5034121037119325,0.1545042010401229,0.5964580784340208,0.5034121037119325,0.19313025130018427,0.5964580784340208,True
5174,2025,0.2755751674355269,0.11484094494125813,0.36677883190541416,0.2755751674355269,0.47271737801402447,0.36677883190541416,True
5175,2025,0.22787043284962466,0.22070407039756162,0.31788652114877275,0.22787043284962466,0.23251128404024024,0.31788652114877275,True
5176,2025,-1.042176545181486,1.1371665915876616,0.02505621303500399,-1.042176545181486,0.9097332732701556,0.3517506829911156,False
5177,2025,0.5282426105856672,0.11141624433938335,0.6295558660731938,0.5282426105856672,0.4521552440181741,0.6295558660731938,True
5178,2025,0.3727354226714976,0.3906328993311626,0.4732667818819273,0.3727354226714976,0.4539497703765594,0.4732667818819273,True
5179,2025,0.6340103777996052,0.10833901641618743,0.7364864449304082,0.6340103777996052,0.14445202188829967,0.7364864449304082,True
5180,2025,0.28159506972379517,0.11167890753088201,0.3812116555141013,0.28159506972379517,0.389802340708777,0.3812116555141013,True
5181,2025,0.42398364171534514,0.0941019374172496,0.5252201158170995,0.42398364171534514,0.117080317484253,0.5252201158170995,True
5182,2025,0.42424025995821557,0.16424867123192533,0.5107234801987174,0.42424025995821557,0.1748717196200676,0.3031654578459244,True
5183,2025,0.3020766003889128,0.07647338322736247,0.40203150039541324,0.3020766003889128,0.0928605367760972,0.5364061594949585,True
5184,2025,0.2716393691206775,0.4778056227285137,0.3707683354198369,0.2716393691206775,0.4778056227285137,0.42925262642358103,True
5185,2025,0.16418696390470955,0.5935871557146305,0.2644363832788658,0.16418696390470955,0.5935871557146305,0.12161842100164356,True
5186,2025,0.14867687088825593,0.6331614352679826,0.2521133714976212,0.14867687088825593,0.6331614352679826,0.10475943747159491,True
5187,2025,0.31358039816697325,0.1566924503698721,0.4163215469680077,0.31358039816697325,0.463214908027628,0.26992276122098796,True
5188,2025,0.4189354782640968,0.24724134260323424,0.5233660196227359,0.4189354782640968,0.5187446861161898,0.5233660196227359,True
5189,2025,0.99930250997013,0.10476895206359607,1.1045322499469803,0.99930250997013,0.5996350660660911,0.9830448480859928,True
5190,2025,-1.0468548733108833,1.1297270697671882,0.13471862709899496,-1.0468548733108833,0.8337704007859311,0.22594541395344728,False
5192,2025,0.22359685143044924,0.8169093814405872,0.3247466923751305,0.22359685143044924,0.8169093814405872,0.3247466923751305,True
5193,2025,0.6577406017826868,0.29242022467209117,0.7549216004289253,0.6577406017826868,0.44957122976796676,0.7549216004289253,True
5194,2025,0.5709377400379013,0.1376047526063794,0.6698113693047322,0.5709377400379013,0.3956136637434213,0.6698113693047322,True
5195,2025,0.4940941984292668,0.0,0.5910834779016224,0.4940941984292668,0.1554958221798404,0.5870964055380403,True
5196,2025,-1.0445322092780278,1.5666484845795527,0.04723058292187745,-1.0445322092780278,0.7637285749073162,0.04723058292187745,False
5197,2025,0.23535858864826092,0.23831035274710938,0.3334299356032845,0.23535858864826092,0.23831035274710938,0.3334299356032845,True
5198,2025,-1.0457574948822599,1.390822589592177,0.0619980351972643,-1.0457574948822599,0.5652154208818382,0.2583251466553071,False
5199,2025,0.94063294055333,0.19302366478907892,1.0433711610220995,0.94063294055333,0.4006545258325014,1.0433711610220995,True
5200,2025,1.0271313037580918,0.23698626261269387,1.1278972747581753,1.0271313037580918,0.5251064906023475,1.1229805473180607,True
5201,2025,0.3691664289682995,0.20957437686264807,0.4590676826515166,0.3691664289682995,0.1280732303049495,0.4590676826515166,True
5202,2025,0.47162244659209746,0.0640230647198902,0.5612411517652844,0.47162244659209746,0.0640230647198902,0.6385677104529323,True
5203,2025,0.28177601701355137,0.266420245009701,0.37165206592260214,0.28177601701355137,0.266420245009701,0.4209272836516804,True
5204,2025,0.593676104857342,0.2320539105220924,0.6852711148270021,0.593676104857342,0.3367713791692467,0.6852711148270021,True
5205,2025,0.7250542456882072,0.05247330398965916,0.8162513953945718,0.7250542456882072,0.27819180210387123,0.7546160859463917,True
5206,2025,0.19952963632451573,0.18261823173561212,0.287786766976159,0.19952963632451573,0.764713845392804,0.287786766976159,True
5207,2025,0.5834094145682417,0.02165205932042244,0.673712153469514,0.5834094145682417,0.09243763786789033,0.5912677737494935,True
5208,2025,0.3188861317734714,0.8142930093286198,0.4187792619404003,0.3188861317734714,0.8142930093286198,0.3509215111630337,True
5209,2025,0.21357408605589054,0.0381478521568475,0.3070902098625769,0.21357408605589054,0.0381478521568475,0.40055244764683373,True
5210,2025,0.15297995229053304,1.4548996223373445,0.255817380981213,0.15297995229053304,0.43163009841235767,0.255817380981213,True
5211,2025,0.7352089902076383,0.21231324503660795,0.8297095015238724,0.7352089902076383,0.405083011450616,1.133521760111804,True
5212,2025,0.5402670499014112,0.4594493395657645,0.6336643307765681,0.5402670499014112,0.8488710846252103,0.6336643307765681,True
5213,2025,-1.0362485973863371,1.9124849269031103,0.09371673752821892,-1.0362485973863371,0.9952219914500163,0.1368430238243848,False
5214,2025,0.6035923413857254,0.02239594227896023,0.6960658860300823,0.6035923413857254,0.19618845436365576,0.6960658860300823,True
5215,2025,-1.0386748979195077,1.20270648554665,0.21915984847739278,-1.0386748979195077,0.8908936929975185,0.3919932249188757,False
5216,2025,-1.0382018998872502,1.3104286001643368,0.13562231480195,-1.0382018998872502,0.9960314158507035,0.40950893755136025,False
5217,2025,0.5280793612224461,0.14363646324390297,0.6167441359625571,0.5280793612224461,0.5331590754307404,0.6167441359625571,True
5218,2025,0.5343083115182731,0.7118463303422605,0.6226646794754447,0.5343083115182731,0.7118463303422605,0.4033260246408672,True
5219,2025,0.17976220418516523,0.20471406029573438,0.2641212777932983,0.17976220418516523,0.20471406029573438,0.3781189113697442,True
5220,2025,0.3900263279810723,0.6837708728124197,0.48207101926556317,0.3900263279810723,0.41762749759287565,0.7030202364289273,True
5221,2025,0.2577030645598457,0.22987688130689804,0.34521861473459686,0.2577030645598457,0.22987688130689804,0.7775484687012784,True
5222,2025,0.22052872565518986,0.05046179931640336,0.3077342515688053,0.22052872565518986,0.3888040275197706,0.3077342515688053,True
5223,2025,0.9460666467290119,0.4671369188588182,1.0407667368443734,0.9460666467290119,0.4671369188588182,1.0407667368443734,True
5224,2025,1.172039593435061,0.028248237918734893,1.2684370058995516,1.172039593435061,0.2669914100061393,1.2684370058995516,True
5227,2025,0.2048781221780358,0.457241111353691,0.29021584588401966,0.2048781221780358,0.457241111353691,0.29021584588401966,True
5228,2025,0.4676085336257804,0.12904656986338686,0.5548229770173989,0.4676085336257804,0.2094109007962682,0.5548229770173989,True
5229,2025,0.34716615863348277,0.09255747538599322,0.4334775097242946,0.34716615863348277,0.32240853926115887,0.36868727695410286,True
5230,2025,0.28927234805560775,0.3755100579645352,0.3771251549880003,0.28927234805560775,0.3755100579645352,0.408619546946342,True
5231,2025,0.7299724670890256,0.028709132785162447,0.8202609367191401,0.7299724670890256,0.2583821950665366,0.45606508081583746,True
5232,2025,0.23403518229271095,0.08125915947115277,0.3210139072176354,0.23403518229271095,0.3435411989522236,0.4046867050889004,True
5233,2025,0.41112916500034935,0.07369214863502924,0.5001130087139439,0.41112916500034935,0.08362816867569464,0.5001130087139439,True
5234,2025,-1.0365797477231145,1.8173290488611464,0.03261658210104073,-1.0365797477231145,0.7761073894814444,0.2718048508420948,False
5235,2025,0.19560475245899198,0.0,0.28477863488835276,0.19560475245899198,0.44279604814963885,0.28477863488835276,True
5236,2025,-1.0396567136829993,1.7634620868655027,0.18105360234758736,-1.0396567136829993,0.9767841846652305,0.2181695908288296,False
5237,2025,-1.0375381288663115,1.6090779547720733,0.1195413338927297,-1.0375381288663115,0.9769709014543517,1.0234114196572839,False
5238,2025,-1.0366011616441473,1.132391766736798,0.04284271521034855,-1.0366011616441473,0.904737338854249,0.5199929552003584,False
5239,2025,0.36276778408570026,0.165855074695325,0.4543370397238773,0.36276778408570026,0.20114338846029375,0.4543370397238773,True
5240,2025,0.6492470634639291,0.7949168270856175,0.7478177647794773,0.6492470634639291,0.7949168270856175,0.7478177647794773,True
5241,2025,0.7406064895026552,0.7284442625697339,0.840888678939519,0.7406064895026552,0.7284442625697339,0.840888678939519,True
5242,2025,0.7431423317991923,0.75667809067187,0.845522879682189,0.7431423317991923,0.75667809067187,0.845522879682189,True
5243,2025,0.3613943951129095,0.060728275200291705,0.4559440344402081,0.3613943951129095,0.2882183219823097,0.39810758186847667,True
5244,2025,0.8850121530221101,0.10874505997377971,0.9836039658888461,0.8850121530221101,0.10874505997377971,0.848407404840368,True
5245,2025,-1.0408732170116695,1.0034755366245875,0.21549894810801343,-1.0408732170116695,0.9903582093484605,0.6689836910831152,False
5246,2025,1.4585926818907418,0.09819112423446558,1.5560197074630822,1.4585926818907418,0.09819112423446558,1.5560197074630822,True
5247,2025,0.5004367311414522,0.20863383093560423,0.5921391716181118,0.5004367311414522,0.27529277276980385,0.5852135672717076,True
5248,2025,0.5877585987241047,0.4207448798989815,0.6784831227580382,0.5877585987241047,0.7672406633452084,0.6784831227580382,True
5249,2025,0.7208395397734801,0.052063936558299335,0.8130651425855945,0.7208395397734801,0.30457402886607676,0.8130651425855945,True
5250,2025,0.2958872679516593,0.09686182606672446,0.38234931342117096,0.2958872679516593,0.7612999662786013,0.38234931342117096,True
5251,2025,0.23034521848146267,0.09365940255027796,0.3189721162325781,0.23034521848146267,0.25712156737863384,0.3189721162325781,True
5252,2025,0.3770882716133825,0.9278643607821336,0.47265098496810987,0.3770882716133825,0.9278643607821336,0.47265098496810987,True
5253,2025,0.186092082918463,0.23450608532996753,0.27971207768278084,0.186092082918463,0.23450608532996753,0.27971207768278084,True
5254,2025,0.7772997667145098,0.5840322671850193,0.8770058307237331,0.7772997667145098,0.5840322671850193,0.8770058307237331,True
5255,2025,0.1738239010152255,0.5214590774544817,0.26646470624576024,0.1738239010152255,0.9538024750055202,0.3926383916535072,True
5256,2025,0.3308939855900587,0.3167151279778989,0.43393353833275794,0.3308939855900587,0.3167151279778989,1.0459488923968052,True
5257,2025,0.7521573661149885,0.04468195258337008,0.8556593919723497,0.7521573661149885,0.6210791409094029,0.7473056569575502,True
5258,2025,0.24630400250681325,0.9284796420325216,0.35090427785739,0.24630400250681325,0.9284796420325216,0.35090427785739,True
5259,2025,0.7434484199986918,0.2750877073897794,0.8416252162891611,0.7434484199986918,0.2750877073897794,0.8416252162891611,True
5260,2025,0.16104183715469095,0.16659420612275058,0.25879728875680275,0.16104183715469095,0.16659420612275058,0.2933734447445425,True
5261,2025,0.7227674859268868,0.348483604805912,0.8260352113918784,0.7227674859268868,0.348483604805912,0.8260352113918784,True
5262,2025,-1.0446380285311994,1.1608309046027157,0.13668834904809007,-1.0446380285311994,0.7630066051342927,0.5651145177064095,False
5263,2025,0.5711017415754542,0.12325693505137555,0.6669251214407969,0.5711017415754542,0.9029287102600848,0.5178702232391343,True
5264,2025,0.9070457574210599,0.0458777545517507,1.0036929159081598,0.9070457574210599,0.4999738965438052,1.0036929159081598,True
5265,2025,0.35119180764659674,0.15245922771598247,0.455067694849327,0.35119180764659674,0.30145347298390307,0.455067694849327,True
5266,2025,-1.051176007623692,1.12051438865171,0.047656732297408966,-1.051176007623692,0.9310498187863212,0.26501792594663137,False
5267,2025,0.7175757625952979,0.04191732654171183,0.8206971301848651,0.7175757625952979,0.6695741371266437,0.8206971301848651,True
5268,2025,0.4020355301109197,0.9291483667725,0.5077903864919825,0.4020355301109197,0.9291483667725,0.5077903864919825,True
5269,2025,0.36529757710110217,0.0,0.46501528917568674,0.36529757710110217,0.21959055322186297,0.46501528917568674,True
5270,2025,0.22905413924046739,0.5533978530228525,0.33225875072148886,0.22905413924046739,0.5060894878539165,0.33225875072148886,True
5271,2025,0.5509676168351045,0.5248795326798006,0.6462226504498602,0.5509676168351045,0.5248795326798006,0.6142407434406826,True
5272,2025,0.6140576193763072,0.468534048144113,0.7099000729456518,0.6140576193763072,0.468534048144113,0.6777179363054351,True
5273,2025,-1.0427904483422554,1.2072318728067175,0.15758960364962132,-1.0427904483422554,0.974190277106679,0.5749632811943426,False
5274,2025,0.5230047380344889,0.027389305409708492,0.6186205187366142,0.5230047380344889,0.61673160112211,0.6186205187366142,True
5275,2025,1.044267824724355,0.5878098795887204,1.1462765928855347,1.044267824724355,0.5878098795887204,1.1462765928855347,True
5276,2025,0.4114230847521609,0.008494098034129342,0.5020011938174883,0.4114230847521609,0.5674057486803421,0.9887130111735437,True
5277,2025,0.4441400069084891,0.01468569725051024,0.5355960173713443,0.4441400069084891,0.019005019971223128,0.5355960173713443,True
5278,2025,0.6565267815590609,0.7239018842335787,0.7595036162450581,0.6565267815590609,0.7239018842335787,0.7595036162450581,True
5279,2025,0.21485094520438805,0.2598512320000879,0.31615233226682943,0.21485094520438805,0.2598512320000879,0.3854459941335655,True
5280,2025,0.8206235853842154,0.09074672267014285,0.9249605708306976,0.8206235853842154,0.5783736902711981,0.9249605708306976,True
5281,2025,1.0414942759102366,0.5733326585503636,1.144557476444294,1.0414942759102366,0.5733326585503636,1.1255869105363951,True
5282,2025,0.16731332895584858,0.24332170283998533,0.26797544365637366,0.16731332895584858,0.24332170283998533,0.4469830400188391,True
5283,2025,1.271194854504204,0.03815166270422287,1.377820047373917,1.271194854504204,0.39895738713520673,1.3581991922689265,True
5284,2025,-1.0452110580011011,1.3440401297919693,0.09888583537508883,-1.0452110580011011,0.9868402754778833,0.2300609231175695,False
5285,2025,0.16461164093357705,0.8704074314031096,0.2768344552600639,0.16461164093357705,0.4476737362087521,0.2768344552600639,True
5286,2025,0.4317885185151384,0.7112527196039955,0.537969811802368,0.4317885185151384,0.7112527196039955,0.7180481277530719,True
5287,2025,0.5122145177086654,0.6334051021270312,0.6186483524358366,0.5122145177086654,0.6334051021270312,0.6186483524358366,True
5288,2025,0.8355067925955558,0.04199130745029216,0.941967167128474,0.8355067925955558,0.30982775497116805,0.941967167128474,True
5289,2025,0.5341862168006756,0.13280804182564315,0.637698118187567,0.5341862168006756,0.6333077696974673,0.637698118187567,True
5290,2025,-1.0491014756623462,1.258106213035632,0.12483366220803535,-1.0491014756623462,0.7435744227173593,0.5438405631845521,False
5291,2025,-1.0501143377986362,1.1795478827197785,0.02768891743473753,-1.0501143377986362,0.9890481307688065,0.20157531892490735,False
5292,2025,0.7604933035681551,0.21566570411283548,0.8637097373451165,0.7604933035681551,0.21566570411283548,0.8637097373451165,True
5293,2025,-1.0454182742894116,1.5730600584332377,0.0581500850154159,-1.0454182742894116,0.9434349999908531,0.20051753453578486,False
5294,2025,-1.0456729083033014,1.187144909717895,0.16110533125941107,-1.0456729083033014,0.8800378720046068,0.326238295800304,False
5295,2025,-1.0454745076738625,1.1418507768189927,0.06210065628312677,-1.0454745076738625,0.9855975126227161,0.4357062174703925,False
5296,2025,0.6781423552562552,0.3942719353716951,0.7787846644223174,0.6781423552562552,0.3942719353716951,0.7787846644223174,True
5297,2025,0.35802822293423986,0.14300167470464567,0.46388348135899315,0.35802822293423986,0.31506873044682054,0.44760686797799165,True
5298,2025,-1.0531721964593173,1.1010734962049293,0.060845719237675275,-1.0531721964593173,0.986402717641612,0.2527437568334122,False
5299,2025,-1.0537901631004818,1.4186712847977736,0.1335915459851366,-1.0537901631004818,0.792091467345402,0.4480636807819592,False
5300,2025,-1.0531014428672374,1.058697690712178,0.23552525718486753,-1.0531014428672374,0.7788657019776686,0.403424450425573,False
5301,2025,-1.054757577300893,1.0760401118085563,0.0012022794545609673,-1.054757577300893,0.7874930427202116,0.25849008272497664,False
5302,2025,0.6238657114538142,0.08074540469153954,0.7277997963410844,0.6238657114538142,0.2869735328901215,0.8347328998514695,True
5303,2025,0.5627515408291895,0.6209327774654309,0.660099306505544,0.5627515408291895,0.6209327774654309,0.660099306505544,True
5304,2025,0.981333833605747,0.210691841917881,1.07943491612718,0.981333833605747,0.210691841917881,1.07943491612718,True
5305,2025,0.8324914295687424,0.11020425542704274,0.9328003048647044,0.8324914295687424,0.386698860560984,0.9328003048647044,True
5306,2025,0.37877221945668327,0.6857259746239807,0.47480612311894765,0.37877221945668327,0.6857259746239807,0.47480612311894765,True
5307,2025,0.3597949652638291,0.014462611130461324,0.456054337646939,0.3597949652638291,0.0626713148986365,0.6286414971370027,True
5308,2025,0.6368601970867478,0.18121648293890052,0.7366843980341695,0.6368601970867478,0.4313740191697507,0.7366843980341695,True
5309,2025,-1.043908908783508,1.009886344280189,0.10261903023551255,-1.043908908783508,0.9187759903327593,0.4862415731719494,False
5310,2025,0.3425478233260329,0.1171667458714531,0.43843040390614774,0.3425478233260329,0.18330926370214953,0.5773296913505802,True
5311,2025,-1.0437327095930844,2.2175972104351054,0.0,-1.0437327095930844,0.9782673334519669,0.2524560860521079,False
5312,2025,0.29507144358898507,0.3408360102717316,0.39048159159982293,0.29507144358898507,0.3408360102717316,0.5212786039449808,True
5313,2025,0.3301185561435175,0.13104961266160578,0.4271246634897157,0.3301185561435175,0.31646054613103125,0.4271246634897157,True
5314,2025,0.558259475634941,0.0698974274404604,0.6623613362214192,0.558259475634941,0.7045216892806989,0.6623613362214192,True
5315,2025,2.878323318997601,0.8238982144532712,3.0010210304536544,2.878323318997601,0.8238982144532712,2.521354261765118,True
5316,2025,3.15247266545703,0.4253856070274195,3.271106244808185,3.15247266545703,0.4253856070274195,2.8075450063808796,True
5317,2025,3.191419294852853,0.3120093156362909,3.3121843008650234,3.191419294852853,0.4508034951898038,2.8402840903830797,True
5318,2025,0.7523646163853028,0.6070832245172537,0.8482301720338463,0.7523646163853028,0.6070832245172537,2.5472200295370446,True
5319,2025,0.2612077859836411,0.4536315692896872,0.3594083097156189,0.2612077859836411,0.4536315692896872,0.3594083097156189,True
5320,2025,0.27581217212752357,0.37202992476629376,0.3729862998942486,0.27581217212752357,0.727801472357747,0.3729862998942486,True
5321,2025,0.5267240911926576,0.05311116045576896,0.6231077217757943,0.5267240911926576,0.12803583324158974,0.6231077217757943,True
5322,2025,0.3165208592080183,0.5940473356524082,0.4149804354317943,0.3165208592080183,0.6139436578991431,0.4149804354317943,True
5323,2025,0.800808101986354,0.009353518981639703,0.8979378222382197,0.800808101986354,0.09821194930728068,0.8979378222382197,True
5324,2025,0.647414163401893,0.04996843916713372,0.7484855783576678,0.647414163401893,0.17072550048768717,0.7484855783576678,True
5325,2025,0.25615484303972885,0.8412906622300418,0.3608609114559005,0.25615484303972885,0.8412906622300418,0.33931697644357794,True
5326,2025,1.0334704282686489,0.07064386761805617,1.1389965117494252,1.0334704282686489,0.07390435381578447,1.117259937097689,True
5327,2025,0.20637222161411184,0.3416393304392352,0.3083348674089554,0.20637222161411184,0.32337559264845234,0.3083348674089554,True
5328,2025,0.15983450203925045,0.7092569147289263,0.26368428544554545,0.15983450203925045,0.7092569147289263,0.6134695620569444,True
5329,2025,0.8363653182305304,0.07294467827269331,0.938902216052419,0.8363653182305304,0.7815501243499808,0.938902216052419,True
5330,2025,0.6441060758267831,0.366789209957912,0.7456372432568491,0.6441060758267831,0.7617156743783682,0.7456372432568491,True
5331,2025,-1.0557952292390809,1.1043081170656368,0.20705777194985245,-1.0557952292390809,0.9675020891702627,0.20705777194985245,False
5332,2025,0.8672349107109563,0.2695299764487704,0.9745450676837494,0.8672349107109563,0.2695299764487704,0.9816069884640601,True
5333,2025,0.8198343189389676,0.0,0.928971505785703,0.8198343189389676,0.3363930323785895,0.9181973517237376,True
5334,2025,0.27515928955681557,0.006986422333253097,0.37959561344045556,0.27515928955681557,0.6404220472154496,0.33069065710763096,True
5335,2025,-1.054290771039351,1.0707812676524093,0.21367608255840811,-1.054290771039351,0.8162906524704617,0.21367608255840811,False
5337,2025,0.41823524954898955,0.1355064776328441,0.523652150852413,0.41823524954898955,0.34680471394173173,0.4650857918755249,True
5338,2025,-1.0522408419637301,1.4814277229892743,0.1838855203089716,-1.0522408419637301,0.9378161535758439,0.1838855203089716,False
5339,2025,0.5996523824651195,0.7858549008093451,0.7057110582339094,0.5996523824651195,0.7858549008093451,0.8348316934943532,True
5340,2025,0.5916459319007485,0.1889875549614475,0.6962699393316539,0.5916459319007485,0.1889875549614475,0.6100650897000962,True
5341,2025,0.6616858929402624,0.003239696014719881,0.7645682594687846,0.6616858929402624,0.6824959604297872,0.7645682594687846,True
5342,2025,0.1746100669373126,0.24571399833814378,0.27562700683155655,0.1746100669373126,0.4016889711962922,0.30340337186106386,True
5343,2025,-1.0492737290950216,1.2035081526543587,0.034727016127104306,-1.0492737290950216,0.8638345261612816,0.33099187246131334,False
5344,2025,0.4207561210440768,0.1707735326701215,0.5205013660424118,0.4207561210440768,0.1707735326701215,0.9387431316836042,True
5345,2025,0.3144092082685957,0.3642612461219922,0.4216528894016351,0.3144092082685957,0.3642612461219922,0.7156386539566969,True
5346,2025,0.644742466180531,0.10292691707374924,0.7517134393027705,0.644742466180531,0.40014284615194046,0.7517134393027705,True
5347,2025,0.491990643959815,0.22786374063962697,0.5963001371963326,0.491990643959815,0.7096651822906361,0.294749117245313,True
5348,2025,0.4724428215728924,0.1725410076311051,0.5789966699029454,0.4724428215728924,0.2628644881359351,0.27097044151454264,True
5349,2025,1.6859504090165303,0.02524628089921801,1.7982237349595809,1.6859504090165303,0.6334521389264076,1.7982237349595809,True
5350,2025,0.3398222996813573,0.2562737243300267,0.4400556780327909,0.3398222996813573,0.9893595174333694,0.45639185169524643,True
5351,2025,-1.04663241941807,2.141401142033233,0.1373997881057325,-1.04663241941807,0.979100712279469,0.1373997881057325,False
5352,2025,-1.04383681501979,1.7518505520381573,0.12980179860963292,-1.04383681501979,0.8583972959148619,0.12980179860963292,False
5353,2025,-1.0432322651656116,1.2280603824060108,0.17971615352283915,-1.0432322651656116,0.8190189288149912,0.6308785805957556,False
5354,2025,0.18909426468510493,0.2852971990333802,0.28182854007857017,0.18909426468510493,0.5896720223182155,0.5281033258703179,True
5355,2025,0.5235679250471109,0.4759464695132426,0.6161885231450819,0.5235679250471109,0.4759464695132426,0.6161885231450819,True
5356,2025,0.3980090351555671,0.0167190447642094,0.4910119462329497,0.3980090351555671,0.6054054104091025,0.4910119462329497,True
5357,2025,0.31510793607128873,0.05083356299043642,0.3980862140679857,0.31510793607128873,0.3928048049260969,0.5763337726058718,True
5358,2025,-1.0316785800554455,1.6587714313832487,0.18318136018943237,-1.0316785800554455,0.9564635596606826,0.18318136018943237,False
5359,2025,0.21573369645350296,0.7150895648828346,0.30130958364967847,0.21573369645350296,0.7150895648828346,0.3443538098853378,True
5360,2025,0.5060793145207506,0.2177184567705576,0.5922215883853584,0.5060793145207506,0.2177184567705576,0.5922215883853584,True
5361,2025,0.4658020690109305,0.3418692237783817,0.5488787932062906,0.4658020690109305,0.43829387663893676,0.5252783536949694,True
5362,2025,0.35793072358620825,0.3896792199420388,0.44638627060522607,0.35793072358620825,0.3896792199420388,1.232287831719651,True
5363,2025,-1.034208152031599,1.520857610971208,0.02185140245649601,-1.034208152031599,0.5339026000200567,0.02185140245649601,False
5364,2025,1.570564249142051,0.05649055149196616,1.648792571244091,1.570564249142051,0.7303131009429594,0.0,True
5365,2025,-1.0218515419433238,1.1100965122694668,0.11948642394452261,-1.0218515419433238,0.653793640451139,0.3147227317482043,False
5366,2025,-1.0224700742881183,1.260524229743853,0.17543378455196865,-1.0224700742881183,0.9955171107513304,0.2701123349451204,False
5367,2025,-1.0225571924067682,1.2224339726320537,0.21950682467008986,-1.0225571924067682,0.9563227265882676,0.21950682467008986,False
5368,2025,-1.0229299833984749,1.1048320645204759,0.17402290458327357,-1.0229299833984749,0.8340770821852171,0.36227111471830015,False
5369,2025,0.4113164036645825,0.06683146608034615,0.4863845586959885,0.4113164036645825,0.4167684481956086,0.4863845586959885,True
5370,2025,-1.0227155476705676,1.0702459602820773,0.19685384431878894,-1.0227155476705676,0.7784888306353992,0.19685384431878894,False
5371,2025,0.37022441100622633,0.2544056891480566,0.4512451274669747,0.37022441100622633,0.4097726671922556,0.4512451274669747,True
5372,2025,0.41719286990169197,0.08586052520753781,0.501066647106632,0.41719286990169197,0.2293885673454819,0.501066647106632,True
5373,2025,0.20952447868824248,0.41878401031608453,0.2927610442487769,0.20952447868824248,0.41878401031608453,0.5396368034166193,True
5374,2025,0.3419655695328962,0.15777698849128105,0.426655273045142,0.3419655695328962,0.29714666165856685,0.3793221764977726,True
5375,2025,0.3026111800668865,0.28718633310995034,0.386010267598119,0.3026111800668865,0.4854974499688034,0.386010267598119,True
5376,2025,0.310809081194963,0.4089762965737694,0.39678826124542305,0.310809081194963,0.45231153329680945,0.39678826124542305,True
5377,2025,0.30110446678280695,0.43130649961971074,0.388589242468914,0.30110446678280695,0.43130649961971074,0.388589242468914,True
5378,2025,0.4821904186262253,0.5778659012393293,0.5640940732784054,0.4821904186262253,0.5778659012393293,0.42196880872193315,True
5379,2025,0.4711113246521854,0.6207242967744979,0.5554744849563329,0.4711113246521854,0.6207242967744979,0.4090879506164653,True
5380,2025,0.2793009964054335,0.2270435153275021,0.35885787849155554,0.2793009964054335,0.7381604337187675,0.37715048399185785,True
5381,2025,0.41783376177533493,0.5676789939862794,0.5003824402058913,0.41783376177533493,0.5676789939862794,0.3375681971887945,True
5382,2025,-1.0254521093619826,1.3893896059477269,0.19601768563444688,-1.0254521093619826,0.9460646329973177,0.19601768563444688,False
5383,2025,0.559521941567261,0.824590476505491,0.6360984435769148,0.559521941567261,0.824590476505491,0.704234086086712,True
5384,2025,0.4577295564647366,0.5380379767567246,0.5340001683007679,0.4577295564647366,0.5380379767567246,0.5340001683007679,True
5385,2025,0.5742074502313022,0.024256766561124653,0.653878055125922,0.5742074502313022,0.048513533122249305,0.653878055125922,True
5386,2025,0.17922592651537567,0.27281706556159535,0.2580701971528508,0.17922592651537567,0.3191643662747414,0.3375979517856541,True
5387,2025,0.7028305346262804,0.27844788951285443,0.785105469662921,0.7028305346262804,0.26882780887710245,0.785105469662921,True
5388,2025,-1.0255919886400844,2.272574107345404,0.1927561164813469,-1.0255919886400844,0.8325423754407756,0.7110445041479864,False
5389,2025,0.2784502165284576,0.1325305059455113,0.3535644345054451,0.2784502165284576,0.43173497021568225,0.3535644345054451,True
5390,2025,0.5399358162835374,0.49431058498138736,0.6129634501437478,0.5399358162835374,0.49431058498138736,0.5928062066412605,True
5391,2025,0.3377322748451579,0.06788902766779821,0.41329739141004673,0.3377322748451579,0.1623832148270272,0.49311286988433906,True
5392,2025,0.45764646368523787,0.41787896772664346,0.5353921896894359,0.45764646368523787,0.41787896772664346,0.5139374935634449,True
5393,2025,0.47542244837570574,0.43800347324588385,0.5565340298850084,0.47542244837570574,0.43800347324588385,0.5341505771291187,True
5394,2025,0.48061887280441173,0.31747712397925015,0.560253748198678,0.48061887280441173,0.8890342372731654,0.3400838541697247,True
5395,2025,0.49155512705997734,0.16892353428933454,0.5659621377941725,0.49155512705997734,0.2700044631632659,0.5659621377941725,True
5396,2025,0.3871528050279619,0.13368929873490856,0.4643695429555389,0.3871528050279619,0.29808462014745135,0.4643695429555389,True
5397,2025,-1.0243653193494384,1.0604145989393587,0.03831114295900178,-1.0243653193494384,0.24878594069675472,0.471085165273685,False
5398,2025,-1.0131114934291032,1.311500403745508,0.05396905376978981,-1.0131114934291032,0.9028027150034019,0.11841753545604632,False
5399,2025,0.421994905129143,0.4764149263499272,0.48911932438592526,0.421994905129143,0.4764149263499272,0.7808123032924411,True
5400,2025,0.7044785600939607,0.01795556415520529,0.7713305728644131,0.7044785600939607,0.18967145234370814,0.57002593811029,True
5401,2025,0.26096414018364256,0.19532835329692363,0.33650168921055584,0.26096414018364256,0.19532835329692363,0.40824551565846107,True
5402,2025,0.5636838690805982,0.07232583861414371,0.6406002848681391,0.5636838690805982,0.24656535891185938,0.6406002848681391,True
5403,2025,0.21289691275722303,0.3271324224358372,0.2883438637755701,0.21289691275722303,0.3897549147307042,0.2883438637755701,True
5404,2025,-1.0237016456533619,1.0604986573286321,0.09939202662854238,-1.0237016456533619,0.801794052132768,0.09939202662854238,False
5405,2025,0.3711805144990455,0.5750605335668184,0.4465794010672739,0.3711805144990455,0.5750605335668184,0.5158350301097809,True
5406,2025,0.3437539163457843,0.6575628385059451,0.4235493148869946,0.3437539163457843,0.6575628385059451,0.4235493148869946,True
5407,2025,-1.0299639957996167,1.6194681112587226,0.028390526381649146,-1.0299639957996167,0.3648484666916317,0.45304031460053873,False
5408,2025,1.0170215469919115,0.9609083969977248,1.1046620422823739,1.0170215469919115,0.9609083969977248,1.2620804827461716,True
5409,2025,0.193565576062525,0.22188528786074543,0.2728367243324609,0.193565576062525,0.22188528786074543,0.5988163447698277,True
5410,2025,0.4317556730021633,0.23274749034680756,0.5129375146971551,0.4317556730021633,0.23274749034680756,0.5129375146971551,True
5411,2025,1.7029145018789398,0.29997624862790156,1.791555566067345,1.7029145018789398,0.29997624862790156,1.791555566067345,True
5413,2025,-1.0229189117859419,1.022059803029069,0.04392401186769189,-1.0229189117859419,0.9710512731181741,0.07084518043177358,False
5414,2025,0.23172501119798908,0.23223545849724597,0.3064408712715065,0.23172501119798908,0.23223545849724597,0.7365574305001139,True
5415,2025,0.18700133850161293,0.12371218640822652,0.263988347565681,0.18700133850161293,0.12371218640822652,0.28210519494763514,True
5416,2025,0.477698947336475,0.2939983232769753,0.558116599179184,0.477698947336475,0.2939983232769753,0.558116599179184,True
5417,2025,0.4681845795756935,0.06330442081791897,0.5467199979729344,0.4681845795756935,0.34268095566722273,0.5467199979729344,True
5418,2025,0.35665533350606593,0.2000211628781788,0.43373010055686073,0.35665533350606593,0.38425118131859787,0.43373010055686073,True
5419,2025,0.1999970108832182,0.1263755064382594,0.2764149523290662,0.1999970108832182,0.1374522440543508,0.2764149523290662,True
5420,2025,0.22925387590741145,0.15285043817048435,0.3067371504980086,0.22925387590741145,0.2984469572413362,0.24870579770108994,True
5421,2025,0.2376057058868116,0.16744645878041906,0.3158167387124524,0.2376057058868116,0.2697159731621508,0.3158167387124524,True
5422,2025,1.2768866082601669,0.023311206373283377,1.3598203717754134,1.2768866082601669,0.9899492306525075,0.0,True
5424,2025,0.20301798737037363,0.09661721096739119,0.27906189360628936,0.20301798737037363,0.23443160833710128,0.27906189360628936,True
5425,2025,0.41806450609325263,0.003543577839334912,0.4955946721033271,0.41806450609325263,0.07593381084320668,0.4955946721033271,True
5426,2025,0.38470254335990967,0.5118696177786899,0.46444564513456027,0.38470254335990967,0.5118696177786899,0.46444564513456027,True
5427,2025,0.6374599957771919,0.562331074813778,0.7110033652000048,0.6374599957771919,0.562331074813778,0.7110033652000048,True
5428,2025,0.19155731554951674,0.14405142612591332,0.26563611606706145,0.19155731554951674,0.5110081171439115,0.26563611606706145,True
5429,2025,0.5910657417620532,0.0,0.6672643108971571,0.5910657417620532,0.27451607087827795,0.6672643108971571,True
5430,2025,0.46287125001200835,0.11414788852378024,0.539031695806748,0.46287125001200835,0.26906288009177215,0.539031695806748,True
5431,2025,0.1948296508428588,0.259472537609228,0.2703594972292067,0.1948296508428588,0.3547334342839644,0.2658232640542242,True
5432,2025,0.35316395553089824,0.45668979306878144,0.4286070537772479,0.35316395553089824,0.537715401516457,0.4286070537772479,True
5433,2025,0.39876084399763867,0.05879242803420872,0.47559728369134746,0.39876084399763867,0.05879242803420872,0.47559728369134746,True
5434,2025,0.20179238937727267,0.6511654993298823,0.28121816054456306,0.20179238937727267,0.6511654993298823,0.28121816054456306,True
5435,2025,0.2326567334184142,0.15180278850738774,0.3087913865600867,0.2326567334184142,0.8405725835673542,0.3087913865600867,True
5436,2025,-1.0192495395380936,1.0221989710457278,0.059698884895292625,-1.0192495395380936,0.9987045711837073,0.059698884895292625,False
5437,2025,0.18601118261409214,0.2167397116784652,0.2600876540141896,0.18601118261409214,0.14974743715967745,0.2600876540141896,True
5438,2025,0.21223099862980144,0.2093315100382393,0.28976430699874334,0.21223099862980144,0.13921061012396818,0.28976430699874334,True
5439,2025,-1.025587060389653,1.1524212953503492,0.04410177166717399,-1.025587060389653,0.9550133650306646,0.4977199945294497,False
5440,2025,0.1847932753865172,0.7609177969588226,0.26571732592212965,0.1847932753865172,0.5634677682103728,0.3801963319518384,True
5441,2025,0.2903185272359224,0.17435042103023962,0.3722290995697711,0.2903185272359224,0.17435042103023962,0.7167069210516807,True
5442,2025,0.18529864144863029,0.622763917966675,0.2695180449689242,0.18529864144863029,0.6105408773785271,0.2695180449689242,True
5443,2025,0.21382801411524385,0.1430265528207591,0.2895660385178259,0.21382801411524385,0.9896433760089232,0.0,True
5444,2025,0.4205064818887992,0.24414793106767144,0.4912374034735145,0.4205064818887992,0.4471142834010357,0.4803116785031983,True
5445,2025,0.39537374785540913,0.07151609272864978,0.4687792663616127,0.39537374785540913,0.29434977190147776,0.45744134922171426,True
5446,2025,0.4154387036586113,0.1569309878476686,0.48980150573303954,0.4154387036586113,0.4849388554053593,0.48980150573303954,True
5447,2025,0.4696086710252796,0.3654924090228362,0.5460998413098107,0.4696086710252796,0.3654924090228362,0.5460998413098107,True
5448,2025,0.529141278710173,0.2776341379594196,0.6071126960962605,0.529141278710173,0.322210648766171,0.6071126960962605,True
5449,2025,-1.0228301952709842,2.1679937068099484,0.1529290166629434,-1.0228301952709842,0.9142598488425424,0.777428623407284,False
5450,2025,0.18072014433505793,0.5752016735945668,0.25564518826425914,0.18072014433505793,0.5752016735945668,0.4945971272948494,True
5451,2025,0.1948601731089851,0.17388321182868866,0.26990113923959924,0.1948601731089851,0.562254231654872,0.26990113923959924,True
5452,2025,-1.0235574174856652,1.9702754208820286,0.09445185201944638,-1.0235574174856652,0.674376435662047,0.18352043786159092,False
5453,2025,0.2313351923478651,0.3133670167048098,0.31277908609186905,0.2313351923478651,0.3133670167048098,0.3451152698043573,True
5454,2025,0.6575970439445263,0.264199654173732,0.740327202985719,0.6575970439445263,0.7641903975562792,0.4522643542414527,True
5455,2025,0.23802240592155974,0.2971907454479456,0.31364041770519674,0.23802240592155974,0.9672407287272421,0.30102900230795837,True
5456,2025,0.8410824769562792,0.19416209026867495,0.9231957698060937,0.8410824769562792,0.19416209026867495,0.9231957698060937,True
5457,2025,-1.025104309634746,1.2924900156421488,0.22004125217492795,-1.025104309634746,0.8973241889151717,0.22004125217492795,False
5458,2025,-1.0255872409956837,1.5044699000432145,0.0005138216871610752,-1.0255872409956837,0.9325863622194089,0.03545369641495536,False
5459,2025,0.3598868662512234,0.3044027186180912,0.4349347318560033,0.3598868662512234,0.3044027186180912,0.4349347318560033,True
5460,2025,0.19109974963517926,0.0693203325755226,0.2688147247967145,0.19109974963517926,0.23759411699549185,0.20901932341476687,True
5461,2025,0.4664311682520828,0.24454051810695113,0.5490174377106439,0.4664311682520828,0.5951684668632031,0.5490174377106439,True
5462,2025,0.681861914382974,0.05063814391386946,0.7669826187928499,0.681861914382974,0.05063814391386946,0.7669826187928499,True
5463,2025,0.33402064230840794,0.20844434423746755,0.41749639793331134,0.33402064230840794,0.4326891343937945,0.37191818855194475,True
5464,2025,0.899659852678264,0.29297895132471546,0.9857520966446771,0.899659852678264,0.5761919376053098,0.9295977976407657,True
5465,2025,1.0020832542874483,0.13014632213973545,1.089510639626971,1.0020832542874483,0.2088538598147206,1.032494155641937,True
5467,2025,0.8731698676120088,0.16377575008201115,0.9584133244871567,0.8731698676120088,0.5451308360130397,0.8372074444625789,True
5468,2025,0.28673966011610075,1.4177924710016474,0.37431976172766296,0.28673966011610075,0.9656773371076853,0.37431976172766296,True
5469,2025,0.6117363553633939,0.0,0.6902153004269659,0.6117363553633939,0.008049158022464436,1.4141364500730131,True
5470,2025,0.7809282399629909,0.5866115472504906,0.8636086166108905,0.7809282399629909,0.5866115472504906,0.5986548980922809,True
5471,2025,-1.02963672659965,1.0557540491674082,0.10203656452847072,-1.02963672659965,0.9413315432799881,0.10203656452847072,False
5472,2025,0.26543526572214876,0.0012501318666235546,0.34816172485498686,0.26543526572214876,0.2869052633903758,0.48067570271719734,True
5473,2025,0.22996441433063486,0.19051287645504214,0.31617030560621073,0.22996441433063486,0.53640859540885,0.31617030560621073,True
5474,2025,-1.0405548264372766,1.2199759850295306,0.1331178054190451,-1.0405548264372766,0.5592571215471559,0.8116939354820455,False
5475,2025,0.1730828605976457,1.0902346416333366,0.2639301739521777,0.1730828605976457,0.4283789746455235,1.3284485422260617,True
5476,2025,0.7821418874290094,0.02647321856411216,0.8679433800660971,0.7821418874290094,0.2521258910867388,1.0091338790746571,True
5477,2025,0.7294648017043573,0.04153478196610792,0.81729732255843,0.7294648017043573,0.09579796485727952,0.81729732255843,True
5478,2025,0.3048650973906187,0.11618299379679635,0.38990225036891735,0.3048650973906187,0.746328044898095,0.38990225036891735,True
5479,2025,0.29919076159048025,0.22507969951507376,0.38537384753771986,0.29919076159048025,0.26181377510357023,0.38537384753771986,True
5480,2025,0.877675488988484,0.06794859792285961,0.9599777914541525,0.877675488988484,0.2337431768546469,0.8675676982790734,True
5481,2025,0.46812289866031576,0.3771974142697219,0.5543658967297389,0.46812289866031576,0.3771974142697219,0.44387372487296656,True
5482,2025,0.17271226953245322,0.19306177189902743,0.25405981639471326,0.17271226953245322,0.4506748724391181,0.25405981639471326,True
5483,2025,0.21023304044755703,0.19649954104397824,0.2911104311762947,0.21023304044755703,0.24380498611013648,0.2911104311762947,True
5484,2025,0.22702442631784467,0.19165968600969333,0.31027642979423936,0.22702442631784467,0.19165968600969333,0.31027642979423936,True
5485,2025,0.6608915788732325,0.7765997054089766,0.7499080625062369,0.6608915788732325,0.7765997054089766,0.7499080625062369,True
5486,2025,0.7474716016949103,0.7088740967708441,0.8376432333323374,0.7474716016949103,0.7088740967708441,0.8376432333323374,True
5487,2025,0.16495372477479545,1.6933557161591006,0.2547682505548592,0.16495372477479545,0.8878644112870502,0.0,True
5488,2025,0.6066894237180076,0.21890219692411897,0.6889843946083368,0.6066894237180076,0.22829210349458198,0.6889843946083368,True
5489,2025,0.6050251875671626,0.15642495139862178,0.6897192837731604,0.6050251875671626,0.24460272322951784,0.6897192837731604,True
5490,2025,0.344083841342118,0.13451169168825836,0.4266450132843363,0.344083841342118,0.6061914563748443,0.4266450132843363,True
5491,2025,1.1539720138864447,0.29187751636805026,1.2424272924659394,1.1539720138864447,0.29187751636805026,1.1627153629444902,True
5492,2025,0.3623599965165378,0.5098097161890249,0.45088009845748955,0.3623599965165378,0.5098097161890249,0.45088009845748955,True
5493,2025,0.6297049857786509,0.26005822680166574,0.7200536924884148,0.6297049857786509,0.26005822680166574,0.7200536924884148,True
5494,2025,0.17818288731865103,0.6599265551612062,0.2678161878385463,0.17818288731865103,0.6599265551612062,0.4456736048903255,True
5495,2025,0.40612739737438963,0.6920561139271799,0.4954877759851072,0.40612739737438963,0.7110351258663996,0.4954877759851072,True
5496,2025,0.9364182744794108,0.14099038686426926,1.0241754517497195,0.9364182744794108,0.14099038686426926,1.0241754517497195,True
5497,2025,0.3162595972095218,0.19831419630128627,0.4051580354542332,0.3162595972095218,0.5508727675035802,0.4051580354542332,True
5498,2025,0.43037456629742876,0.09375003355380411,0.5195612546569974,0.43037456629742876,0.28554399532799507,0.5095421671016378,True
5499,2025,1.1030235093598888,0.08816672877342002,1.1977225951170651,1.1030235093598888,0.4087050901615736,1.1125445690139282,True
5500,2025,0.7261260985012445,0.9795622470973566,0.8219073790022887,0.7261260985012445,0.9795622470973566,1.079760674375544,True
5501,2025,0.479654684865537,0.24596134828752345,0.5688714982739622,0.479654684865537,0.24596134828752345,0.671927929120692,True
5502,2025,0.41546790265393096,0.10070401849437492,0.5003532994374202,0.41546790265393096,0.39901592233617755,0.5003532994374202,True
5503,2025,0.33065362797236947,0.5306848488532949,0.41651106526584286,0.33065362797236947,0.5306848488532949,0.42161380419714883,True
5504,2025,0.7127342867938985,0.0032125253642724225,0.7992763106280453,0.7127342867938985,0.15484372255738732,0.7992763106280453,True
5505,2025,0.7489822554358986,0.47496690794676455,0.834675179565104,0.7489822554358986,0.5306963584791918,0.834675179565104,True
5506,2025,0.822346306764999,0.03853338410948178,0.9155532064412955,0.822346306764999,0.3452591216209581,0.9155532064412955,True
5507,2025,0.9285903073647939,0.15251937427958046,1.022029336471526,0.9285903073647939,0.601105769219531,1.022029336471526,True
5508,2025,0.25456893004758613,0.2869096327418782,0.3434329768481278,0.25456893004758613,0.43787704548133854,0.3434329768481278,True
5509,2025,0.4037924152426872,0.16233146513079755,0.4905857994881541,0.4037924152426872,0.2327229854087485,0.42881364904014835,True
5510,2025,0.447898017746028,0.21665311913327656,0.5393759945089567,0.447898017746028,0.5153034257163551,0.5393759945089567,True
5511,2025,0.565526338000455,0.5379904984291173,0.6577102199154221,0.565526338000455,0.5379904984291173,0.5611861944670861,True
5512,2025,0.7633186109247708,0.1473969632543384,0.8564141506009226,0.7633186109247708,0.35148506622192355,0.7589053902942001,True
5513,2025,-1.0366102632716288,1.049063207845676,0.07295293517702837,-1.0366102632716288,0.849172165460601,0.20207963044036728,False
5514,2025,-1.038085294846384,1.0021307227294325,0.0037959497072876636,-1.038085294846384,0.7941126787689154,0.16550340723863285,False
5515,2025,1.8744301556138354,0.5596772467797257,1.9742541623971221,1.8744301556138354,0.5596772467797257,1.9742541623971221,True
5516,2025,0.30744790626949514,0.2744527771227571,0.3976614163150081,0.30744790626949514,0.2744527771227571,0.5083278587032226,True
5517,2025,1.9368183806877608,0.4269232880427032,2.0372867786908477,1.9368183806877608,0.5131927607560014,2.0372867786908477,True
5518,2025,0.4223654497154855,0.08481325354019169,0.5048407948821622,0.4223654497154855,0.12577747803920353,0.5048407948821622,True
5519,2025,1.6307421579757018,0.5858335536337562,1.7185226588223292,1.6307421579757018,0.5858335536337562,1.3345602502838312,True
5520,2025,1.7370070820112036,0.5170627857876813,1.8262846907627346,1.7370070820112036,0.5170627857876813,1.4358253788406825,True
5521,2025,1.6677546974764164,0.6402978147105035,1.759153125751439,1.6677546974764164,0.6402978147105035,1.3593455971715716,True
5522,2025,0.5414336714795344,0.09293314882459769,0.6262357937133802,0.5414336714795344,0.09293314882459769,0.629272824720703,True
5523,2025,1.8398558409935957,0.1830145774198766,1.9310151947570935,1.8398558409935957,0.46146249884090806,1.532369580575156,True
5524,2025,-1.0317305275725248,1.0500551403968377,0.0,-1.0317305275725248,0.9546522683774241,0.1802054249256093,False
5525,2025,0.2954492858257146,0.14570784786632118,0.37946043784764705,0.2954492858257146,0.28025509461948706,0.37946043784764705,True
5526,2025,0.6050261443918291,0.7567529246027209,0.6912767980148006,0.6050261443918291,0.7567529246027209,0.6912767980148006,True
5527,2025,0.35713273506996923,0.19940020507542297,0.4422029784479939,0.35713273506996923,0.19940020507542297,0.5346693196028569,True
5528,2025,0.7423752370906735,0.017029343824918847,0.8287613994794604,0.7423752370906735,0.6218864078285392,0.8287613994794604,True
5529,2025,0.5883712395343764,0.05756264681606737,0.6738583763141255,0.5883712395343764,0.2027206257435119,0.6738583763141255,True
5530,2025,0.25916588301638877,0.25896695429345346,0.3461838041850098,0.25916588301638877,0.27439762773581017,0.3461838041850098,True
5531,2025,0.6134551439468225,0.16546076739359736,0.6996626735501293,0.6134551439468225,0.16546076739359736,0.5956587626170057,True
5532,2025,0.4713591006288436,0.13290736619529905,0.5601593182575643,0.4713591006288436,0.324266139513107,0.4328187527406281,True
5533,2025,-1.0351597936292787,1.297569388389762,0.17069629387373758,-1.0351597936292787,0.9929528314362356,0.18110460447580093,False
5534,2025,0.1930045254519556,0.8072179690611643,0.27463967683000484,0.1930045254519556,0.8072179690611643,0.9402079026612551,True
5535,2025,0.23062471495335668,0.31090123149685833,0.3152713291283505,0.23062471495335668,0.31090123149685833,0.4001760831114075,True
5536,2025,0.7908799362931521,0.01484070021371617,0.8830216627148805,0.7908799362931521,0.09794862141040525,0.7910093213899819,True
5537,2025,-1.0370435765707193,1.0234171185095218,0.0625830612038481,-1.0370435765707193,0.9446360885235565,0.250332244815292,False
5538,2025,0.19447257253311037,0.31209107179314033,0.28339304220295936,0.19447257253311037,0.31209107179314033,0.7461487693445416,True
5539,2025,0.6286119941934925,0.14459291503554803,0.7193497523018713,0.6286119941934925,0.3585904292881289,0.7193497523018713,True
5540,2025,0.3160898672711028,0.814199753827732,0.40143587862637387,0.3160898672711028,0.814199753827732,0.40143587862637387,True
5541,2025,0.5024553196696498,0.1296088137927216,0.59270547431046,0.5024553196696498,0.3145562222384919,0.59270547431046,True
5542,2025,1.2419564225873934,0.9619618148564446,1.3383501848529675,1.2419564225873934,0.9619618148564446,1.2087857267195585,True
5543,2025,-1.038285389104164,1.0208554685841982,0.04335973301737384,-1.038285389104164,0.7325512788722718,0.1924563588314614,False
5544,2025,0.1791523186469794,0.3879084137249823,0.27047520253872653,0.1791523186469794,0.3879084137249823,0.6295935386825834,True
5545,2025,2.1202169215461586,0.10616292325410245,2.2210800157946107,2.1202169215461586,0.18881834207337359,2.0853431353483054,True
5546,2025,0.17795212327823898,0.20098984771598952,0.2629834695764601,0.17795212327823898,0.2440591007979788,0.6349452007391649,True
5547,2025,0.30775901024834473,0.07604380044080189,0.3935600198252528,0.30775901024834473,0.14208183766573196,0.3935600198252528,True
5548,2025,-1.034318138470255,1.671569114926245,0.0,-1.034318138470255,0.9247123069526659,0.4006859517230577,False
5549,2025,1.0248036878679319,0.18899760158729842,1.1145828139235103,1.0248036878679319,0.34709445462608357,1.1145828139235103,True
5550,2025,0.9762679780363991,0.0007474968204899269,1.0696679501463755,0.9762679780363991,0.2862912822544064,1.0696679501463755,True
5551,2025,-1.0363323381275527,1.7711924826641832,0.02292805802799423,-1.0363323381275527,0.8547866633569581,0.10174325749928956,False
5552,2025,0.3349571599068508,0.37092445842161087,0.4261354365095267,0.3349571599068508,0.37092445842161087,0.4261354365095267,True
5553,2025,0.35777563951643737,0.37410326138144,0.4523101931788758,0.35777563951643737,0.37410326138144,0.4523101931788758,True
5554,2025,-1.039600551403399,1.475987979973429,0.13554991652817575,-1.039600551403399,0.9892765837845612,0.510492083299088,False
5555,2025,-1.0404579710982251,1.2403109715249296,0.18239867228308115,-1.0404579710982251,0.9249639336666352,0.30318712637278517,False
5556,2025,0.25536504135442445,0.08696526229500516,0.3486892897734,0.25536504135442445,0.3163879066352197,0.3486892897734,True
5557,2025,0.33085543551794155,0.2038226167125404,0.42632897329037933,0.33085543551794155,0.1732492242056497,0.42802749509631555,True
5558,2025,0.483940670133935,0.3836684437614355,0.5814708414340117,0.483940670133935,0.3836684437614355,0.5874390172258315,True
5559,2025,0.36059514149490474,0.7171208408490901,0.45852772657979907,0.36059514149490474,0.7171208408490901,0.7253826016883956,True
5560,2025,0.2826496829385133,0.12900974455081116,0.37837086153497534,0.2826496829385133,0.12900974455081116,0.37837086153497534,True
5561,2025,0.44350224136002353,0.27306984491337843,0.5417353374893488,0.44350224136002353,0.27306984491337843,0.45981438401535923,True
5562,2025,0.5389420467184339,0.009538185220481457,0.6355899787848771,0.5389420467184339,0.7535166324202827,0.6355899787848771,True
5563,2025,0.2707169637895954,0.14166548378439464,0.3667658537239736,0.2707169637895954,0.4276037915455124,0.2320532771192139,True
5564,2025,-1.0443998816127094,1.4693779854027662,0.0503938298242974,-1.0443998816127094,0.9053207322818354,0.18742968285521808,False
5565,2025,0.16460143962968063,0.22650810384701828,0.2602249589998091,0.16460143962968063,0.22650810384701828,0.3916342406209839,True
5566,2025,-1.0442077297562629,1.0454938690764548,0.06347011684104809,-1.0442077297562629,0.9432364586103062,0.06347011684104809,False
5567,2025,0.4400176810008588,0.33784764637324427,0.5314373375473053,0.4400176810008588,0.33784764637324427,0.5314373375473053,True
5568,2025,-1.0361790785704357,1.109789930285888,0.2033761375210594,-1.0361790785704357,0.9898126405252614,0.285311847601519,False
5569,2025,-1.0351041862096804,1.076129179341864,0.02983328417978033,-1.0351041862096804,0.9184389629630666,0.2827058834178707,False
5570,2025,0.5870722587767251,0.15899052183528614,0.675884817493629,0.5870722587767251,0.3656081603437184,0.675884817493629,True
5571,2025,0.7295887847026297,0.06673594211082608,0.8180312904097992,0.7295887847026297,0.4306876264058517,0.7898233148784365,True
5572,2025,0.7124298585676503,0.0,0.8005153972513886,0.7124298585676503,0.5070390123726659,0.8005153972513886,True
5573,2025,0.27857741357124277,0.06316297214375972,0.3640360545058338,0.27857741357124277,0.06316297214375972,0.7015844110159453,True
5574,2025,0.7001479521667762,0.0,0.7965972804651625,0.7001479521667762,0.341763187563498,0.7965972804651625,True
5575,2025,0.4046470829903898,0.2943080682360045,0.5005752613586265,0.4046470829903898,0.38737985049863943,0.5005752613586265,True
5576,2025,0.6021227556447931,0.05293580400657824,0.6972637933987775,0.6021227556447931,0.5268766742527331,0.6972637933987775,True
5577,2025,0.6108742923034278,0.22134192249395432,0.7050150123880721,0.6108742923034278,0.6968171634068228,0.7050150123880721,True
5578,2025,0.6161631111224951,0.11733844076907556,0.7124119618121981,0.6161631111224951,0.2346768815381511,0.7124119618121981,True
5579,2025,0.22952844005957904,0.11697084256591124,0.3229054245481388,0.22952844005957904,0.6276886058818206,0.3064306579895381,True
5580,2025,0.2640070713992233,0.1435229764450391,0.3588074411125402,0.2640070713992233,0.3664057163361122,0.3588074411125402,True
5581,2025,0.6760139961467486,0.05585998434544184,0.773445937090625,0.6760139961467486,0.16672056866176163,0.773445937090625,True
5582,2025,-1.042500444790487,1.4756307011640752,0.08868988186730703,-1.042500444790487,0.9189961092538675,0.2897202807665978,False
5583,2025,-1.0460456300334513,1.0160153117304556,0.05424878135032864,-1.0460456300334513,0.9801559477870385,0.474446969097659,False
5584,2025,0.19148023901046599,0.5255320635023737,0.2906624255330079,0.19148023901046599,0.5255320635023737,0.46164032290537277,True
5585,2025,0.1887823315531242,0.16739618649773738,0.28519350292200396,0.1887823315531242,0.6253000405681545,0.28519350292200396,True
5586,2025,0.7016687897566792,0.04169835664749854,0.8013336364431827,0.7016687897566792,0.05529564685864654,0.7496639336408368,True
5587,2025,0.2635837248439179,0.0978641918896527,0.36031816104831277,0.2635837248439179,0.6877183666427997,0.3149447629903597,True
5588,2025,0.21102542908535327,0.4095007789403947,0.31031059026374946,0.21102542908535327,0.4095007789403947,0.31031059026374946,True
5589,2025,0.6943391179861523,0.4361374349482087,0.7962675160880804,0.6943391179861523,0.4361374349482087,0.7962675160880804,True
5590,2025,0.1547904066898712,0.3846592900480223,0.2540030466350796,0.1547904066898712,0.3846592900480223,0.8168299413372166,True
5591,2025,0.7464794023756214,0.11180442806507974,0.8476975078703046,0.7464794023756214,0.16220806366815393,0.7826309964553915,True
5592,2025,0.725353378858321,0.467377961816981,0.8254641188744404,0.725353378858321,0.6815188150448915,0.8254641188744404,True
5593,2025,1.010917964339953,0.00986448681062225,1.11199669501432,1.010917964339953,0.19280587857103804,1.11199669501432,True
5594,2025,2.8009349825852237,0.833692362454422,2.915785595866266,2.8009349825852237,0.833692362454422,2.915785595866266,True
5595,2025,0.7396623355901846,0.05580028553936777,0.8361714430083131,0.7396623355901846,0.19072037893316868,0.8361714430083131,True
5596,2025,-1.044912409910004,1.0157439800153616,0.11644331340565589,-1.044912409910004,0.8921349242462882,0.11644331340565589,False
5597,2025,-1.0467703175995835,1.0466069401785212,0.01958889994986832,-1.0467703175995835,0.9178798833651131,0.13245827585147438,False
5598,2025,0.23078922312681235,0.26741838984333827,0.32906059495970696,0.23078922312681235,0.26741838984333827,0.6925683045433495,True
5599,2025,0.4185809401403652,0.5553299758040446,0.5114881356089863,0.4185809401403652,0.5553299758040446,0.11691157385346122,True
5600,2025,0.19099572801413645,0.31425515621452604,0.2914692838605799,0.19099572801413645,0.31425515621452604,0.29431751790483934,True
5601,2025,0.2885247509884971,0.15577116131665308,0.3889500776434117,0.2885247509884971,0.23795717280883816,0.3889500776434117,True
5602,2025,0.5211243581485975,0.06725972310990229,0.6162672129943335,0.5211243581485975,0.20598290202405187,0.5464852502678318,True
5603,2025,-1.0400738276786903,1.011693148118665,0.13968309227815998,-1.0400738276786903,0.9301440595632274,0.23495826504590805,False
5604,2025,0.519222015949166,0.011809190402529977,0.6177114979779477,0.519222015949166,0.20348143462805948,0.6177114979779477,True
5605,2025,0.387425481357208,0.3210342326980141,0.48611149439788265,0.387425481357208,0.3210342326980141,0.48611149439788265,True
5606,2025,0.2430304645654343,0.4808968768847518,0.34389718521408025,0.2430304645654343,0.4808968768847518,0.34389718521408025,True
5607,2025,-1.0458287572417415,1.1657168867150844,0.0,-1.0458287572417415,0.9732636271159012,0.4994620308645934,False
5608,2025,0.16698951107755877,0.222711468224104,0.26352711578713467,0.16698951107755877,0.1836704140334159,0.6823311516508102,True
5609,2025,0.3526147797043542,0.13752772454344359,0.4505842554120788,0.3526147797043542,0.13752772454344359,0.4505842554120788,True
5610,2025,0.16109031205489574,0.42885973036538677,0.26005324075348096,0.16109031205489574,0.42885973036538677,0.26005324075348096,True
5611,2025,0.34755988650295105,0.019116253525885286,0.44513561781695443,0.34755988650295105,0.45970038240808936,0.44513561781695443,True
5612,2025,0.2184520323965405,0.40493225815872586,0.3124931770033244,0.2184520323965405,0.31331122196928235,0.3124931770033244,True
5613,2025,0.18360727375317193,0.31080289427210445,0.27663084830500995,0.18360727375317193,0.31080289427210445,0.685068159625924,True
5614,2025,0.21489871287548168,0.3208492423720339,0.3085404479075898,0.21489871287548168,0.5448693016241026,0.3085404479075898,True
5615,2025,0.23918933361141537,0.7538472996126969,0.3328462393918293,0.23918933361141537,0.7538472996126969,0.3361417467125375,True
5616,2025,0.3397393328904335,0.05835677854006652,0.43200226335925457,0.3397393328904335,0.1888490194422063,0.6013990232880808,True
5617,2025,0.4637505619325543,0.07187211231549846,0.5576284576203167,0.4637505619325543,0.21892080188057628,0.5576284576203167,True
5618,2025,-1.0409986397231685,1.019356009993292,0.03898269525607065,-1.0409986397231685,0.8982608289851352,0.03898269525607065,False
5619,2025,0.9085014673947476,0.0,1.0029781610876978,0.9085014673947476,0.13930252237329238,0.9520332386197611,True
5620,2025,0.5873784778037241,0.3426747025918356,0.6807394316062068,0.5873784778037241,0.7045576284231237,0.5370619217750755,True
5621,2025,0.5819273774659609,0.01865730076530165,0.6819243429708399,0.5819273774659609,0.04011319664532855,0.6819243429708399,True
5622,2025,0.28573678687255977,0.4963463331641549,0.38666680636014183,0.28573678687255977,0.4833335079501244,0.38666680636014183,True
5623,2025,0.7329391886461023,0.09720202325527703,0.8330304235988422,0.7329391886461023,0.09720202325527703,0.7994185090152155,True
5624,2025,-1.0441108090470508,1.4833651466900235,0.1448909374968109,-1.0441108090470508,0.9479754630127466,0.1448909374968109,False
5625,2025,0.24781555621672038,0.7167410151267437,0.3472685711456514,0.24781555621672038,0.5257877087422911,0.3472685711456514,True
5626,2025,0.3532841245159479,0.6204256508426024,0.45366384295715334,0.3532841245159479,0.4276633460287819,0.45366384295715334,True
5627,2025,0.38820398740548256,0.21562617389796473,0.48451458995393937,0.38820398740548256,0.21562617389796473,0.8470414639974808,True
5628,2025,0.8350368608102006,0.0038650237893608913,0.9382345248682131,0.8350368608102006,0.21644133220438566,0.9382345248682131,True
5629,2025,0.8189400697308331,0.1745718739528365,0.9216644097941853,0.8189400697308331,0.16987908164230114,0.9216644097941853,True
5630,2025,0.7756730877779295,0.11843854550177269,0.8757274273466532,0.7756730877779295,0.11843854550177269,1.0246728709322355,True
5631,2025,0.45031636929148183,0.7853613957401793,0.5487127632489301,0.45031636929148183,0.9110538928508993,0.5487127632489301,True
5632,2025,0.4871097953987105,0.016850297371850127,0.5821777741979774,0.4871097953987105,0.016850297371850127,0.895593305314658,True
5633,2025,0.9232984546979494,0.08246096180635648,1.021506200335894,0.9232984546979494,0.32479521691071744,0.8919246889258724,True
5634,2025,0.5916986966134773,0.09595308639041358,0.6886544518815465,0.5916986966134773,0.21653130114650304,0.5086362721048681,True
5635,2025,1.1317319767037306,0.2129906971675022,1.2318241501538048,1.1317319767037306,0.7630769071749128,1.2318241501538048,True
5636,2025,-1.0471429874572835,1.0055533229920512,0.16712277450289884,-1.0471429874572835,0.9529753714630604,0.16900055848607556,False
5637,2025,-1.0483796613308987,1.1305550789135457,0.07324994543687469,-1.0483796613308987,0.9782722976106201,0.07324994543687469,False
5638,2025,-1.0487272566432961,1.0208742076632444,0.010664402929068338,-1.0487272566432961,0.9985759106298061,0.4915320259119603,False
5639,2025,0.2578201588135809,0.8050296053811331,0.35821891531311106,0.2578201588135809,0.8050296053811331,0.5498467759241901,True
5640,2025,0.16261648280624638,0.5086158766773444,0.2657542838998594,0.16261648280624638,0.5086158766773444,0.2657542838998594,True
5641,2025,0.3516405034392553,0.19150409173997923,0.45596212319034773,0.3516405034392553,0.3080277454441884,0.392127425943688,True
5642,2025,0.2951946119705888,0.8254697183183993,0.4010584732297027,0.2951946119705888,0.8254697183183993,0.4010584732297027,True
5643,2025,0.6603952213843822,0.13027339472966376,0.7656067197960181,0.6603952213843822,0.13027339472966376,0.7656067197960181,True
5644,2025,0.5669867130808686,0.5125153401852635,0.6690085738295583,0.5669867130808686,0.5125153401852635,0.6690085738295583,True
5645,2025,0.1796727822978867,0.218706753068803,0.2817573485481355,0.1796727822978867,0.4669684727685459,0.2817573485481355,True
5646,2025,-1.0505706088746882,1.4975191211453969,0.07823609608129417,-1.0505706088746882,0.8997151049346321,0.49649830205426687,False
5647,2025,0.42621310550227737,0.8411517208194053,0.533389150025469,0.42621310550227737,0.8411517208194053,0.6382857175629425,True
5648,2025,0.22596017115483616,1.3227115056044405,0.33113778999831917,0.22596017115483616,0.9391435655230378,1.0550417920224306,True
5649,2025,0.24126599054612827,0.23355598118968413,0.3360710111011991,0.24126599054612827,0.4885064034043995,0.3360710111011991,True
5650,2025,0.2665789086183419,0.03313233168875541,0.36445564857618395,0.2665789086183419,0.22364323889900484,0.36445564857618395,True
5651,2025,0.233473017631789,0.29851401944340833,0.33168224382599965,0.233473017631789,0.29851401944340833,0.3193626176267379,True
5652,2025,0.36519250344128096,0.007803546451933159,0.46626190050344984,0.36519250344128096,0.18240789831409285,0.4535811375190363,True
5653,2025,-1.049927662986063,1.1055561556390663,0.10557563288084319,-1.049927662986063,0.9800605920259603,0.10557563288084319,False
5654,2025,-1.0513857305752339,1.8442033235479907,0.09026134175319418,-1.0513857305752339,0.9928747592849961,0.3138633020053807,False
5655,2025,0.4204758366005254,0.12331354513149385,0.5251101796850374,0.4204758366005254,0.12331354513149385,0.5477176629591741,True
5656,2025,0.7527706291413688,0.16782893739783322,0.859737194645275,0.7527706291413688,0.16782893739783322,0.859737194645275,True
5657,2025,0.2574094759136076,1.1657944930473423,0.355967784136556,0.2574094759136076,0.9182350795341759,0.355967784136556,True
5658,2025,0.8160360631255418,0.16566813851825732,0.9222866491901371,0.8160360631255418,0.16566813851825732,0.8111677757936997,True
5659,2025,0.6710393962397824,0.13338303248357575,0.7742015146331438,0.6710393962397824,0.9829749567813435,0.7374728535144582,True
5660,2025,0.3689116898298252,0.34485342530736834,0.46828456933808926,0.3689116898298252,0.7057246326644951,0.46828456933808926,True
5661,2025,0.6131884969067928,0.0,0.7155505478329371,0.6131884969067928,0.1223329294802809,0.7155505478329371,True
5662,2025,0.4158828971267245,0.43269526021788596,0.5167231344119735,0.4158828971267245,0.43269526021788596,0.5167231344119735,True
5663,2025,0.31813340471090346,0.13232777868413712,0.42262825440205104,0.31813340471090346,0.818585793720501,0.42262825440205104,True
5664,2025,0.6583708680963677,0.5668698803444528,0.7630940696944413,0.6583708680963677,0.5668698803444528,0.6779597653203494,True
5665,2025,0.2537155879792898,0.19287614439280293,0.3556802017565791,0.2537155879792898,0.19287614439280293,0.5558151257770375,True
5666,2025,0.9225355851142515,0.33880338714500147,1.0303043066491153,0.9225355851142515,0.33880338714500147,0.9426643137598567,True
5667,2025,0.9364965080706641,0.3403780764159442,1.0475713613967728,0.9364965080706641,0.3635105670461603,0.9572444932216406,True
5668,2025,0.9495945672032746,0.08914654613110429,1.0619582307871644,0.9495945672032746,0.342099870778197,0.9705830210027331,True
5669,2025,-1.0536331154781458,1.4078726579710708,0.08898517928486889,-1.0536331154781458,0.9820150142507025,0.9184541719043882,False
5670,2025,0.3708443649809947,0.22603854518949595,0.47133597987944764,0.3708443649809947,0.22603854518949595,0.5017447527749137,True
5671,2025,-1.0532572392460648,2.4211459919933955,0.1489613218644198,-1.0532572392460648,0.8308265275817994,0.1489613218644198,False
5672,2025,0.198613180866367,0.33192719163721,0.3050722408574529,0.198613180866367,0.33192719163721,0.45868255931741553,True
5673,2025,0.36930854220751275,0.17535081745907544,0.47863053319010285,0.36930854220751275,0.17535081745907544,0.47863053319010285,True
5674,2025,0.17315895927152178,0.02208672557292706,0.28050141477642476,0.17315895927152178,0.16012876040384674,0.4947426528340182,True
5675,2025,0.4025711656941448,0.04596653266060295,0.5136760024827345,0.4025711656941448,0.11606549496810085,0.47920110298723,True
5676,2025,-1.0591340670661653,1.9088142934331185,0.03836228482538291,-1.0591340670661653,0.491734741852746,0.5382344810349963,False
5678,2025,-1.0488470682110884,1.2729665446147653,0.0704558895299353,-1.0488470682110884,0.9978077328020099,0.3865552857992893,False
5679,2025,0.3451149797367105,0.4932324545626743,0.44971194386598456,0.3451149797367105,0.5212790059005489,0.44971194386598456,True
5680,2025,0.6587281357022166,0.00939317546932651,0.7608472130161734,0.6587281357022166,0.06199495809759768,0.85383965016257,True
5681,2025,0.40330607438346555,0.007432065374923877,0.5035224291515574,0.40330607438346555,0.6038553117131142,0.5035224291515574,True
5682,2025,0.8288248841153923,0.03306695683766217,0.9324881828223052,0.8288248841153923,0.254143182552389,0.9324881828223052,True
5683,2025,0.15546671612968901,0.6463104635474441,0.25815800385320375,0.15546671612968901,0.6463104635474441,0.22245530119266227,True
5684,2025,0.6350895348411161,0.15075371455348988,0.7358217019873273,0.6350895348411161,0.15075371455348988,0.7008253039659895,True
5685,2025,-1.0429620188588102,1.0474740975403696,0.03641179158788802,-1.0429620188588102,0.8916655009781724,0.23201932314149587,False
5686,2025,1.417636446701733,0.1646536250128218,1.5175710955617183,1.417636446701733,0.1646536250128218,1.5175710955617183,True
5687,2025,-1.0485593950722614,1.5691680988498224,0.1454538876158911,-1.0485593950722614,0.7850656848143783,0.25045040251745887,False
5688,2025,-1.0484891601707698,1.3638407944949675,0.12608549335132843,-1.0484891601707698,0.8431365814944356,0.3493819395918303,False
5689,2025,-1.049522536868728,1.451626760559997,0.06978029790099201,-1.049522536868728,0.9199205469764234,0.06978029790099201,False
5690,2025,-1.0491573582421208,1.0757784295634716,0.11334268649355009,-1.0491573582421208,0.9702524800695118,0.5794156300919016,False
5691,2025,0.2194993416195806,0.22063827136490802,0.31922132878329207,0.2194993416195806,0.22063827136490802,0.8722253365872625,True
5692,2025,-1.0477688955206026,1.4505708006734714,0.21130362057052274,-1.0477688955206026,0.8956608421481367,0.27888270642867247,False
5693,2025,0.32754947261594025,0.6121851031723986,0.430620887790538,0.32754947261594025,0.6121851031723986,0.446781053557518,True
5694,2025,0.19463001418939677,0.43283891100830874,0.2962032282838098,0.19463001418939677,0.43283891100830874,0.3487554139470853,True
5695,2025,0.5349461451737837,0.3768129575262515,0.6378294898177919,0.5349461451737837,0.4033891862686775,0.6378294898177919,True
5696,2025,0.30649307585363017,0.13939268601452043,0.40388137229849475,0.30649307585363017,0.13939268601452043,0.40388137229849475,True
5697,2025,-1.0454095970462103,1.6054769160179503,0.17657529533190683,-1.0454095970462103,0.989727168193791,0.17657529533190683,False
5698,2025,-1.0444952461878052,1.2913390809794154,0.1669681892875824,-1.0444952461878052,0.801092057113778,0.31795006257952024,False
5699,2025,0.32206237420338335,0.008034680536348527,0.4186961301712678,0.32206237420338335,0.32495819058067027,0.4186961301712678,True
5700,2025,-1.045874914079136,1.1215486679022773,0.08979719726668887,-1.045874914079136,0.9767735947580332,0.264810102143628,False
5701,2025,-1.0471279946116592,3.2108395489126793,0.23640971744709569,-1.0471279946116592,0.9710693971630804,0.26372398759037985,False
5702,2025,-1.0487093466905628,1.0676911812835155,0.18005730951457868,-1.0487093466905628,0.9937216919694558,0.18005730951457868,False
5703,2025,0.23320208314066235,0.22730819407304267,0.3313770058173663,0.23320208314066235,0.22730819407304267,0.5148667528402199,True
5704,2025,0.44087079385750755,0.14961825869061732,0.540288156382661,0.44087079385750755,0.4931861119800912,0.540288156382661,True
5705,2025,-1.0458382030230016,1.1866029042948203,0.03869357296614318,-1.0458382030230016,0.9387797822021792,0.5463163992600014,False
5706,2025,0.3772006925951868,0.16428792151087127,0.4737403027693457,0.3772006925951868,0.3172756156161858,0.4737403027693457,True
5707,2025,0.7454468853719577,0.1569462617755882,0.8405344241758319,0.7454468853719577,0.3191240656103574,0.8353028821166509,True
5708,2025,0.5471133806962306,0.008998839354241629,0.6452167816997182,0.5471133806962306,0.3842504404264654,0.6398174780871732,True
5709,2025,0.8198112709397699,0.08581339365465236,0.9191764536824856,0.8198112709397699,0.11323829265768642,0.9191764536824856,True
5710,2025,0.23049441086978875,0.2582437375352496,0.33147703623920105,0.23049441086978875,0.20235516747166388,0.33147703623920105,True
5711,2025,1.2750671779366962,0.8899912368460947,1.3825955568035093,1.2750671779366962,0.8899912368460947,1.1202618952877526,True
5712,2025,0.21871098655571886,0.6881536479358683,0.32067362465321536,0.21871098655571886,0.6881536479358683,0.4122946602684197,True
5713,2025,0.2708191427784232,0.6371445074571146,0.37291399966976635,0.2708191427784232,0.6371445074571146,0.37291399966976635,True
5714,2025,0.18022274680204867,0.19017010844164683,0.2827396850375943,0.18022274680204867,0.12174911704466407,0.3360678106852756,True
5715,2025,0.368065913148995,0.1798163611586387,0.47266014933126954,0.368065913148995,0.2938713102364169,0.47266014933126954,True
5716,2025,0.3556489768613701,0.3231332113147501,0.4610308237866704,0.3556489768613701,0.46720534374809336,0.4610308237866704,True
5717,2025,-1.0507746363636856,2.0447806096144614,0.10162925495101752,-1.0507746363636856,0.8394576458954269,0.10162925495101752,False
5718,2025,-1.0435970346117214,1.3158230825469952,0.23947980102355473,-1.0435970346117214,0.8070381572954745,1.5377585758032726,False
5719,2025,0.1837090290797123,0.2740881251248439,0.27567704179219654,0.1837090290797123,0.35115058349325623,0.06991233336514457,True
5720,2025,0.3059181647590403,0.12389843114810234,0.3982449572617523,0.3059181647590403,0.3982449572617889,0.3982449572617523,True
5721,2025,0.7659757496448818,0.08008453615328966,0.8613173582200556,0.7659757496448818,0.08008453615328966,0.8613173582200556,True
5722,2025,0.702281873073063,0.08732044839283763,0.7962037248911015,0.702281873073063,0.47311806583759863,0.7962037248911015,True
5723,2025,-1.0385156359175438,1.2521360773490888,0.24670339070445657,-1.0385156359175438,0.8572554928567391,0.37936464797007025,False
5724,2025,-1.0386043733922332,1.0056171421928335,0.10974614322691494,-1.0386043733922332,0.8180368548333468,0.4981385224484313,False
5725,2025,0.7535511746728422,0.08763144032939399,0.8451235516513996,0.7535511746728422,0.19234358512977529,0.8540352235492973,True
5726,2025,0.2741617398143034,0.15885186988681957,0.3624710849236225,0.2741617398143034,0.5523712748337329,0.3624710849236225,True
5727,2025,-1.0363906802188665,1.1904316119486515,0.19437115044140674,-1.0363906802188665,0.8919068639122251,0.2501153294359375,False
5728,2025,0.6193157421264626,0.029948957616905664,0.7153522447916038,0.6193157421264626,0.17798237669460135,0.7153522447916038,True
5729,2025,0.6528308868693319,0.11150267281469792,0.750667600445394,0.6528308868693319,0.15891325810598428,0.750667600445394,True
5730,2025,0.17746351048232764,0.11609465007158765,0.27174747720461095,0.17746351048232764,0.4282602647085537,0.41622081951591566,True
5731,2025,3.8598216068105544,0.26415971306272285,3.9774652097732464,3.8598216068105544,0.30582248659944306,3.9774652097732464,True
5732,2025,0.2963200416561351,0.3123394914032768,0.3886891448574345,0.2963200416561351,0.3123394914032768,0.3331621241635303,True
5733,2025,0.5312532189540297,0.8406074175433378,0.6223875760604137,0.5312532189540297,0.8406074175433378,0.6223875760604137,True
5734,2025,0.19137458429352883,0.154635968698068,0.28136203085066985,0.19137458429352883,0.33416455674756446,0.44655850472814423,True
5735,2025,0.16766804073337688,0.12220303098242542,0.2583279262540111,0.16766804073337688,0.30473414055112974,0.2583279262540111,True
5736,2025,0.9211446234321137,0.40293868851822073,1.0157246544232148,0.9211446234321137,0.40293868851822073,1.0157246544232148,True
5737,2025,0.9445572177705387,0.010590445666940753,1.04112227402605,0.9445572177705387,0.40732483334353314,1.04112227402605,True
5738,2025,1.0778406250770718,0.7174359705561081,1.1759065035396834,1.0778406250770718,0.835574281956318,1.1696475201542484,True
5739,2025,1.2600262994396105,0.053120362216098706,1.3564938873153323,1.2600262994396105,0.5065680918578231,1.3503350047395588,True
5740,2025,0.7664487384689592,0.01578167635984738,0.874304870335009,0.7664487384689592,0.01578167635984738,0.874304870335009,True
5741,2025,0.6457821508152708,0.9576442196114918,0.754196198706943,0.6457821508152708,0.9576442196114918,0.5712984829442069,True
5742,2025,0.5991252400270131,0.9489962039178624,0.7066580517427179,0.5991252400270131,0.9489962039178624,0.655282363481612,True
5743,2025,1.2058155796361627,0.31162811504728016,1.3111182889183288,1.2058155796361627,0.31162811504728016,1.2607637459381553,True
5744,2025,1.4143312251206765,0.1433649215989271,1.5223989293602551,1.4143312251206765,0.1433649215989271,1.470709535858619,True
5746,2025,0.5420027178995857,0.17944342741846436,0.6455838250801103,0.5420027178995857,0.17944342741846436,0.6455838250801103,True
5747,2025,0.4539952882808972,0.45883766686413446,0.5616257816120178,0.4539952882808972,0.45883766686413446,0.5616257816120178,True
5748,2025,0.5428197880184317,0.2214418806602202,0.6514884315075684,0.5428197880184317,0.37869770895512533,0.6514884315075684,True
5749,2025,0.7928086023276965,0.12454982634522635,0.9011546259095033,0.7928086023276965,0.3809759394089445,0.9011546259095033,True
5750,2025,0.5884954302167411,0.2731317564834447,0.6944198531995844,0.5884954302167411,0.779080619046865,0.6944198531995844,True
5751,2025,0.5377729519100999,0.06346533230968367,0.6405116614637895,0.5377729519100999,0.06737089122104471,0.8699632475064509,True
5752,2025,0.23827040202593264,0.2752180989827428,0.34037574079138677,0.23827040202593264,0.4483234757280519,0.34037574079138677,True
5753,2025,0.2940759848873575,0.4820815363347064,0.3979861770552534,0.2940759848873575,0.4820815363347064,0.3383371431476992,True
5754,2025,0.47230009050956345,0.2026708912610297,0.5745528568295009,0.47230009050956345,0.6950081978620009,0.565948903898639,True
5755,2025,0.40367915633173107,0.44284975657853076,0.5103511051563534,0.40367915633173107,0.44284975657853076,0.5103511051563534,True
5756,2025,0.46949014921150195,0.3442366146463738,0.5754101769748065,0.46949014921150195,0.3442366146463738,0.5754101769748065,True
5757,2025,-1.0497640730361348,1.1971129319104006,0.0619196344091232,-1.0497640730361348,0.5769337364790064,0.37741491449388,False
5758,2025,1.3019604186161524,0.891847938661889,1.413093780532655,1.3019604186161524,0.891847938661889,1.413093780532655,True
5759,2025,0.29315146999115027,0.49389646213044386,0.38559257230088756,0.29315146999115027,0.49389646213044386,1.0684447571126114,True
5760,2025,0.4205088906525374,0.37203186896761253,0.5135741392816412,0.4205088906525374,0.37203186896761253,0.5135741392816412,True
5761,2025,0.7144108855793656,0.08942579287439806,0.8087543197673459,0.7144108855793656,0.08942579287439806,0.8087543197673459,True
5762,2025,0.7795334237658504,0.22810403693170578,0.8741436583087518,0.7795334237658504,0.4324791304241768,0.8741436583087518,True
5763,2025,0.6243287161857527,0.1400849724705016,0.7133453209784322,0.6243287161857527,0.34069209324138944,0.7133453209784322,True
5764,2025,-1.0349496243097704,1.1120437784343566,0.023981227507820287,-1.0349496243097704,0.9708971251025814,0.05344387844602709,False
5765,2025,0.17677903767508765,0.9468697819504351,0.27260686464220224,0.17677903767508765,0.9468697819504351,0.27260686464220224,True
5766,2025,0.8449482599261899,0.12423071331662977,0.9376460981277216,0.8449482599261899,0.24328514691168845,0.9376460981277216,True
5767,2025,-1.0357065665689356,1.37912906165054,0.016316856182080678,-1.0357065665689356,0.9626945147426633,0.18090427506219744,False
5768,2025,0.18200216191455412,0.2494449847975623,0.26987974343916815,0.18200216191455412,0.1775710061270788,0.4735226830055648,True
5769,2025,0.3935403125155963,0.5039827772093686,0.48820736902649636,0.3935403125155963,0.5039827772093686,0.4367297212720079,True
5770,2025,0.6109922684346005,0.026967188573809,0.707045975420187,0.6109922684346005,0.30000997288389336,0.6547970475583937,True
5771,2025,0.23212456141583226,0.2618831440455795,0.3271447582167444,0.23212456141583226,0.44344430141905855,0.3271447582167444,True
5772,2025,-1.0424539196570168,1.0056971650760826,0.1543981385980828,-1.0424539196570168,0.9753237607616938,0.1543981385980828,False
5773,2025,0.30543788279468315,0.5550190957488006,0.3985597067395197,0.30543788279468315,0.5550190957488006,0.6167793808840549,True
5774,2025,0.4022707711535606,0.8601380731046976,0.4981048860548607,0.4022707711535606,0.8601380731046976,0.4981048860548607,True
5775,2025,-1.0432592529230804,1.013601911071706,0.0908214730123381,-1.0432592529230804,0.9921817523423799,0.0908214730123381,False
5776,2025,0.21399879452060147,0.6863572275843822,0.31244620061679884,0.21399879452060147,0.6863572275843822,0.31244620061679884,True
5777,2025,0.5622047591021706,0.3352433032347627,0.6602761505334507,0.5622047591021706,0.3352433032347627,0.6602761505334507,True
5778,2025,0.4684180773559353,1.631735077420404,0.579002769407253,0.4684180773559353,0.7944229916951383,0.579002769407253,True
5779,2025,0.24615299306779814,0.28984438156019227,0.3489962961644019,0.24615299306779814,0.28984438156019227,0.30561822545470196,True
5780,2025,0.32188611429717073,1.808539429987541,0.4340890157269049,0.32188611429717073,0.9591488502394574,0.4340890157269049,True
5781,2025,0.26493393588895736,0.3933755069120238,0.3612286912933982,0.26493393588895736,0.3933755069120238,1.6665585991756227,True
5782,2025,0.9869786285263412,0.09386413274881666,1.0853040349078424,0.9869786285263412,0.3712661679260329,1.0853040349078424,True
5783,2025,-1.0399975545169626,1.159895158030782,0.19781773585591864,-1.0399975545169626,0.5942476563061866,0.20496777450132547,False
5784,2025,0.1807986175169032,1.0452596437457167,0.27680470935222345,0.1807986175169032,0.2253061587750401,0.32991258963490494,True
5785,2025,-1.041819787174685,1.1200801341454913,0.24512139434191332,-1.041819787174685,0.24595231432275155,0.24512139434191332,False
5786,2025,0.22129240072768686,0.3522597485338656,0.3244758810438937,0.22129240072768686,0.3522597485338656,0.3244758810438937,True
5787,2025,0.5310836809394268,0.018391795734849836,0.6355387192809853,0.5310836809394268,0.025544160742805695,0.5619715363417253,True
5788,2025,0.7026377358120494,0.20667885021394075,0.80932163623379,0.7026377358120494,0.20667885021394075,0.80932163623379,True
5789,2025,0.213389901551293,0.968230585427793,0.3217535176523786,0.213389901551293,0.968230585427793,0.3217535176523786,True
5790,2025,0.5365833074083467,0.05971350496820706,0.6399297282427449,0.5365833074083467,0.12440313535045022,0.6210204516694711,True
5791,2025,0.25740082125851627,0.9262675355858936,0.3659450970355401,0.25740082125851627,0.9262675355858936,0.3659450970355401,True
5792,2025,0.2153312782128337,0.9241665330162845,0.31983036008315513,0.2153312782128337,0.9241665330162845,0.31983036008315513,True
5793,2025,0.34910415565779407,0.39849100989997555,0.4471754319239504,0.34910415565779407,0.6536334438404469,0.4471754319239504,True
5794,2025,0.6710021428016721,0.007370895725336946,0.7711799652640692,0.6710021428016721,0.09305755853248368,0.7711799652640692,True
5795,2025,-1.0441089446847858,1.0002385769379438,0.07795204321143931,-1.0441089446847858,0.9546935629267609,0.07795204321143931,False
5796,2025,0.4236882712963123,0.2890862604485535,0.5183325078013747,0.4236882712963123,0.2890862604485535,0.6514976073665979,True
5797,2025,0.19963104757749517,0.14458073884249187,0.29734529309113367,0.19963104757749517,0.10093372334287402,0.326443303424226,True
5798,2025,-1.0467707580707442,1.0072203773047894,0.20032597698477334,-1.0467707580707442,0.8758438063519612,0.4453758930173098,False
5799,2025,0.2152220891384092,0.21802575735224786,0.3159932782770455,0.2152220891384092,0.12486056588452203,0.3159932782770455,True
5800,2025,-1.0488801661921139,1.2013280135956075,0.027280765921043483,-1.0488801661921139,0.8720101964056024,0.39069954051241934,False
5801,2025,0.23794034523904142,0.2174983689147628,0.34892786456915853,0.23794034523904142,0.3721897222070813,0.34892786456915853,True
5802,2025,0.20027252815507723,0.20222386942972506,0.31156584534222004,0.20027252815507723,0.20222386942972506,0.5231954761407596,True
5803,2025,0.5662543925766049,0.11355338359344105,0.6801250027861153,0.5662543925766049,0.19363840149620773,0.6801250027861153,True
5804,2025,0.37898891841290333,0.028302025351568772,0.49056843942669154,0.37898891841290333,0.12264210985667288,0.49174769048303146,True
5805,2025,0.3344455537950397,0.8723080348279396,0.4469380453170524,0.3344455537950397,0.8723080348279396,0.4133877362851855,True
5806,2025,0.6276805623821058,0.006218972626108275,0.7437891260798462,0.6276805623821058,0.2972668915268783,0.7437891260798462,True
5807,2025,-1.061827321619921,1.1514225291462448,0.13930486701663403,-1.061827321619921,0.9985570113580655,0.20587533444050135,False
5808,2025,-1.061655874422814,1.7046578507789174,0.09969479127298476,-1.061655874422814,0.7520187341703588,0.6178615459140931,False
5809,2025,0.4219909990062714,1.0821444808150271,0.5416808705991837,0.4219909990062714,0.5063803194815424,0.6439307428021975,True
5810,2025,0.5399338834196165,0.06777113785093279,0.6572521670823668,0.5399338834196165,0.11124696213266545,0.4680044613854915,True
5811,2025,0.20978705668838837,0.13978308524333155,0.3253133620208643,0.20978705668838837,0.6595220112845076,0.3253133620208643,True
5812,2025,0.4657329326469488,0.19741841657960857,0.584462417505427,0.4657329326469488,0.19741841657960857,0.584462417505427,True
5813,2025,0.21373921038701876,0.4926596869748455,0.32972275925144157,0.21373921038701876,0.4926596869748455,0.3540991500132268,True
5814,2025,0.1958548432881849,0.1847501710631755,0.31265413564541916,0.1958548432881849,0.5154917360434367,0.31265413564541916,True
5815,2025,0.7683482712179174,0.3039548826783859,0.8881798519821424,0.7683482712179174,0.3289555007341268,0.714491347594502,True
5816,2025,0.7437897997999193,0.09215134102158648,0.8654212895939635,0.7437897997999193,0.34456588381986886,0.6891317676396163,True
5817,2025,1.486222221624228,0.034969280515084564,1.609882062231573,1.486222221624228,0.7680290127942953,1.3793438425395514,True
5819,2025,0.2332218891248859,0.6095150682914642,0.35521407953416234,0.2332218891248859,0.6095150682914642,0.35521407953416234,True
5820,2025,0.5327804433026223,0.15475098111176677,0.653689489179109,0.5327804433026223,0.3028316613135792,0.653689489179109,True
5821,2025,0.20987666608018693,0.23653781148450276,0.3272106392202268,0.20987666608018693,0.470447425063565,0.3272106392202268,True
5822,2025,0.21872589396650077,0.21508039834962545,0.3387516274005806,0.21872589396650077,0.23793269067427775,0.3387516274005806,True
5823,2025,-1.0681830385156759,1.790684625357046,0.11838112644836261,-1.0681830385156759,0.9851486844669276,0.19730187741399957,False
5824,2025,0.5819373603075157,0.4010846164398382,0.6976950962620768,0.5819373603075157,0.4010846164398382,1.4806506948212457,True
5825,2025,1.2054191818420836,0.0,1.3198727283864644,1.2054191818420836,0.8297982457594923,1.3198727283864644,True
5826,2025,0.4989404060346727,0.6210613970113276,0.6092623031129984,0.4989404060346727,0.6210613970113276,0.6092623031129984,True
5827,2025,-1.0620437947916346,1.4342937525757555,0.0854630992467492,-1.0620437947916346,0.9908765130057096,0.0854630992467492,False
5828,2025,0.1445275132694737,0.1598430099588522,0.2574570618420021,0.1445275132694737,0.1598430099588522,0.6906194170738961,True
5829,2025,-1.062694772491811,1.0405469654572133,0.1642309065962575,-1.062694772491811,0.9904001237484188,0.2745539583555938,False
5830,2025,0.2783700750176179,0.7935863743462458,0.397434210092612,0.2783700750176179,0.7935863743462458,0.4384596769408455,True
5831,2025,0.27142833014472134,0.15746952665748942,0.38851088134336637,0.27142833014472134,0.15746952665748942,0.4814437167477998,True
5832,2025,0.52980154078074,0.563593925994375,0.6512059748148569,0.52980154078074,0.563593925994375,0.6512059748148569,True
5833,2025,0.6044749722789641,0.4884078375835194,0.7266876720919115,0.6044749722789641,0.4963066166279895,0.7266876720919115,True
5834,2025,0.2776165564073184,0.2573839368863849,0.392914608966606,0.2776165564073184,0.2573839368863849,0.9424977012553741,True
5835,2025,0.23091211714892715,0.07473510466528696,0.3450270665381248,0.23091211714892715,0.4259900965922093,0.3450270665381248,True
5836,2025,-1.063907973225673,1.1156640230946702,0.20598842628240852,-1.063907973225673,0.6435539032301082,0.20598842628240852,False
5837,2025,-1.0661084994788907,1.2636137322773224,0.005292622962413443,-1.0661084994788907,0.7753692639942913,0.10320614776718247,False
5838,2025,-1.0677463918369097,1.0784887789610653,0.07732561056704375,-1.0677463918369097,0.5779071947640854,0.21976752476941483,False
5839,2025,1.4983483035839391,0.036092927595571984,1.6216036755453782,1.4983483035839391,0.2668298575817552,1.6216036755453782,True
5840,2025,0.25906294241894284,0.2977476575664753,0.3616243176672801,0.25906294241894284,0.2977476575664753,0.33895840601859384,True
5841,2025,0.4241629744793634,0.01072544836543941,0.530909694089763,0.4241629744793634,0.15551900129899338,0.5073137076857475,True
5842,2025,0.17872046803186262,0.756627161296338,0.28264807749574705,0.17872046803186262,0.756627161296338,0.28264807749574705,True
5843,2025,0.4876497403312751,0.47374930849102836,0.5944213021633203,0.4876497403312751,0.47374930849102836,0.5944213021633203,True
5844,2025,0.36142517455187834,0.22272879827823255,0.47315444193824385,0.36142517455187834,0.22272879827823255,0.41199057505357206,True
5845,2025,0.372077692056674,0.2519450386706851,0.48203183197724103,0.372077692056674,0.6177830400280903,0.48203183197724103,True
5846,2025,0.547844029609695,0.035617115192500326,0.6612911054080436,0.547844029609695,0.09616621101983187,0.6612911054080436,True
5847,2025,0.640903363205384,0.07692117882427639,0.7550109552289586,0.640903363205384,0.10887305310512303,0.6473213048749501,True
5848,2025,0.1613005922090416,0.8018977923113604,0.2622277378875569,0.1613005922090416,0.8018977923113604,0.2622277378875569,True
5849,2025,0.17100896101110757,0.10129350380127006,0.2661100523592979,0.17100896101110757,0.8120648694577554,0.2661100523592979,True
5850,2025,0.21824121856966372,0.8363048085661341,0.31838115193553235,0.21824121856966372,0.8363048085661341,0.31838115193553235,True
5851,2025,0.17514994659669417,0.4180271119763383,0.27285451660378146,0.17514994659669417,0.4180271119763383,0.5745686455406498,True
5852,2025,0.6194463788288548,0.12037334771433444,0.7178787331081324,0.6194463788288548,0.41781763445782755,0.7178787331081324,True
5853,2025,0.9286105824962468,0.6098452058884802,1.0278289986884657,0.9286105824962468,0.6098452058884802,0.737467306558985,True
5854,2025,0.4245647620065189,0.12465458038691953,0.5206660704597489,0.4245647620065189,0.12465458038691953,0.6639764383875535,True
5855,2025,0.25598858490171855,0.504611101145516,0.36426279063583594,0.25598858490171855,0.504611101145516,0.36426279063583594,True
5856,2025,0.28669671403815233,0.44740155899569434,0.39565390879860113,0.28669671403815233,0.47866576432309965,0.39565390879860113,True
5857,2025,0.2965553992419485,0.4158252870044373,0.40312833167602197,0.2965553992419485,0.4158252870044373,0.8136632206269488,True
5858,2025,0.6315330191124009,0.09996189274640091,0.741021857098279,0.6315330191124009,0.09996189274640091,0.702992876162161,True
5859,2025,0.2500285821624806,0.10772874211915927,0.35625148383969496,0.2500285821624806,0.7669006493435073,0.35625148383969496,True
5860,2025,-1.055204542538151,1.008526180769066,0.19625374328481104,-1.055204542538151,0.9431082663408121,0.19625374328481104,False
5861,2025,0.15804536328171584,0.6755790176127402,0.26934122283739026,0.15804536328171584,0.6755790176127402,0.3305551371186337,True
5862,2025,0.6641202821276823,0.04526753027448007,0.780559035542966,0.6641202821276823,0.1908576952111364,0.780559035542966,True
5863,2025,-1.0612620862771756,1.491637325473068,0.1924693323190932,-1.0612620862771756,0.7819066625463604,0.7710802626034481,False
5864,2025,0.14345018255484804,0.7066607385408616,0.2588635691530155,0.14345018255484804,0.7066607385408616,0.2711319847526726,True
5865,2025,0.15587375942273396,0.11279372893225505,0.26878505617894893,0.15587375942273396,0.11279372893225505,0.8171545681155384,True
5866,2025,0.5580677477011371,0.0024754804454558436,0.6745684213873083,0.5580677477011371,0.2995331339004385,0.6745684213873083,True
5867,2025,-1.0629977096310925,1.313020239416619,0.09767288033324364,-1.0629977096310925,0.8840013852945989,0.4055279082190241,False
5868,2025,0.6950400605766578,0.5347536982621517,0.8107186688856394,0.6950400605766578,0.5347536982621517,0.8897293866160266,True
5869,2025,0.18681479682279223,0.2914368407226142,0.30399877351231264,0.18681479682279223,0.2914368407226142,0.4183123618992309,True
5870,2025,0.3433429771174423,0.3114001207347693,0.4620367645048453,0.3433429771174423,0.3114001207347693,0.4620367645048453,True
5871,2025,0.17696486281224333,0.3304057637498016,0.2941111912167391,0.17696486281224333,0.3304057637498016,0.6958545630489081,True
5872,2025,0.3269296473732226,0.08674780850908607,0.44379675947401015,0.3269296473732226,0.5506600018402557,0.42242411100074956,True
5873,2025,0.3732135266850239,0.41209045864298877,0.4924672354061278,0.3732135266850239,0.41209045864298877,0.4924672354061278,True
5874,2025,0.6367317109189787,0.1590026178953671,0.7575246673713701,0.6367317109189787,0.1590026178953671,0.7575246673713701,True
5875,2025,0.6517689280759508,0.5086359204414342,0.7730258790867252,0.6517689280759508,0.8158318723912209,0.6571978972040121,True
5876,2025,1.3642897046556988,0.3330898746405096,1.4847303986637206,1.3642897046556988,0.9602910215700917,0.0,True
5877,2025,0.5388958531411612,0.20013260013555698,0.6268961934560184,0.5388958531411612,0.20013260013555698,0.6268961934560184,True
5878,2025,0.1792425275909879,0.354855241955189,0.2659827305531704,0.1792425275909879,0.6874923560598517,0.5008600821156214,True
5879,2025,0.30950419561175047,0.4086387455972873,0.3965805531042634,0.30950419561175047,0.4086387455972873,0.3965805531042634,True
5880,2025,0.4161495623071556,0.000681053316187524,0.5046605072839296,0.4161495623071556,0.31396557875560405,0.5046605072839296,True
5881,2025,0.5770889991083885,0.5273975521109641,0.6666970369655236,0.5770889991083885,0.5273975521109641,0.6666970369655236,True
5882,2025,0.43672123648106276,0.13389987593147396,0.5271869460757898,0.43672123648106276,0.13389987593147396,0.5398057825509966,True
5883,2025,0.5827085054586938,0.014029316710602592,0.6734072021095305,0.5827085054586938,0.5352184325099515,0.6734072021095305,True
5884,2025,0.18843699875788725,0.43114351321981753,0.27926341197195037,0.18843699875788725,0.43114351321981753,0.1441811099403931,True
5885,2025,-1.031529044324918,1.0845750734310389,0.16924138508485378,-1.031529044324918,0.853953890234443,0.16924138508485378,False
5886,2025,-1.0304441297521394,1.305836546738481,0.19802795983508198,-1.0304441297521394,0.9671800357161883,0.515446689657652,False
5887,2025,0.17504800609761795,0.261471039582091,0.25737641480118023,0.17504800609761795,0.261471039582091,0.34979794557068883,True
5888,2025,0.18939406246094576,0.21491383835870112,0.27341816102301675,0.18939406246094576,0.25610565737745644,0.23222634200426143,True
5889,2025,-1.0323041407773348,1.2251355614482562,0.1278084788396032,-1.0323041407773348,0.9403052371771381,0.1278084788396032,False
5890,2025,0.1749685203141214,0.45310661793164475,0.26091642831232037,0.1749685203141214,0.45310661793164475,0.5400787607024367,True
5891,2025,0.4140204377456474,0.6359879019012521,0.5022549558306479,0.4140204377456474,0.6359879019012521,0.5022549558306479,True
5892,2025,-1.0406915174929203,1.4605477649509426,0.10672372528770077,-1.0406915174929203,0.9567819288028072,0.5000342373618732,False
5893,2025,0.17825088614648613,0.5997076385013806,0.2724597666277787,0.17825088614648613,0.5997076385013806,0.7655527138400534,True
5894,2025,0.2618744364428913,0.3239027208308289,0.35555685036655627,0.2618744364428913,0.5116190704032171,0.35555685036655627,True
5895,2025,0.9148182714952795,0.6871641003203931,1.0100067913159936,0.9148182714952795,0.6871641003203931,0.961614953265243,True
5896,2025,1.055625257468266,0.57701238081321,1.15261569598341,1.055625257468266,0.57701238081321,1.1032983984779885,True
5897,2025,1.3607411185535392,0.07452651426292942,1.457485510066611,1.3607411185535392,0.26857668347586533,1.4082698874401265,True
5898,2025,0.2155121931972432,0.19179905619399779,0.30084868680599525,0.2155121931972432,0.2514556188229231,0.30084868680599525,True
5899,2025,0.2219205380552046,0.13888030771517743,0.3103210703492075,0.2219205380552046,0.20001422307302494,0.3103210703492075,True
5900,2025,-1.0386032771737255,1.0406609898847317,0.1675759916052279,-1.0386032771737255,0.9040654337022953,0.1675759916052279,False
5901,2025,0.5038505352365101,0.6436789876767738,0.6064481979011033,0.5038505352365101,0.6436789876767738,0.6064481979011033,True
5902,2025,0.9390685011552328,0.18861458655579233,1.0398192077794857,0.9390685011552328,0.18861458655579233,1.0398192077794857,True
5903,2025,-1.0417917349787205,1.4707960767757995,0.0,-1.0417917349787205,0.9064030045615401,0.35274567013392083,False
5904,2025,-1.041500190697589,1.1936479872685424,0.14787210059393735,-1.041500190697589,0.8636035565614703,0.14787210059393735,False
5905,2025,1.2764941639266874,1.0248298371865605,1.3812247236189332,1.2764941639266874,0.9368983477392623,0.4139783396987224,True
5906,2025,0.38821478211412386,0.23141510791444858,0.4802241618486123,0.38821478211412386,0.23141510791444858,0.579294028308717,True
5907,2025,1.6218414686449991,0.6847762493159126,1.7267592437192447,1.6218414686449991,0.6847762493159126,1.7267592437192447,True
5908,2025,2.043861229251398,0.2985932802420094,2.150346832512101,2.043861229251398,0.2985932802420094,2.150346832512101,True
5909,2025,0.47711462341357,0.6723469465169188,0.5699320802819279,0.47711462341357,0.7282096008269413,0.0,True
5910,2025,0.1536294609361781,0.9987110237633935,0.26512687856392075,0.1536294609361781,0.9987110237633935,0.26512687856392075,True
5911,2025,0.721539394421349,0.2890309936426453,0.831459022807553,0.721539394421349,0.2890309936426453,0.7334656379766802,True
5912,2025,0.16878346923279733,0.766474709185171,0.2746849019370831,0.16878346923279733,0.9580933864814424,0.2746849019370831,True
5913,2025,0.43243357328136883,0.9317470195653625,0.544565097445438,0.43243357328136883,0.9317470195653625,0.544565097445438,True
5914,2025,0.3726363139205286,0.20257445511883282,0.47703016850563446,0.3726363139205286,0.5171716503955248,0.47703016850563446,True
5915,2025,0.5359094092373333,0.07923959824753764,0.6404423999533435,0.5359094092373333,0.07923959824753764,0.6404423999533435,True
5916,2025,0.6691833487685626,0.525589272247911,0.7767968432869938,0.6691833487685626,0.525589272247911,0.7767968432869938,True
5917,2025,1.104994416250685,0.2976736787494592,1.2106553406866576,1.104994416250685,0.8999638625749292,0.0,True
5918,2025,-1.0484771207385997,1.0021817726260074,0.09916509659084854,-1.0484771207385997,0.8723018231088007,0.2167591049375199,False
5919,2025,0.22910699683578678,0.6012153707555301,0.3303749736090373,0.22910699683578678,0.9768701630825536,0.3303749736090373,True
5920,2025,0.8049249502725127,0.026010458924930025,0.9061708270622532,0.8049249502725127,0.026010458924930025,0.9061708270622532,True
5921,2025,0.2121339785356769,0.42260413779680434,0.309202641360962,0.2121339785356769,0.42260413779680434,0.5580332630366502,True
5922,2025,-1.0461608375403448,1.0884428791471532,0.10568214499364467,-1.0461608375403448,0.9719428767919829,0.10568214499364467,False
5923,2025,0.4356029831647723,0.22371774575033143,0.5364141403785628,0.4356029831647723,0.22371774575033143,0.5364141403785628,True
5924,2025,0.7855598171026346,0.027687452452373463,0.886837492186838,0.7855598171026346,0.19968526314141333,0.886837492186838,True
5925,2025,0.348224209179596,0.4862523224394966,0.45515479019042493,0.348224209179596,0.4862523224394966,0.45515479019042493,True
5926,2025,0.7004695965742106,0.076893870223209,0.8055548309096856,0.7004695965742106,0.610573945700858,0.8055548309096856,True
5927,2025,0.6481727804541192,0.19952206623121757,0.7524576578495503,0.6481727804541192,0.3605712676734709,0.7524576578495503,True
5928,2025,0.28212572269466846,0.07205879253365084,0.38199841825072056,0.28212572269466846,0.7162470342200863,0.38199841825072056,True
5929,2025,0.2853848471945826,0.5534831493157986,0.3882377788940566,0.2853848471945826,0.5534831493157986,0.3882377788940566,True
5930,2025,0.5506963278881537,0.1731007420555481,0.654035277972742,0.5506963278881537,0.291772900268878,0.654035277972742,True
5931,2025,-1.0481769528752687,1.55964418951687,0.1307013409662845,-1.0481769528752687,0.9236812888420968,0.1307013409662845,False
5932,2025,-1.0471866990304655,1.1292296935526382,0.03518116826416584,-1.0471866990304655,0.9679111659022893,0.4607874965332531,False
5933,2025,0.3864850587611337,0.3128191130365523,0.48552133169219097,0.3864850587611337,0.3128191130365523,0.8773598560947744,True
5934,2025,0.26641746828812035,0.6277374434926541,0.35939693193371247,0.26641746828812035,0.6277374434926541,0.6008344102001203,True
5935,2025,-1.037402659144827,1.1876367051111678,0.23110029149540914,-1.037402659144827,0.9161964219049763,0.25571452372570064,False
5936,2025,0.2388750875201951,0.2933209003805929,0.325319544058446,0.2388750875201951,0.6339731278680557,0.30732030698963847,True
5937,2025,0.512155585977536,0.8088110535577758,0.6026968826343208,0.512155585977536,0.8088110535577758,0.3326397015893577,True
5938,2025,0.5381254638127347,0.9034396936251053,0.6369361192525878,0.5381254638127347,0.9034396936251053,0.34222325288512584,True
5939,2025,0.16603232459473283,0.2794710606174246,0.2588784561508948,0.16603232459473283,0.2794710606174246,0.5486458190016178,True
5940,2025,0.5349861059853575,0.022119926681199418,0.6319979051766745,0.5349861059853575,0.16510945272741773,0.6319979051766745,True
5941,2025,0.34991627478309884,0.07467371629923049,0.4417020766001867,0.34991627478309884,0.3289870331296187,0.4417020766001867,True
5942,2025,0.2726626578675054,0.15751965984123933,0.36515921145016944,0.2726626578675054,0.23269949749275917,0.34296325938163325,True
5943,2025,-1.0406573810993924,1.106824926835827,0.0676312208907438,-1.0406573810993924,0.6741305566207572,0.07199452546433698,False
5944,2025,0.7655253047259353,0.924343331159005,0.8644458832999055,0.7655253047259353,0.924343331159005,0.8503958646662846,True
5945,2025,0.1832434833544638,0.5570524742046709,0.2774536071776885,0.1832434833544638,0.6786171989990349,0.2774536071776885,True
5947,2025,0.169192613293439,0.3215718841178864,0.2566269741882105,0.169192613293439,0.5031654186785853,0.38966945957817,True
5948,2025,0.2928890909662736,0.20996310342996088,0.3824558684016565,0.2928890909662736,0.20996310342996088,0.3824558684016565,True
5949,2025,0.2449576356235797,0.6147524841574171,0.33602995956061066,0.2449576356235797,0.6147524841574171,0.3457982723385416,True
5950,2025,0.2008264595126077,0.6737487815330147,0.29348152430591185,0.2008264595126077,0.6737487815330147,0.29348152430591185,True
5951,2025,0.16136305405051823,0.6528509495729473,0.25210392736771664,0.16136305405051823,0.6528509495729473,0.25210392736771664,True
5952,2025,0.6693283303109,0.028088145621382215,0.7583799317776321,0.6693283303109,0.028088145621382215,0.7583799317776321,True
5953,2025,0.3534553340129907,0.05684619783103256,0.44055803319047426,0.3534553340129907,0.5462178139415984,0.44055803319047426,True
5954,2025,0.1955734698783221,0.6324526151808892,0.28318773814070436,0.1955734698783221,0.6324526151808892,0.28318773814070436,True
5955,2025,0.4986850506562584,0.05288538382352165,0.581739222058881,0.4986850506562584,0.05288538382352165,0.6377663118521385,True
5956,2025,0.6210107370347966,0.08091490707192754,0.7051156187696509,0.6210107370347966,0.6031838527180206,0.5942516876516349,True
5957,2025,-1.0297951922980109,1.0235661965313247,0.07833679456475025,-1.0297951922980109,0.8938695167883796,0.12502759927219168,False
5958,2025,0.634680715747481,0.22806320429811847,0.7183488593531193,0.634680715747481,0.22806320429811847,0.7183488593531193,True
5959,2025,-1.035821709152392,1.8527198685015647,0.12034656041231384,-1.035821709152392,0.978818691353585,0.12034656041231384,False
5960,2025,-1.034338424424718,2.857037849667639,0.21314974813606116,-1.034338424424718,0.9600644644456782,0.9380963845542252,False
5961,2025,-1.0324663043747249,2.0138857135624275,0.2089350111106441,-1.0324663043747249,0.6228628633109932,0.8982515976319954,False
5962,2025,-1.0276299394447765,1.1150096628239086,0.24858440534819276,-1.0276299394447765,0.9151767622139148,1.372282455155159,False
5963,2025,-1.0301317081982817,1.4655060874299077,0.10991295655724836,-1.0301317081982817,0.9066528857797055,0.11662125907013736,False
5964,2025,-1.030361048091195,1.2715366790918021,0.10357584901319601,-1.030361048091195,0.957165760478853,0.31749380853294246,False
5965,2025,-1.0318546472522918,1.2591762902003438,0.18409649015075868,-1.0318546472522918,0.9292229369331,0.18409649015075868,False
5966,2025,0.30260441765595986,0.36766080028452525,0.3925027462497012,0.30260441765595986,0.1465674811945128,0.3925027462497012,True
5967,2025,0.5590124012976054,0.1444989113996702,0.6487078788367,0.5590124012976054,0.1444989113996702,0.6487078788367,True
5968,2025,-1.0345466295863548,1.0408825292106296,0.06895623837145425,-1.0345466295863548,0.7894300392871044,0.5849391254958393,False
5969,2025,0.20995382559250506,0.20050856534796055,0.29800355583826277,0.20995382559250506,0.3341809422465916,0.29800355583826277,True
5970,2025,0.21885313715793897,0.1273829140428286,0.30721761622094956,0.21885313715793897,0.37340677743927986,0.24477501129799326,True
5971,2025,0.26932419268495517,0.3989366816390214,0.36051581342339123,0.26932419268495517,0.4046998118713761,0.36051581342339123,True
5972,2025,0.5629137090157915,0.5779076192949573,0.6515923631671005,0.5629137090157915,0.5779076192949573,0.44210846323299774,True
5973,2025,0.4949806488105414,0.6872303072712996,0.5868908960167775,0.4949806488105414,0.6872303072712996,0.3698043710385188,True
5974,2025,0.7131488039554029,0.09729766860061138,0.8039531719627643,0.7131488039554029,0.4553031928105805,0.5893993386383283,True
5975,2025,0.9131110915468795,0.2384971848222611,1.0050952788939114,0.9131110915468795,0.8243971567198692,1.0050952788939114,True
5976,2025,0.5057703185691398,0.5432970662232605,0.5907235802485744,0.5057703185691398,0.5432970662232605,0.6486893196128363,True
5977,2025,0.46345348662576596,0.13547463355230852,0.5501591825965497,0.46345348662576596,0.5793468068984805,0.5501591825965497,True
5978,2025,0.3320004091794072,0.0786845547316697,0.4176334058835335,0.3320004091794072,0.5612464743098662,0.4176334058835335,True
5979,2025,0.2622695453774844,0.062212299131917996,0.34805259244069253,0.2622695453774844,0.1821531280889282,0.34805259244069253,True
5980,2025,0.6655098918557638,0.3261875792786169,0.7561097244055967,0.6655098918557638,0.3261875792786169,0.6247126076643721,True
5981,2025,-1.0335101920133134,1.0041548444622745,0.025931471258106013,-1.0335101920133134,0.7862201392081074,0.0,False
5982,2025,0.4258409620565712,0.32467853225268256,0.510978320245135,0.4258409620565712,0.32467853225268256,0.5933594403689397,True
5983,2025,0.38406971332539036,0.3941950515352285,0.47236404192465625,0.38406971332539036,0.3941950515352285,0.47236404192465625,True
5984,2025,0.2392809305685012,0.04798814074393966,0.31884428128892567,0.2392809305685012,0.14581011995269536,0.2145623600569348,True
5985,2025,0.3702510102814332,0.5105882625647261,0.4529027539089525,0.3702510102814332,0.5105882625647261,0.2827066663873916,True
5986,2025,0.369706040758813,0.33059495157271007,0.4527713467191317,0.369706040758813,0.5155364752061429,0.28172439351413703,True
5987,2025,-1.028771420337257,1.7163194941404187,0.20821080160512825,-1.028771420337257,0.7613890449605625,0.20821080160512825,False
5988,2025,0.5553137700127406,0.05919009749173026,0.6329394425115674,0.5553137700127406,0.235971188667032,0.6329394425115674,True
5989,2025,0.19014133558315746,0.19806115378588268,0.26736286962349987,0.19014133558315746,0.6792355671583795,0.15907893862723643,True
5990,2025,0.24849314902365582,0.6225700068721612,0.3271812641157502,0.24849314902365582,0.6225700068721612,0.3271812641157502,True
5991,2025,0.3540625764050345,0.5512717624545322,0.43583093814689977,0.3540625764050345,0.5512717624545322,0.43583093814689977,True
5992,2025,0.8424614693451327,0.04326871247428096,0.9232006596150835,0.8424614693451327,0.3449365583230897,0.9232006596150835,True
5993,2025,-1.0157118111771553,1.266181758484464,0.09573744961820528,-1.0157118111771553,0.5717853193989849,0.14612558099621956,False
5994,2025,-1.01589474795105,1.1589624200338837,0.04009830138510099,-1.01589474795105,0.4556625157398845,0.2204191476138997,False
5995,2025,-1.0149746189603435,1.2803447212873764,0.17173954153379595,-1.0149746189603435,0.9826168681598597,0.39106955843237046,False
5996,2025,-1.0150011613612333,1.4020604667455807,0.01794269342184084,-1.0150011613612333,0.9861580346084179,0.05083763136189981,False
5997,2025,0.43999628141337643,0.311324797059064,0.5056302346009688,0.43999628141337643,0.311324797059064,0.21538345882140877,True
5999,2025,0.5298066622136147,0.16922008799996505,0.6022748740133734,0.5298066622136147,0.16950593274321446,0.6002739608106794,True
6000,2025,-1.0184147006964945,1.405152107928609,0.0,-1.0184147006964945,0.6343112714125406,0.030811019868082618,False
6001,2025,-1.016889611934267,1.4144975832054434,0.08748929496122938,-1.016889611934267,0.7512553830802082,1.0600873554134196,False
6002,2025,-1.015412893623657,1.6377832119237843,0.09857473823967326,-1.015412893623657,0.7030061819825605,0.1959473455252215,False
6003,2025,0.5619281235444417,0.568520072199372,0.6272349199710987,0.5619281235444417,0.568520072199372,0.6272349199710987,True
6004,2025,-1.0193993867583617,1.3145632733728227,0.2010064445286618,-1.0193993867583617,0.9512417656567242,0.2469327996165578,False
6005,2025,-1.01856969561476,1.708795087113401,0.1520345122791426,-1.01856969561476,0.7404475248724416,0.1520345122791426,False
6006,2025,-1.0192621655888907,1.7246918152345692,0.05069844481518855,-1.0192621655888907,0.7198549369410715,0.20625764816116024,False
6007,2025,-1.0195803187917285,1.4588139895656482,0.04844532932140878,-1.0195803187917285,0.9692274164235426,0.2486432465171283,False
6008,2025,-1.017849926377295,1.7700543094164962,0.2036710312797191,-1.017849926377295,0.8882647000031673,0.7952588533494146,False
6009,2025,0.23458717437872745,0.7914133375123439,0.3086778884789707,0.23458717437872745,0.7914133375123439,0.3086778884789707,True
6010,2025,0.6177896546358091,0.08181309591833831,0.6901430477657123,0.6177896546358091,0.35111453664954995,0.6901430477657123,True
6011,2025,0.6372723846446551,0.1014320119007561,0.7097176421817326,0.6372723846446551,0.3980670195138572,0.6168659817408655,True
6012,2025,0.44318428850816516,0.027461036608184133,0.5139136850961056,0.44318428850816516,0.6156100514363169,0.4282111093079084,True
6013,2025,0.321654443639373,0.10308012809767515,0.3924385885736521,0.321654443639373,0.4074265003741981,0.382650564540647,True
6014,2025,-1.0188065112108988,1.070621364664546,0.1903811565221188,-1.0188065112108988,0.8677766299740363,0.1903811565221188,False
6015,2025,-1.019382707091634,1.0852721626533794,0.2145492171211721,-1.019382707091634,0.876183030399066,0.2145492171211721,False
6016,2025,0.3703742404407721,0.09568714681198713,0.4427169018595518,0.3703742404407721,0.1012579738524133,0.4427169018595518,True
6017,2025,-1.0200625483654928,1.1971392309906637,0.0,-1.0200625483654928,0.980836805407844,0.14752423495971828,False
6018,2025,0.2589614291140261,0.1584659711087816,0.3310689479388802,0.2589614291140261,0.32317852614092507,0.3310689479388802,True
6019,2025,-1.020148132528762,2.1967624942475896,0.12701342262697576,-1.020148132528762,0.7503510640153183,0.477557063966866,False
6020,2025,0.2335763736825306,0.08361696603943788,0.3036455518585109,0.2335763736825306,0.33385752133991825,0.3036455518585109,True
6021,2025,0.3105508397826436,0.18025949414269696,0.38222562894132245,0.3105508397826436,0.2510420180207191,0.38222562894132245,True
6022,2025,0.4063160084507457,0.7180423720320249,0.4759376998493247,0.4063160084507457,0.7180423720320249,0.4759376998493247,True
6023,2025,0.7510142409830428,0.3764127636085085,0.820771220987047,0.7510142409830428,0.3764127636085085,0.820771220987047,True
6024,2025,0.20360849614858603,0.15721893424191552,0.27513313492333735,0.20360849614858603,0.31996002113281136,0.27513313492333735,True
6025,2025,0.8807626234086677,0.19292133891860316,0.9536111778670875,0.8807626234086677,0.19292133891860316,0.9536111778670875,True
6026,2025,0.8084504793660512,0.052966178017960615,0.884154370313031,0.8084504793660512,0.3070653588361981,0.884154370313031,True
6027,2025,0.344211371264535,0.4255905518917389,0.41886184751401007,0.344211371264535,0.44005726630386355,0.4420758776171822,True
6028,2025,0.27813804145050364,0.185542295903846,0.35061551290015347,0.27813804145050364,0.2053510819434149,0.6233164673780606,True
6029,2025,-1.0273946320697367,1.0601091139783043,0.1087994692224231,-1.0273946320697367,0.9065098633113466,0.2285703134925187,False
6030,2025,0.4312655091480857,0.5897123546650038,0.5145079797310779,0.4312655091480857,0.5897123546650038,0.5828339057381346,True
6031,2025,-1.0261218976723636,2.062674664278144,0.08453943729151506,-1.0261218976723636,0.495409863091651,0.8883211338195253,False
6032,2025,0.6023893194755119,0.0004287947290285655,0.6813548244115126,0.6023893194755119,0.3751953878918051,0.6813548244115126,True
6033,2025,0.4059483427993832,0.13401330234126196,0.48591873654677503,0.4059483427993832,0.38757803986469064,0.48591873654677503,True
6034,2025,0.40851920577129575,0.01952233064557297,0.49156227420406023,0.40851920577129575,0.1521740645193859,0.49156227420406023,True
6035,2025,0.460719406540449,0.2061686244158478,0.5457105317870983,0.460719406540449,0.2061686244158478,0.5457105317870983,True
6036,2025,0.2554827312272331,0.03480723796467346,0.3379833251641846,0.2554827312272331,0.25878424747647033,0.48629242605713213,True
6037,2025,0.18188626926686316,0.23490455375503508,0.2661557138998497,0.18188626926686316,0.1390676626443208,0.2661557138998497,True
6038,2025,-1.0324935957448214,1.0907476681785861,0.05355639984737975,-1.0324935957448214,0.7805447581715335,0.5058693609345449,False
6039,2025,0.9602091843085666,0.07966355010206402,1.0515588613475453,0.9602091843085666,0.2953241607355628,1.0515588613475453,True
6040,2025,0.2766113557582791,0.2401262313671809,0.36317059823023984,0.2766113557582791,0.3544978675262911,0.5989604642453724,True
6041,2025,0.19189789296683274,0.1697285966500667,0.27778731734693096,0.19189789296683274,0.42732312275567524,0.27778731734693096,True
6042,2025,0.4237135965651981,0.9528796825486692,0.5113694484058582,0.4237135965651981,0.9528796825486692,0.5113694484058582,True
6043,2025,0.7772749475559045,0.6252066901172117,0.8666344101623993,0.7772749475559045,0.6252066901172117,0.8666344101623993,True
6044,2025,0.197201412336771,0.13171587143376054,0.2845290902399664,0.197201412336771,0.23036022536463013,0.2845290902399664,True
6045,2025,0.19139622119985517,0.4962736627684545,0.27948351492395845,0.19139622119985517,0.4962736627684545,0.27948351492395845,True
6046,2025,-1.0378312871990256,1.3570271606243276,0.23804289807272014,-1.0378312871990256,0.8492834854513408,0.23804289807272014,False
6047,2025,0.660264656347318,0.012218380482491494,0.7520413186980599,0.660264656347318,0.056815469243599336,0.7520413186980599,True
6048,2025,-1.037568062670682,1.3361596286646467,0.03808961837370561,-1.037568062670682,0.831925633050963,0.247884817987587,False
6049,2025,0.18355502758079567,0.35532491585981674,0.26941053321908837,0.18355502758079567,0.35532491585981674,0.7223172170165368,True
6050,2025,0.16433311383597507,0.8481046477086044,0.2530462987824028,0.16433311383597507,0.8481046477086044,0.2530462987824028,True
6051,2025,0.46034276684606135,0.11351427447300333,0.5451739370428753,0.46034276684606135,0.11351427447300333,0.9727613386451105,True
6052,2025,0.17875386734266616,0.5968536402729464,0.262183769628969,0.17875386734266616,0.5968536402729464,0.5053463638142279,True
6053,2025,-1.0327044941817833,3.1404557912803366,0.1812512765285616,-1.0327044941817833,0.9828786423997159,0.1812512765285616,False
6054,2025,0.30372747343172,0.1323335163995746,0.38863163116560345,0.30372747343172,0.4853972459241669,0.38863163116560345,True
6055,2025,0.19537091476554566,0.3231932928985721,0.2746520666224034,0.19537091476554566,0.4555407388993835,0.2779711248293177,True
6056,2025,0.21041727057710854,0.4831666423167221,0.29090309952628435,0.21041727057710854,0.3389689852239413,0.29090309952628435,True
6057,2025,0.20137772608684268,0.2561897223991708,0.28015585772038126,0.20137772608684268,0.2561897223991708,0.6032854753270749,True
6058,2025,0.5249909935151239,0.024724573111499584,0.6047043898285351,0.5249909935151239,0.4764718580977597,0.3641636276929975,True
6059,2025,-1.026774791293993,2.447019228691633,0.055537575341682445,-1.026774791293993,0.9407728671517235,0.10434332336922619,False
6060,2025,-1.0257947663672131,1.919361396240586,0.026008708312399213,-1.0257947663672131,0.9830478969946947,0.2377358494179172,False
6061,2025,0.26578145663655967,0.07565083417811781,0.3422299641390342,0.26578145663655967,0.40106950183312584,0.3422299641390342,True
6062,2025,-1.0251881604822286,1.3471913584625452,0.09540549302909966,-1.0251881604822286,0.9668030780663773,0.21425112874205932,False
6063,2025,0.4408567408629345,0.054245551227620495,0.5153327366624029,0.4408567408629345,0.19771075907961788,0.5153327366624029,True
6064,2025,0.4386452739190861,0.016949610827822318,0.5102914749229562,0.4386452739190861,0.29283157430207224,0.5102914749229562,True
6065,2025,0.3320794672667463,0.011304445448269265,0.4069600361374365,0.3320794672667463,0.14394327204121418,0.4069600361374365,True
6066,2025,0.393634065179974,0.3367924883596991,0.46841254128186216,0.393634065179974,0.3367924883596991,0.46841254128186216,True
6067,2025,-1.027064270364613,1.397140450447256,0.18166746736400924,-1.027064270364613,0.8800198658882146,0.44741604072629815,False
6068,2025,0.21511091117845144,0.9967282859923811,0.29901848579770246,0.21511091117845144,0.9967282859923811,0.5806268705300124,True
6069,2025,0.5463623093523216,0.08318474392083748,0.6251088844639486,0.5463623093523216,0.2638261241018869,0.9501002614488054,True
6070,2025,0.3445018564509602,0.03775407243090483,0.42179012102898544,0.3445018564509602,0.2715857468416059,0.42179012102898544,True
6071,2025,0.6816802146570797,0.8726705057593747,0.7669048313446515,0.6816802146570797,0.8726705057593747,0.7669048313446515,True
6072,2025,0.43540828109870794,0.12195523444499155,0.5177256695977763,0.43540828109870794,0.3583895203804159,0.5177256695977763,True
6073,2025,0.4714331020406478,0.23852572723816381,0.5515614557157588,0.4714331020406478,0.2985086213176884,0.5314109522359008,True
6074,2025,0.4101404190564549,0.3226035765549152,0.49285314019411003,0.4101404190564549,0.3226035765549152,0.47205560827226506,True
6075,2025,0.557352588342482,0.11255857096014187,0.6421292924817341,0.557352588342482,0.19387841958332866,0.6208076248549128,True
6076,2025,-1.030735470728265,1.1204730844934232,0.09627914272718596,-1.030735470728265,0.7731804625132375,0.09627914272718596,False
6077,2025,0.43740864830588,0.2894611658210035,0.520473442389719,0.43740864830588,0.3112635292722776,0.8062235676232771,True
6078,2025,0.4781237424992661,0.7679935968231597,0.5642308697659356,0.4781237424992661,0.7679935968231597,0.6035214404541182,True
6079,2025,-1.0356670434384159,1.1450131015003695,0.0034401996039298698,-1.0356670434384159,0.9924975857271187,0.1507954159712598,False
6080,2025,0.20208441863855928,0.11102661473547476,0.289584881732628,0.20208441863855928,0.5013366727229525,0.289584881732628,True
6081,2025,0.3317457989888999,0.03181112041204811,0.42061370322601704,0.3317457989888999,0.2544889632963849,0.42061370322601704,True
6082,2025,-1.0376755014707917,1.0587536510915794,0.0,-1.0376755014707917,0.6951839178294625,0.07657272989104426,False
6083,2025,0.22257901751741363,0.546802654995712,0.29972886273833144,0.22257901751741363,0.59540733543978,0.29972886273833144,True
6084,2025,0.2700699869291287,0.030725114243850635,0.35865662203847665,0.2700699869291287,0.24343744362419795,0.35865662203847665,True
6085,2025,0.193885057219577,0.4920390429169627,0.2813391557273245,0.193885057219577,0.4920390429169627,0.32092150447681084,True
6086,2025,0.1591272805096658,0.302236812615182,0.2511278735299742,0.1591272805096658,0.302236812615182,0.32179702387005216,True
6087,2025,0.2763645167952668,0.13030059332878935,0.3685462860329337,0.2763645167952668,0.3698237428302446,0.3685462860329337,True
6088,2025,0.4126133476726616,0.10690130696691592,0.5022344421655804,0.4126133476726616,0.3233932619566404,0.5022344421655804,True
6089,2025,0.32945001478465513,0.10499164540420587,0.4227663588275998,0.32945001478465513,0.21138317941376805,0.4227663588275998,True
6090,2025,0.3502683905996266,0.17320474206677536,0.4468682345322678,0.3502683905996266,0.2106169663531963,0.4468682345322678,True
6091,2025,0.44555115569061843,0.33631048451033707,0.5438063942082623,0.44555115569061843,0.5006361042710612,0.5438063942082623,True
6092,2025,0.8443993164081978,0.009530178002034081,0.9421261681988901,0.8443993164081978,0.06262688401322532,0.9421261681988901,True
6093,2025,0.4388186716152657,0.41086654498372766,0.5337301741910536,0.4388186716152657,0.41086654498372766,0.5178768026804426,True
6094,2025,0.7913265354857023,0.01621515479092729,0.8884553562536747,0.7913265354857023,0.07769761670663415,0.7884619017095617,True
6095,2025,0.26845998332100496,1.3301797648854916,0.3689453533115099,0.26845998332100496,0.013176619761112512,0.8459389886642023,True
6096,2025,-1.0345763167949296,2.0449959122763364,0.21107496311523813,-1.0345763167949296,0.9216571687859952,0.21107496311523813,False
6097,2025,0.33515657137496696,0.3851900089240709,0.42432397209486433,0.33515657137496696,0.14759094681562046,0.42432397209486433,True
6098,2025,0.22854133876920021,0.13463938238036785,0.3094423771318359,0.22854133876920021,0.4253691673847683,0.6197975636357622,True
6099,2025,-1.029550091377698,1.5069301503342873,0.17112517375808847,-1.029550091377698,0.6802926989563709,0.2777277410172179,False
6100,2025,-1.0301655257821511,1.3790440505689163,0.14234677072028593,-1.0301655257821511,0.9338521367724911,0.3353269565290222,False
6101,2025,0.5367676356164918,0.4222834472464486,0.6178903912041486,0.5367676356164918,0.4634177934031214,0.8664468658528576,True
6102,2025,0.8245065356634452,0.03901216044561976,0.9075932499073959,0.8245065356634452,0.15829071996901733,0.8313625915653788,True
6103,2025,0.3513979328260521,0.1924281307078126,0.43013346864095087,0.3513979328260521,0.8641851571380287,0.43013346864095087,True
6104,2025,0.7422075311176727,0.006339920668704034,0.8250953898822371,0.7422075311176727,0.4637199117670132,0.8250953898822371,True
6105,2025,0.2218218180935845,0.610090278130353,0.2967508603594633,0.2218218180935845,0.610090278130353,0.6916506854030878,True
6106,2025,0.2170709128233369,0.6473054549847345,0.29492615404630246,0.2170709128233369,0.6473054549847345,0.29492615404630246,True
6107,2025,0.3032804939316063,0.5778517199185457,0.3826315442703464,0.3032804939316063,0.5778517199185457,0.3826315442703464,True
6108,2025,0.22221621661221772,0.25327530584391783,0.30373812769133857,0.22221621661221772,0.5541298437154263,0.30373812769133857,True
6109,2025,0.3284766225732279,0.5083246115115642,0.4138790854428312,0.3284766225732279,0.5083246115115642,0.3016323083872377,True
6110,2025,0.2505264930264593,0.15105346650517407,0.3312490808890837,0.2505264930264593,0.5949855191922945,0.3312490808890837,True
6111,2025,0.3518955959731466,0.47002033462048837,0.43608567684081784,0.3518955959731466,0.47002033462048837,0.43608567684081784,True
6112,2025,0.4241567361139044,0.16227105879539067,0.5100685829015709,0.4241567361139044,0.414463022783184,0.5100685829015709,True
6113,2025,0.3248014972321662,0.25565408032356646,0.41059594718633974,0.3248014972321662,0.25565408032356646,0.5810320007353997,True
6114,2025,0.6904786920018506,0.24223659861532498,0.7783593904335626,0.6904786920018506,0.6554333553152749,0.7783593904335626,True
6115,2025,0.31618605156160773,0.11560816094474993,0.40873486410524107,0.31618605156160773,0.25395891092779155,0.40873486410524107,True
6116,2025,0.2513495736167189,0.54336838461741,0.3393646699676497,0.2513495736167189,0.54336838461741,0.4073659081841976,True
6117,2025,0.20687690620480342,0.29622194458573287,0.30148811248947444,0.20687690620480342,0.29622194458573287,0.43840847798687504,True
6118,2025,0.18643377404411796,0.051064138559311606,0.2798580061301114,0.18643377404411796,0.480798707214025,0.2798580061301114,True
6119,2025,0.37548259976361753,0.19674420638351992,0.4698471781815221,0.37548259976361753,0.19674420638351992,0.4698471781815221,True
6120,2025,0.32871024049388836,0.06449282976736005,0.4259361614306703,0.32871024049388836,0.22466183556326236,0.4259361614306703,True
6121,2025,0.6429018421486902,0.5186489590159952,0.745467584546616,0.6429018421486902,0.5186489590159952,0.745467584546616,True
6122,2025,0.6508686174025013,0.41616237768944514,0.7501785111693904,0.6508686174025013,0.8832418488971738,0.7352428304040098,True
6123,2025,-1.036017396388457,1.0847507111583972,0.024485186656085144,-1.036017396388457,0.9799768891882349,0.10363497607915738,False
6124,2025,0.46583389526365343,0.2092869642243454,0.5558112820384621,0.46583389526365343,0.2092869642243454,0.5626731497179429,True
6125,2025,0.23636316014822942,0.5664205217867883,0.3231030149253258,0.23636316014822942,0.5664205217867883,0.3796884816372914,True
6126,2025,0.2632025069928332,0.4778315158617681,0.35317981607179866,0.2632025069928332,0.4778315158617681,0.35317981607179866,True
6127,2025,0.5247932474917302,0.2272159857734367,0.616059837715615,0.5247932474917302,0.2272159857734367,0.616059837715615,True
6128,2025,0.5225573965941654,0.3804640334934324,0.6140714286514102,0.5225573965941654,0.7417189708332638,0.5824693672375051,True
6129,2025,0.5062993602816925,0.0018698542230620513,0.5983533513667616,0.5062993602816925,0.40201865794961117,0.5665658295754437,True
6130,2025,1.2408191557838246,0.05022029465844255,1.3377430989639272,1.2408191557838246,0.5517954875595098,1.3377430989639272,True
6131,2025,0.1735191535718537,0.4912665035381426,0.2626869610880143,0.1735191535718537,0.4912665035381426,0.2686707187437446,True
6132,2025,0.1873415088769111,0.2880379537397484,0.27932838278431465,0.1873415088769111,0.2880379537397484,0.27932838278431465,True
6133,2025,0.16473322822127398,0.5338531017877508,0.25843772065347737,0.16473322822127398,0.5338531017877508,0.25843772065347737,True
6134,2025,0.4574759516645613,0.7315118877833567,0.5534424121312651,0.4574759516645613,0.7315118877833567,0.5534424121312651,True
6135,2025,-1.0413763894099066,1.2216206423453435,0.023580881031845087,-1.0413763894099066,0.9340648986511719,0.20109251324395386,False
6136,2025,-1.0417638648432868,1.2865295067397744,0.13302079776477158,-1.0417638648432868,0.9662207200823396,0.2865572409559148,False
6137,2025,-1.0429507360167034,1.0599947697930905,0.21186270784422107,-1.0429507360167034,0.8113456110691021,0.40124480681757646,False
6138,2025,0.19902881704224154,0.6932007244058688,0.2916223737155244,0.19902881704224154,0.6932007244058688,0.5818788346736312,True
6139,2025,0.45928184283480117,0.4451061170545747,0.5530945373663754,0.45928184283480117,0.4451061170545747,0.5530945373663754,True
6140,2025,0.217746083762276,0.2914790094980725,0.30262847980674434,0.217746083762276,0.2914790094980725,0.30262847980674434,True
6141,2025,0.19213370962084647,0.334202639920042,0.27987413195270794,0.19213370962084647,0.334202639920042,0.27987413195270794,True
6142,2025,0.32006337635647564,0.36755371976037166,0.40894490441812226,0.32006337635647564,0.4448172644547257,0.40894490441812226,True
6143,2025,0.2668964859971057,0.6300104634654735,0.3556422702853178,0.2668964859971057,0.6300104634654735,0.4974628075156696,True
6144,2025,1.2353880546367557,0.8507504287730006,1.3303047201062537,1.2353880546367557,0.8507504287730006,1.3303047201062537,True
6145,2025,1.1654617801224014,0.16571449155764112,1.2570704472851162,1.1654617801224014,0.847879000493883,1.2570704472851162,True
6146,2025,0.31705946997368345,0.06902939430285743,0.4039298151000958,0.31705946997368345,0.33166466793937005,0.4039298151000958,True
6147,2025,1.1415932648664329,0.006608664384508589,1.2336173517760387,1.1415932648664329,0.23625975174639494,1.203878362045725,True
6148,2025,-1.0335277001229348,1.1762057261590662,0.06381707292352021,-1.0335277001229348,0.8467436017166103,0.9292388423250392,False
6149,2025,-1.0335464071342704,1.0824412194544237,0.1869671197239793,-1.0335464071342704,0.9498551179327104,0.566598418221634,False
6150,2025,0.39194447798156934,0.14188586069037,0.4780383836879727,0.39194447798156934,0.768421274204875,0.4780383836879727,True
6151,2025,0.4166427423958021,0.7641112087377782,0.5070222870019336,0.4166427423958021,0.7641112087377782,0.5070222870019336,True
6152,2025,0.9314917518325437,0.24107934499384961,1.021161351847627,0.9314917518325437,0.24107934499384961,1.021161351847627,True
6153,2025,0.5096279160462888,0.47947699278539857,0.5963644188873009,0.5096279160462888,0.47947699278539857,0.4451264022574779,True
6154,2025,0.27641575046204586,0.25625468611681085,0.35828201484847644,0.27641575046204586,0.35970565199355764,0.35828201484847644,True
6155,2025,0.34432511350128026,0.42046220427135034,0.42626168295095,0.34432511350128026,0.42046220427135034,0.28224129574078144,True
6156,2025,0.511457020467554,0.08509411484783927,0.5961450560197303,0.511457020467554,0.08509411484783927,0.5961450560197303,True
6157,2025,0.31283787299700366,0.05874478170427564,0.3961631559560878,0.31283787299700366,0.1223445040452858,0.4573354079787307,True
6158,2025,0.1871752499230285,0.19075771450398027,0.2712336253104027,0.1871752499230285,0.2434147919452135,0.2712336253104027,True
6159,2025,0.8075291323903933,0.1737028050222616,0.8928933661670414,0.8075291323903933,0.1737028050222616,0.8928933661670414,True
6160,2025,0.7784523169594292,0.0899693898764116,0.867410764749237,0.7784523169594292,0.24397581607654845,0.867410764749237,True
6161,2025,0.8721592811994573,0.18733450100286272,0.9613082750093308,0.8721592811994573,0.8252982948291286,0.9300003173074962,True
6162,2025,-1.0338167187048541,1.4504960071695903,0.07208082426698692,-1.0338167187048541,0.7913220924961879,0.07208082426698692,False
6163,2025,-1.034702507153211,1.4248517075309703,0.13235741698384898,-1.034702507153211,0.9966995772875675,0.13718015687395782,False
6164,2025,0.172010253511802,0.1840385323656942,0.2598531479000802,0.172010253511802,0.1840385323656942,0.2598531479000802,True
6165,2025,0.4555842695214496,1.1580932866408937,0.5480960443261331,0.4555842695214496,0.9970299753695984,0.22897433430732583,True
6166,2025,0.6152044532334641,1.0348636444234138,0.7097788060029997,0.6152044532334641,0.8701703803465121,0.38346491337308564,True
6167,2025,0.9168195394288177,0.7363243773393279,1.011522535090747,0.9168195394288177,0.7363243773393279,1.011522535090747,True
6168,2025,0.1740724700571201,0.0904677112878161,0.26637714990313155,0.1740724700571201,0.16774221467954353,0.316008741512431,True
6169,2025,1.042434653071676,0.7024541852176135,1.1423815519079683,1.042434653071676,0.7024541852176135,1.1423815519079683,True
6170,2025,1.0846404310216886,0.7365716947916718,1.1889596509850024,1.0846404310216886,0.7365716947916718,1.1889596509850024,True
6171,2025,1.403367234679402,0.42572493913306536,1.508088024384993,1.403367234679402,0.42572493913306536,1.508088024384993,True
6173,2025,0.23880529894786143,0.4751049013935967,0.322548281680051,0.23880529894786143,0.4751049013935967,0.322548281680051,True
6174,2025,0.32556004707203795,0.4007682175326614,0.41074584950439397,0.32556004707203795,0.4007682175326614,0.41074584950439397,True
6175,2025,0.3877519513227669,0.37361287826802136,0.4770391493904091,0.3877519513227669,0.37361287826802136,0.4770391493904091,True
6176,2025,0.41860043155991994,0.04213663110001646,0.5097938889424352,0.41860043155991994,0.3590515748663298,0.5097938889424352,True
6177,2025,0.4647095700158481,0.5179414463025718,0.5594007964126696,0.4647095700158481,0.5179414463025718,0.5594007964126696,True
6178,2025,1.0361084486383654,0.07006700301186744,1.1294800885512828,1.0361084486383654,0.18161367180674817,0.8464093963833791,True
6180,2025,0.6092822747645689,0.44415862335808837,0.6934258265274936,0.6092822747645689,0.44415862335808837,0.6934258265274936,True
6181,2025,0.2702894949428216,0.01483674940253443,0.35828002260874464,0.2702894949428216,0.11155037513737931,0.3758643181969391,True
6182,2025,0.17761943120956628,0.2763011602484653,0.2677908575714283,0.17761943120956628,0.2763011602484653,0.2677908575714283,True
6183,2025,0.32852862516472064,0.14372593031943362,0.4173801016475955,0.32852862516472064,0.14372593031943362,0.4110561607135592,True
6184,2025,0.2367971922145724,0.24729619082510787,0.3291309206391463,0.2367971922145724,0.24729619082510787,0.2717868763898483,True
6185,2025,0.6078035079911421,0.13933123382123105,0.7020846587353972,0.6078035079911421,0.5657692524861195,0.7020846587353972,True
6186,2025,0.22128944553267021,0.5399768908612406,0.31498651966909735,0.22128944553267021,0.6216839203994621,0.31498651966909735,True
6187,2025,0.3554475858786383,0.1656821674799742,0.44450005450126706,0.3554475858786383,0.64449826961465,0.44450005450126706,True
6188,2025,0.26867585715336634,0.10033825097599881,0.3571178610006549,0.26867585715336634,0.3662885613586819,0.3571178610006549,True
6189,2025,0.3223305796619545,0.9110585986650553,0.4149703611120954,0.3223305796619545,0.9110585986650553,0.4149703611120954,True
6190,2025,0.3015050229440076,0.05052306074265298,0.3904553933480628,0.3015050229440076,0.12411099704173667,0.40528281334859684,True
6191,2025,0.46897921873670056,0.070346503314925,0.5599581663867927,0.46897921873670056,0.15138567513369608,0.4755423624088827,True
6192,2025,-1.0380799228380415,1.1423756511895324,0.21525475920037002,-1.0380799228380415,0.5937867504452069,0.21525475920037002,False
6193,2025,0.5232761642674728,0.7519629134826472,0.6190286503251996,0.5232761642674728,0.7519629134826472,0.6190286503251996,True
6194,2025,-1.028009383240179,1.291724424602694,0.18625443908012745,-1.028009383240179,0.9200470394740273,0.18625443908012745,False
6195,2025,-1.0288356979637105,1.1707305710273535,0.07025240162766862,-1.0288356979637105,0.7877693084959191,0.2373160396447681,False
6196,2025,0.24771622507521995,0.16823146799043973,0.32484695366718447,0.24771622507521995,0.16823146799043973,0.3124298691250191,True
6197,2025,0.2739143806514101,0.05773661164811795,0.35389635341165193,0.2739143806514101,0.15742572528522056,0.290344543468024,True
6198,2025,0.3492874933023557,0.67301535055994,0.42960243823817024,0.3492874933023557,0.67301535055994,0.42960243823817024,True
6199,2025,0.39157627514335663,0.06621034266531413,0.4740660534836797,0.39157627514335663,0.06621034266531413,0.4740660534836797,True
6200,2025,0.5620084400172054,0.5092114467415602,0.6461347355841699,0.5620084400172054,0.5092114467415602,0.6461347355841699,True
6201,2025,0.7844716009188928,0.274622972622135,0.8696394133033518,0.7844716009188928,0.3004538462845981,0.8696394133033518,True
6202,2025,0.7988575927663872,0.7771314867668838,0.8755793801013454,0.7988575927663872,0.9858275346231381,0.8378185443018304,True
6203,2025,1.296672757328317,0.2545417517370011,1.37226876588331,1.296672757328317,0.2545417517370011,1.2776867590449086,True
6204,2025,0.21050196105035685,0.10638074778212292,0.28551220049918846,0.21050196105035685,0.13177486176885142,0.28551220049918846,True
6205,2026,0.8419640756839558,0.6695010524893087,0.9235721649248311,0.8419640756839558,0.6695010524893087,0.7807557942700764,True
6206,2026,0.30222669505154515,1.2837860510001808,0.38790955491362367,0.30222669505154515,0.8234280733438838,0.38790955491362367,True
6207,2026,0.2484635204486223,1.3593883341008042,0.33533537479052233,0.2484635204486223,0.8926887887102317,0.33533537479052233,True
6208,2026,0.4203100919547454,0.1374601855753262,0.4951483607727199,0.4203100919547454,0.277108066411813,0.4951483607727199,True
6209,2026,0.38547897625049243,0.08909720892400973,0.463305486404754,0.38547897625049243,0.194497311395791,0.463305486404754,True
6210,2026,0.2297938207566037,0.1527668076675472,0.30745279633598505,0.2297938207566037,0.39957348437671314,0.30745279633598505,True
6211,2026,-1.0270057253902978,1.0288011340697516,0.04910648411141869,-1.0270057253902978,0.39041684062134563,0.14569609748759912,False
6212,2026,0.8329651233755793,0.9006445189672758,0.9150268440435725,0.8329651233755793,0.9006445189672758,0.7840310724026742,True
6213,2026,0.2822775321302014,0.5255051900354157,0.36270009029932987,0.2822775321302014,0.5255051900354157,0.4279002141744547,True
6214,2026,0.91830569729994,0.0,0.9988018858563745,0.91830569729994,0.7825664260318272,0.8702809864544683,True
6215,2026,0.3347490413212791,0.35132901280090867,0.4155062095186558,0.3347490413212791,0.5780061627461982,0.4155062095186558,True
6216,2026,0.5983619275144588,0.08459967644127016,0.68013138892663,0.5983619275144588,0.09668534450430333,0.68013138892663,True
6217,2026,-1.027640541844276,1.0557797943692249,0.01237241946527168,-1.027640541844276,0.9642238903262594,0.30889807264942,False
6218,2026,0.3095425575409233,0.1524788156636209,0.3887810640218309,0.3095425575409233,0.1524788156636209,0.710902541091249,True
6219,2026,0.43449630820084373,0.11692810742671322,0.5146455108884614,0.43449630820084373,0.26581926152020235,0.46204809232281047,True
6220,2026,0.21909888002121616,0.36875926247193047,0.29768781871357325,0.21909888002121616,0.5872531867119131,0.29768781871357325,True
6221,2026,0.32223196624088585,0.2894872064906499,0.4040142619052481,0.32223196624088585,0.2894872064906499,0.4040142619052481,True
6222,2026,-1.0282406050555877,1.106589773361529,0.20353498116288088,-1.0282406050555877,0.9966050319878312,0.5768931453663478,False
6223,2026,0.4493790152923012,0.0701327061742679,0.5285420146876412,0.4493790152923012,0.5500911702160551,0.5285420146876412,True
6224,2026,-1.0264521482720572,1.1429874831716353,0.013813729941624591,-1.0264521482720572,0.9760386898769009,0.2553566649212612,False
6225,2026,-1.0273283391101788,1.4556271861497647,0.17511611409372696,-1.0273283391101788,0.9833443329878657,0.17511611409372696,False
6226,2026,-1.030311451304626,1.1646539094109793,0.0,-1.030311451304626,0.9722922852342828,0.07749164954984106,False
6227,2026,0.31512236995527776,0.7018624657665377,0.4017269632212868,0.31512236995527776,0.7018624657665377,0.457393517016419,True
6228,2026,0.2876358579016413,0.4621981760866917,0.3713538557628398,0.2876358579016413,0.8885017670697981,0.3713538557628398,True
6229,2026,0.5943885237807552,0.2063599596078384,0.677853285040826,0.5943885237807552,0.28254770840818955,0.677853285040826,True
6230,2026,0.22473550294597766,0.6211946614193532,0.3058189102372461,0.22473550294597766,0.6211946614193532,0.3058189102372461,True
6231,2026,0.253697613388989,0.3069442213681373,0.3401675862012499,0.253697613388989,0.3069442213681373,0.3401675862012499,True
6232,2026,0.369207021648385,0.006956771209716351,0.45467468977680864,0.369207021648385,0.22609506431526166,0.45467468977680864,True
6233,2026,0.16888539916147025,0.2093263313938404,0.2530206627041897,0.16888539916147025,0.2093263313938404,0.325675190348185,True
6234,2026,0.3279404960934315,0.6019507547050831,0.4170583762965664,0.3279404960934315,0.6019507547050831,0.4170583762965664,True
6235,2026,0.1777019454715527,0.780543393526758,0.2695635298033013,0.1777019454715527,0.780543393526758,0.2695635298033013,True
6236,2026,1.2529797422978701,0.36967159882794287,1.347143618232231,1.2529797422978701,0.36967159882794287,1.347143618232231,True
6237,2026,0.6295510115339722,0.16123500940626,0.7155095634811697,0.6295510115339722,0.9688120999976876,0.0,True
6238,2026,0.32330897355682847,0.1361584610797866,0.4005717258679972,0.32330897355682847,0.3129129804762421,0.3287202952190326,True
6239,2026,0.30730333052388004,0.3013002978811551,0.3858246861621896,0.30730333052388004,0.4492179773729655,0.3858246861621896,True
6240,2026,0.7745117002245706,0.6674455054821223,0.8510293727307553,0.7745117002245706,0.6674455054821223,0.8364880763150357,True
6241,2026,0.2036732792163547,0.2299995666201254,0.2800319398783647,0.2036732792163547,0.37598955127670747,0.20124962079256303,True
6242,2026,0.4059301308732934,0.023573280402598554,0.48499126074153087,0.4059301308732934,0.042895641388316634,0.4034508973817781,True
6243,2026,0.1856393988471049,0.21699464905836047,0.26495361135025863,0.1856393988471049,0.3455403922505696,0.26495361135025863,True
6244,2026,-1.0276142444640524,1.191900989705532,0.07459407270699461,-1.0276142444640524,0.9789469434290947,0.4832572989889189,False
6245,2026,1.0787911566947346,0.05878482689893565,1.1613771570678364,1.0787911566947346,0.16580335792011536,1.1613771570678364,True
6246,2026,0.2174756616151018,0.4749953530725136,0.30210773863339563,0.2174756616151018,0.4749953530725136,0.22769477056293191,True
6247,2026,0.6086144475526183,0.06854417646747724,0.6902518823216083,0.6086144475526183,0.0881854901920668,0.7908635097680289,True
6248,2026,-1.027608660289118,1.203079939305573,0.1825855401123361,-1.027608660289118,0.9137215507362076,0.1825855401123361,False
6249,2026,0.21084355182581166,0.4337534633746621,0.2919177301038702,0.21084355182581166,0.4337534633746621,0.29233004328199197,True
6250,2026,0.20518630721951062,0.36534736296088316,0.2831958090295408,0.20518630721951062,0.5358427990092552,0.19072370812194023,True
6251,2026,0.24395940929871127,0.10654337193903861,0.3250831230423469,0.24395940929871127,0.14303657413862653,0.3842272783313355,True
6252,2026,0.23720751561968487,0.06784004915792931,0.3181319075419148,0.23720751561968487,0.1613834709782094,0.2869507669351675,True
6253,2026,1.297777374763758,0.09644391799046557,1.3858382810339926,1.297777374763758,0.23546217815687856,1.3858382810339926,True
6254,2026,-1.0316089590521067,1.3220180920600724,0.2038092184786696,-1.0316089590521067,0.7969580202394366,0.21888927276072018,False
6255,2026,0.5413431545126635,0.05431197752651303,0.6257098898508655,0.5413431545126635,0.1777482900867662,0.6257098898508655,True
6256,2026,0.2961076598414004,0.39622467388998633,0.37784773765757795,0.2961076598414004,0.39622467388998633,0.37784773765757795,True
6257,2026,0.27408937102633446,0.20973439901565846,0.3572399104112721,0.27408937102633446,0.20973439901565846,0.3572399104112721,True
6258,2026,0.3985025016844205,0.042461648650307375,0.483590998517585,0.3985025016844205,0.09671819970352559,0.483590998517585,True
6259,2026,0.6618717912400136,0.07807908661752722,0.7491760212875772,0.6618717912400136,0.07807908661752722,0.7491760212875772,True
6260,2026,-1.0325800511672156,1.4084928946725603,0.02966735284662531,-1.0325800511672156,0.8462259216738757,0.1638768062005941,False
6261,2026,0.5076551399212456,0.9010980026355137,0.59652781200912,0.5076551399212456,0.9010980026355137,0.59652781200912,True
6262,2026,0.48642926485879323,0.25737037286422787,0.5715860280828351,0.48642926485879323,0.8634216508784254,0.5715860280828351,True
6263,2026,0.2033612052541622,0.3153063962008497,0.2731225472760402,0.2033612052541622,0.3153063962008497,0.23129618859633166,True
6264,2026,0.3028537018301654,0.42992525046449476,0.3882584861022915,0.3028537018301654,0.9673318135450917,0.3882584861022915,True
6265,2026,0.4077385171194684,0.03738709965836751,0.4941807659972767,0.4077385171194684,0.33408728797296944,0.4941807659972767,True
6266,2026,0.6551484927974478,0.05593160875823902,0.7436472155765799,0.6551484927974478,0.16195848449116826,0.6089249927415599,True
6267,2026,0.30379553781931884,0.38554451872144013,0.3917784475067423,0.30379553781931884,0.6339426041663632,0.3917784475067423,True
6268,2026,0.19212964311906555,0.8013889815851251,0.27960940220886976,0.19212964311906555,0.8013889815851251,0.23316580658775327,True
6269,2026,0.33640163498477205,0.22810494325535471,0.4236234660456027,0.33640163498477205,0.22810494325535471,0.4236234660456027,True
6270,2026,0.16530569051258706,0.8409254634333144,0.2539095720069819,0.16530569051258706,0.8409254634333144,0.10127584063036907,True
6271,2026,0.44540324306878004,0.5869867010112215,0.5362655347326211,0.44540324306878004,0.5869867010112215,0.3274716075272833,True
6272,2026,0.5548159278363751,0.39717330597444306,0.6436461022351779,0.5548159278363751,0.9905859049716897,0.0,True
6273,2026,0.45358414619979714,0.0023706006216270663,0.5280512884679276,0.45358414619979714,0.07882247066916732,0.5280512884679276,True
6274,2026,-1.022205382900757,1.0110031867005815,0.13562237870374355,-1.022205382900757,0.9863445723908199,0.325373422965525,False
6275,2026,0.38931994044069984,0.2583944668976666,0.4651100404158379,0.38931994044069984,0.2583944668976666,0.4651100404158379,True
6276,2026,-1.0219969917994665,1.4596281953632895,0.18616494680486498,-1.0219969917994665,0.804933286743282,0.4554657550218295,False
6277,2026,0.22058882869570928,0.1411655319953781,0.2925263524126776,0.22058882869570928,0.22351209232601135,0.3735658244840896,True
6278,2026,0.2802307710175142,0.9965652591432357,0.3565864392414389,0.2802307710175142,0.9965652591432357,0.3565864392414389,True
6279,2026,-1.0211229517426923,1.0222542978242506,0.1512914234063305,-1.0211229517426923,0.7014169099789925,0.1512914234063305,False
6280,2026,0.19969483367964846,0.8264413235944339,0.2700234760380882,0.19969483367964846,0.8264413235944339,0.3686340464599811,True
6281,2026,-1.0174619158126308,1.189068944242393,0.0,-1.0174619158126308,0.9950004721598209,0.016895372863654234,False
6282,2026,0.32351666351464287,0.9314001138561712,0.3943617772267712,0.32351666351464287,0.9314001138561712,0.3943617772267712,True
6283,2026,0.36440882485630444,0.9390769506108098,0.4379913589958236,0.36440882485630444,0.9390769506108098,0.4379913589958236,True
6284,2026,0.26889190514140277,0.7571229634177711,0.3444612960197231,0.26889190514140277,0.7571229634177711,0.38325643481103194,True
6285,2026,-1.0168509305629625,1.3104958738574755,0.16426828502391042,-1.0168509305629625,0.9383691575876074,0.6493428678592486,False
6286,2026,-1.0171510781039463,1.2662200313238339,0.054825121245850164,-1.0171510781039463,0.887686425271706,0.23393507910086417,False
6287,2026,0.42192606659922993,0.22814865075092464,0.4940887957980344,0.42192606659922993,0.5836686341296703,0.4940887957980344,True
6288,2026,-1.018413968911375,1.2731315106898082,0.08673063479017841,-1.018413968911375,0.7068314835305111,0.4132459657649057,False
6289,2026,0.26367264549604036,0.17888170566922176,0.3272161252845647,0.26367264549604036,0.4544742514653542,0.3272161252845647,True
6290,2026,0.9496826307189473,0.07600842081755117,1.0167483577575673,0.9496826307189473,0.33226538243099424,1.0167483577575673,True
6291,2026,0.9505211062100866,0.024647424272885257,1.013088079543716,0.9505211062100866,0.38883285338678597,0.9242345536062445,True
6292,2026,1.519504464663442,0.0998814673173975,1.5853652156216007,1.519504464663442,0.7751780432260296,1.5853652156216007,True
6293,2026,0.35763315769855364,0.07490287269175591,0.4157825066934059,0.35763315769855364,0.5065883247549612,0.4157825066934059,True
6294,2026,0.19688677878780703,0.1529277636397429,0.2547175204661925,0.19688677878780703,0.3049640564792568,0.2547175204661925,True
6295,2026,0.2723312056458078,0.2368981027418006,0.32350511496867157,0.2723312056458078,0.2368981027418006,0.32350511496867157,True
6296,2026,0.24970710551624695,0.277766558908963,0.3027197872349583,0.24970710551624695,0.277766558908963,0.3027197872349583,True
6297,2026,0.24709369904562445,0.1664462450636568,0.30367393732538156,0.24709369904562445,0.1664462450636568,0.30367393732538156,True
6298,2026,0.2643709766853363,0.22904529351279088,0.3220538417398842,0.2643709766853363,0.3095587539477598,0.3220538417398842,True
6299,2026,0.3028404794432013,0.10658153918437287,0.36216464992112524,0.3028404794432013,0.20465974614006477,0.36216464992112524,True
6300,2026,0.5455192138398941,0.38383213264493,0.6034891529985738,0.5455192138398941,0.38383213264493,0.6034891529985738,True
6301,2026,0.19496561045368946,0.2715488042778757,0.2543163215488462,0.19496561045368946,0.33861279757366175,0.2543163215488462,True
6302,2026,0.2622815119368579,0.15226558615567481,0.3227672417774392,0.2622815119368579,0.21323894725401166,0.3227672417774392,True
6303,2026,-1.0084157946279297,1.1574214099309736,0.02330148698568189,-1.0084157946279297,0.888426302816845,0.3598023725730356,False
6304,2026,0.3011333091085573,0.07890678531055922,0.36142935570411255,0.3011333091085573,0.07890678531055922,0.44555124464151946,True
6305,2026,0.2771671116357163,0.8887325322461007,0.3419453317296781,0.2771671116357163,0.8887325322461007,0.3419453317296781,True
6306,2026,0.3938440145739864,0.8130388201325117,0.46088236076151784,0.3938440145739864,0.8130388201325117,0.46088236076151784,True
6307,2026,0.5560360433663134,0.6324481438773941,0.6220257774614465,0.5560360433663134,0.6324481438773941,0.6220257774614465,True
6308,2026,0.34612189110857966,0.3421857260643862,0.4084227715337566,0.34612189110857966,0.38841122599443356,0.4084227715337566,True
6309,2026,0.19713418193994,0.4429270641553696,0.260145999797448,0.19713418193994,0.4429270641553696,0.2317105433941792,True
6310,2026,0.32109705025106644,0.8939086505749847,0.3805361446150859,0.32109705025106644,0.8939086505749847,0.3805361446150859,True
6311,2026,0.421450344286956,0.8127602499795766,0.48181396889744654,0.421450344286956,0.8127602499795766,0.48181396889744654,True
6312,2026,0.42422984885159754,0.06343390962281102,0.48951511738018033,0.42422984885159754,0.14700556833220693,0.48951511738018033,True
6313,2026,0.49884188611247277,0.7644800406540302,0.5606186964796221,0.49884188611247277,0.7644800406540302,0.5606186964796221,True
6314,2026,0.22834198019418467,0.4321865735108697,0.2899414852642818,0.22834198019418467,0.4321865735108697,0.4863589544239441,True
6315,2026,-1.0144344680889938,1.6234647519814185,0.2477211083173027,-1.0144344680889938,0.9028732584918329,0.2477211083173027,False
6316,2026,0.2685400544780452,0.039305706959708954,0.3345732157633647,0.2685400544780452,0.10234674420910057,0.48989721717905355,True
6317,2026,0.2741081480285068,0.007645255601008295,0.34050792253772166,0.2741081480285068,0.36148336739179565,0.34050792253772166,True
6318,2026,0.20342550753660016,1.5651082451359086,0.27943113001689496,0.20342550753660016,0.7675433593852355,0.2960164487782271,True
6319,2026,0.2610769895245703,0.5197838095444592,0.32261776799169617,0.2610769895245703,0.5197838095444592,0.34581377288025134,True
6320,2026,0.2415905208975314,0.3712897941370682,0.3069593699122537,0.2415905208975314,0.3712897941370682,0.3069593699122537,True
6321,2026,0.21899739925258885,0.41708025297287177,0.28684570757818517,0.21899739925258885,0.41708025297287177,0.28684570757818517,True
6322,2026,0.2529931926392965,0.4341668656084127,0.3190390058794855,0.2529931926392965,0.5849739899740813,0.3190390058794855,True
6323,2026,0.5781033272724967,0.11810718722802571,0.6449661167309844,0.5781033272724967,0.11810718722802571,0.6449661167309844,True
6324,2026,0.3900869864761373,0.10427243331885246,0.45923317507518946,0.3900869864761373,0.3093415521793045,0.45923317507518946,True
6325,2026,0.407236569292941,0.02350385062900314,0.4762275529312888,0.407236569292941,0.22493404714097937,0.4762275529312888,True
6326,2026,0.18829325518769416,0.21292676322729367,0.2574356139438961,0.18829325518769416,0.21292676322729367,0.37374014847980336,True
6327,2026,0.19438162500966982,0.6182339741157099,0.26456575832446455,0.19438162500966982,0.6182339741157099,0.26456575832446455,True
6328,2026,0.45861993020069275,0.8624924989087629,0.5356106946089952,0.45861993020069275,0.8624924989087629,0.5356106946089952,True
6329,2026,0.5356729043026468,0.1328139434052907,0.606950433673788,0.5356729043026468,0.29024026093812233,0.606950433673788,True
6330,2026,0.5619669640585819,0.6962320368642876,0.6365615876426459,0.5619669640585819,0.6962320368642876,0.6365615876426459,True
6331,2026,0.9433231030387879,0.4994021122131305,1.0179593739358008,0.9433231030387879,0.4994021122131305,1.0179593739358008,True
6332,2026,0.3858851856782258,0.2697991144254342,0.4589908958962491,0.3858851856782258,0.2697991144254342,0.4589908958962491,True
6333,2026,0.4525571599789328,0.18522772616435973,0.5277565367021315,0.4525571599789328,0.2219883056646701,0.5277565367021315,True
6334,2026,1.0135149468681075,0.007656080716102914,1.0908497227703882,1.0135149468681075,0.4449033571683608,1.0908497227703882,True
6335,2026,-1.0153481096691193,1.0456147776807974,0.17081925063015221,-1.0153481096691193,0.9342808190347929,0.17081925063015221,False
6336,2026,0.2963679728934323,0.5961813283646014,0.36232465793722896,0.2963679728934323,0.5961813283646014,0.36232465793722896,True
6337,2026,-1.0193795636570286,5.017093371956391,0.2110289921026854,-1.0193795636570286,0.9131013204732612,0.2110289921026854,False
6338,2026,0.2791482059692591,0.19865213924533562,0.34928404126852347,0.2791482059692591,0.31213154194402914,0.34928404126852347,True
6339,2026,0.5226316098251584,0.3689616951941941,0.5954639457166706,0.5226316098251584,0.3689616951941941,0.5240964482892626,True
6340,2026,0.4959248373685424,0.4377359000173607,0.5722019049007375,0.4959248373685424,0.4377359000173607,0.49746650733679404,True
6341,2026,0.8294403254633366,0.03555793960273107,0.9064360013488056,0.8294403254633366,0.1136688233202563,0.8309482443232908,True
6342,2026,-1.0215527979520393,1.0143725502224121,0.06653015609885905,-1.0215527979520393,0.687667017719855,0.23582817034196585,False
6343,2026,0.3566349874643736,0.009361672760570277,0.42280371059492555,0.3566349874643736,0.030759781927595497,0.7632629118060152,True
6344,2026,0.42875805438805537,0.3350394040020909,0.49515779994087145,0.42875805438805537,0.3350394040020909,0.6369292963449984,True
6345,2026,0.3569839748907332,0.03673511495660856,0.42501673699790044,0.3569839748907332,0.42544388949740514,0.42224024575117813,True
6346,2026,0.5782372640519804,0.25680383874257384,0.6492158270252097,0.5782372640519804,0.3476460129916427,0.6492158270252097,True
6347,2026,0.21509551560699416,0.10675942224260929,0.2814566586396063,0.21509551560699416,0.2942677893087166,0.2814566586396063,True
6348,2026,0.23082499375274212,0.13385160673033458,0.29791486161656877,0.23082499375274212,0.23569087104385678,0.29791486161656877,True
6349,2026,0.27629826087862513,0.6084260206171482,0.3408403002242438,0.27629826087862513,0.6084260206171482,0.7523267085944789,True
6350,2026,0.21581544850009904,0.12947521666321957,0.28489138985646145,0.21581544850009904,0.31152104434747335,0.28489138985646145,True
6351,2026,0.3860078113294201,0.0647481648108016,0.4605948996768929,0.3860078113294201,0.1774688335496134,0.4605948996768929,True
6352,2026,2.8084108030190507,0.036592158513085525,2.8975454594026826,2.8084108030190507,0.22232042525183304,2.8975454594026826,True
6353,2026,0.5607854342415259,0.04848928890417142,0.6323399104033539,0.5607854342415259,0.7377298954705871,1.5091054199767355,True
6354,2026,0.26962961480204206,0.015942325914218566,0.3398499000443221,0.26962961480204206,0.3271972604298421,0.3398499000443221,True
6355,2026,0.23793475269563225,0.197114228546022,0.3096761386055358,0.23793475269563225,0.197114228546022,0.3096761386055358,True
6356,2026,0.27835545108014603,0.48792403652343996,0.35235998925791484,0.27835545108014603,0.48792403652343996,0.35235998925791484,True
6357,2026,0.32094763271650145,0.028866888804144324,0.39264314493789204,0.32094763271650145,0.2862633139744515,0.39264314493789204,True
6358,2026,-1.0203075536610284,1.702699542037155,0.03348852879712673,-1.0203075536610284,0.6683980952539983,0.3274738922538101,False
6359,2026,0.3153494256504086,0.7290402332236863,0.3820083380984522,0.3153494256504086,0.7290402332236863,0.24647462157710773,True
6360,2026,0.262253554763164,0.03614087215060514,0.3349433584350072,0.262253554763164,0.1505395383280584,0.3349433584350072,True
6361,2026,0.4235110450009775,0.6997303524653925,0.49518926665440083,0.4235110450009775,0.6997303524653925,0.3494243549270462,True
6362,2026,0.8240042922902924,0.32451845442230437,0.8972334304675685,0.8240042922902924,0.32451845442230437,0.4969940033467419,True
6363,2026,0.8545786172770962,0.3400447561089444,0.9307475033937662,0.8545786172770962,0.3400447561089444,0.5144427100692262,True
6364,2026,1.1493006579443241,0.06391253738990413,1.2291585089329906,1.1493006579443241,0.31616636853739555,1.2291585089329906,True
6365,2026,0.7635024571950688,0.014025719086953822,0.8456032217947835,0.7635024571950688,0.35654854310508677,0.8393285579927243,True
6366,2026,-1.0272198481886676,1.3224498841988592,0.13163023184261194,-1.0272198481886676,0.9018840610314269,0.13163023184261194,False
6367,2026,0.35796140445368674,0.13595572945166373,0.43853111646497445,0.35796140445368674,0.13595572945166373,0.43853111646497445,True
6368,2026,-1.0280801857208888,1.3249849944339978,0.12052102314900615,-1.0280801857208888,0.8910346850769872,0.17537114823541286,False
6369,2026,0.4453242890050895,1.1442701993234916,0.5311140925161915,0.4453242890050895,0.8452486472361137,0.8873491545697162,True
6370,2026,0.5395690403142107,1.0746651173820054,0.6266748304352965,0.5395690403142107,0.7710110158707868,0.19037760154914365,True
6371,2026,0.22161570386970114,0.14612000178107162,0.3010072036689995,0.22161570386970114,0.23890620291208398,0.4303234052452466,True
6372,2026,0.4264075225457617,0.47398420240086087,0.5095236650907369,0.4264075225457617,0.47398420240086087,0.4620130149684902,True
6373,2026,0.3992883174204539,1.1990612409539079,0.4855582937115682,0.3992883174204539,0.8983913884395036,0.05354890273419561,True
6374,2026,0.5711468097077042,0.003982193918939096,0.6516317321865858,0.5711468097077042,0.5050145924446303,0.6516317321865858,True
6375,2026,0.18944584921494656,0.5139496284726935,0.27074779440695385,0.18944584921494656,0.403040893414432,0.33816290787377257,True
6376,2026,0.7888441320846266,0.042592542953391155,0.8704627265771828,0.7888441320846266,0.042592542953391155,0.8665256007579396,True
6377,2026,0.3958037734024054,0.044984219772812084,0.47460095434726746,0.3958037734024054,0.8299414190643147,0.47460095434726746,True
6378,2026,0.30614018918286945,0.27918695927028714,0.386185007112467,0.30614018918286945,0.27918695927028714,0.526132784919265,True
6379,2026,0.41626538047404177,0.97516384108406,0.49892103497324597,0.41626538047404177,0.97516384108406,0.48262105797838006,True
6380,2026,0.23898251739089937,0.3646591534568823,0.3190325474472745,0.23898251739089937,0.3646591534568823,0.6129527768582014,True
6381,2026,0.7519560000312274,0.24501712804729306,0.8342586074577686,0.7519560000312274,0.6344319583587313,0.8180182790857577,True
6382,2026,0.4965468421591108,0.20793376943020664,0.5761286879822639,0.4965468421591108,0.8533737138892163,0.5761286879822639,True
6383,2026,-1.0204951323220182,1.0145666025012716,0.028859018703719787,-1.0204951323220182,0.94731714607243,0.11358274333847734,False
6384,2026,1.1028890055291953,0.9870401278698177,1.1785181537985183,1.1028890055291953,0.9870401278698177,1.1785181537985183,True
6385,2026,0.43253492295857165,0.6574127585020172,0.5051787562098101,0.43253492295857165,0.6574127585020172,0.44961476282197277,True
6386,2026,0.3032363696696288,0.3995539135512157,0.37531319494664733,0.3032363696696288,0.3995539135512157,0.4864861457882964,True
6387,2026,0.2043543517184853,0.024547527064968967,0.2773588402855416,0.2043543517184853,0.5073155593422386,0.2773588402855416,True
6388,2026,0.33053792757298595,0.12890401442498062,0.4057980590781462,0.33053792757298595,0.2733704725049047,0.31858964840794196,True
6389,2026,0.5481228522806177,0.024336235412416654,0.6232314080330196,0.5481228522806177,0.2570689694714108,0.5597334144856594,True
6390,2026,0.29857091973392036,0.3859736911367246,0.37251927053066314,0.29857091973392036,0.4896848499752293,0.37251927053066314,True
6391,2026,0.5247409052709947,0.18752288023284824,0.6016480589741916,0.5247409052709947,0.18752288023284824,0.6016480589741916,True
6392,2026,0.20702192762046825,0.12127117901168635,0.2788076627517189,0.20702192762046825,0.7621516441714908,0.2788076627517189,True
6393,2026,0.1836626068397051,0.05290243485204725,0.25846618170572205,0.1836626068397051,0.15840500492840917,0.25846618170572205,True
6394,2026,0.17224934063922304,0.8217974216643519,0.25235308971186904,0.17224934063922304,0.8217974216643519,0.19264314320468975,True
6395,2026,-1.0242104828208816,1.142371540457685,0.04626620264427133,-1.0242104828208816,0.9920840097206542,0.2331940817841118,False
6396,2026,-1.025194713139705,1.0282341811589544,0.048516869195924295,-1.025194713139705,0.8716864165534339,0.20991632072105482,False
6397,2026,-1.0256678014322098,1.514870617015625,0.15244396102400445,-1.0256678014322098,0.9324818914585499,0.15244396102400445,False
6398,2026,0.26492223906836976,0.17074134404751143,0.34279105088462797,0.26492223906836976,0.36666867179550117,0.37550012062552895,True
6399,2026,-1.02587076679986,1.5410222184159108,0.11605885934983115,-1.02587076679986,0.9540769841681729,0.11605885934983115,False
6400,2026,1.2708200646374963,0.955926493632353,1.3458776909675723,1.2708200646374963,0.955926493632353,1.3458776909675723,True
6401,2026,1.7137425854933859,0.5646177569119523,1.7904758670874499,1.7137425854933859,0.5646177569119523,1.7904758670874499,True
6402,2026,0.24440608348776782,0.2420954828647483,0.3177503212600146,0.24440608348776782,0.2420954828647483,0.4589726862644486,True
6403,2026,0.33177176031590855,0.35085667147333255,0.4063475164110874,0.33177176031590855,0.35085667147333255,0.4063475164110874,True
6404,2026,0.2649015803566133,0.2602296941048814,0.3440693863478903,0.2649015803566133,0.2602296941048814,0.2431714017437434,True
6405,2026,0.21308868738264797,0.1845024496016845,0.29423676942529325,0.21308868738264797,0.32511117127392547,0.18227056513071532,True
6406,2026,2.001200923433752,0.09148950849368447,2.089832963724343,2.001200923433752,0.48705825476086145,2.089832963724343,True
6407,2026,-1.0308182582496632,2.0935622568060195,0.030892519112905265,-1.0308182582496632,0.30813307525445327,0.18218665117874597,False
6408,2026,0.6696656428934182,0.05482585609222479,0.7425987231554216,0.6696656428934182,0.5391598018260215,0.7425987231554216,True
6409,2026,0.45601976835645,0.4246502434352352,0.5251825317936027,0.45601976835645,0.4246502434352352,0.5282008222062122,True
6410,2026,0.5194311923408034,0.38930840157761365,0.5907904727940859,0.5194311923408034,0.38930840157761365,0.5907904727940859,True
6411,2026,0.20041697023971317,0.6670620192748962,0.2733382078981678,0.20041697023971317,0.6670620192748962,0.21561600623025853,True
6412,2026,0.6575879111293778,0.7922859880870254,0.7292260457688834,0.6575879111293778,0.8834937939312347,0.6753305241336552,True
6413,2026,1.2449116442107093,0.18955611205373477,1.3158821218307788,1.2449116442107093,0.18955611205373477,1.262555971856663,True
6414,2026,1.298950779022169,0.19415929747446997,1.3728230882771932,1.298950779022169,0.19415929747446997,1.317316900226039,True
6416,2026,0.5331117377256313,0.20949216853663047,0.5988044066533714,0.5331117377256313,0.20949216853663047,0.5988044066533714,True
6417,2026,0.593212831571063,0.024973355732099828,0.6606921612062914,0.593212831571063,0.16967191688566044,0.6606921612062914,True
6418,2026,0.32769209894066764,0.8085192258267678,0.3895992461712897,0.32769209894066764,0.8085192258267678,0.5030338338382748,True
6419,2026,0.4295729879191742,0.41304055660794237,0.5009749816765177,0.4295729879191742,0.41304055660794237,0.5009749816765177,True
6420,2026,0.28783089782203697,0.15131401594036573,0.3600054943010536,0.28783089782203697,0.5636193211201693,0.3600054943010536,True
6421,2026,1.1008074267581782,0.6950200461991005,1.1744599517681482,1.1008074267581782,0.6950200461991005,1.1744599517681482,True
6422,2026,0.18162100748063764,0.7067518710469245,0.25572010972340065,0.18162100748063764,0.7067518710469245,0.25572010972340065,True
6423,2026,0.32372373230156143,0.14512654561430044,0.39721673040353833,0.32372373230156143,0.5576621891660055,0.39721673040353833,True
6424,2026,0.31735632776754097,0.34374491936067364,0.39222875109302147,0.31735632776754097,0.34374491936067364,0.46114116361143864,True
6425,2026,1.0516625259446608,0.02379285498645039,1.1288087450956596,1.0516625259446608,0.667281433029011,1.1288087450956596,True
6426,2026,0.7777483855427259,0.5147572666412449,0.852960243625708,0.7777483855427259,0.5147572666412449,0.852960243625708,True
6427,2026,0.2558376664393665,0.23409335631939224,0.33155864052282613,0.2558376664393665,0.23409335631939224,0.33155864052282613,True
6428,2026,-1.023207116010597,1.4336212455326582,0.13187172171322029,-1.023207116010597,0.910301862300413,0.395317486309656,False
6429,2026,-1.02357676064419,1.4061039734265408,0.0889403115721477,-1.02357676064419,0.8742772123929885,0.18483853867546507,False
6430,2026,0.21355010067934269,0.23828431789770402,0.2895606901035026,0.21355010067934269,0.35893460544083694,0.3332964193378828,True
6431,2026,0.24251863567975934,0.23606459480398398,0.3190393097091464,0.24251863567975934,0.29423874916552506,0.3190393097091464,True
6432,2026,0.2477119138598372,0.5937374544594409,0.32599780902469133,0.2477119138598372,0.5441560386382098,0.32599780902469133,True
6433,2026,0.4022745313507668,0.4495011172651761,0.48149631193442033,0.4022745313507668,0.399312576607532,0.48149631193442033,True
6434,2026,0.4767449161399708,0.47128574011251717,0.555781630087397,0.4767449161399708,0.8858341678231484,0.555781630087397,True
6435,2026,0.2936628467530238,0.5753550485042789,0.36947251200531234,0.2936628467530238,0.5753550485042789,0.8062019439225876,True
6436,2026,0.40880258924956697,0.2153945340641622,0.4858546199159266,0.40880258924956697,0.5251002341733791,0.4858546199159266,True
6437,2026,0.49716913127022444,0.05607469835791882,0.5737805621166122,0.49716913127022444,0.5759023074598767,0.5737805621166122,True
6438,2026,0.1806477167870755,0.23279461578208804,0.25531331064207685,0.1806477167870755,0.5033232607890079,0.23431614921860555,True
6439,2026,0.3067964661657519,0.11781891640221306,0.38345838309149366,0.3067964661657519,0.11781891640221306,0.3272053195572814,True
6440,2026,-1.024760525740187,1.3445222482380883,0.10244585043367387,-1.024760525740187,0.9547825998491425,0.10244585043367387,False
6441,2026,-1.0261730370766984,1.0767715462307597,0.16105411186875046,-1.0261730370766984,0.9519631580522296,0.27355263162420246,False
6442,2026,0.21256124263474932,0.9013519744922796,0.29221140269979345,0.21256124263474932,0.9013519744922796,0.6589147041179513,True
6443,2026,0.3200706221987095,0.7827327250044379,0.39890875492734285,0.3200706221987095,0.7827327250044379,0.39890875492734285,True
6444,2026,0.23622832688774326,0.134373366371642,0.3133193615885664,0.23622832688774326,0.8419638492897288,0.3133193615885664,True
6445,2026,0.21336981030093505,0.31514147257207337,0.29198411196771945,0.21336981030093505,0.31514147257207337,0.29198411196771945,True
6446,2026,0.35791297556797397,0.29081883684099774,0.43741044565512355,0.35791297556797397,0.49483112191875583,0.1161924272628163,True
6447,2026,0.3895254002890029,0.116773266170843,0.46809973077098194,0.3895254002890029,0.7234573616790458,0.46809973077098194,True
6448,2026,-1.0259887937706977,2.7796044442516625,0.10291069919041398,-1.0259887937706977,0.9245036825296977,0.11814419084688377,False
6449,2026,-1.0254551583622036,2.1670391544261616,0.22222630567343132,-1.0254551583622036,0.9328182052519064,0.6656808946894035,False
6450,2026,0.5596170705846656,0.13559337095010232,0.633030323337302,0.5596170705846656,0.13559337095010232,0.6228412260982933,True
6451,2026,0.19729217049868128,0.4753754677799599,0.2706405904498211,0.19729217049868128,0.4753754677799599,0.7216065348521138,True
6452,2026,0.4916836240642643,0.02260245784566912,0.5678480505332965,0.4916836240642643,0.1418072012782135,0.5678480505332965,True
6453,2026,0.18780276330089707,0.08896899473093316,0.26284874934547614,0.18780276330089707,0.3802253880080699,0.26284874934547614,True
6454,2026,-1.0243492919468842,1.04674778697579,0.037476155336164926,-1.0243492919468842,0.8228600658726294,0.16088901170181757,False
6455,2026,0.28792553655932746,0.1099280977671204,0.3644813625081774,0.28792553655932746,0.2590930681886191,0.3644813625081774,True
6456,2026,0.5977521470737465,0.1330989160426957,0.676751702465759,0.5977521470737465,0.1330989160426957,0.676751702465759,True
6457,2026,0.5651569741594367,0.2015231570271555,0.6440262704346494,0.5651569741594367,0.3313066788666301,0.6440262704346494,True
6458,2026,-1.0240761047767595,1.3748550256283916,0.12670295325782088,-1.0240761047767595,0.7803750075651892,0.4764159025275195,False
6459,2026,-1.0298422165662315,1.259796189690232,0.22121893999288053,-1.0298422165662315,0.8642233634192783,0.2732470928458028,False
6460,2026,0.2195306208210174,0.10913891978490191,0.2999412271012205,0.2195306208210174,0.3831310330910967,0.30948134246703474,True
6461,2026,-1.0273696504321614,1.5723699856756908,0.21853775787829913,-1.0273696504321614,0.8039985747825522,0.8682743859231971,False
6462,2026,-1.0242419037428414,1.9491274390560887,0.0731004740850319,-1.0242419037428414,0.8175452124126815,1.4308680241304959,False
6463,2026,2.1802950777761994,0.022737372416863046,2.2558455388004326,2.1802950777761994,0.8071767207984771,2.2558455388004326,True
6464,2026,0.4154869514890443,0.14007078311570426,0.480077312142708,0.4154869514890443,0.14007078311570426,0.480077312142708,True
6465,2026,0.3293757230125881,0.16354197509366422,0.3937306290618682,0.3293757230125881,0.30597639852381,0.3937306290618682,True
6466,2026,-1.011801180517903,1.1037148501812637,0.014799163007155737,-1.011801180517903,0.9801082046101427,0.2892563678670959,False
6467,2026,0.4449670940141461,0.08651833626294178,0.5037210270531128,0.4449670940141461,0.640969349521937,0.5037210270531128,True
6468,2026,-1.0058480698419505,1.0789064427763209,0.14370384308885606,-1.0058480698419505,0.9994318126688052,0.14370384308885606,False
6469,2026,0.2436376935835264,0.022370860828276065,0.30160714152410667,0.2436376935835264,0.48077376797915256,0.30160714152410667,True
6470,2026,0.19587311394459186,0.2718399664832932,0.25048259306775317,0.19587311394459186,0.2718399664832932,0.15914353491680983,True
6471,2026,0.2616829549457476,0.1722739232139624,0.31845880423908524,0.2616829549457476,0.22466761951057215,0.2234817539565469,True
6472,2026,0.5861002516330758,0.8412192126942755,0.6405103832139951,0.5861002516330758,0.8412192126942755,0.6405103832139951,True
6473,2026,0.4621116730499087,0.10015564091838212,0.5279231913829244,0.4621116730499087,0.44667543781547825,0.5279231913829244,True
6474,2026,0.8440232680208148,0.3075418380285165,0.9051430012880961,0.8440232680208148,0.3075418380285165,0.9051430012880961,True
6475,2026,0.18803279122659552,0.04531951740839543,0.2524666677944083,0.18803279122659552,0.22173497787798607,0.2524666677944083,True
6476,2026,0.7907494050064852,0.2950542648572523,0.8566091560371331,0.7907494050064852,0.2950542648572523,0.8566091560371331,True
6477,2026,0.9432746737415695,0.13946109071705792,1.011459910568886,0.9432746737415695,0.18119455996922215,1.011459910568886,True
6478,2026,0.3107440372484332,0.29513246202349613,0.3783004994594748,0.3107440372484332,0.671358945586804,0.43346932229731255,True
6479,2026,-1.0139375897482286,1.1729605597678232,0.16475889907749564,-1.0139375897482286,0.97484054199515,0.18399782642318216,False
6480,2026,0.6073341543594002,0.668343494765619,0.6740944529258588,0.6073341543594002,0.668343494765619,0.649242098019085,True
6481,2026,0.7563088806158257,0.578918873571114,0.8277524244920186,0.7563088806158257,0.578918873571114,0.8277524244920186,True
6482,2026,0.9426920248104078,0.1313580132107007,1.0137411889085803,0.9426920248104078,0.3857268749130057,1.0137411889085803,True
6483,2026,0.25075327138063414,0.2743529999754576,0.3180238126143564,0.25075327138063414,0.8604612748659048,0.3180238126143564,True
6484,2026,0.6654520049544745,0.14575442045147025,0.7344590521882511,0.6654520049544745,0.14575442045147025,0.7344590521882511,True
6485,2026,0.515284095492087,0.041848434963734055,0.5824412615001577,0.515284095492087,0.6343980140880019,0.5824412615001577,True
6486,2026,0.25840882118121916,0.028635471900593772,0.3241291713003722,0.25840882118121916,0.37936923056959515,0.3241291713003722,True
6487,2026,0.31498282777830167,0.11579623844930631,0.38206453992889905,0.31498282777830167,0.286653483202997,0.38206453992889905,True
6488,2026,0.22319682007759262,0.4387563496417348,0.29086335568932875,0.22319682007759262,0.4438930093448529,0.29086335568932875,True
6489,2026,0.6082439464810186,0.06823628695184485,0.6773326304162584,0.6082439464810186,0.06823628695184485,0.6773326304162584,True
6490,2026,0.7943589640730587,0.5504254478298379,0.8605722945946256,0.7943589640730587,0.5504254478298379,0.7474624212209164,True
6491,2026,0.34814095905116826,0.3840582279147276,0.4129822054417131,0.34814095905116826,0.3840582279147276,0.4129822054417131,True
6492,2026,0.42204284492262517,0.33869476868027304,0.48940151365008483,0.42204284492262517,0.33869476868027304,0.48940151365008483,True
6493,2026,0.569657047609145,0.03160900887147481,0.6394385424294284,0.569657047609145,0.2186875132292591,0.6394385424294284,True
6494,2026,1.068651751568651,0.0397852626710721,1.1413689767454924,1.068651751568651,0.205011118234383,1.017098538637658,True
6496,2026,0.5257803097154071,0.05702538806013804,0.594413491573457,0.5257803097154071,0.07465537444513219,0.7541716398030139,True
6497,2026,0.6831744421638789,0.3324650160094534,0.7501718820252816,0.6831744421638789,0.3324650160094534,0.7501718820252816,True
6498,2026,0.27948593901212065,0.17883074442218028,0.34797670041850814,0.27948593901212065,0.22522763781132155,0.34797670041850814,True
6499,2026,0.6522684637866267,0.06973946967089224,0.722546636590193,0.6522684637866267,0.36584639827351123,0.722546636590193,True
6500,2026,0.2922141881386142,0.814478683696643,0.3639208079785911,0.2922141881386142,0.814478683696643,0.3567010523336412,True
6501,2026,0.4886151007508367,0.18831900069140112,0.5584087394602956,0.4886151007508367,0.18831900069140112,0.6478263944648548,True
6502,2026,0.23895396726331683,0.9589573841638035,0.30359388559518546,0.23895396726331683,0.9589573841638035,0.30359388559518546,True
6503,2026,0.5299290013467205,0.741800386997348,0.5985085109997379,0.5299290013467205,0.741800386997348,0.5985085109997379,True
6504,2026,0.314320938893622,0.14438849300158074,0.38024220666951297,0.314320938893622,0.3355642267633132,0.38024220666951297,True
6505,2026,0.22460078118156548,0.1657017622032724,0.2903188336604823,0.22460078118156548,0.1657017622032724,0.5076198520140015,True
6506,2026,0.378841236992318,0.41375957127924773,0.44722688373710273,0.378841236992318,0.41375957127924773,0.39642828447074835,True
6507,2026,0.19895740105398255,0.05795872797861841,0.2640342052359007,0.19895740105398255,0.7751248065018655,0.24159227352701707,True
6508,2026,-1.0142720880579414,1.0129485228635284,0.22025906068266635,-1.0142720880579414,0.8856967380349081,0.22025906068266635,False
6509,2026,-1.0148178568412682,1.0085801617166956,0.08439913289825049,-1.0148178568412682,0.8764039635618421,0.27235031912799706,False
6510,2026,-1.01951783865959,1.0059201289441744,0.052222949503761065,-1.01951783865959,0.8070819468763697,0.12539093223095693,False
6511,2026,0.29052299755904776,0.13776489711588683,0.3615658486563461,0.29052299755904776,0.5226489287471007,0.4138307415310513,True
6512,2026,0.9509228419231315,0.45031503129625,1.0261724349538888,0.9509228419231315,0.45031503129625,1.0261724349538888,True
6513,2026,1.1651667324010302,0.045851088107674555,1.2412939153970473,1.1651667324010302,0.25300961871465605,1.2412939153970473,True
6514,2026,0.22820693711795959,0.6239154147183366,0.30120947584783225,0.22820693711795959,0.891973718675763,0.30120947584783225,True
6515,2026,0.27643655619131396,0.07844684026716475,0.34361012679004227,0.27643655619131396,0.8681018108903359,0.38078053044280796,True
6516,2026,2.3812052601921403,0.0,2.460462536835279,2.3812052601921403,0.24566898424069292,2.0419153784992594,True
6517,2026,0.7362879020562622,0.06872272584860938,0.805414129193437,0.7362879020562622,0.27610723482543154,0.805414129193437,True
6518,2026,-1.0143600565059405,1.0112010579048774,0.24174428115041935,-1.0143600565059405,0.998905614564971,0.3188882724281258,False
6519,2026,-1.0147756439433329,1.0082506777252145,0.010421723665163375,-1.0147756439433329,0.8997421430936708,0.39132550625126533,False
6520,2026,-1.015315694204623,1.7224864690562582,0.136186738070706,-1.015315694204623,0.957974001755918,0.16143007425514275,False
6521,2026,0.21549325268094333,0.36759949006309356,0.2840638378284644,0.21549325268094333,0.36759949006309356,0.5561940110519928,True
6522,2026,-1.0155088884481478,1.4498224338589496,0.15359931580110608,-1.0155088884481478,0.8220687084109533,0.16372437588896277,False
6523,2026,0.5092278733355143,0.11522659163527581,0.5766485133961881,0.5092278733355143,0.4794663544554921,0.5676262970489215,True
6524,2026,0.47395553474306334,0.08974689888376143,0.5438234706169752,0.47395553474306334,0.17308330499009397,0.5344748353165996,True
6525,2026,0.2662659486029377,0.041659606955022764,0.3410274801897065,0.2662659486029377,0.041659606955022764,0.3933441959006264,True
6526,2026,-1.0238095776806377,1.159774179064315,0.0029976931681780007,-1.0238095776806377,0.8160386957804696,0.1165769565400671,False
6527,2026,0.2873582533965502,0.17280892183061472,0.36342639667430765,0.2873582533965502,0.17280892183061472,0.5675651802872156,True
6528,2026,0.28861001846565787,0.6301265113148522,0.3662359500476361,0.28861001846565787,0.6301265113148522,0.3662359500476361,True
6529,2026,0.5792409012722722,0.004639120754683892,0.6561042210180505,0.5792409012722722,0.3310344024227334,0.6561042210180505,True
6530,2026,0.2248058782626809,0.3007396137249405,0.3014027661256715,0.2248058782626809,0.3322393527590002,0.3014027661256715,True
6531,2026,0.3069869752330455,0.13522320193070095,0.3832993476948933,0.3069869752330455,0.49481675373157,0.3305456047194642,True
6532,2026,0.3975280341045867,0.28362932989566164,0.47565588578190976,0.3975280341045867,0.5068686828517984,0.47565588578190976,True
6533,2026,0.20980577063976671,0.21130368215540604,0.28621738822956594,0.20980577063976671,0.4007715307017599,0.3510530172534129,True
6534,2026,0.1936482864208901,0.1877671815179902,0.26287405412522097,0.1936482864208901,0.3994814818382791,0.26287405412522097,True
6535,2026,0.2304463639048427,0.2442124878350893,0.3005692157970389,0.2304463639048427,0.36926273992975095,0.3005692157970389,True
6536,2026,0.3524558946551929,0.018596789096747748,0.42511097575825374,0.3524558946551929,0.13947591822554203,0.42511097575825374,True
6537,2026,0.25229553601622184,0.8975235614554493,0.3253708964082402,0.25229553601622184,0.8975235614554493,0.3253708964082402,True
6538,2026,0.5660532703475494,0.5977876165792134,0.6399702104910417,0.5660532703475494,0.5977876165792134,0.6399702104910417,True
6539,2026,0.21084253003332054,0.18793069065969914,0.284641776599841,0.21084253003332054,0.18793069065969914,0.3865392614705289,True
6540,2026,0.6286368099689738,0.5748308975578634,0.7050635887119047,0.6286368099689738,0.5748308975578634,0.7050635887119047,True
6541,2026,0.49733665253872655,0.08386302766658733,0.5722960459446085,0.49733665253872655,0.0881636957520641,0.7000873261984718,True
6542,2026,0.5728409171111742,0.0750389808188798,0.648287588386164,0.5728409171111742,0.6073851931037374,0.648287588386164,True
6543,2026,0.7551687187129859,0.007686626958003106,0.835646159291333,0.7551687187129859,0.07430406059404111,0.7836699198610326,True
6544,2026,0.42938631143004746,0.5025629972131979,0.5104660607862193,0.42938631143004746,0.6739157846832907,0.5104660607862193,True
6545,2026,0.36106434286002614,0.1046055695603263,0.4385120896138818,0.36106434286002614,0.3193587256113861,0.6574217583626998,True
6546,2026,-1.0252017086708356,1.1850525798103426,0.09863737408964568,-1.0252017086708356,0.5184605036670369,0.12215589389038652,False
6547,2026,-1.0250884630972876,1.3384368460933158,0.18788727546816708,-1.0250884630972876,0.7293631505258626,0.18788727546816708,False
6548,2026,0.8205179635473937,0.3428470352414473,0.9027456930058164,0.8205179635473937,0.3428470352414473,0.9027456930058164,True
6549,2026,1.0968949366198784,0.044408359914645215,1.1799411332692435,1.0968949366198784,0.07743937142142515,1.1799411332692435,True
6550,2026,0.1872113762066043,0.24761746367658352,0.26458705209640215,0.1872113762066043,0.5873555502035076,0.4100406671232076,True
6551,2026,0.28890352272208536,0.2625922982384969,0.3712651108941048,0.28890352272208536,0.2625922982384969,0.6835479517223672,True
6552,2026,-1.0293463478642608,1.6500320959787376,0.20838243177718155,-1.0293463478642608,0.8396109264796037,0.20838243177718155,False
6553,2026,-1.0296851185643303,1.4732934590540383,0.12602426634987132,-1.0296851185643303,0.6526989690431612,0.4084499837723319,False
6554,2026,0.2765474315390747,0.3576363388147569,0.3555738455113195,0.2765474315390747,0.3576363388147569,0.2842115772126611,True
6555,2026,0.24417366724037637,0.18231829739700361,0.32707564926547994,0.24417366724037637,0.21481484577565682,0.32707564926547994,True
6556,2026,1.2876018025415887,0.29748169490513804,1.3749406475917885,1.2876018025415887,0.29748169490513804,1.1538683923592794,True
6557,2026,0.3839344577429886,0.03752906070373479,0.4686664842644066,0.3839344577429886,0.03752906070373479,0.4686664842644066,True
6558,2026,1.3172006944229566,0.361399414091759,1.409685010186891,1.3172006944229566,0.361399414091759,1.1755709243287185,True
6559,2026,-1.0317233004926574,1.0444798227811092,0.13782554153899454,-1.0317233004926574,0.9502476633902199,0.13782554153899454,False
6560,2026,0.20760907841027368,0.6959884793571337,0.29267207849892535,0.20760907841027368,0.6959884793571337,0.5255605312069088,True
6561,2026,0.35247683873282454,0.27583438244849473,0.4379592610212643,0.35247683873282454,0.27583438244849473,0.452617126755239,True
6562,2026,0.47200390552709176,0.15158755417463454,0.5572941860472098,0.47200390552709176,0.24837377681089134,0.5572941860472098,True
6563,2026,0.604241085598286,0.6014202356432243,0.6907313606143718,0.604241085598286,0.6630141149337027,0.6907313606143718,True
6564,2026,0.8656953113231672,0.3651425170228325,0.9539516680891487,0.8656953113231672,0.3651425170228325,0.9539516680891487,True
6565,2026,1.0176948327863753,0.17421124580352734,1.1072903267300824,1.0176948327863753,0.23212964427744398,1.1072903267300824,True
6566,2026,1.9932623689886209,0.0586174667897936,2.0858405153304127,1.9932623689886209,0.6589116704838481,1.9745956878461475,True
6568,2026,0.3989277949603051,0.404695078235987,0.4732657407399908,0.3989277949603051,0.404695078235987,0.41238524599349224,True
6569,2026,0.24797148386617218,0.24157172306386748,0.33110529874492534,0.24797148386617218,0.24157172306386748,0.3699594919649955,True
6570,2026,0.19327418498747342,0.4040133364700391,0.2773058803648557,0.19327418498747342,0.4040133364700391,0.5447993988090887,True
6571,2026,0.5110007741639585,0.25386960709221057,0.5959120475201256,0.5110007741639585,0.25386960709221057,0.5959120475201256,True
6572,2026,0.20486172460552463,0.4632952850072407,0.2886718141929598,0.20486172460552463,0.4774991079921015,0.2886718141929598,True
6573,2026,0.20808499155269067,0.1204926883967811,0.2907261307224302,0.20808499155269067,0.1204926883967811,0.2821501386657288,True
6574,2026,0.2777328541019385,0.6269112270410262,0.36459605116946553,0.2777328541019385,0.6269112270410262,0.36459605116946553,True
6575,2026,-1.0306400897704366,1.1894977333997907,0.09756267225950825,-1.0306400897704366,0.8175666727772726,0.1405924971425328,False
6576,2026,-1.0229113735389241,1.0100842758289192,0.1383940396949111,-1.0229113735389241,0.9178215826989689,0.1383940396949111,False
6577,2026,-1.0238654190377012,1.0332477134703646,0.1631970710229462,-1.0238654190377012,0.9371316471010247,0.1631970710229462,False
6578,2026,-1.0244642552045586,1.0425337476801817,0.06406631968983922,-1.0244642552045586,0.9346145460635826,0.40118534950163814,False
6579,2026,-1.0252859711402933,1.1346977844564656,0.19171502229572862,-1.0252859711402933,0.9592838546294746,0.19171502229572862,False
6580,2026,0.5585871686135915,0.2066038561042194,0.6388264364851324,0.5585871686135915,0.2066038561042194,0.6388264364851324,True
6581,2026,0.23440003633134976,0.011122750031626426,0.311078202497024,0.23440003633134976,0.7082680181419994,0.311078202497024,True
6582,2026,0.7899014744270757,0.4936261445100122,0.8710173025391463,0.7899014744270757,0.4936261445100122,0.656429635189914,True
6583,2026,0.8291389016851856,0.04292608832848786,0.9104063428967801,0.8291389016851856,0.45688288794820237,0.6954026309211775,True
6584,2026,0.35441375026936073,0.16234363087165418,0.43079639779760964,0.35441375026936073,0.5596671150874757,0.43079639779760964,True
6585,2026,0.676583988551284,0.6591693687363058,0.7537616614902242,0.676583988551284,0.6800061325247624,0.7537616614902242,True
6586,2026,0.46200495494861726,0.35639064665381665,0.5396400001940589,0.46200495494861726,0.35639064665381665,0.5396400001940589,True
6587,2026,-1.0257988089250432,1.0116216378671907,0.01783715734273851,-1.0257988089250432,0.9217078039149696,0.18383192771606705,False
6588,2026,0.2967897222560591,0.012163242726966353,0.37923253216613784,0.2967897222560591,0.08992111587442754,0.4018214115162182,True
6589,2026,0.2667059099675808,0.3477873868293691,0.35181581215940455,0.2667059099675808,0.3477873868293691,0.345101769942638,True
6590,2026,0.36012842643661813,0.18510195907006113,0.4446907305851359,0.36012842643661813,0.597232586011531,0.4446907305851359,True
6591,2026,1.0991734718584711,0.48276382638142434,1.1915133141932848,1.0991734718584711,0.48276382638142434,0.5861013805690405,True
6592,2026,1.053525761940037,0.03273969381559626,1.1469454026996957,1.053525761940037,0.5470697224663846,0.5343962926022627,True
6594,2026,2.1695087527724826,0.33586444254530606,2.2629555063298388,2.1695087527724826,0.5380838684593175,2.2629555063298388,True
6595,2026,2.3301814308076962,0.017573467621525944,2.4266891318537844,2.3301814308076962,0.25688274729103244,2.4266891318537844,True
6596,2026,-1.0379481365750178,2.3707727465164035,0.02764275493195906,-1.0379481365750178,0.9908030591293889,0.12845750821316063,False
6597,2026,0.4050313060780129,0.41055336626188393,0.4914753549349072,0.4050313060780129,0.41055336626188393,1.432364918149824,True
6598,2026,0.3807591684809716,0.3674553201970324,0.4660082640847815,0.3807591684809716,0.2550782077095804,0.6247632325193857,True
6599,2026,-1.0304476025730918,1.2521223549930756,0.09331772624686474,-1.0304476025730918,0.9796170698966,0.2672479484065163,False
6600,2026,-1.0296553613882435,1.0684539224898706,0.015373437733652953,-1.0296553613882435,0.9160006649643526,0.24298572417932973,False
6601,2026,0.39619998578753646,0.06131544824457521,0.47703418734279807,0.39619998578753646,0.008175393099269259,0.9512069871008613,True
6602,2026,-1.0286186122755963,1.977011712030747,0.22961519674318867,-1.0286186122755963,0.5918601100167701,0.5441963056386107,False
6603,2026,1.2503235142645246,0.28034495378732144,1.3334173690290025,1.2503235142645246,0.28034495378732144,1.5475895291558774,True
6604,2026,-1.0284917813047283,1.5443940743059021,0.11426206158728816,-1.0284917813047283,0.9908211983127361,0.11426206158728816,False
6605,2026,0.3411873826182906,0.35418165466910195,0.4225395135274001,0.3411873826182906,0.822692827662569,0.4225395135274001,True
6606,2026,0.9212435857867564,0.0017918228466954522,1.0009122421604488,0.9212435857867564,0.045512300305881964,1.0009122421604488,True
6607,2026,0.19932536825759964,0.26693355357034226,0.28059061910188315,0.19932536825759964,0.08608089789555165,0.7072704543437701,True
6608,2026,-1.0289544704859324,1.2102352855833767,0.1333061381418602,-1.0289544704859324,0.9394309923769794,0.4724403071882658,False
6609,2026,-1.0287081574678885,1.2304918281996375,0.1420439111090247,-1.0287081574678885,0.9830604991710199,0.5219384768903575,False
6610,2026,1.115366020099542,0.7297439772029962,1.199618015857598,1.115366020099542,0.7297439772029962,1.199618015857598,True
6611,2026,0.21198611386964866,0.3473921321141562,0.2917125569321265,0.21198611386964866,0.3473921321141562,0.5592166029155158,True
6612,2026,0.46335965193333,0.0549718243688468,0.5443851562500276,0.46335965193333,0.10543103628955286,0.5443851562500276,True
6613,2026,0.4379641023706847,0.18594788291127629,0.5198276371164093,0.4379641023706847,0.18594788291127629,0.46445648976060105,True
6614,2026,1.1111037502777845,0.15677893373435398,1.196622412859455,1.1111037502777845,0.6686765546412032,1.196622412859455,True
6615,2026,1.3606056204680188,0.1728643270650559,1.4457743718167708,1.3606056204680188,0.6216983115288502,1.1364583808156532,True
6616,2026,0.41413451992560624,0.5145977551463002,0.4928158395845407,0.41413451992560624,0.5145977551463002,0.4928158395845407,True
6617,2026,0.4141665763060191,0.4525411970134966,0.49350564354077975,0.4141665763060191,0.4525411970134966,0.49350564354077975,True
6618,2026,0.31704574742165026,0.18460135971962713,0.39617995363630526,0.31704574742165026,0.5472524651396016,0.39617995363630526,True
6619,2026,0.46654169313279725,0.0031117467801887537,0.5457225915760892,0.46654169313279725,0.0867399414978588,0.4994353582207549,True
6620,2026,0.17077705201553142,0.7339136117569778,0.25133488153567207,0.17077705201553142,0.7339136117569778,0.25133488153567207,True
6621,2026,0.2654703214862281,0.6688209675449311,0.3486493729841659,0.2654703214862281,0.6688209675449311,0.3486493729841659,True
6622,2026,0.7743083966860841,0.159355424433386,0.8573484442092019,0.7743083966860841,0.159355424433386,0.8573484442092019,True
6623,2026,0.3892925119548194,0.3271730223741931,0.4701887746695298,0.3892925119548194,0.7754196542258315,0.4701887746695298,True
6624,2026,0.7050348936907016,0.012751629600605103,0.7855776659989196,0.7050348936907016,0.3388842169606932,0.7855776659989196,True
6625,2026,0.5073173586210452,0.16475919223835953,0.5883699116189289,0.5073173586210452,0.22098033840502002,0.2920376203655884,True
6626,2026,0.17172490785807953,0.23094407457910554,0.2510598063682946,0.17172490785807953,0.7067584995913923,0.2150835937454037,True
6627,2026,0.41067651920795367,0.4641075169767809,0.49331156141238547,0.41067651920795367,0.48462927793151744,0.3567629212134357,True
6628,2026,0.7168108769604699,0.37047928609431763,0.7998984586128033,0.7168108769604699,0.9212227702779636,0.7998984586128033,True
6629,2026,0.2280443799794917,0.3994417019265955,0.3072069816635466,0.2280443799794917,0.9005594734345128,0.0,True
6630,2026,0.6858619029862153,0.22454111076883518,0.7665493636552717,0.6858619029862153,0.45559065953098044,0.7665493636552717,True
6631,2026,-1.0247283732896975,1.9991100878991437,0.11880745147450371,-1.0247283732896975,0.9420732034567549,0.17611457512692894,False
6632,2026,-1.023596693543473,1.054432630500767,0.03151563347123386,-1.023596693543473,0.7057490261380435,0.9776551830016659,False
6633,2026,0.7017978724809083,0.4629991759760597,0.7809701970379164,0.7017978724809083,0.7283493620690409,0.7809701970379164,True
6634,2026,0.2427046686752857,0.28473394957171355,0.3199411486184187,0.2427046686752857,0.762594767700461,0.3199411486184187,True
6635,2026,-1.0244085837607138,1.0020278852537883,0.07742317107901896,-1.0244085837607138,0.8107066269429543,0.10667192459777197,False
6636,2026,0.2198051224227836,0.2800395385062226,0.29765208809777527,0.2198051224227836,0.14653641260201172,0.29765208809777527,True
6637,2026,0.25734079045818214,0.34923979087708135,0.33608106148558586,0.25734079045818214,0.34923979087708135,0.5501771450986453,True
6638,2026,0.5884371417343488,0.2835906245709273,0.668691785596553,0.5884371417343488,0.2835906245709273,0.668691785596553,True
6639,2026,0.2081487794964911,0.6407627210720362,0.28357972240385704,0.2081487794964911,0.6171841823553195,0.28357972240385704,True
6640,2026,0.8410431798605364,0.10090210427820769,0.9192574824826671,0.8410431798605364,0.15462919876401857,0.9290856095227585,True
6641,2026,0.27960191611052454,0.1086630705237775,0.35428018851240767,0.27960191611052454,0.1086630705237775,0.35620911875840466,True
6642,2026,0.23957232364679326,0.5610264646046401,0.31288646414976623,0.23957232364679326,0.5610264646046401,0.3641577755020198,True
6643,2026,0.8431605260982585,0.24043796459121838,0.9237696291758823,0.8431605260982585,0.2686632908693334,0.8296852082488851,True
6644,2026,-1.0243749532325799,1.2850675577597002,0.004481190517942552,-1.0243749532325799,0.998960778537448,0.27266320766842445,False
6645,2026,0.25033150350560823,0.35166721608597457,0.3255158379817269,0.25033150350560823,0.35166721608597457,0.4067227489369876,True
6646,2026,0.22602169895519753,0.5092799450919084,0.30153819395620446,0.22602169895519753,0.5092799450919084,0.30153819395620446,True
6647,2026,0.21857439535815243,0.6502837070144355,0.2983018888686596,0.21857439535815243,0.6502837070144355,0.2983018888686596,True
6648,2026,0.4501171640341816,0.26760616073542604,0.5297657917408362,0.4501171640341816,0.33695863929779135,0.5105213866947426,True
6649,2026,-1.0249720775479076,1.0220734496577775,0.1206393376023826,-1.0249720775479076,0.934335749583297,0.20307032194653352,False
6650,2026,0.22277901626586136,0.2354721041527584,0.3033738407633809,0.22277901626586136,0.2354721041527584,0.3033738407633809,True
6651,2026,0.3195220110785082,0.2997206611615333,0.40286853326791955,0.3195220110785082,0.6307238736995777,0.40286853326791955,True
6652,2026,0.39459485734236865,0.10991137264345625,0.47712484752876383,0.39459485734236865,0.10991137264345625,0.6809451707449422,True
6653,2026,-1.0299272357558302,1.1778045269722663,0.17754139642063946,-1.0299272357558302,0.8936533446626764,0.3453137686362961,False
6654,2026,0.35490821684229196,0.5788901146159294,0.4388491867482039,0.35490821684229196,0.5788901146159294,0.7201523296452814,True
6655,2026,0.37533978825515096,0.137731871248105,0.4542930269392655,0.37533978825515096,0.137731871248105,0.5253804443576401,True
6656,2026,0.6221583809416266,0.3321763239485197,0.7039152213111833,0.6221583809416266,0.5128205270845815,0.7039152213111833,True
6657,2026,0.40582304971033006,0.03805625958443129,0.48360171377598626,0.40582304971033006,0.07467643390155881,0.9219667416308266,True
6658,2026,0.2588415597002483,0.1761439826842165,0.33697109730886954,0.2588415597002483,0.1761439826842165,0.4857635298868128,True
6659,2026,0.22904332275142927,0.22580959634171646,0.3077536370502862,0.22904332275142927,0.22580959634171646,0.4089786285138294,True
6660,2026,0.20879246096760795,0.2918938331966356,0.28813231472762696,0.20879246096760795,0.32311443648960897,0.28813231472762696,True
6661,2026,0.9574325603301896,0.5995089555705595,1.0425912552227754,0.9574325603301896,0.5995089555705595,1.0425912552227754,True
6662,2026,1.3637209817792668,0.10666684401265374,1.448922930947481,1.3637209817792668,0.19283543330398437,1.448922930947481,True
6663,2026,0.9551460165294969,0.8104375153427917,1.0328748086427162,0.9551460165294969,0.8104375153427917,1.0328748086427162,True
6664,2026,0.40821018180999424,0.12530801852118167,0.48158758662060297,0.40821018180999424,0.19138493090052916,0.5914181301700344,True
6665,2026,1.1272871260578925,0.20280358109521718,1.203940313769168,1.1272871260578925,0.5020661771279352,1.203940313769168,True
6666,2026,0.9643617414494907,0.35689749177752494,1.042790695477065,0.9643617414494907,0.397063790250752,1.042790695477065,True
6667,2026,0.31719194717930366,0.4029301070204674,0.3935998215234402,0.31719194717930366,0.4029301070204674,0.3935998215234402,True
6668,2026,-1.0235422786681445,2.687638017659197,0.1768955733438077,-1.0235422786681445,0.9539231992231596,0.35137265252081556,False
6669,2026,-1.0243052351868918,2.7407245130586855,0.21727430727060476,-1.0243052351868918,0.9504413047107793,0.21727430727060476,False
6670,2026,-1.0242922634309428,2.83910601519365,0.11546006638919039,-1.0242922634309428,0.8032314495100378,0.11546006638919039,False
6671,2026,0.5010439283053996,0.11655450585042755,0.5788397085027244,0.5010439283053996,0.11655450585042755,0.5788397085027244,True
6672,2026,-1.0242578939964042,2.577003926735574,0.0035643207838795886,-1.0242578939964042,0.7884277573912929,0.34930343681893544,False
6673,2026,0.367982290010514,0.3880689117860493,0.44258254294122484,0.367982290010514,0.3880689117860493,0.44258254294122484,True
6674,2026,-1.023949631068879,1.18768037593399,0.14916364911022043,-1.023949631068879,0.9537326715512661,0.14916364911022043,False
6675,2026,0.3412848507458861,0.3107383732268349,0.41860947703456025,0.3412848507458861,0.3204815696997836,0.41860947703456025,True
6676,2026,0.45346737222380956,0.33216962339524597,0.5288444576427695,0.45346737222380956,0.33216962339524597,0.6342676991989815,True
6677,2026,0.5282009978543672,0.04927667307381387,0.6055004144612479,0.5282009978543672,0.27758010803461913,0.6055004144612479,True
6678,2026,0.28466670865143606,0.16825133285930766,0.3613499089679071,0.28466670865143606,0.36667431823559404,0.3613499089679071,True
6679,2026,0.20383867841647357,0.82705535268024,0.287815262732725,0.20383867841647357,0.16127579377263176,0.287815262732725,True
6680,2026,0.6081072330816419,0.04813866851536493,0.6885407914696179,0.6081072330816419,0.15467506604933984,0.9091105922899791,True
6681,2026,0.27685503296115793,0.46801147631874107,0.3560020351244761,0.27685503296115793,0.46801147631874107,0.3560020351244761,True
6682,2026,0.3011513125699048,0.1893701097061884,0.38114746656963827,0.3011513125699048,0.22588002492495843,0.38114746656963827,True
6683,2026,0.48767042918219966,0.2833634153919042,0.5695645187777438,0.48767042918219966,0.2833634153919042,0.5695645187777438,True
6684,2026,-1.027019159510326,1.5878216123021929,0.191174517025597,-1.027019159510326,0.8692280015281502,0.191174517025597,False
6685,2026,0.3114965564398064,0.118985568807264,0.38975401064418214,0.3114965564398064,0.17466471318500926,0.842814445717883,True
6686,2026,0.5134825218921469,0.21219663765472063,0.5939178286094527,0.5134825218921469,0.34797145151056846,0.5939178286094527,True
6687,2026,-1.0259612372745934,1.3786581341651611,0.23468147889584534,-1.0259612372745934,0.9635700460854774,0.2962184790623736,False
6688,2026,0.2901084712063054,0.5826655976680348,0.3660597641006808,0.2901084712063054,0.5826655976680348,0.3660597641006808,True
6689,2026,0.33603860023571336,0.11082095081611185,0.41681909859189475,0.33603860023571336,0.11082095081611185,0.5239184503134301,True
6690,2026,0.1995165368672825,0.4281589620185288,0.27956261637680296,0.1995165368672825,0.5070745354101852,0.24933963082254265,True
6691,2026,0.3127843328309955,0.4748100346152641,0.3917715083820744,0.3127843328309955,0.5148388626455902,0.3917715083820744,True
6692,2026,0.49213546753162,0.048197257495055136,0.5748934137249619,0.49213546753162,0.11636815323135126,0.5436303277822031,True
6693,2026,0.1808091786989198,0.005234955580989464,0.26174777904971125,0.1808091786989198,0.5575227693758739,0.26174777904971125,True
6694,2026,0.3014403412718881,0.04739941330894421,0.3846644695456993,0.3014403412718881,0.04739941330894421,0.3846644695456993,True
6695,2026,0.1923653933287961,0.7648546279653536,0.27162624623949616,0.1923653933287961,0.7648546279653536,0.35016877527262397,True
6696,2026,0.2654741268280813,0.35274469399813285,0.3435346497684248,0.2654741268280813,0.6773987530956457,0.3435346497684248,True
6697,2026,0.3446888555757845,0.008644161317623971,0.4293266787746105,0.3446888555757845,0.16664022095616043,0.4293266787746105,True
6698,2026,0.7479335705406819,0.15354147408433097,0.8350583851275576,0.7479335705406819,0.4983033115989432,0.8350583851275576,True
6699,2026,-1.0309655823574178,1.392252789666047,0.07967437481738114,-1.0309655823574178,0.7625975875377909,0.27999851721535146,False
6700,2026,0.6002422904220368,0.2762008953329945,0.6835867379183267,0.6002422904220368,0.2762008953329945,1.2066500419784636,True
6701,2026,-1.0269287831762788,1.2124810948453562,0.15364993519706735,-1.0269287831762788,0.9525499868565229,0.2822222902972338,False
6702,2026,-1.026232622416833,2.127094978236164,0.06649602217155265,-1.026232622416833,0.9682754105681881,0.6447392091253302,False
6703,2026,0.567211946149968,0.017217716623537972,0.6468383086062474,0.567211946149968,0.24417852666079276,0.6468383086062474,True
6704,2026,-1.0264076636087862,2.158688064115982,0.0,-1.0264076636087862,0.9922528091629977,0.03131369811955013,False
6705,2026,0.18714493305967858,0.6688157162403294,0.2591376401767463,0.18714493305967858,0.6688157162403294,0.2988048824622778,True
6706,2026,0.3282541515258915,0.5494692213415586,0.4020994423166703,0.3282541515258915,0.5494692213415586,0.4020994423166703,True
6707,2026,0.3195760134723422,0.5933561892585314,0.39637996745910675,0.3195760134723422,0.5933561892585314,0.39637996745910675,True
6708,2026,0.5673122430163285,0.36815679098644916,0.6460512027156337,0.5673122430163285,0.36815679098644916,0.6460512027156337,True
6709,2026,-1.0225247999236209,1.7318744280235998,0.11819914493928947,-1.0225247999236209,0.9373706103012172,0.2620937561697302,False
6710,2026,0.21559812967402656,1.621345417335165,0.2995113737157136,0.21559812967402656,0.7964441398449963,0.2995113737157136,True
6711,2026,0.3023512149334625,0.43752190271250263,0.3801356672334623,0.3023512149334625,0.48990128543158973,0.3493242656339849,True
6712,2026,0.2664904202828764,0.19476699464162725,0.34564283556116854,0.2664904202828764,0.4863296586524385,0.31429201147397956,True
6713,2026,0.5376621054391251,0.5418615932469599,0.6193271436011717,0.5376621054391251,0.5418615932469599,0.6193271436011717,True
6714,2026,0.49206260140806574,0.5946772634545472,0.5742814729796709,0.49206260140806574,0.5946772634545472,0.5742814729796709,True
6715,2026,0.8936566673913954,0.069314496284579,0.9764478168460078,0.8936566673913954,0.20149562873421145,0.9764478168460078,True
6716,2026,0.3903750072012685,0.21531750397073257,0.4701357011159309,0.3903750072012685,0.5286122174820521,0.4701357011159309,True
6717,2026,1.1377950698029853,0.9963551500102966,1.2259265073051657,1.1377950698029853,0.9963551500102966,1.1872781306562012,True
6718,2026,-1.0266130999551308,1.0047023767664858,0.006254956431225395,-1.0266130999551308,0.9996202246661061,0.02071954317844301,False
6719,2026,0.5909253641370876,0.21792154872861436,0.6711078836278093,0.5909253641370876,0.38381338513098723,0.6122916870851641,True
6720,2026,-1.0272646121590931,1.0367277471452954,0.022931114314029007,-1.0272646121590931,0.8146580085251307,0.2783917737774797,False
6721,2026,0.23442300576392502,0.5626867490480458,0.31375254063523556,0.23442300576392502,0.5626867490480458,0.31375254063523556,True
6722,2026,0.2527688774708082,0.3656775306414661,0.3334592460034805,0.2527688774708082,0.3656775306414661,0.3334592460034805,True
6723,2026,2.1313193723669435,0.07202885506019116,2.222069361019286,2.1313193723669435,0.34557196358367087,2.0613575803647284,True
6724,2026,0.3435381383013727,0.09026493230580503,0.4228199460640928,0.3435381383013727,0.6769869922936277,0.4228199460640928,True
6725,2026,-1.0296267710243905,1.2873307765658168,0.20858912685859804,-1.0296267710243905,0.8233083545287064,0.8206567978313338,False
6726,2026,0.5207099623740944,0.07514155679600007,0.603316801949168,0.5207099623740944,0.07514155679600007,0.7505418289273906,True
6727,2026,0.32833396133532694,0.43151877266694555,0.4118844503514316,0.32833396133532694,0.368252622983733,0.4118844503514316,True
6728,2026,0.17075569872629545,0.5545315224479956,0.2535001245476618,0.17075569872629545,0.4556150887140103,0.8118855340242598,True
6729,2026,0.5565719762300467,0.208801231362369,0.6390583141695655,0.5565719762300467,0.208801231362369,0.6390583141695655,True
6730,2026,0.9052782936290144,0.08937812042160197,0.9885385633667421,0.9052782936290144,0.17006670135780597,0.9885385633667421,True
6731,2026,0.28246341761187993,0.01743827991901893,0.360655334689143,0.28246341761187993,0.4684556105522412,0.360655334689143,True
6732,2026,-1.0273745221500952,1.4702445511581541,0.19344246806616966,-1.0273745221500952,0.673572399376188,0.23065867228185014,False
6733,2026,-1.0270549156922677,1.3700462580595056,0.22847583701404026,-1.0270549156922677,0.5823100978765148,0.2749797684417018,False
6734,2026,0.20935888654432874,0.11573348442408499,0.2863276465297194,0.20935888654432874,0.11573348442408499,0.3408125661449487,True
6735,2026,0.40049678998221594,0.08739914045592671,0.47914838506583035,0.40049678998221594,0.18021238695777278,0.47914838506583035,True
6736,2026,1.6460971745747135,0.23845828904798427,1.7305817141238218,1.6460971745747135,0.3416599092261503,1.3373209948085707,True
6737,2026,-1.0270811489010359,1.6542141852156245,0.2066254361625683,-1.0270811489010359,0.7558778162744305,0.37854425609468095,False
6738,2026,0.6404576358531567,0.08658456022703415,0.718794964860219,0.6404576358531567,0.11914321717194921,1.4143337461883883,True
6739,2026,0.2254835459113248,0.3994367033135068,0.30283859500998267,0.2254835459113248,0.3994367033135068,0.4512612358705201,True
6740,2026,0.19859863048679913,0.16339623838570402,0.27913524057554545,0.19859863048679913,0.16339623838570402,0.27913524057554545,True
6741,2026,0.3740721625053696,0.25330489931824135,0.45472807227003764,0.3740721625053696,0.25853667004425845,0.45472807227003764,True
6742,2026,0.2941781754204475,0.36113671368301253,0.37844212997547794,0.2941781754204475,0.36113671368301253,0.37844212997547794,True
6743,2026,0.15312049819896295,2.9511997454743426,0.25124285078603187,0.15312049819896295,0.5011300746793859,0.25124285078603187,True
6744,2026,0.44694376531863944,1.4415927101680577,0.5312253146909627,0.44694376531863944,0.8609758779238762,2.472063220270941,True
6745,2026,0.3831709817492019,0.3859319703451576,0.4562871933808426,0.3831709817492019,0.3859319703451576,0.4562871933808426,True
6746,2026,-1.018456822591577,1.1209475479273636,0.2320980352303701,-1.018456822591577,0.9601981679715312,0.6066068402255224,False
6747,2026,-1.0187112836106669,1.083017691675198,0.1423726068574335,-1.0187112836106669,0.9478941992198742,0.36854497620326654,False
6748,2026,0.23742484003243494,0.16276546200163386,0.3147313198893906,0.23742484003243494,0.6252199381626378,0.3147313198893906,True
6749,2026,0.27419299140781384,0.27063949759012357,0.3535708832492918,0.27419299140781384,0.31513926550481,0.18811265527567975,True
6750,2026,0.8993811550747003,0.5661040228018797,0.9810302304693587,0.8993811550747003,0.5661040228018797,0.9810302304693587,True
6751,2026,0.9061458971940701,0.6136280476062318,0.9908238598367547,0.9061458971940701,0.6136280476062318,0.9908238598367547,True
6752,2026,0.8687550361916586,0.6968079756992538,0.9559944937631507,0.8687550361916586,0.6968079756992538,0.9559944937631507,True
6753,2026,0.6128245148358377,0.4807919296717906,0.6844146665333994,0.6128245148358377,0.4807919296717906,0.911687636288247,True
6754,2026,0.6390712169903766,0.037737420039587063,0.7109614706692373,0.6390712169903766,0.6236756823334587,0.7109614706692373,True
6755,2026,0.3068658433752898,0.3038380277311518,0.37694191410253997,0.3068658433752898,0.3038380277311518,0.37694191410253997,True
6756,2026,0.4174401356664688,0.7431937263576338,0.49175649327461934,0.4174401356664688,0.7431937263576338,0.49175649327461934,True
6757,2026,-1.0156740916157285,1.1085886145511186,0.09083545915165638,-1.0156740916157285,0.9702316072874232,0.14800982172393862,False
6758,2026,0.5463101274816443,0.846261866136423,0.6164871269725083,0.5463101274816443,0.846261866136423,0.6164871269725083,True
6759,2026,0.6627183566802829,0.7638206349080392,0.7345908422327987,0.6627183566802829,0.7638206349080392,0.7345908422327987,True
6760,2026,0.25910527478106976,0.3361371615984349,0.3389996435098826,0.25910527478106976,0.2613037059141088,0.34431568134538587,True
6761,2026,0.26671899854022285,0.09887036261712712,0.3452291587250748,0.26671899854022285,0.09887036261712712,0.6050702770080819,True
6762,2026,0.41286594047364183,0.04687601223317957,0.49261666427196227,0.41286594047364183,0.4051426771582465,0.39719049651152427,True
6763,2026,0.46951548259913695,0.09886597334092123,0.5503397743484179,0.46951548259913695,0.46335469050768274,0.4306822443821227,True
6764,2026,0.2580834572409786,0.49865730099717703,0.3362642157619947,0.2580834572409786,0.5590233169746752,0.33031263672194605,True
6765,2026,0.35959466799728257,0.17679457520190425,0.43914899420518194,0.35959466799728257,0.17679457520190425,0.43914899420518194,True
6766,2026,0.5400769587141216,0.018173660378630725,0.6229022094781362,0.5400769587141216,0.018173660378630725,0.6229022094781362,True
6767,2026,0.33552874924072795,0.637371361851819,0.4214213793516107,0.33552874924072795,0.637371361851819,0.3508048238926839,True
6768,2026,0.94455354246061,0.0080874509495591,1.0293527847449901,0.94455354246061,0.014826993407538638,0.9597108460127801,True
6769,2026,0.2863475274244726,0.2774834302692603,0.3717980130083444,0.2863475274244726,0.4482424642810885,0.3717980130083444,True
6770,2026,0.16951462606389361,0.32524655921971934,0.2546272757194093,0.16951462606389361,0.32524655921971934,0.38144359468123623,True
6771,2026,0.5994408055667033,0.6952519830454085,0.6852122432180924,0.5994408055667033,0.6952519830454085,0.6852122432180924,True
6772,2026,0.45911677243876475,0.3850878323850607,0.5456271298002627,0.45911677243876475,0.3850878323850607,0.5456271298002627,True
6773,2026,0.48942542871719247,0.18089640319335898,0.5772954780171092,0.48942542871719247,0.36808485519343814,0.5772954780171092,True
6774,2026,0.19934935617003793,0.14746573252979547,0.2850657998551068,0.19934935617003793,0.4263005859399874,0.32089374191342684,True
6775,2026,0.6466583381990997,0.6114322082258886,0.7376599376244861,0.6466583381990997,0.6114322082258886,0.7376599376244861,True
6776,2026,0.5699550568124405,0.17310653947783067,0.6590950850927557,0.5699550568124405,0.17310653947783067,0.6590950850927557,True
6777,2026,0.5251160197248157,0.5065719296095792,0.6153871720491955,0.5251160197248157,0.7226177264920359,0.6153871720491955,True
6778,2026,0.7477648605912706,0.04964275009905071,0.82152697419999,0.7477648605912706,0.056604843100732244,0.82152697419999,True
6779,2026,0.44322424649986225,0.12794325908528106,0.5166813455130917,0.44322424649986225,0.12794325908528106,0.7889288942571565,True
6780,2026,0.2757707505905992,0.23287660706891478,0.3489869153821859,0.2757707505905992,0.5933433551939473,0.2683000909611179,True
6781,2026,0.4363853050371759,0.0,0.509413199862073,0.4363853050371759,0.49484907978802706,0.40845736753072914,True
6782,2026,0.6085192935613029,0.0882089103747771,0.6834507177893381,0.6085192935613029,0.24038611453277992,0.6834507177893381,True
6783,2026,0.2869341620535994,0.9059025811481712,0.3598973503201491,0.2869341620535994,0.9059025811481712,0.30696147733133167,True
6784,2026,0.43369743025690993,0.006902970983122337,0.507713515809111,0.43369743025690993,0.18430932524950766,0.4549057877881858,True
6785,2026,0.20320492550545619,0.18034436060237352,0.27718296668455145,0.20320492550545619,0.31718152137068995,0.27718296668455145,True
6786,2026,-1.0223558932111227,1.0864109507571202,0.19273296351389851,-1.0223558932111227,0.9776621836347598,0.3869015543165399,False
6787,2026,0.8851843147974643,0.13655181041438672,0.9623327088058015,0.8851843147974643,0.13655181041438672,1.077090714066786,True
6788,2026,0.47212342763066434,0.07805863192198949,0.5454427544633711,0.47212342763066434,0.26836686677320426,0.5454427544633711,True
6789,2026,0.3719472226278207,0.045971354682651615,0.44637834470470356,0.3719472226278207,0.28881240384586804,0.44637834470470356,True
6790,2026,0.5999164486441493,0.09409613134494187,0.6755259578643524,0.5999164486441493,0.1183223741166026,0.9420146283524289,True
6791,2026,0.5455284064669401,0.3666843539169167,0.6223799570314278,0.5455284064669401,0.43271563603989277,0.5623195887174465,True
6792,2026,0.7222583879105551,0.038135776902106774,0.7954933958753347,0.7222583879105551,0.07375018012472345,0.6432654599768493,True
6793,2026,0.6152098332475235,0.18918560378499535,0.684907619594761,0.6152098332475235,0.7808937688146533,0.684907619594761,True
6794,2026,0.674739403649409,0.15292112022721793,0.746446218109074,0.674739403649409,0.15292112022721793,0.746446218109074,True
6795,2026,0.6850102785760964,0.04404753546220279,0.7589982043451519,0.6850102785760964,0.16895845692221564,0.7589982043451519,True
6796,2026,0.2123899676736517,0.14337264607464534,0.28535669509286316,0.2123899676736517,0.23883869370303862,0.8241323529811039,True
6797,2026,0.48023827035928895,0.33200706482838577,0.5535825952181344,0.48023827035928895,0.33200706482838577,0.5535825952181344,True
6798,2026,0.3967230577713965,0.0596672591861347,0.4711905376941238,0.3967230577713965,0.42779616737692744,0.4711905376941238,True
6799,2026,0.21941264284737225,0.5687870081026652,0.29613620357345816,0.21941264284737225,0.4913585831286848,0.3207224806978986,True
6800,2026,1.5773838956687407,0.36107279438650713,1.6577146603760053,1.5773838956687407,0.6005318866788961,1.6577146603760053,True
6801,2026,0.5346896643020073,0.13393831822868257,0.614062257693775,0.5346896643020073,0.4899660523061781,0.4206433444689757,True
6802,2026,1.4893654564942695,0.01993839354343432,1.5734362053750992,1.4893654564942695,0.7220243789561622,1.5734362053750992,True
6803,2026,2.891818637270042,0.6776485082062929,2.984972215817588,2.891818637270042,0.9176811802474846,2.984972215817588,True
6804,2026,3.2332107801122145,0.3822757109835317,3.3275185353812824,3.2332107801122145,0.3822757109835317,3.3275185353812824,True
6805,2026,0.5779663098651318,0.25025449643467657,0.650113938070397,0.5779663098651318,0.25025449643467657,0.650113938070397,True
6806,2026,2.3075406665638614,0.5567004081948289,2.3905370469542797,2.3075406665638614,0.5567004081948289,2.3905370469542797,True
6807,2026,0.1850808171834428,0.29244779619361333,0.25810733527692864,0.1850808171834428,0.29244779619361333,0.3895611426568829,True
6808,2026,2.7643922589795875,0.3424636432762358,2.8543784833610335,2.7643922589795875,0.3424636432762358,2.8543784833610335,True
6809,2026,2.8313866143176507,0.15205852373500528,2.9222529112662445,2.8313866143176507,0.3060665157230128,2.9222529112662445,True
6810,2026,0.19566350583821715,0.631665297361583,0.26545759910896083,0.19566350583821715,0.631665297361583,0.26545759910896083,True
6811,2026,0.2997388043794645,0.37997010302178547,0.3729205649323337,0.2997388043794645,0.37997010302178547,0.3810275337352273,True
6812,2026,0.23716824325798178,0.1386339559690955,0.31174682326722325,0.23716824325798178,0.45540895380515706,0.31174682326722325,True
6813,2026,0.28570494568866034,0.0,0.3603221405971344,0.28570494568866034,0.2746537132919016,0.3603221405971344,True
6814,2026,0.3281650303249597,0.9739527120600038,0.3995411008489465,0.3281650303249597,0.9739527120600038,0.2087041525842791,True
6815,2026,0.28052878544938675,0.05066405810754076,0.3565821494287941,0.28052878544938675,0.13845597559165096,0.3778533188632731,True
6816,2026,0.29345369079600736,0.05927302848313112,0.3703569766295673,0.29345369079600736,0.09030186218570424,0.3703569766295673,True
6817,2026,-1.0255983115193372,1.0490015571298286,0.09183865772537475,-1.0255983115193372,0.7326684027424267,0.217555575856107,False
6818,2026,0.5351705819314536,0.8954965682616752,0.6135655124889877,0.5351705819314536,0.8954965682616752,0.27190684045633445,True
6819,2026,0.19114523321798926,0.5897560826627148,0.26908117365095185,0.19114523321798926,0.5897560826627148,0.26908117365095185,True
6820,2026,0.3851474939126438,0.09466873311867705,0.46260393536558314,0.3851474939126438,0.12927453051919593,0.49482312604884476,True
6821,2026,0.5585536347406921,0.13282012565572107,0.6375366031476075,0.5585536347406921,0.18916805775212198,0.6375366031476075,True
6822,2026,-1.0248659338757908,1.1213431613171247,0.06329199952056751,-1.0248659338757908,0.9250981565143651,0.06966100576162454,False
6823,2026,0.28269731153412747,0.5542578555585874,0.3575475640054113,0.28269731153412747,0.5542578555585874,0.48842495237346256,True
6824,2026,0.4238825339124135,0.049730134931446096,0.5012797601089911,0.4238825339124135,0.2721232983448788,0.5012797601089911,True
6825,2026,-1.0251053521804083,1.0642845297108434,0.1873172998923172,-1.0251053521804083,0.9398091626856105,0.1873172998923172,False
6826,2026,-1.0260471887878964,1.1183301837629456,0.132895739326063,-1.0260471887878964,0.9891956446064568,0.1801196970111243,False
6827,2026,0.5164841020599419,0.28938932262749334,0.602269661081411,0.5164841020599419,0.41634076985958784,0.47481840500193506,True
6828,2026,0.8997271981626745,0.10736965909512491,0.985848688054903,0.8997271981626745,0.8306507262720312,0.985848688054903,True
6829,2026,0.41155485128041586,0.15541581222762982,0.4937835715820865,0.41155485128041586,0.29636348577943766,0.7490762120881506,True
6830,2026,0.4914809609008293,0.15757757440926148,0.5741995886485916,0.4914809609008293,0.39791844457652614,0.5741995886485916,True
6831,2026,0.593165889217945,0.4699220774981776,0.6756290738733837,0.593165889217945,0.4699220774981776,0.6756290738733837,True
6832,2026,-1.0285326523522313,1.5890681305824197,0.18589098886057417,-1.0285326523522313,0.9820394920203146,0.33857068442598703,False
6833,2026,-1.0297127562870947,1.6136296190729615,0.23436049229388917,-1.0297127562870947,0.9816246849360655,0.23436049229388917,False
6834,2026,0.28289898894682247,0.0,0.36377720454652585,0.28289898894682247,0.5376343620439976,0.36377720454652585,True
6835,2026,1.016821184693493,0.186524462871255,1.1040099752665788,1.016821184693493,0.186524462871255,0.8310592560387847,True
6837,2026,0.2775233411702991,0.7195019938329807,0.3610867060634867,0.2775233411702991,0.6295642446038379,0.3610867060634867,True
6838,2026,-1.025096727491187,3.062640223772284,0.23387287044954244,-1.025096727491187,0.5297605575000381,0.24765394080528935,False
6839,2026,-1.0256242403060092,2.957835710825642,0.14499194660909992,-1.0256242403060092,0.3691080697963027,0.4113628656652584,False
6840,2026,0.46162687500959015,0.5439123469629675,0.537461451462172,0.46162687500959015,0.5439123469629675,2.19669967843347,True
6841,2026,0.889796167013851,0.02045568582568019,0.9677399003353857,0.889796167013851,0.6400770055638753,0.9279442933654172,True
6842,2026,0.2887186175069675,0.09793922760625202,0.3638274728946754,0.2887186175069675,0.23684163025692206,0.3638274728946754,True
6843,2026,0.4192037286485027,0.1439963224668291,0.4966886848923461,0.4192037286485027,0.22999960547437748,0.46591686803643556,True
6844,2026,-1.0243246042362473,1.2030553512939586,0.046286575501941006,-1.0243246042362473,0.9285007923337604,0.2092786191497692,False
6845,2026,0.48156253097001595,0.14138972935189853,0.5599194410231385,0.48156253097001595,0.3871097718153113,0.5599194410231385,True
6846,2026,-1.030071021166619,1.0137716948426012,0.2382192978269887,-1.030071021166619,0.9942854537115524,0.2888835247677022,False
6847,2026,-1.0308615263948764,1.0999894674174493,0.16442368686067274,-1.0308615263948764,0.8660980222782608,0.16442368686067274,False
6848,2026,0.20114632843893235,0.8852640983441303,0.2860477635690038,0.20114632843893235,0.8852640983441303,0.4298392153809419,True
6849,2026,0.34835933836938543,0.7504108362532689,0.43420323559759805,0.34835933836938543,0.7504108362532689,0.43420323559759805,True
6850,2026,0.30057026807369175,0.180882702005199,0.38482410539920164,0.30057026807369175,0.180882702005199,0.5544336645032595,True
6851,2026,0.5889638083188184,0.44762021483034686,0.6770056629996116,0.5889638083188184,0.44762021483034686,0.6770056629996116,True
6852,2026,0.7111500537402312,0.249792582953411,0.7994427868083313,0.7111500537402312,0.32861838738223786,0.7994427868083313,True
6853,2026,0.21369808490806494,0.7751272023363157,0.30084144882757297,0.21369808490806494,0.7751272023363157,0.8457328484897765,True
