timestamp,side,action,reason,execute_idx,delay_m5_bars,fill_price,available_timestamp
2021-01-04 08:00:00+00:00,short,EXECUTE,pullback_recovery,117499.0,2,1923.02,2021-01-04 08:45:00+00:00
2021-01-04 09:00:00+00:00,long,EXECUTE,pullback_recovery,117503.0,2,1924.58,2021-01-04 09:45:00+00:00
2021-01-04 10:00:00+00:00,long,EXECUTE,pullback_recovery,117506.0,1,1934.77,2021-01-04 10:30:00+00:00
2021-01-04 11:00:00+00:00,long,EXECUTE,pullback_recovery,117510.0,1,1932.11,2021-01-04 11:30:00+00:00
2021-01-04 12:00:00+00:00,long,EXECUTE,pullback_recovery,117515.0,2,1931.97,2021-01-04 12:45:00+00:00
2021-01-04 13:00:00+00:00,long,EXECUTE,pullback_recovery,117520.0,3,1933.12,2021-01-04 14:00:00+00:00
2021-01-05 11:00:00+00:00,long,EXECUTE,pullback_recovery,117602.0,1,1944.31,2021-01-05 11:30:00+00:00
2021-01-06 14:00:00+00:00,long,EXECUTE,pullback_recovery,117707.0,2,1929.73,2021-01-06 14:45:00+00:00
2021-01-07 14:00:00+00:00,short,EXECUTE,pullback_recovery,117800.0,3,1917.65,2021-01-07 15:00:00+00:00
2021-01-07 15:00:00+00:00,short,EXECUTE,pullback_recovery,117804.0,3,1913.18,2021-01-07 16:00:00+00:00
2021-01-08 08:00:00+00:00,long,EXECUTE,pullback_recovery,117866.0,1,1907.04,2021-01-08 08:30:00+00:00
2021-01-08 09:00:00+00:00,long,EXECUTE,pullback_recovery,117872.0,3,1904.63,2021-01-08 10:00:00+00:00
2021-01-08 10:00:00+00:00,long,EXECUTE,pullback_recovery,117874.0,1,1891.09,2021-01-08 10:30:00+00:00
2021-01-08 11:00:00+00:00,long,EXECUTE,pullback_recovery,117879.0,2,1890.77,2021-01-08 11:45:00+00:00
2021-01-08 12:00:00+00:00,long,EXECUTE,pullback_recovery,117883.0,2,1890.36,2021-01-08 12:45:00+00:00
2021-01-08 13:00:00+00:00,long,EXECUTE,pullback_recovery,117886.0,1,1893.27,2021-01-08 13:30:00+00:00
2021-01-08 14:00:00+00:00,long,EXECUTE,pullback_recovery,117891.0,2,1888.22,2021-01-08 14:45:00+00:00
2021-01-12 08:00:00+00:00,long,EXECUTE,pullback_recovery,118051.0,2,1858.98,2021-01-12 08:45:00+00:00
2021-01-12 11:00:00+00:00,long,EXECUTE,pullback_recovery,118064.0,3,1862.55,2021-01-12 12:00:00+00:00
2021-01-12 12:00:00+00:00,long,EXECUTE,pullback_recovery,118068.0,3,1859.69,2021-01-12 13:00:00+00:00
2021-01-13 14:00:00+00:00,long,EXECUTE,pullback_recovery,118167.0,2,1854.74,2021-01-13 14:45:00+00:00
2021-01-19 08:00:00+00:00,long,EXECUTE,pullback_recovery,118494.0,1,1839.55,2021-01-19 08:30:00+00:00
2021-01-19 09:00:00+00:00,long,INVALIDATE,max_wait_exceeded,,16,,
2021-01-19 10:00:00+00:00,long,EXECUTE,pullback_recovery,118502.0,1,1843.72,2021-01-19 10:30:00+00:00
2021-01-19 11:00:00+00:00,long,EXECUTE,pullback_recovery,118506.0,1,1843.94,2021-01-19 11:30:00+00:00
2021-01-19 12:00:00+00:00,long,EXECUTE,pullback_recovery,118511.0,2,1844.96,2021-01-19 12:45:00+00:00
2021-01-19 13:00:00+00:00,short,EXECUTE,pullback_recovery,118516.0,3,1842.73,2021-01-19 14:00:00+00:00
2021-01-19 14:00:00+00:00,short,EXECUTE,pullback_recovery,118519.0,2,1838.83,2021-01-19 14:45:00+00:00
2021-01-19 15:00:00+00:00,short,EXECUTE,pullback_recovery,118527.0,6,1836.52,2021-01-19 16:45:00+00:00
2021-01-20 07:00:00+00:00,short,EXECUTE,pullback_recovery,118584.0,3,1851.24,2021-01-20 08:00:00+00:00
2021-01-20 08:00:00+00:00,short,EXECUTE,pullback_recovery,118586.0,1,1852.23,2021-01-20 08:30:00+00:00
2021-01-20 09:00:00+00:00,short,EXECUTE,pullback_recovery,118592.0,3,1855.98,2021-01-20 10:00:00+00:00
2021-01-20 10:00:00+00:00,short,EXECUTE,pullback_recovery,118595.0,2,1855.46,2021-01-20 10:45:00+00:00
2021-01-20 11:00:00+00:00,short,EXECUTE,pullback_recovery,118600.0,3,1854.5,2021-01-20 12:00:00+00:00
2021-01-20 12:00:00+00:00,short,EXECUTE,pullback_recovery,118604.0,3,1853.68,2021-01-20 13:00:00+00:00
2021-01-20 13:00:00+00:00,short,EXECUTE,pullback_recovery,118607.0,2,1850.06,2021-01-20 13:45:00+00:00
2021-01-20 14:00:00+00:00,short,INVALIDATE,adverse_move_limit,,1,,
2021-01-21 08:00:00+00:00,long,EXECUTE,pullback_recovery,118678.0,1,1873.52,2021-01-21 08:30:00+00:00
2021-01-21 09:00:00+00:00,long,EXECUTE,pullback_recovery,118683.0,2,1868.5,2021-01-21 09:45:00+00:00
2021-01-21 10:00:00+00:00,short,EXECUTE,pullback_recovery,118688.0,3,1871.72,2021-01-21 11:00:00+00:00
2021-01-21 11:00:00+00:00,long,EXECUTE,pullback_recovery,118691.0,2,1872.25,2021-01-21 11:45:00+00:00
2021-01-21 12:00:00+00:00,long,EXECUTE,pullback_recovery,118695.0,2,1870.22,2021-01-21 12:45:00+00:00
2021-01-21 13:00:00+00:00,long,EXECUTE,pullback_recovery,118698.0,1,1872.3,2021-01-21 13:30:00+00:00
2021-01-21 14:00:00+00:00,long,EXECUTE,pullback_recovery,118704.0,3,1867.28,2021-01-21 15:00:00+00:00
2021-01-22 07:00:00+00:00,short,EXECUTE,pullback_recovery,118767.0,2,1862.56,2021-01-22 07:45:00+00:00
2021-01-22 08:00:00+00:00,long,EXECUTE,pullback_recovery,118771.0,2,1860.42,2021-01-22 08:45:00+00:00
2021-01-22 09:00:00+00:00,long,EXECUTE,pullback_recovery,118776.0,3,1861.06,2021-01-22 10:00:00+00:00
2021-01-22 10:00:00+00:00,long,EXECUTE,pullback_recovery,118779.0,2,1861.94,2021-01-22 10:45:00+00:00
2021-01-22 11:00:00+00:00,long,EXECUTE,pullback_recovery,118784.0,3,1858.63,2021-01-22 12:00:00+00:00
2021-01-22 12:00:00+00:00,long,EXECUTE,pullback_recovery,118788.0,3,1851.76,2021-01-22 13:00:00+00:00
2021-01-22 13:00:00+00:00,long,EXECUTE,pullback_recovery,118790.0,1,1847.78,2021-01-22 13:30:00+00:00
2021-01-22 14:00:00+00:00,long,EXECUTE,pullback_recovery,118795.0,2,1845.2,2021-01-22 14:45:00+00:00
2021-01-25 08:00:00+00:00,long,EXECUTE,pullback_recovery,118863.0,2,1851.4,2021-01-25 08:45:00+00:00
2021-01-25 09:00:00+00:00,long,EXECUTE,pullback_recovery,118867.0,2,1852.92,2021-01-25 09:45:00+00:00
2021-01-25 10:00:00+00:00,long,EXECUTE,pullback_recovery,118871.0,2,1852.09,2021-01-25 10:45:00+00:00
2021-01-25 12:00:00+00:00,long,INVALIDATE,adverse_move_limit,,0,,
2021-01-25 13:00:00+00:00,long,EXECUTE,pullback_recovery,118882.0,1,1862.96,2021-01-25 13:30:00+00:00
2021-01-25 14:00:00+00:00,long,EXECUTE,pullback_recovery,118887.0,2,1863.75,2021-01-25 14:45:00+00:00
2021-01-26 08:00:00+00:00,long,EXECUTE,pullback_recovery,118955.0,2,1854.91,2021-01-26 08:45:00+00:00
2021-01-26 09:00:00+00:00,long,EXECUTE,pullback_recovery,118959.0,2,1850.66,2021-01-26 09:45:00+00:00
2021-01-26 10:00:00+00:00,long,EXECUTE,pullback_recovery,118962.0,1,1856.37,2021-01-26 10:30:00+00:00
2021-01-26 11:00:00+00:00,long,EXECUTE,pullback_recovery,118967.0,2,1852.28,2021-01-26 11:45:00+00:00
2021-01-26 12:00:00+00:00,long,EXECUTE,pullback_recovery,118972.0,3,1849.12,2021-01-26 13:00:00+00:00
2021-01-26 13:00:00+00:00,long,EXECUTE,pullback_recovery,118975.0,2,1853.82,2021-01-26 13:45:00+00:00
2021-01-26 14:00:00+00:00,long,EXECUTE,pullback_recovery,118978.0,1,1854.76,2021-01-26 14:30:00+00:00
2021-01-27 08:00:00+00:00,long,EXECUTE,pullback_recovery,119048.0,3,1848.37,2021-01-27 09:00:00+00:00
2021-01-27 09:00:00+00:00,short,EXECUTE,pullback_recovery,119053.0,4,1850.71,2021-01-27 10:15:00+00:00
2021-01-27 10:00:00+00:00,long,EXECUTE,pullback_recovery,119054.0,1,1847.31,2021-01-27 10:30:00+00:00
2021-01-27 11:00:00+00:00,long,EXECUTE,pullback_recovery,119058.0,1,1845.85,2021-01-27 11:30:00+00:00
2021-01-27 12:00:00+00:00,long,EXECUTE,pullback_recovery,119063.0,2,1846.11,2021-01-27 12:45:00+00:00
2021-01-27 13:00:00+00:00,long,EXECUTE,pullback_recovery,119067.0,2,1840.58,2021-01-27 13:45:00+00:00
2021-01-27 14:00:00+00:00,long,EXECUTE,pullback_recovery,119070.0,1,1840.86,2021-01-27 14:30:00+00:00
2021-01-28 11:00:00+00:00,long,EXECUTE,pullback_recovery,119150.0,1,1840.19,2021-01-28 11:30:00+00:00
2021-02-02 08:00:00+00:00,long,EXECUTE,pullback_recovery,119415.0,2,1855.62,2021-02-02 08:45:00+00:00
2021-02-02 09:00:00+00:00,long,EXECUTE,pullback_recovery,119418.0,1,1847.28,2021-02-02 09:30:00+00:00
2021-02-02 10:00:00+00:00,long,EXECUTE,pullback_recovery,119423.0,2,1849.89,2021-02-02 10:45:00+00:00
2021-02-02 11:00:00+00:00,long,EXECUTE,pullback_recovery,119427.0,2,1849.97,2021-02-02 11:45:00+00:00
2021-02-03 08:00:00+00:00,long,EXECUTE,pullback_recovery,119506.0,1,1837.96,2021-02-03 08:30:00+00:00
2021-02-03 09:00:00+00:00,long,EXECUTE,pullback_recovery,119512.0,3,1836.97,2021-02-03 10:00:00+00:00
2021-02-03 10:00:00+00:00,long,EXECUTE,pullback_recovery,119516.0,3,1835.43,2021-02-03 11:00:00+00:00
2021-02-03 11:00:00+00:00,long,EXECUTE,pullback_recovery,119518.0,1,1835.04,2021-02-03 11:30:00+00:00
2021-02-03 12:00:00+00:00,long,EXECUTE,pullback_recovery,119522.0,1,1834.48,2021-02-03 12:30:00+00:00
2021-02-03 13:00:00+00:00,long,EXECUTE,pullback_recovery,119528.0,3,1834.77,2021-02-03 14:00:00+00:00
2021-02-03 14:00:00+00:00,long,EXECUTE,pullback_recovery,119530.0,1,1837.25,2021-02-03 14:30:00+00:00
2021-02-04 08:00:00+00:00,long,EXECUTE,pullback_recovery,119598.0,1,1821.09,2021-02-04 08:30:00+00:00
2021-02-04 09:00:00+00:00,long,EXECUTE,pullback_recovery,119602.0,1,1825.23,2021-02-04 09:30:00+00:00
2021-02-04 10:00:00+00:00,long,EXECUTE,pullback_recovery,119606.0,1,1821.59,2021-02-04 10:30:00+00:00
2021-02-04 11:00:00+00:00,long,EXECUTE,pullback_recovery,119610.0,1,1814.92,2021-02-04 11:30:00+00:00
2021-02-04 14:00:00+00:00,long,EXECUTE,pullback_recovery,119623.0,2,1817.76,2021-02-04 14:45:00+00:00
2021-02-05 03:00:00+00:00,long,EXECUTE,pullback_recovery,119670.0,1,1796.48,2021-02-05 03:30:00+00:00
2021-02-05 04:00:00+00:00,long,EXECUTE,pullback_recovery,119676.0,3,1794.46,2021-02-05 05:00:00+00:00
2021-02-05 08:00:00+00:00,long,EXECUTE,pullback_recovery,119690.0,1,1797.57,2021-02-05 08:30:00+00:00
2021-02-05 09:00:00+00:00,long,EXECUTE,pullback_recovery,119694.0,1,1798.95,2021-02-05 09:30:00+00:00
2021-02-08 08:00:00+00:00,long,EXECUTE,pullback_recovery,119783.0,2,1814.61,2021-02-08 08:45:00+00:00
2021-02-08 09:00:00+00:00,long,EXECUTE,pullback_recovery,119789.0,4,1814.65,2021-02-08 10:15:00+00:00
2021-02-09 12:00:00+00:00,long,EXECUTE,pullback_recovery,119894.0,5,1842.63,2021-02-09 13:30:00+00:00
2021-02-09 13:00:00+00:00,long,EXECUTE,pullback_recovery,119894.0,1,1842.63,2021-02-09 13:30:00+00:00
2021-02-09 14:00:00+00:00,long,EXECUTE,pullback_recovery,119898.0,1,1843.42,2021-02-09 14:30:00+00:00
2021-02-10 08:00:00+00:00,long,EXECUTE,pullback_recovery,119968.0,3,1843.48,2021-02-10 09:00:00+00:00
2021-02-10 09:00:00+00:00,long,EXECUTE,pullback_recovery,119970.0,1,1846.45,2021-02-10 09:30:00+00:00
2021-02-10 10:00:00+00:00,long,EXECUTE,pullback_recovery,119975.0,2,1845.22,2021-02-10 10:45:00+00:00
2021-02-10 11:00:00+00:00,long,EXECUTE,pullback_recovery,119985.0,8,1840.21,2021-02-10 13:15:00+00:00
2021-02-10 12:00:00+00:00,long,EXECUTE,pullback_recovery,119982.0,1,1842.05,2021-02-10 12:30:00+00:00
2021-02-10 13:00:00+00:00,long,EXECUTE,pullback_recovery,119986.0,1,1840.8,2021-02-10 13:30:00+00:00
2021-02-10 14:00:00+00:00,long,EXECUTE,pullback_recovery,119992.0,3,1838.28,2021-02-10 15:00:00+00:00
2021-02-11 08:00:00+00:00,long,EXECUTE,pullback_recovery,120060.0,3,1842.7,2021-02-11 09:00:00+00:00
2021-02-11 09:00:00+00:00,long,EXECUTE,pullback_recovery,120062.0,1,1843.41,2021-02-11 09:30:00+00:00
2021-02-11 10:00:00+00:00,long,EXECUTE,pullback_recovery,120068.0,3,1842.25,2021-02-11 11:00:00+00:00
2021-02-11 11:00:00+00:00,long,EXECUTE,pullback_recovery,120071.0,2,1842.48,2021-02-11 11:45:00+00:00
2021-02-11 12:00:00+00:00,short,EXECUTE,pullback_recovery,120076.0,3,1840.43,2021-02-11 13:00:00+00:00
2021-02-11 13:00:00+00:00,long,EXECUTE,pullback_recovery,120079.0,2,1841.24,2021-02-11 13:45:00+00:00
2021-02-11 14:00:00+00:00,long,EXECUTE,pullback_recovery,120082.0,1,1843.32,2021-02-11 14:30:00+00:00
2021-02-12 07:00:00+00:00,short,EXECUTE,pullback_recovery,120148.0,3,1823.83,2021-02-12 08:00:00+00:00
2021-02-12 08:00:00+00:00,short,EXECUTE,pullback_recovery,120152.0,3,1818.68,2021-02-12 09:00:00+00:00
2021-02-12 09:00:00+00:00,short,EXECUTE,pullback_recovery,120156.0,3,1817.2,2021-02-12 10:00:00+00:00
2021-02-12 10:00:00+00:00,long,EXECUTE,pullback_recovery,120160.0,3,1816.89,2021-02-12 11:00:00+00:00
2021-02-12 11:00:00+00:00,long,EXECUTE,pullback_recovery,120162.0,1,1818.12,2021-02-12 11:30:00+00:00
2021-02-12 12:00:00+00:00,long,EXECUTE,pullback_recovery,120167.0,2,1820.87,2021-02-12 12:45:00+00:00
2021-02-12 13:00:00+00:00,long,EXECUTE,pullback_recovery,120171.0,2,1819.25,2021-02-12 13:45:00+00:00
2021-02-12 14:00:00+00:00,long,EXECUTE,pullback_recovery,120174.0,1,1817.29,2021-02-12 14:30:00+00:00
2021-02-15 09:00:00+00:00,long,EXECUTE,pullback_recovery,120247.0,2,1817.46,2021-02-15 09:45:00+00:00
2021-02-15 10:00:00+00:00,long,EXECUTE,pullback_recovery,120251.0,2,1818.54,2021-02-15 10:45:00+00:00
2021-02-15 11:00:00+00:00,long,EXECUTE,pullback_recovery,120256.0,3,1818.02,2021-02-15 12:00:00+00:00
2021-02-15 12:00:00+00:00,long,EXECUTE,pullback_recovery,120258.0,1,1819.05,2021-02-15 12:30:00+00:00
2021-02-15 13:00:00+00:00,long,EXECUTE,pullback_recovery,120262.0,1,1820.14,2021-02-15 13:30:00+00:00
2021-02-15 14:00:00+00:00,long,EXECUTE,pullback_recovery,120266.0,1,1823.96,2021-02-15 14:30:00+00:00
2021-02-16 08:00:00+00:00,long,EXECUTE,pullback_recovery,120318.0,1,1823.18,2021-02-16 08:30:00+00:00
2021-02-16 09:00:00+00:00,long,EXECUTE,pullback_recovery,120324.0,3,1820.49,2021-02-16 10:00:00+00:00
2021-02-16 10:00:00+00:00,long,EXECUTE,pullback_recovery,120327.0,2,1823.86,2021-02-16 10:45:00+00:00
2021-02-16 11:00:00+00:00,long,EXECUTE,pullback_recovery,120330.0,1,1822.82,2021-02-16 11:30:00+00:00
2021-02-16 12:00:00+00:00,short,EXECUTE,pullback_recovery,120336.0,3,1822.77,2021-02-16 13:00:00+00:00
2021-02-16 13:00:00+00:00,short,INVALIDATE,adverse_move_limit,,0,,
2021-02-16 14:00:00+00:00,long,EXECUTE,pullback_recovery,120344.0,3,1807.24,2021-02-16 15:00:00+00:00
2021-02-19 09:00:00+00:00,long,EXECUTE,pullback_recovery,120600.0,3,1773.28,2021-02-19 10:00:00+00:00
2021-02-19 10:00:00+00:00,long,EXECUTE,pullback_recovery,120603.0,2,1774.28,2021-02-19 10:45:00+00:00
2021-02-19 11:00:00+00:00,long,EXECUTE,pullback_recovery,120608.0,3,1770.82,2021-02-19 12:00:00+00:00
2021-02-23 08:00:00+00:00,long,EXECUTE,pullback_recovery,120778.0,1,1811.78,2021-02-23 08:30:00+00:00
2021-02-23 09:00:00+00:00,long,EXECUTE,pullback_recovery,120784.0,3,1808.41,2021-02-23 10:00:00+00:00
2021-02-23 10:00:00+00:00,long,EXECUTE,pullback_recovery,120788.0,3,1810.08,2021-02-23 11:00:00+00:00
2021-02-23 11:00:00+00:00,long,EXECUTE,pullback_recovery,120792.0,3,1804.23,2021-02-23 12:00:00+00:00
2021-02-23 12:00:00+00:00,long,EXECUTE,pullback_recovery,120795.0,2,1806.02,2021-02-23 12:45:00+00:00
2021-02-23 13:00:00+00:00,long,EXECUTE,pullback_recovery,120800.0,3,1808.93,2021-02-23 14:00:00+00:00
2021-02-23 14:00:00+00:00,long,EXECUTE,pullback_recovery,120802.0,1,1809.84,2021-02-23 14:30:00+00:00
2021-02-24 08:00:00+00:00,long,EXECUTE,pullback_recovery,120870.0,1,1807.82,2021-02-24 08:30:00+00:00
2021-02-24 09:00:00+00:00,long,EXECUTE,pullback_recovery,120876.0,3,1805.84,2021-02-24 10:00:00+00:00
2021-02-24 10:00:00+00:00,long,EXECUTE,pullback_recovery,120880.0,3,1805.93,2021-02-24 11:00:00+00:00
2021-02-24 11:00:00+00:00,long,EXECUTE,pullback_recovery,120883.0,2,1805.23,2021-02-24 11:45:00+00:00
2021-02-24 12:00:00+00:00,long,EXECUTE,pullback_recovery,120887.0,2,1808.1,2021-02-24 12:45:00+00:00
2021-02-24 13:00:00+00:00,long,EXECUTE,pullback_recovery,120890.0,1,1809.19,2021-02-24 13:30:00+00:00
2021-02-24 14:00:00+00:00,long,EXECUTE,pullback_recovery,120896.0,3,1806.46,2021-02-24 15:00:00+00:00
2021-03-03 08:00:00+00:00,long,EXECUTE,pullback_recovery,121331.0,2,1732.55,2021-03-03 08:45:00+00:00
2021-03-03 11:00:00+00:00,long,EXECUTE,pullback_recovery,121342.0,1,1727.65,2021-03-03 11:30:00+00:00
2021-03-03 12:00:00+00:00,long,EXECUTE,pullback_recovery,121346.0,1,1725.68,2021-03-03 12:30:00+00:00
2021-03-03 13:00:00+00:00,long,EXECUTE,pullback_recovery,121351.0,2,1722.81,2021-03-03 13:45:00+00:00
2021-03-04 07:00:00+00:00,short,EXECUTE,pullback_recovery,121419.0,2,1717.3,2021-03-04 07:45:00+00:00
2021-03-04 08:00:00+00:00,short,EXECUTE,pullback_recovery,121422.0,1,1715.13,2021-03-04 08:30:00+00:00
2021-03-04 09:00:00+00:00,short,EXECUTE,pullback_recovery,121428.0,3,1717.55,2021-03-04 10:00:00+00:00
2021-03-04 10:00:00+00:00,short,EXECUTE,pullback_recovery,121432.0,3,1712.75,2021-03-04 11:00:00+00:00
2021-03-08 20:00:00+00:00,long,INVALIDATE,max_wait_exceeded,,16,,
2021-03-10 07:00:00+00:00,short,EXECUTE,pullback_recovery,121786.0,1,1712.5,2021-03-10 07:30:00+00:00
2021-03-10 08:00:00+00:00,short,EXECUTE,pullback_recovery,121792.0,3,1714.89,2021-03-10 09:00:00+00:00
2021-03-10 09:00:00+00:00,short,EXECUTE,pullback_recovery,121795.0,2,1715.35,2021-03-10 09:45:00+00:00
2021-03-10 10:00:00+00:00,short,EXECUTE,pullback_recovery,121800.0,3,1714.75,2021-03-10 11:00:00+00:00
2021-03-10 11:00:00+00:00,short,EXECUTE,pullback_recovery,121802.0,1,1713.69,2021-03-10 11:30:00+00:00
2021-03-10 12:00:00+00:00,long,EXECUTE,pullback_recovery,121809.0,4,1711.34,2021-03-10 13:15:00+00:00
2021-03-10 13:00:00+00:00,long,EXECUTE,pullback_recovery,121812.0,3,1711.72,2021-03-10 14:00:00+00:00
2021-03-10 14:00:00+00:00,long,EXECUTE,pullback_recovery,121814.0,1,1712.95,2021-03-10 14:30:00+00:00
2021-03-11 08:00:00+00:00,long,EXECUTE,pullback_recovery,121885.0,4,1734.27,2021-03-11 09:15:00+00:00
2021-03-11 09:00:00+00:00,long,EXECUTE,pullback_recovery,121886.0,1,1736.44,2021-03-11 09:30:00+00:00
2021-03-11 10:00:00+00:00,long,EXECUTE,pullback_recovery,121890.0,1,1738.8,2021-03-11 10:30:00+00:00
2021-03-11 11:00:00+00:00,long,EXECUTE,pullback_recovery,121896.0,3,1733.58,2021-03-11 12:00:00+00:00
2021-03-11 12:00:00+00:00,long,EXECUTE,pullback_recovery,121898.0,1,1736.15,2021-03-11 12:30:00+00:00
2021-03-11 13:00:00+00:00,long,EXECUTE,pullback_recovery,121903.0,2,1733.02,2021-03-11 13:45:00+00:00
2021-03-12 08:00:00+00:00,long,EXECUTE,pullback_recovery,121975.0,2,1711.07,2021-03-12 08:45:00+00:00
2021-03-12 09:00:00+00:00,long,EXECUTE,pullback_recovery,121978.0,1,1710.33,2021-03-12 09:30:00+00:00
2021-03-16 07:00:00+00:00,short,EXECUTE,pullback_recovery,122160.0,3,1736.12,2021-03-16 08:00:00+00:00
2021-03-16 08:00:00+00:00,short,EXECUTE,pullback_recovery,122164.0,3,1730.86,2021-03-16 09:00:00+00:00
2021-03-16 09:00:00+00:00,short,EXECUTE,pullback_recovery,122173.0,8,1731.2,2021-03-16 11:15:00+00:00
2021-03-16 10:00:00+00:00,short,EXECUTE,pullback_recovery,122170.0,1,1731.74,2021-03-16 10:30:00+00:00
2021-03-16 11:00:00+00:00,long,EXECUTE,pullback_recovery,122177.0,4,1731.14,2021-03-16 12:15:00+00:00
2021-03-16 12:00:00+00:00,long,EXECUTE,pullback_recovery,122178.0,1,1732.7,2021-03-16 12:30:00+00:00
2021-03-16 13:00:00+00:00,long,EXECUTE,pullback_recovery,122184.0,3,1731.3,2021-03-16 14:00:00+00:00
2021-03-16 14:00:00+00:00,long,EXECUTE,pullback_recovery,122187.0,2,1731.98,2021-03-16 14:45:00+00:00
2021-03-17 08:00:00+00:00,long,EXECUTE,pullback_recovery,122254.0,1,1736.6,2021-03-17 08:30:00+00:00
2021-03-17 09:00:00+00:00,long,EXECUTE,pullback_recovery,122260.0,3,1735.29,2021-03-17 10:00:00+00:00
2021-03-17 10:00:00+00:00,long,EXECUTE,pullback_recovery,122262.0,1,1734.67,2021-03-17 10:30:00+00:00
2021-03-17 11:00:00+00:00,long,EXECUTE,pullback_recovery,122266.0,1,1736.44,2021-03-17 11:30:00+00:00
2021-03-17 12:00:00+00:00,long,EXECUTE,pullback_recovery,122271.0,2,1736.31,2021-03-17 12:45:00+00:00
2021-03-17 13:00:00+00:00,long,EXECUTE,pullback_recovery,122275.0,2,1728.94,2021-03-17 13:45:00+00:00
2021-03-17 14:00:00+00:00,long,EXECUTE,pullback_recovery,122279.0,2,1730.67,2021-03-17 14:45:00+00:00
2021-03-18 08:00:00+00:00,long,EXECUTE,pullback_recovery,122346.0,1,1751.37,2021-03-18 08:30:00+00:00
2021-03-23 07:00:00+00:00,short,EXECUTE,pullback_recovery,122619.0,2,1737.7,2021-03-23 07:45:00+00:00
2021-03-23 08:00:00+00:00,short,EXECUTE,pullback_recovery,122623.0,2,1737.99,2021-03-23 08:45:00+00:00
2021-03-23 09:00:00+00:00,short,EXECUTE,pullback_recovery,122627.0,2,1737.8,2021-03-23 09:45:00+00:00
2021-03-23 10:00:00+00:00,long,EXECUTE,pullback_recovery,122630.0,1,1738.96,2021-03-23 10:30:00+00:00
2021-03-23 11:00:00+00:00,short,EXECUTE,pullback_recovery,122634.0,1,1737.33,2021-03-23 11:30:00+00:00
2021-03-23 12:00:00+00:00,short,EXECUTE,pullback_recovery,122638.0,1,1739.28,2021-03-23 12:30:00+00:00
2021-03-23 13:00:00+00:00,short,EXECUTE,pullback_recovery,122642.0,1,1739.48,2021-03-23 13:30:00+00:00
2021-03-23 14:00:00+00:00,long,EXECUTE,pullback_recovery,122646.0,1,1740.07,2021-03-23 14:30:00+00:00
2021-03-24 07:00:00+00:00,short,EXECUTE,pullback_recovery,122710.0,1,1732.09,2021-03-24 07:30:00+00:00
2021-03-24 08:00:00+00:00,long,EXECUTE,pullback_recovery,122715.0,2,1730.91,2021-03-24 08:45:00+00:00
2021-03-24 09:00:00+00:00,long,EXECUTE,pullback_recovery,122719.0,2,1728.89,2021-03-24 09:45:00+00:00
2021-03-24 10:00:00+00:00,long,EXECUTE,pullback_recovery,122723.0,2,1729.54,2021-03-24 10:45:00+00:00
2021-03-24 11:00:00+00:00,short,EXECUTE,pullback_recovery,122729.0,4,1733.11,2021-03-24 12:15:00+00:00
2021-03-24 12:00:00+00:00,long,EXECUTE,pullback_recovery,122732.0,3,1731.3,2021-03-24 13:00:00+00:00
2021-03-24 13:00:00+00:00,long,EXECUTE,pullback_recovery,122734.0,1,1730.19,2021-03-24 13:30:00+00:00
2021-03-24 14:00:00+00:00,long,EXECUTE,pullback_recovery,122738.0,1,1731.57,2021-03-24 14:30:00+00:00
2021-03-25 07:00:00+00:00,short,EXECUTE,pullback_recovery,122803.0,2,1735.52,2021-03-25 07:45:00+00:00
2021-03-25 08:00:00+00:00,short,EXECUTE,pullback_recovery,122806.0,1,1733.66,2021-03-25 08:30:00+00:00
2021-03-25 09:00:00+00:00,short,EXECUTE,pullback_recovery,122810.0,1,1733.12,2021-03-25 09:30:00+00:00
2021-03-25 10:00:00+00:00,short,EXECUTE,pullback_recovery,122814.0,1,1732.68,2021-03-25 10:30:00+00:00
2021-03-25 11:00:00+00:00,short,EXECUTE,pullback_recovery,122818.0,1,1732.29,2021-03-25 11:30:00+00:00
2021-03-25 12:00:00+00:00,short,EXECUTE,pullback_recovery,122822.0,1,1731.72,2021-03-25 12:30:00+00:00
2021-03-25 14:00:00+00:00,long,EXECUTE,pullback_recovery,122830.0,1,1728.53,2021-03-25 14:30:00+00:00
2021-03-26 08:00:00+00:00,long,EXECUTE,pullback_recovery,122898.0,1,1728.87,2021-03-26 08:30:00+00:00
2021-03-26 09:00:00+00:00,long,EXECUTE,pullback_recovery,122902.0,1,1728.0,2021-03-26 09:30:00+00:00
2021-03-26 10:00:00+00:00,long,EXECUTE,pullback_recovery,122906.0,1,1727.32,2021-03-26 10:30:00+00:00
2021-03-26 11:00:00+00:00,long,EXECUTE,pullback_recovery,122911.0,2,1731.15,2021-03-26 11:45:00+00:00
2021-03-26 12:00:00+00:00,long,EXECUTE,pullback_recovery,122916.0,3,1725.59,2021-03-26 13:00:00+00:00
2021-03-26 13:00:00+00:00,long,EXECUTE,pullback_recovery,122919.0,2,1724.46,2021-03-26 13:45:00+00:00
2021-03-26 14:00:00+00:00,long,EXECUTE,pullback_recovery,122924.0,3,1724.72,2021-03-26 15:00:00+00:00
2021-03-29 07:00:00+00:00,short,EXECUTE,pullback_recovery,122983.0,2,1727.96,2021-03-29 07:45:00+00:00
2021-03-29 08:00:00+00:00,short,EXECUTE,pullback_recovery,122986.0,1,1727.34,2021-03-29 08:30:00+00:00
2021-03-29 09:00:00+00:00,long,EXECUTE,pullback_recovery,122993.0,4,1726.8,2021-03-29 10:15:00+00:00
2021-03-29 10:00:00+00:00,long,EXECUTE,pullback_recovery,122994.0,1,1726.86,2021-03-29 10:30:00+00:00
2021-03-29 11:00:00+00:00,long,EXECUTE,pullback_recovery,122998.0,1,1725.62,2021-03-29 11:30:00+00:00
2021-03-29 12:00:00+00:00,long,EXECUTE,pullback_recovery,123003.0,2,1725.14,2021-03-29 12:45:00+00:00
2021-03-29 13:00:00+00:00,long,EXECUTE,pullback_recovery,123006.0,1,1726.26,2021-03-29 13:30:00+00:00
2021-03-29 14:00:00+00:00,long,EXECUTE,pullback_recovery,123010.0,1,1726.05,2021-03-29 14:30:00+00:00
2021-03-30 07:00:00+00:00,short,EXECUTE,pullback_recovery,123077.0,4,1707.0,2021-03-30 08:15:00+00:00
2021-03-30 08:00:00+00:00,long,EXECUTE,pullback_recovery,123079.0,2,1704.93,2021-03-30 08:45:00+00:00
2021-03-30 09:00:00+00:00,long,EXECUTE,pullback_recovery,123084.0,3,1702.84,2021-03-30 10:00:00+00:00
2021-03-31 09:00:00+00:00,long,EXECUTE,pullback_recovery,123174.0,1,1684.87,2021-03-31 09:30:00+00:00
2021-03-31 10:00:00+00:00,long,EXECUTE,pullback_recovery,123182.0,5,1684.9,2021-03-31 11:30:00+00:00
2021-03-31 11:00:00+00:00,long,EXECUTE,pullback_recovery,123182.0,1,1684.9,2021-03-31 11:30:00+00:00
2021-04-01 07:00:00+00:00,short,EXECUTE,pullback_recovery,123259.0,2,1711.41,2021-04-01 07:45:00+00:00
2021-04-01 08:00:00+00:00,short,EXECUTE,pullback_recovery,123263.0,2,1714.62,2021-04-01 08:45:00+00:00
2021-04-01 09:00:00+00:00,short,EXECUTE,pullback_recovery,123268.0,3,1715.34,2021-04-01 10:00:00+00:00
2021-04-01 11:00:00+00:00,short,EXECUTE,pullback_recovery,123275.0,2,1715.62,2021-04-01 11:45:00+00:00
2021-04-01 12:00:00+00:00,short,EXECUTE,pullback_recovery,123279.0,2,1714.07,2021-04-01 12:45:00+00:00
2021-04-01 13:00:00+00:00,short,EXECUTE,pullback_recovery,123284.0,3,1713.11,2021-04-01 14:00:00+00:00
2021-04-05 08:00:00+00:00,long,EXECUTE,pullback_recovery,123356.0,3,1722.42,2021-04-05 09:00:00+00:00
2021-04-05 09:00:00+00:00,long,EXECUTE,pullback_recovery,123358.0,1,1725.37,2021-04-05 09:30:00+00:00
2021-04-05 10:00:00+00:00,long,EXECUTE,pullback_recovery,123362.0,1,1726.68,2021-04-05 10:30:00+00:00
2021-04-05 11:00:00+00:00,long,EXECUTE,pullback_recovery,123368.0,3,1725.39,2021-04-05 12:00:00+00:00
2021-04-05 12:00:00+00:00,long,EXECUTE,pullback_recovery,123371.0,2,1725.86,2021-04-05 12:45:00+00:00
2021-04-05 13:00:00+00:00,long,EXECUTE,pullback_recovery,123375.0,2,1724.06,2021-04-05 13:45:00+00:00
2021-04-05 14:00:00+00:00,long,EXECUTE,pullback_recovery,123380.0,3,1724.95,2021-04-05 15:00:00+00:00
2021-04-06 08:00:00+00:00,long,EXECUTE,pullback_recovery,123447.0,2,1736.98,2021-04-06 08:45:00+00:00
2021-04-06 09:00:00+00:00,long,EXECUTE,pullback_recovery,123452.0,3,1729.91,2021-04-06 10:00:00+00:00
2021-04-06 10:00:00+00:00,long,EXECUTE,pullback_recovery,123456.0,3,1733.37,2021-04-06 11:00:00+00:00
2021-04-06 11:00:00+00:00,long,EXECUTE,pullback_recovery,123459.0,2,1731.83,2021-04-06 11:45:00+00:00
2021-04-06 12:00:00+00:00,long,EXECUTE,pullback_recovery,123464.0,3,1731.9,2021-04-06 13:00:00+00:00
2021-04-06 13:00:00+00:00,short,INVALIDATE,adverse_move_limit,,9,,
2021-04-06 14:00:00+00:00,long,EXECUTE,pullback_recovery,123472.0,3,1736.63,2021-04-06 15:00:00+00:00
2021-04-07 09:00:00+00:00,long,EXECUTE,pullback_recovery,123542.0,1,1739.63,2021-04-07 09:30:00+00:00
2021-04-07 10:00:00+00:00,long,EXECUTE,pullback_recovery,123546.0,1,1740.25,2021-04-07 10:30:00+00:00
2021-04-07 14:00:00+00:00,short,EXECUTE,pullback_recovery,123562.0,1,1733.88,2021-04-07 14:30:00+00:00
2021-04-08 07:00:00+00:00,short,EXECUTE,pullback_recovery,123628.0,3,1739.89,2021-04-08 08:00:00+00:00
2021-04-08 08:00:00+00:00,short,EXECUTE,pullback_recovery,123631.0,2,1743.27,2021-04-08 08:45:00+00:00
2021-04-08 09:00:00+00:00,short,EXECUTE,pullback_recovery,123634.0,1,1743.63,2021-04-08 09:30:00+00:00
2021-04-08 11:00:00+00:00,long,EXECUTE,pullback_recovery,123643.0,2,1743.46,2021-04-08 11:45:00+00:00
2021-04-08 12:00:00+00:00,short,EXECUTE,pullback_recovery,123646.0,1,1742.69,2021-04-08 12:30:00+00:00
2021-04-08 13:00:00+00:00,short,EXECUTE,pullback_recovery,123651.0,2,1746.36,2021-04-08 13:45:00+00:00
2021-04-08 14:00:00+00:00,long,EXECUTE,pullback_recovery,123655.0,2,1750.27,2021-04-08 14:45:00+00:00
2021-04-09 06:00:00+00:00,long,EXECUTE,pullback_recovery,123714.0,1,1752.8,2021-04-09 06:30:00+00:00
2021-04-09 07:00:00+00:00,long,EXECUTE,pullback_recovery,123719.0,2,1751.86,2021-04-09 07:45:00+00:00
2021-04-09 08:00:00+00:00,long,EXECUTE,pullback_recovery,123723.0,2,1750.15,2021-04-09 08:45:00+00:00
2021-04-09 09:00:00+00:00,long,EXECUTE,pullback_recovery,123728.0,3,1748.82,2021-04-09 10:00:00+00:00
2021-04-09 10:00:00+00:00,short,EXECUTE,pullback_recovery,123732.0,3,1747.38,2021-04-09 11:00:00+00:00
2021-04-09 11:00:00+00:00,short,EXECUTE,pullback_recovery,123734.0,1,1744.35,2021-04-09 11:30:00+00:00
2021-04-09 12:00:00+00:00,short,EXECUTE,pullback_recovery,123738.0,1,1746.44,2021-04-09 12:30:00+00:00
2021-04-09 13:00:00+00:00,short,EXECUTE,pullback_recovery,123743.0,2,1745.52,2021-04-09 13:45:00+00:00
2021-04-09 14:00:00+00:00,short,EXECUTE,pullback_recovery,123747.0,2,1746.71,2021-04-09 14:45:00+00:00
2021-04-12 08:00:00+00:00,long,EXECUTE,pullback_recovery,123816.0,3,1738.39,2021-04-12 09:00:00+00:00
2021-04-12 09:00:00+00:00,long,EXECUTE,pullback_recovery,123819.0,2,1740.08,2021-04-12 09:45:00+00:00
2021-04-12 10:00:00+00:00,long,EXECUTE,pullback_recovery,123823.0,2,1739.4,2021-04-12 10:45:00+00:00
2021-04-12 11:00:00+00:00,long,EXECUTE,pullback_recovery,123827.0,2,1738.19,2021-04-12 11:45:00+00:00
2021-04-12 12:00:00+00:00,long,EXECUTE,pullback_recovery,123830.0,1,1741.86,2021-04-12 12:30:00+00:00
2021-04-12 13:00:00+00:00,long,EXECUTE,pullback_recovery,123836.0,3,1740.66,2021-04-12 14:00:00+00:00
2021-04-12 14:00:00+00:00,long,EXECUTE,pullback_recovery,123838.0,1,1743.68,2021-04-12 14:30:00+00:00
2021-04-13 08:00:00+00:00,long,EXECUTE,pullback_recovery,123908.0,3,1727.56,2021-04-13 09:00:00+00:00
2021-04-13 09:00:00+00:00,long,EXECUTE,pullback_recovery,123912.0,3,1724.29,2021-04-13 10:00:00+00:00
2021-04-13 10:00:00+00:00,long,EXECUTE,pullback_recovery,123914.0,1,1726.87,2021-04-13 10:30:00+00:00
2021-04-13 11:00:00+00:00,long,EXECUTE,pullback_recovery,123919.0,2,1728.02,2021-04-13 11:45:00+00:00
2021-04-13 12:00:00+00:00,long,EXECUTE,pullback_recovery,123924.0,3,1726.19,2021-04-13 13:00:00+00:00
2021-04-13 13:00:00+00:00,long,EXECUTE,pullback_recovery,123928.0,3,1725.86,2021-04-13 14:00:00+00:00
2021-04-13 14:00:00+00:00,long,EXECUTE,pullback_recovery,123932.0,3,1728.98,2021-04-13 15:00:00+00:00
2021-04-14 12:00:00+00:00,long,EXECUTE,pullback_recovery,124015.0,2,1742.8,2021-04-14 12:45:00+00:00
2021-04-14 13:00:00+00:00,long,EXECUTE,pullback_recovery,124020.0,3,1742.3,2021-04-14 14:00:00+00:00
2021-04-14 14:00:00+00:00,long,EXECUTE,pullback_recovery,124023.0,2,1744.75,2021-04-14 14:45:00+00:00
2021-04-15 07:00:00+00:00,long,EXECUTE,pullback_recovery,124086.0,1,1739.32,2021-04-15 07:30:00+00:00
2021-04-15 08:00:00+00:00,long,EXECUTE,pullback_recovery,124091.0,2,1741.94,2021-04-15 08:45:00+00:00
2021-04-15 10:00:00+00:00,short,EXECUTE,pullback_recovery,124099.0,2,1746.42,2021-04-15 10:45:00+00:00
2021-04-15 12:00:00+00:00,short,EXECUTE,pullback_recovery,124106.0,1,1747.84,2021-04-15 12:30:00+00:00
2021-04-15 13:00:00+00:00,short,EXECUTE,pullback_recovery,124111.0,2,1746.34,2021-04-15 13:45:00+00:00
2021-04-15 14:00:00+00:00,short,EXECUTE,pullback_recovery,124115.0,2,1745.42,2021-04-15 14:45:00+00:00
2021-04-16 08:00:00+00:00,long,EXECUTE,pullback_recovery,124183.0,2,1765.48,2021-04-16 08:45:00+00:00
2021-04-16 09:00:00+00:00,long,EXECUTE,pullback_recovery,124187.0,2,1762.86,2021-04-16 09:45:00+00:00
2021-04-16 10:00:00+00:00,long,EXECUTE,pullback_recovery,124190.0,1,1763.85,2021-04-16 10:30:00+00:00
2021-04-16 11:00:00+00:00,long,EXECUTE,pullback_recovery,124194.0,1,1765.95,2021-04-16 11:30:00+00:00
2021-04-16 13:00:00+00:00,short,EXECUTE,pullback_recovery,124204.0,3,1778.09,2021-04-16 14:00:00+00:00
2021-04-19 08:00:00+00:00,long,EXECUTE,pullback_recovery,124275.0,2,1778.85,2021-04-19 08:45:00+00:00
2021-04-19 09:00:00+00:00,long,EXECUTE,pullback_recovery,124278.0,1,1780.14,2021-04-19 09:30:00+00:00
2021-04-19 12:00:00+00:00,long,EXECUTE,pullback_recovery,124290.0,1,1788.88,2021-04-19 12:30:00+00:00
2021-04-19 13:00:00+00:00,long,EXECUTE,pullback_recovery,124295.0,2,1787.46,2021-04-19 13:45:00+00:00
2021-04-19 14:00:00+00:00,long,EXECUTE,pullback_recovery,124300.0,3,1782.18,2021-04-19 15:00:00+00:00
2021-04-21 09:00:00+00:00,long,EXECUTE,pullback_recovery,124463.0,2,1786.81,2021-04-21 09:45:00+00:00
2021-04-22 07:00:00+00:00,long,EXECUTE,pullback_recovery,124548.0,3,1793.33,2021-04-22 08:00:00+00:00
2021-04-22 11:00:00+00:00,long,EXECUTE,pullback_recovery,124564.0,3,1789.77,2021-04-22 12:00:00+00:00
2021-04-23 08:00:00+00:00,short,EXECUTE,pullback_recovery,124642.0,1,1783.58,2021-04-23 08:30:00+00:00
2021-04-26 12:00:00+00:00,long,EXECUTE,pullback_recovery,124750.0,1,1780.59,2021-04-26 12:30:00+00:00
2021-04-26 13:00:00+00:00,long,EXECUTE,pullback_recovery,124755.0,2,1779.83,2021-04-26 13:45:00+00:00
2021-04-26 14:00:00+00:00,long,EXECUTE,pullback_recovery,124758.0,1,1776.73,2021-04-26 14:30:00+00:00
2021-04-27 08:00:00+00:00,long,EXECUTE,pullback_recovery,124827.0,2,1783.03,2021-04-27 08:45:00+00:00
2021-04-27 09:00:00+00:00,long,EXECUTE,pullback_recovery,124832.0,3,1780.36,2021-04-27 10:00:00+00:00
2021-04-27 10:00:00+00:00,long,EXECUTE,pullback_recovery,124836.0,3,1778.11,2021-04-27 11:00:00+00:00
2021-04-27 11:00:00+00:00,long,EXECUTE,pullback_recovery,124838.0,1,1778.54,2021-04-27 11:30:00+00:00
2021-04-27 12:00:00+00:00,long,EXECUTE,pullback_recovery,124842.0,1,1780.86,2021-04-27 12:30:00+00:00
2021-04-27 13:00:00+00:00,long,EXECUTE,pullback_recovery,124846.0,1,1781.21,2021-04-27 13:30:00+00:00
2021-04-27 14:00:00+00:00,long,EXECUTE,pullback_recovery,124852.0,3,1782.59,2021-04-27 15:00:00+00:00
2021-04-28 08:00:00+00:00,long,EXECUTE,pullback_recovery,124919.0,2,1769.04,2021-04-28 08:45:00+00:00
2021-04-28 09:00:00+00:00,long,EXECUTE,pullback_recovery,124922.0,1,1768.53,2021-04-28 09:30:00+00:00
2021-04-28 10:00:00+00:00,long,EXECUTE,pullback_recovery,124927.0,2,1768.32,2021-04-28 10:45:00+00:00
2021-04-28 11:00:00+00:00,long,EXECUTE,pullback_recovery,124930.0,1,1769.76,2021-04-28 11:30:00+00:00
2021-04-28 12:00:00+00:00,long,EXECUTE,pullback_recovery,124935.0,2,1766.38,2021-04-28 12:45:00+00:00
2021-04-28 13:00:00+00:00,long,EXECUTE,pullback_recovery,124940.0,3,1765.74,2021-04-28 14:00:00+00:00
2021-04-28 14:00:00+00:00,long,EXECUTE,pullback_recovery,124943.0,2,1767.02,2021-04-28 14:45:00+00:00
2021-04-29 08:00:00+00:00,short,EXECUTE,pullback_recovery,125012.0,3,1784.94,2021-04-29 09:00:00+00:00
2021-04-29 10:00:00+00:00,short,EXECUTE,pullback_recovery,125018.0,1,1781.24,2021-04-29 10:30:00+00:00
2021-04-29 11:00:00+00:00,short,EXECUTE,pullback_recovery,125022.0,1,1777.21,2021-04-29 11:30:00+00:00
2021-04-29 13:00:00+00:00,long,EXECUTE,pullback_recovery,125030.0,1,1773.26,2021-04-29 13:30:00+00:00
2021-05-03 07:00:00+00:00,short,EXECUTE,pullback_recovery,125190.0,1,1774.13,2021-05-03 07:30:00+00:00
2021-05-03 08:00:00+00:00,long,EXECUTE,pullback_recovery,125194.0,1,1773.64,2021-05-03 08:30:00+00:00
2021-05-03 09:00:00+00:00,long,EXECUTE,pullback_recovery,125199.0,2,1778.83,2021-05-03 09:45:00+00:00
2021-05-03 10:00:00+00:00,long,EXECUTE,pullback_recovery,125207.0,6,1775.47,2021-05-03 11:45:00+00:00
2021-05-03 11:00:00+00:00,long,EXECUTE,pullback_recovery,125206.0,1,1775.23,2021-05-03 11:30:00+00:00
2021-05-04 07:00:00+00:00,short,EXECUTE,pullback_recovery,125282.0,1,1788.61,2021-05-04 07:30:00+00:00
2021-05-04 09:00:00+00:00,long,EXECUTE,pullback_recovery,125291.0,2,1786.24,2021-05-04 09:45:00+00:00
2021-05-04 10:00:00+00:00,long,EXECUTE,pullback_recovery,125294.0,1,1786.52,2021-05-04 10:30:00+00:00
2021-05-04 11:00:00+00:00,long,EXECUTE,pullback_recovery,125302.0,5,1785.41,2021-05-04 12:30:00+00:00
2021-05-04 12:00:00+00:00,long,EXECUTE,pullback_recovery,125304.0,3,1782.91,2021-05-04 13:00:00+00:00
2021-05-04 13:00:00+00:00,long,EXECUTE,pullback_recovery,125307.0,2,1783.66,2021-05-04 13:45:00+00:00
2021-05-04 14:00:00+00:00,long,EXECUTE,pullback_recovery,125311.0,2,1785.02,2021-05-04 14:45:00+00:00
2021-05-05 09:00:00+00:00,long,EXECUTE,pullback_recovery,125383.0,2,1776.68,2021-05-05 09:45:00+00:00
2021-05-05 10:00:00+00:00,long,EXECUTE,pullback_recovery,125388.0,3,1777.7,2021-05-05 11:00:00+00:00
2021-05-05 11:00:00+00:00,long,EXECUTE,pullback_recovery,125391.0,2,1775.24,2021-05-05 11:45:00+00:00
2021-05-05 12:00:00+00:00,long,EXECUTE,pullback_recovery,125394.0,1,1778.04,2021-05-05 12:30:00+00:00
2021-05-05 13:00:00+00:00,long,EXECUTE,pullback_recovery,125401.0,4,1777.03,2021-05-05 14:15:00+00:00
2021-05-06 08:00:00+00:00,short,EXECUTE,pullback_recovery,125473.0,4,1792.12,2021-05-06 09:15:00+00:00
2021-05-07 09:00:00+00:00,long,EXECUTE,pullback_recovery,125566.0,1,1817.63,2021-05-07 09:30:00+00:00
2021-05-07 10:00:00+00:00,long,EXECUTE,pullback_recovery,125571.0,2,1820.77,2021-05-07 10:45:00+00:00
2021-05-07 12:00:00+00:00,long,EXECUTE,pullback_recovery,125579.0,2,1820.47,2021-05-07 12:45:00+00:00
2021-05-07 13:00:00+00:00,long,EXECUTE,pullback_recovery,125582.0,1,1820.54,2021-05-07 13:30:00+00:00
2021-05-07 14:00:00+00:00,long,EXECUTE,pullback_recovery,125586.0,1,1820.26,2021-05-07 14:30:00+00:00
2021-05-10 09:00:00+00:00,long,EXECUTE,pullback_recovery,125659.0,2,1835.03,2021-05-10 09:45:00+00:00
2021-05-10 10:00:00+00:00,long,EXECUTE,pullback_recovery,125663.0,2,1834.83,2021-05-10 10:45:00+00:00
2021-05-10 11:00:00+00:00,long,EXECUTE,pullback_recovery,125666.0,1,1836.87,2021-05-10 11:30:00+00:00
2021-05-10 12:00:00+00:00,long,EXECUTE,pullback_recovery,125670.0,1,1836.03,2021-05-10 12:30:00+00:00
2021-05-10 13:00:00+00:00,long,EXECUTE,pullback_recovery,125674.0,1,1839.05,2021-05-10 13:30:00+00:00
2021-05-10 14:00:00+00:00,long,EXECUTE,pullback_recovery,125679.0,2,1840.96,2021-05-10 14:45:00+00:00
2021-05-11 07:00:00+00:00,short,EXECUTE,pullback_recovery,125744.0,3,1836.24,2021-05-11 08:00:00+00:00
2021-05-11 08:00:00+00:00,short,EXECUTE,pullback_recovery,125748.0,3,1836.88,2021-05-11 09:00:00+00:00
2021-05-11 09:00:00+00:00,short,EXECUTE,pullback_recovery,125752.0,3,1833.52,2021-05-11 10:00:00+00:00
2021-05-11 10:00:00+00:00,short,EXECUTE,pullback_recovery,125755.0,2,1835.02,2021-05-11 10:45:00+00:00
2021-05-11 11:00:00+00:00,short,EXECUTE,pullback_recovery,125760.0,3,1836.1,2021-05-11 12:00:00+00:00
2021-05-11 12:00:00+00:00,short,EXECUTE,pullback_recovery,125768.0,7,1839.59,2021-05-11 14:00:00+00:00
2021-05-11 13:00:00+00:00,short,EXECUTE,pullback_recovery,125768.0,3,1839.59,2021-05-11 14:00:00+00:00
2021-05-12 12:00:00+00:00,long,EXECUTE,pullback_recovery,125856.0,3,1834.96,2021-05-12 13:00:00+00:00
2021-05-12 13:00:00+00:00,long,EXECUTE,pullback_recovery,125858.0,1,1834.42,2021-05-12 13:30:00+00:00
2021-05-13 15:00:00+00:00,short,EXECUTE,pullback_recovery,125958.0,1,1815.42,2021-05-13 15:30:00+00:00
2021-05-14 09:00:00+00:00,long,INVALIDATE,adverse_move_limit,,0,,
2021-05-17 08:00:00+00:00,long,EXECUTE,pullback_recovery,126123.0,10,1853.75,2021-05-17 10:45:00+00:00
2021-05-17 09:00:00+00:00,long,EXECUTE,pullback_recovery,126119.0,2,1853.88,2021-05-17 09:45:00+00:00
2021-05-17 10:00:00+00:00,long,EXECUTE,pullback_recovery,126123.0,2,1853.75,2021-05-17 10:45:00+00:00
2021-05-17 11:00:00+00:00,long,EXECUTE,pullback_recovery,126126.0,1,1852.97,2021-05-17 11:30:00+00:00
2021-05-17 12:00:00+00:00,long,EXECUTE,pullback_recovery,126132.0,3,1850.05,2021-05-17 13:00:00+00:00
2021-05-17 13:00:00+00:00,long,EXECUTE,pullback_recovery,126138.0,5,1848.22,2021-05-17 14:30:00+00:00
2021-05-17 14:00:00+00:00,long,EXECUTE,pullback_recovery,126138.0,1,1848.22,2021-05-17 14:30:00+00:00
2021-05-18 08:00:00+00:00,long,EXECUTE,pullback_recovery,126206.0,1,1870.93,2021-05-18 08:30:00+00:00
2021-05-18 09:00:00+00:00,long,EXECUTE,pullback_recovery,126210.0,1,1869.87,2021-05-18 09:30:00+00:00
2021-05-18 10:00:00+00:00,long,EXECUTE,pullback_recovery,126216.0,3,1869.99,2021-05-18 11:00:00+00:00
2021-05-18 11:00:00+00:00,long,EXECUTE,pullback_recovery,126219.0,2,1869.08,2021-05-18 11:45:00+00:00
2021-05-18 12:00:00+00:00,long,EXECUTE,pullback_recovery,126231.0,10,1869.08,2021-05-18 14:45:00+00:00
2021-05-18 13:00:00+00:00,long,EXECUTE,pullback_recovery,126226.0,1,1868.84,2021-05-18 13:30:00+00:00
2021-05-18 14:00:00+00:00,long,EXECUTE,pullback_recovery,126231.0,2,1869.08,2021-05-18 14:45:00+00:00
2021-05-19 07:00:00+00:00,short,EXECUTE,pullback_recovery,126295.0,2,1867.38,2021-05-19 07:45:00+00:00
2021-05-19 08:00:00+00:00,short,EXECUTE,pullback_recovery,126300.0,3,1871.57,2021-05-19 09:00:00+00:00
2021-05-19 09:00:00+00:00,long,EXECUTE,pullback_recovery,126304.0,3,1873.08,2021-05-19 10:00:00+00:00
2021-05-19 10:00:00+00:00,long,EXECUTE,pullback_recovery,126308.0,3,1867.82,2021-05-19 11:00:00+00:00
2021-05-19 11:00:00+00:00,long,EXECUTE,pullback_recovery,126312.0,3,1863.27,2021-05-19 12:00:00+00:00
2021-05-19 12:00:00+00:00,short,EXECUTE,pullback_recovery,126314.0,1,1859.78,2021-05-19 12:30:00+00:00
2021-05-19 13:00:00+00:00,short,EXECUTE,pullback_recovery,126318.0,1,1856.53,2021-05-19 13:30:00+00:00
2021-05-20 09:00:00+00:00,long,EXECUTE,pullback_recovery,126396.0,3,1871.36,2021-05-20 10:00:00+00:00
2021-05-20 10:00:00+00:00,long,EXECUTE,pullback_recovery,126399.0,2,1873.86,2021-05-20 10:45:00+00:00
2021-05-20 11:00:00+00:00,long,EXECUTE,pullback_recovery,126404.0,3,1872.17,2021-05-20 12:00:00+00:00
2021-05-20 12:00:00+00:00,long,EXECUTE,pullback_recovery,126408.0,3,1867.81,2021-05-20 13:00:00+00:00
2021-05-21 08:00:00+00:00,long,EXECUTE,pullback_recovery,126484.0,3,1875.89,2021-05-21 09:00:00+00:00
2021-05-21 10:00:00+00:00,long,EXECUTE,pullback_recovery,126492.0,3,1875.78,2021-05-21 11:00:00+00:00
2021-05-21 11:00:00+00:00,long,EXECUTE,pullback_recovery,126494.0,1,1876.14,2021-05-21 11:30:00+00:00
2021-05-21 12:00:00+00:00,long,EXECUTE,pullback_recovery,126499.0,2,1880.1,2021-05-21 12:45:00+00:00
2021-05-21 13:00:00+00:00,long,EXECUTE,pullback_recovery,126502.0,1,1879.75,2021-05-21 13:30:00+00:00
2021-05-25 07:00:00+00:00,short,EXECUTE,pullback_recovery,126662.0,1,1878.85,2021-05-25 07:30:00+00:00
2021-05-25 09:00:00+00:00,long,INVALIDATE,adverse_move_limit,,0,,
2021-05-25 10:00:00+00:00,long,EXECUTE,pullback_recovery,126676.0,3,1883.09,2021-05-25 11:00:00+00:00
2021-05-25 11:00:00+00:00,long,EXECUTE,pullback_recovery,126679.0,2,1882.49,2021-05-25 11:45:00+00:00
2021-05-25 12:00:00+00:00,long,EXECUTE,pullback_recovery,126682.0,1,1883.79,2021-05-25 12:30:00+00:00
2021-05-25 14:00:00+00:00,long,EXECUTE,pullback_recovery,126690.0,1,1881.9,2021-05-25 14:30:00+00:00
2021-05-26 17:00:00+00:00,long,INVALIDATE,adverse_move_limit,,14,,
2021-05-26 18:00:00+00:00,long,EXECUTE,pullback_recovery,126799.0,2,1904.45,2021-05-26 18:45:00+00:00
2021-05-26 19:00:00+00:00,long,INVALIDATE,adverse_move_limit,,5,,
2021-05-27 15:00:00+00:00,long,INVALIDATE,adverse_move_limit,,0,,
2021-05-28 07:00:00+00:00,short,EXECUTE,pullback_recovery,126939.0,2,1893.43,2021-05-28 07:45:00+00:00
2021-05-28 08:00:00+00:00,short,EXECUTE,pullback_recovery,126944.0,3,1891.02,2021-05-28 09:00:00+00:00
2021-05-28 09:00:00+00:00,long,EXECUTE,pullback_recovery,126946.0,1,1890.36,2021-05-28 09:30:00+00:00
2021-05-28 10:00:00+00:00,short,EXECUTE,pullback_recovery,126953.0,4,1891.04,2021-05-28 11:15:00+00:00
2021-05-28 11:00:00+00:00,long,EXECUTE,pullback_recovery,126955.0,2,1894.21,2021-05-28 11:45:00+00:00
2021-05-28 12:00:00+00:00,short,EXECUTE,pullback_recovery,126958.0,1,1892.49,2021-05-28 12:30:00+00:00
2021-05-28 13:00:00+00:00,short,EXECUTE,pullback_recovery,126964.0,3,1892.88,2021-05-28 14:00:00+00:00
2021-05-28 14:00:00+00:00,short,EXECUTE,pullback_recovery,126966.0,1,1891.14,2021-05-28 14:30:00+00:00
2021-05-31 07:00:00+00:00,short,EXECUTE,pullback_recovery,127030.0,1,1906.46,2021-05-31 07:30:00+00:00
2021-05-31 13:00:00+00:00,short,EXECUTE,pullback_recovery,127057.0,4,1903.02,2021-05-31 14:15:00+00:00
2021-05-31 14:00:00+00:00,short,EXECUTE,pullback_recovery,127060.0,3,1904.75,2021-05-31 15:00:00+00:00
2021-05-31 15:00:00+00:00,short,EXECUTE,pullback_recovery,127063.0,2,1905.53,2021-05-31 15:45:00+00:00
2021-06-01 07:00:00+00:00,short,EXECUTE,pullback_recovery,127108.0,3,1910.7,2021-06-01 08:00:00+00:00
2021-06-01 08:00:00+00:00,long,EXECUTE,pullback_recovery,127111.0,2,1911.32,2021-06-01 08:45:00+00:00
2021-06-01 09:00:00+00:00,long,EXECUTE,pullback_recovery,127114.0,1,1915.18,2021-06-01 09:30:00+00:00
2021-06-01 10:00:00+00:00,long,EXECUTE,pullback_recovery,127120.0,3,1912.78,2021-06-01 11:00:00+00:00
2021-06-01 11:00:00+00:00,long,INVALIDATE,adverse_move_limit,,1,,
2021-06-01 12:00:00+00:00,long,EXECUTE,pullback_recovery,127129.0,4,1906.78,2021-06-01 13:15:00+00:00
2021-06-01 13:00:00+00:00,long,EXECUTE,pullback_recovery,127132.0,3,1906.23,2021-06-01 14:00:00+00:00
2021-06-01 14:00:00+00:00,long,EXECUTE,pullback_recovery,127134.0,1,1907.44,2021-06-01 14:30:00+00:00
2021-06-02 08:00:00+00:00,long,EXECUTE,pullback_recovery,127203.0,2,1898.91,2021-06-02 08:45:00+00:00
2021-06-02 09:00:00+00:00,long,EXECUTE,pullback_recovery,127208.0,3,1897.41,2021-06-02 10:00:00+00:00
2021-06-02 10:00:00+00:00,long,EXECUTE,pullback_recovery,127212.0,3,1898.4,2021-06-02 11:00:00+00:00
2021-06-02 11:00:00+00:00,long,EXECUTE,pullback_recovery,127215.0,2,1897.33,2021-06-02 11:45:00+00:00
2021-06-02 12:00:00+00:00,long,EXECUTE,pullback_recovery,127219.0,2,1896.36,2021-06-02 12:45:00+00:00
2021-06-02 13:00:00+00:00,long,EXECUTE,pullback_recovery,127226.0,5,1895.39,2021-06-02 14:30:00+00:00
2021-06-02 14:00:00+00:00,long,INVALIDATE,adverse_move_limit,,0,,
2021-06-03 07:00:00+00:00,long,EXECUTE,pullback_recovery,127292.0,3,1903.73,2021-06-03 08:00:00+00:00
2021-06-03 08:00:00+00:00,long,EXECUTE,pullback_recovery,127296.0,3,1901.17,2021-06-03 09:00:00+00:00
2021-06-03 09:00:00+00:00,long,EXECUTE,pullback_recovery,127299.0,2,1896.69,2021-06-03 09:45:00+00:00
2021-06-03 10:00:00+00:00,long,EXECUTE,pullback_recovery,127304.0,3,1893.51,2021-06-03 11:00:00+00:00
2021-06-03 11:00:00+00:00,short,EXECUTE,pullback_recovery,127307.0,2,1893.78,2021-06-03 11:45:00+00:00
2021-06-03 13:00:00+00:00,short,EXECUTE,pullback_recovery,127316.0,3,1894.03,2021-06-03 14:00:00+00:00
2021-06-03 14:00:00+00:00,long,EXECUTE,pullback_recovery,127318.0,1,1893.85,2021-06-03 14:30:00+00:00
2021-06-04 08:00:00+00:00,short,EXECUTE,pullback_recovery,127387.0,2,1869.04,2021-06-04 08:45:00+00:00
2021-06-04 09:00:00+00:00,short,EXECUTE,pullback_recovery,127392.0,3,1872.86,2021-06-04 10:00:00+00:00
2021-06-04 10:00:00+00:00,short,EXECUTE,pullback_recovery,127395.0,2,1872.7,2021-06-04 10:45:00+00:00
2021-06-04 11:00:00+00:00,short,EXECUTE,pullback_recovery,127398.0,1,1868.88,2021-06-04 11:30:00+00:00
2021-06-04 12:00:00+00:00,short,EXECUTE,pullback_recovery,127406.0,5,1870.74,2021-06-04 13:30:00+00:00
2021-06-04 13:00:00+00:00,short,EXECUTE,pullback_recovery,127406.0,1,1870.74,2021-06-04 13:30:00+00:00
2021-06-07 08:00:00+00:00,long,EXECUTE,pullback_recovery,127481.0,4,1884.28,2021-06-07 09:15:00+00:00
2021-06-07 09:00:00+00:00,long,EXECUTE,pullback_recovery,127482.0,1,1883.77,2021-06-07 09:30:00+00:00
2021-06-07 10:00:00+00:00,long,EXECUTE,pullback_recovery,127487.0,2,1884.29,2021-06-07 10:45:00+00:00
2021-06-07 11:00:00+00:00,long,EXECUTE,pullback_recovery,127491.0,2,1883.99,2021-06-07 11:45:00+00:00
2021-06-07 12:00:00+00:00,long,EXECUTE,pullback_recovery,127494.0,1,1884.15,2021-06-07 12:30:00+00:00
2021-06-07 13:00:00+00:00,long,EXECUTE,pullback_recovery,127498.0,1,1885.28,2021-06-07 13:30:00+00:00
2021-06-07 14:00:00+00:00,long,EXECUTE,pullback_recovery,127502.0,1,1887.06,2021-06-07 14:30:00+00:00
2021-06-08 07:00:00+00:00,short,EXECUTE,pullback_recovery,127569.0,4,1897.63,2021-06-08 08:15:00+00:00
2021-06-08 08:00:00+00:00,short,EXECUTE,pullback_recovery,127572.0,3,1895.04,2021-06-08 09:00:00+00:00
2021-06-08 14:00:00+00:00,long,EXECUTE,pullback_recovery,127596.0,3,1899.92,2021-06-08 15:00:00+00:00
2021-06-09 07:00:00+00:00,short,EXECUTE,pullback_recovery,127658.0,1,1893.99,2021-06-09 07:30:00+00:00
2021-06-09 08:00:00+00:00,long,EXECUTE,pullback_recovery,127663.0,2,1893.29,2021-06-09 08:45:00+00:00
2021-06-09 09:00:00+00:00,long,EXECUTE,pullback_recovery,127667.0,2,1891.52,2021-06-09 09:45:00+00:00
2021-06-09 10:00:00+00:00,long,EXECUTE,pullback_recovery,127670.0,1,1891.63,2021-06-09 10:30:00+00:00
2021-06-09 11:00:00+00:00,long,EXECUTE,pullback_recovery,127675.0,2,1889.14,2021-06-09 11:45:00+00:00
2021-06-09 12:00:00+00:00,long,EXECUTE,pullback_recovery,127680.0,3,1889.98,2021-06-09 13:00:00+00:00
2021-06-09 13:00:00+00:00,long,EXECUTE,pullback_recovery,127686.0,5,1891.4,2021-06-09 14:30:00+00:00
2021-06-09 14:00:00+00:00,long,EXECUTE,pullback_recovery,127686.0,1,1891.4,2021-06-09 14:30:00+00:00
2021-06-10 08:00:00+00:00,long,EXECUTE,pullback_recovery,127755.0,2,1883.37,2021-06-10 08:45:00+00:00
2021-06-10 09:00:00+00:00,long,EXECUTE,pullback_recovery,127760.0,3,1883.65,2021-06-10 10:00:00+00:00
2021-06-10 10:00:00+00:00,long,EXECUTE,pullback_recovery,127764.0,3,1877.38,2021-06-10 11:00:00+00:00
2021-06-10 11:00:00+00:00,long,EXECUTE,pullback_recovery,127767.0,2,1881.1,2021-06-10 11:45:00+00:00
2021-06-10 12:00:00+00:00,long,EXECUTE,pullback_recovery,127772.0,3,1880.65,2021-06-10 13:00:00+00:00
2021-06-10 13:00:00+00:00,long,EXECUTE,pullback_recovery,127774.0,1,1880.83,2021-06-10 13:30:00+00:00
2021-06-10 14:00:00+00:00,long,EXECUTE,pullback_recovery,127781.0,4,1876.71,2021-06-10 15:15:00+00:00
2021-06-11 08:00:00+00:00,long,EXECUTE,pullback_recovery,127847.0,2,1899.77,2021-06-11 08:45:00+00:00
2021-06-11 09:00:00+00:00,long,EXECUTE,pullback_recovery,127850.0,1,1901.29,2021-06-11 09:30:00+00:00
2021-06-11 10:00:00+00:00,long,INVALIDATE,adverse_move_limit,,4,,
2021-06-11 11:00:00+00:00,long,EXECUTE,pullback_recovery,127859.0,2,1895.9,2021-06-11 11:45:00+00:00
2021-06-15 13:00:00+00:00,long,EXECUTE,pullback_recovery,128050.0,1,1865.23,2021-06-15 13:30:00+00:00
2021-06-15 14:00:00+00:00,long,EXECUTE,pullback_recovery,128054.0,1,1863.72,2021-06-15 14:30:00+00:00
2021-06-16 07:00:00+00:00,short,EXECUTE,pullback_recovery,128120.0,3,1859.87,2021-06-16 08:00:00+00:00
2021-06-16 08:00:00+00:00,long,EXECUTE,pullback_recovery,128122.0,1,1860.28,2021-06-16 08:30:00+00:00
2021-06-16 09:00:00+00:00,long,EXECUTE,pullback_recovery,128126.0,1,1860.74,2021-06-16 09:30:00+00:00
2021-06-16 10:00:00+00:00,long,EXECUTE,pullback_recovery,128130.0,1,1859.99,2021-06-16 10:30:00+00:00
2021-06-16 11:00:00+00:00,long,EXECUTE,pullback_recovery,128135.0,2,1859.41,2021-06-16 11:45:00+00:00
2021-06-16 12:00:00+00:00,short,INVALIDATE,max_wait_exceeded,,16,,
2021-06-16 13:00:00+00:00,short,EXECUTE,pullback_recovery,128144.0,3,1854.96,2021-06-16 14:00:00+00:00
2021-06-16 14:00:00+00:00,long,EXECUTE,pullback_recovery,128148.0,3,1854.87,2021-06-16 15:00:00+00:00
2021-06-17 09:00:00+00:00,long,EXECUTE,pullback_recovery,128220.0,3,1815.17,2021-06-17 10:00:00+00:00
2021-06-17 10:00:00+00:00,long,EXECUTE,pullback_recovery,128224.0,3,1810.13,2021-06-17 11:00:00+00:00
2021-06-17 11:00:00+00:00,long,EXECUTE,pullback_recovery,128228.0,3,1804.51,2021-06-17 12:00:00+00:00
2021-06-17 12:00:00+00:00,long,EXECUTE,pullback_recovery,128231.0,2,1807.38,2021-06-17 12:45:00+00:00
2021-06-17 13:00:00+00:00,long,EXECUTE,pullback_recovery,128236.0,3,1798.43,2021-06-17 14:00:00+00:00
2021-06-24 08:00:00+00:00,long,EXECUTE,pullback_recovery,128675.0,2,1776.99,2021-06-24 08:45:00+00:00
2021-06-24 09:00:00+00:00,long,EXECUTE,pullback_recovery,128678.0,1,1777.55,2021-06-24 09:30:00+00:00
2021-06-24 10:00:00+00:00,long,EXECUTE,pullback_recovery,128682.0,1,1776.3,2021-06-24 10:30:00+00:00
2021-06-24 11:00:00+00:00,long,EXECUTE,pullback_recovery,128686.0,1,1780.84,2021-06-24 11:30:00+00:00
2021-06-24 13:00:00+00:00,long,EXECUTE,pullback_recovery,128694.0,1,1782.37,2021-06-24 13:30:00+00:00
2021-06-25 07:00:00+00:00,short,EXECUTE,pullback_recovery,128763.0,2,1776.22,2021-06-25 07:45:00+00:00
2021-06-25 08:00:00+00:00,long,EXECUTE,pullback_recovery,128768.0,3,1780.49,2021-06-25 09:00:00+00:00
2021-06-25 09:00:00+00:00,long,EXECUTE,pullback_recovery,128770.0,1,1778.53,2021-06-25 09:30:00+00:00
2021-06-25 10:00:00+00:00,long,EXECUTE,pullback_recovery,128774.0,1,1783.25,2021-06-25 10:30:00+00:00
2021-06-25 11:00:00+00:00,long,EXECUTE,pullback_recovery,128778.0,1,1783.07,2021-06-25 11:30:00+00:00
2021-06-25 12:00:00+00:00,long,EXECUTE,pullback_recovery,128783.0,2,1782.97,2021-06-25 12:45:00+00:00
2021-06-25 13:00:00+00:00,long,EXECUTE,pullback_recovery,128787.0,2,1782.96,2021-06-25 13:45:00+00:00
2021-06-25 14:00:00+00:00,short,EXECUTE,pullback_recovery,128791.0,2,1785.05,2021-06-25 14:45:00+00:00
2021-06-29 08:00:00+00:00,short,EXECUTE,pullback_recovery,128951.0,2,1778.18,2021-06-29 08:45:00+00:00
2021-06-29 10:00:00+00:00,long,EXECUTE,pullback_recovery,128959.0,2,1773.3,2021-06-29 10:45:00+00:00
2021-06-29 11:00:00+00:00,long,EXECUTE,pullback_recovery,128962.0,1,1768.57,2021-06-29 11:30:00+00:00
2021-06-29 12:00:00+00:00,long,EXECUTE,pullback_recovery,128966.0,1,1771.3,2021-06-29 12:30:00+00:00
2021-06-29 13:00:00+00:00,long,EXECUTE,pullback_recovery,128972.0,3,1768.9,2021-06-29 14:00:00+00:00
2021-06-29 14:00:00+00:00,long,INVALIDATE,adverse_move_limit,,0,,
2021-06-30 08:00:00+00:00,long,EXECUTE,pullback_recovery,129045.0,4,1758.23,2021-06-30 09:15:00+00:00
2021-06-30 09:00:00+00:00,long,EXECUTE,pullback_recovery,129046.0,1,1759.58,2021-06-30 09:30:00+00:00
2021-06-30 10:00:00+00:00,long,EXECUTE,pullback_recovery,129054.0,5,1756.74,2021-06-30 11:30:00+00:00
2021-06-30 11:00:00+00:00,long,EXECUTE,pullback_recovery,129054.0,1,1756.74,2021-06-30 11:30:00+00:00
2021-06-30 12:00:00+00:00,long,EXECUTE,pullback_recovery,129064.0,7,1756.73,2021-06-30 14:00:00+00:00
2021-06-30 13:00:00+00:00,long,EXECUTE,pullback_recovery,129064.0,3,1756.73,2021-06-30 14:00:00+00:00
2021-06-30 14:00:00+00:00,long,EXECUTE,pullback_recovery,129067.0,2,1760.87,2021-06-30 14:45:00+00:00
2021-07-01 07:00:00+00:00,short,EXECUTE,pullback_recovery,129132.0,3,1774.38,2021-07-01 08:00:00+00:00
2021-07-01 08:00:00+00:00,short,EXECUTE,pullback_recovery,129136.0,3,1776.79,2021-07-01 09:00:00+00:00
2021-07-01 09:00:00+00:00,short,EXECUTE,pullback_recovery,129138.0,1,1777.66,2021-07-01 09:30:00+00:00
2021-07-01 10:00:00+00:00,short,EXECUTE,pullback_recovery,129142.0,1,1777.23,2021-07-01 10:30:00+00:00
2021-07-01 11:00:00+00:00,short,EXECUTE,pullback_recovery,129147.0,2,1773.99,2021-07-01 11:45:00+00:00
2021-07-01 12:00:00+00:00,short,EXECUTE,pullback_recovery,129153.0,4,1774.79,2021-07-01 13:15:00+00:00
2021-07-02 08:00:00+00:00,short,EXECUTE,pullback_recovery,129226.0,1,1778.05,2021-07-02 08:30:00+00:00
2021-07-02 09:00:00+00:00,short,EXECUTE,pullback_recovery,129232.0,3,1775.79,2021-07-02 10:00:00+00:00
2021-07-02 10:00:00+00:00,long,EXECUTE,pullback_recovery,129235.0,2,1777.52,2021-07-02 10:45:00+00:00
2021-07-02 11:00:00+00:00,long,EXECUTE,pullback_recovery,129238.0,1,1782.45,2021-07-02 11:30:00+00:00
2021-07-02 12:00:00+00:00,long,EXECUTE,pullback_recovery,129243.0,2,1782.42,2021-07-02 12:45:00+00:00
2021-07-02 13:00:00+00:00,long,EXECUTE,pullback_recovery,129247.0,2,1786.81,2021-07-02 13:45:00+00:00
2021-07-02 14:00:00+00:00,long,EXECUTE,pullback_recovery,129250.0,1,1786.02,2021-07-02 14:30:00+00:00
2021-07-05 08:00:00+00:00,long,EXECUTE,pullback_recovery,129322.0,5,1785.96,2021-07-05 09:30:00+00:00
2021-07-05 09:00:00+00:00,long,EXECUTE,pullback_recovery,129323.0,2,1789.65,2021-07-05 09:45:00+00:00
2021-07-05 10:00:00+00:00,long,EXECUTE,pullback_recovery,129328.0,3,1792.64,2021-07-05 11:00:00+00:00
2021-07-05 11:00:00+00:00,long,EXECUTE,pullback_recovery,129331.0,2,1792.17,2021-07-05 11:45:00+00:00
2021-07-05 12:00:00+00:00,long,EXECUTE,pullback_recovery,129334.0,1,1790.59,2021-07-05 12:30:00+00:00
2021-07-05 13:00:00+00:00,long,EXECUTE,pullback_recovery,129340.0,3,1793.12,2021-07-05 14:00:00+00:00
2021-07-05 14:00:00+00:00,long,EXECUTE,pullback_recovery,129344.0,3,1789.68,2021-07-05 15:00:00+00:00
2021-07-06 07:00:00+00:00,short,INVALIDATE,adverse_move_limit,,7,,
2021-07-06 08:00:00+00:00,long,EXECUTE,pullback_recovery,129395.0,3,1804.07,2021-07-06 09:00:00+00:00
2021-07-06 09:00:00+00:00,long,EXECUTE,pullback_recovery,129397.0,1,1805.63,2021-07-06 09:30:00+00:00
2021-07-06 10:00:00+00:00,long,EXECUTE,pullback_recovery,129402.0,2,1807.46,2021-07-06 10:45:00+00:00
2021-07-06 11:00:00+00:00,long,EXECUTE,pullback_recovery,129406.0,2,1804.67,2021-07-06 11:45:00+00:00
2021-07-06 12:00:00+00:00,long,EXECUTE,pullback_recovery,129409.0,1,1807.95,2021-07-06 12:30:00+00:00
2021-07-06 13:00:00+00:00,long,EXECUTE,pullback_recovery,129414.0,2,1807.99,2021-07-06 13:45:00+00:00
2021-07-06 14:00:00+00:00,long,EXECUTE,pullback_recovery,129418.0,2,1808.6,2021-07-06 14:45:00+00:00
2021-07-07 07:00:00+00:00,short,EXECUTE,pullback_recovery,129482.0,2,1798.18,2021-07-07 07:45:00+00:00
2021-07-07 08:00:00+00:00,short,EXECUTE,pullback_recovery,129487.0,3,1801.58,2021-07-07 09:00:00+00:00
2021-07-07 09:00:00+00:00,short,EXECUTE,pullback_recovery,129491.0,3,1803.12,2021-07-07 10:00:00+00:00
2021-07-07 10:00:00+00:00,short,EXECUTE,pullback_recovery,129495.0,3,1805.45,2021-07-07 11:00:00+00:00
2021-07-07 11:00:00+00:00,short,EXECUTE,pullback_recovery,129498.0,2,1804.85,2021-07-07 11:45:00+00:00
2021-07-07 12:00:00+00:00,short,EXECUTE,pullback_recovery,129504.0,4,1806.71,2021-07-07 13:15:00+00:00
2021-07-07 13:00:00+00:00,short,EXECUTE,pullback_recovery,129507.0,3,1806.69,2021-07-07 14:00:00+00:00
2021-07-08 08:00:00+00:00,long,EXECUTE,pullback_recovery,129577.0,1,1797.79,2021-07-08 08:30:00+00:00
2021-07-08 13:00:00+00:00,long,INVALIDATE,adverse_move_limit,,0,,
2021-07-08 14:00:00+00:00,long,EXECUTE,pullback_recovery,129602.0,2,1813.76,2021-07-08 14:45:00+00:00
2021-07-12 14:00:00+00:00,long,EXECUTE,pullback_recovery,129785.0,1,1800.75,2021-07-12 14:30:00+00:00
2021-07-13 07:00:00+00:00,short,EXECUTE,pullback_recovery,129849.0,1,1809.7,2021-07-13 07:30:00+00:00
2021-07-13 08:00:00+00:00,long,EXECUTE,pullback_recovery,129855.0,3,1806.69,2021-07-13 09:00:00+00:00
2021-07-13 09:00:00+00:00,long,EXECUTE,pullback_recovery,129857.0,1,1810.95,2021-07-13 09:30:00+00:00
2021-07-13 10:00:00+00:00,long,EXECUTE,pullback_recovery,129866.0,6,1808.62,2021-07-13 11:45:00+00:00
2021-07-13 11:00:00+00:00,long,EXECUTE,pullback_recovery,129866.0,2,1808.62,2021-07-13 11:45:00+00:00
2021-07-13 12:00:00+00:00,long,EXECUTE,pullback_recovery,129870.0,2,1807.52,2021-07-13 12:45:00+00:00
2021-07-13 13:00:00+00:00,long,EXECUTE,pullback_recovery,129873.0,1,1809.47,2021-07-13 13:30:00+00:00
2021-07-13 14:00:00+00:00,long,EXECUTE,pullback_recovery,129878.0,2,1808.5,2021-07-13 14:45:00+00:00
2021-07-14 08:00:00+00:00,long,EXECUTE,pullback_recovery,129945.0,1,1813.33,2021-07-14 08:30:00+00:00
2021-07-14 09:00:00+00:00,long,EXECUTE,pullback_recovery,129951.0,3,1812.33,2021-07-14 10:00:00+00:00
2021-07-14 10:00:00+00:00,long,EXECUTE,pullback_recovery,129953.0,1,1812.46,2021-07-14 10:30:00+00:00
2021-07-14 11:00:00+00:00,long,EXECUTE,pullback_recovery,129957.0,1,1813.98,2021-07-14 11:30:00+00:00
2021-07-14 12:00:00+00:00,long,EXECUTE,pullback_recovery,129963.0,3,1813.94,2021-07-14 13:00:00+00:00
2021-07-14 13:00:00+00:00,long,EXECUTE,pullback_recovery,129965.0,1,1814.91,2021-07-14 13:30:00+00:00
2021-07-14 14:00:00+00:00,long,EXECUTE,pullback_recovery,129970.0,2,1816.95,2021-07-14 14:45:00+00:00
2021-07-15 08:00:00+00:00,long,EXECUTE,pullback_recovery,130038.0,2,1828.36,2021-07-15 08:45:00+00:00
2021-07-15 09:00:00+00:00,long,EXECUTE,pullback_recovery,130041.0,1,1831.35,2021-07-15 09:30:00+00:00
2021-07-15 10:00:00+00:00,short,EXECUTE,pullback_recovery,130045.0,1,1831.61,2021-07-15 10:30:00+00:00
2021-07-15 11:00:00+00:00,short,EXECUTE,pullback_recovery,130052.0,4,1831.98,2021-07-15 12:15:00+00:00
2021-07-15 12:00:00+00:00,short,EXECUTE,pullback_recovery,130053.0,1,1832.1,2021-07-15 12:30:00+00:00
2021-07-15 13:00:00+00:00,short,EXECUTE,pullback_recovery,130057.0,1,1823.93,2021-07-15 13:30:00+00:00
2021-07-15 14:00:00+00:00,long,EXECUTE,pullback_recovery,130061.0,1,1826.1,2021-07-15 14:30:00+00:00
2021-07-16 10:00:00+00:00,short,EXECUTE,pullback_recovery,130137.0,1,1823.61,2021-07-16 10:30:00+00:00
2021-07-16 11:00:00+00:00,short,EXECUTE,pullback_recovery,130141.0,1,1822.51,2021-07-16 11:30:00+00:00
2021-07-16 12:00:00+00:00,short,EXECUTE,pullback_recovery,130147.0,3,1823.76,2021-07-16 13:00:00+00:00
2021-07-16 13:00:00+00:00,short,EXECUTE,pullback_recovery,130151.0,3,1819.41,2021-07-16 14:00:00+00:00
2021-07-16 14:00:00+00:00,short,EXECUTE,pullback_recovery,130153.0,1,1817.94,2021-07-16 14:30:00+00:00
2021-07-19 08:00:00+00:00,long,EXECUTE,pullback_recovery,130222.0,2,1810.79,2021-07-19 08:45:00+00:00
2021-07-19 09:00:00+00:00,long,EXECUTE,pullback_recovery,130228.0,4,1805.08,2021-07-19 10:15:00+00:00
2021-07-19 12:00:00+00:00,long,EXECUTE,pullback_recovery,130237.0,1,1803.77,2021-07-19 12:30:00+00:00
2021-07-19 13:00:00+00:00,long,EXECUTE,pullback_recovery,130243.0,3,1803.79,2021-07-19 14:00:00+00:00
2021-07-19 14:00:00+00:00,long,EXECUTE,pullback_recovery,130247.0,3,1800.43,2021-07-19 15:00:00+00:00
2021-07-20 08:00:00+00:00,long,EXECUTE,pullback_recovery,130315.0,3,1815.21,2021-07-20 09:00:00+00:00
2021-07-20 09:00:00+00:00,long,EXECUTE,pullback_recovery,130320.0,4,1816.9,2021-07-20 10:15:00+00:00
2021-07-20 10:00:00+00:00,long,EXECUTE,pullback_recovery,130323.0,3,1813.77,2021-07-20 11:00:00+00:00
2021-07-20 11:00:00+00:00,long,EXECUTE,pullback_recovery,130325.0,1,1813.63,2021-07-20 11:30:00+00:00
2021-07-20 12:00:00+00:00,long,EXECUTE,pullback_recovery,130329.0,1,1815.38,2021-07-20 12:30:00+00:00
2021-07-20 13:00:00+00:00,long,INVALIDATE,max_wait_exceeded,,16,,
2021-07-20 14:00:00+00:00,long,EXECUTE,pullback_recovery,130338.0,2,1817.46,2021-07-20 14:45:00+00:00
2021-07-21 11:00:00+00:00,long,EXECUTE,pullback_recovery,130418.0,2,1805.83,2021-07-21 11:45:00+00:00
2021-07-22 08:00:00+00:00,long,EXECUTE,pullback_recovery,130499.0,3,1798.6,2021-07-22 09:00:00+00:00
2021-07-22 09:00:00+00:00,long,EXECUTE,pullback_recovery,130501.0,1,1800.29,2021-07-22 09:30:00+00:00
2021-07-22 11:00:00+00:00,long,EXECUTE,pullback_recovery,130510.0,2,1795.56,2021-07-22 11:45:00+00:00
2021-07-22 12:00:00+00:00,long,EXECUTE,pullback_recovery,130517.0,5,1796.48,2021-07-22 13:30:00+00:00
2021-07-22 13:00:00+00:00,long,EXECUTE,pullback_recovery,130519.0,3,1794.94,2021-07-22 14:00:00+00:00
2021-07-22 14:00:00+00:00,long,EXECUTE,pullback_recovery,130521.0,1,1796.89,2021-07-22 14:30:00+00:00
2021-07-23 08:00:00+00:00,long,EXECUTE,pullback_recovery,130592.0,4,1803.52,2021-07-23 09:15:00+00:00
2021-07-23 09:00:00+00:00,long,EXECUTE,pullback_recovery,130593.0,1,1807.57,2021-07-23 09:30:00+00:00
2021-07-23 10:00:00+00:00,long,EXECUTE,pullback_recovery,130599.0,3,1809.44,2021-07-23 11:00:00+00:00
2021-07-23 11:00:00+00:00,long,EXECUTE,pullback_recovery,130603.0,3,1804.28,2021-07-23 12:00:00+00:00
2021-07-23 12:00:00+00:00,long,EXECUTE,pullback_recovery,130607.0,3,1802.35,2021-07-23 13:00:00+00:00
2021-07-23 13:00:00+00:00,long,EXECUTE,pullback_recovery,130610.0,2,1799.26,2021-07-23 13:45:00+00:00
2021-07-26 07:00:00+00:00,short,EXECUTE,pullback_recovery,130679.0,3,1806.37,2021-07-26 08:00:00+00:00
2021-07-26 08:00:00+00:00,short,EXECUTE,pullback_recovery,130682.0,2,1808.62,2021-07-26 08:45:00+00:00
2021-07-26 09:00:00+00:00,long,EXECUTE,pullback_recovery,130687.0,3,1807.34,2021-07-26 10:00:00+00:00
2021-07-26 10:00:00+00:00,long,EXECUTE,pullback_recovery,130689.0,1,1810.5,2021-07-26 10:30:00+00:00
2021-07-26 11:00:00+00:00,long,EXECUTE,pullback_recovery,130693.0,1,1808.28,2021-07-26 11:30:00+00:00
2021-07-26 12:00:00+00:00,long,EXECUTE,pullback_recovery,130698.0,2,1808.11,2021-07-26 12:45:00+00:00
2021-07-26 13:00:00+00:00,long,EXECUTE,pullback_recovery,130702.0,2,1807.88,2021-07-26 13:45:00+00:00
2021-07-26 14:00:00+00:00,long,EXECUTE,pullback_recovery,130707.0,3,1807.91,2021-07-26 15:00:00+00:00
2021-07-27 08:00:00+00:00,long,EXECUTE,pullback_recovery,130775.0,3,1796.05,2021-07-27 09:00:00+00:00
2021-07-27 09:00:00+00:00,long,EXECUTE,pullback_recovery,130778.0,2,1794.21,2021-07-27 09:45:00+00:00
2021-07-27 10:00:00+00:00,long,EXECUTE,pullback_recovery,130781.0,1,1797.6,2021-07-27 10:30:00+00:00
2021-07-27 11:00:00+00:00,long,EXECUTE,pullback_recovery,130785.0,1,1796.42,2021-07-27 11:30:00+00:00
2021-07-27 12:00:00+00:00,long,EXECUTE,pullback_recovery,130790.0,2,1796.82,2021-07-27 12:45:00+00:00
2021-07-27 13:00:00+00:00,long,EXECUTE,pullback_recovery,130793.0,1,1797.16,2021-07-27 13:30:00+00:00
2021-07-27 14:00:00+00:00,long,EXECUTE,pullback_recovery,130798.0,2,1797.92,2021-07-27 14:45:00+00:00
2021-07-28 07:00:00+00:00,short,EXECUTE,pullback_recovery,130863.0,3,1804.92,2021-07-28 08:00:00+00:00
2021-07-28 08:00:00+00:00,short,EXECUTE,pullback_recovery,130869.0,5,1805.2,2021-07-28 09:30:00+00:00
2021-07-28 09:00:00+00:00,short,EXECUTE,pullback_recovery,130869.0,1,1805.2,2021-07-28 09:30:00+00:00
2021-07-28 10:00:00+00:00,short,EXECUTE,pullback_recovery,130875.0,3,1801.88,2021-07-28 11:00:00+00:00
2021-07-28 11:00:00+00:00,short,EXECUTE,pullback_recovery,130878.0,2,1800.05,2021-07-28 11:45:00+00:00
2021-07-28 12:00:00+00:00,long,EXECUTE,pullback_recovery,130883.0,3,1799.16,2021-07-28 13:00:00+00:00
2021-07-28 13:00:00+00:00,long,EXECUTE,pullback_recovery,130887.0,3,1799.55,2021-07-28 14:00:00+00:00
2021-07-28 14:00:00+00:00,long,EXECUTE,pullback_recovery,130891.0,3,1796.31,2021-07-28 15:00:00+00:00
2021-07-29 09:00:00+00:00,short,EXECUTE,pullback_recovery,130963.0,3,1818.91,2021-07-29 10:00:00+00:00
2021-07-29 10:00:00+00:00,short,EXECUTE,pullback_recovery,130967.0,3,1816.16,2021-07-29 11:00:00+00:00
2021-07-30 07:00:00+00:00,short,EXECUTE,pullback_recovery,131045.0,1,1827.53,2021-07-30 07:30:00+00:00
2021-07-30 08:00:00+00:00,short,EXECUTE,pullback_recovery,131051.0,3,1828.43,2021-07-30 09:00:00+00:00
2021-07-30 09:00:00+00:00,short,EXECUTE,pullback_recovery,131059.0,7,1829.24,2021-07-30 11:00:00+00:00
2021-07-30 10:00:00+00:00,long,EXECUTE,pullback_recovery,131059.0,3,1829.24,2021-07-30 11:00:00+00:00
2021-07-30 11:00:00+00:00,short,EXECUTE,pullback_recovery,131062.0,2,1829.39,2021-07-30 11:45:00+00:00
2021-07-30 12:00:00+00:00,long,EXECUTE,pullback_recovery,131066.0,2,1829.19,2021-07-30 12:45:00+00:00
2021-07-30 13:00:00+00:00,long,EXECUTE,pullback_recovery,131071.0,3,1828.89,2021-07-30 14:00:00+00:00
2021-07-30 14:00:00+00:00,long,EXECUTE,pullback_recovery,131073.0,1,1828.56,2021-07-30 14:30:00+00:00
2021-08-02 08:00:00+00:00,long,EXECUTE,pullback_recovery,131141.0,1,1811.33,2021-08-02 08:30:00+00:00
2021-08-02 09:00:00+00:00,long,EXECUTE,pullback_recovery,131145.0,1,1808.21,2021-08-02 09:30:00+00:00
2021-08-02 10:00:00+00:00,long,EXECUTE,pullback_recovery,131149.0,1,1807.51,2021-08-02 10:30:00+00:00
2021-08-02 12:00:00+00:00,long,EXECUTE,pullback_recovery,131159.0,3,1810.16,2021-08-02 13:00:00+00:00
2021-08-02 13:00:00+00:00,long,EXECUTE,pullback_recovery,131162.0,2,1808.76,2021-08-02 13:45:00+00:00
2021-08-02 14:00:00+00:00,long,EXECUTE,pullback_recovery,131167.0,3,1811.35,2021-08-02 15:00:00+00:00
2021-08-03 08:00:00+00:00,long,EXECUTE,pullback_recovery,131234.0,2,1810.72,2021-08-03 08:45:00+00:00
2021-08-03 09:00:00+00:00,long,EXECUTE,pullback_recovery,131237.0,1,1809.03,2021-08-03 09:30:00+00:00
2021-08-03 10:00:00+00:00,long,EXECUTE,pullback_recovery,131241.0,1,1810.68,2021-08-03 10:30:00+00:00
2021-08-03 11:00:00+00:00,long,EXECUTE,pullback_recovery,131245.0,1,1810.28,2021-08-03 11:30:00+00:00
2021-08-03 12:00:00+00:00,long,EXECUTE,pullback_recovery,131250.0,2,1809.33,2021-08-03 12:45:00+00:00
2021-08-03 13:00:00+00:00,long,EXECUTE,pullback_recovery,131253.0,1,1811.22,2021-08-03 13:30:00+00:00
2021-08-03 14:00:00+00:00,long,EXECUTE,pullback_recovery,131257.0,1,1810.22,2021-08-03 14:30:00+00:00
2021-08-04 03:00:00+00:00,short,EXECUTE,pullback_recovery,131305.0,1,1810.35,2021-08-04 03:30:00+00:00
2021-08-04 06:00:00+00:00,short,EXECUTE,pullback_recovery,131317.0,1,1813.87,2021-08-04 06:30:00+00:00
2021-08-04 07:00:00+00:00,short,EXECUTE,pullback_recovery,131321.0,1,1812.28,2021-08-04 07:30:00+00:00
2021-08-04 08:00:00+00:00,short,EXECUTE,pullback_recovery,131325.0,1,1813.46,2021-08-04 08:30:00+00:00
2021-08-04 09:00:00+00:00,short,EXECUTE,pullback_recovery,131330.0,2,1813.62,2021-08-04 09:45:00+00:00
2021-08-04 10:00:00+00:00,short,EXECUTE,pullback_recovery,131333.0,1,1813.32,2021-08-04 10:30:00+00:00
2021-08-04 11:00:00+00:00,long,EXECUTE,pullback_recovery,131338.0,2,1811.82,2021-08-04 11:45:00+00:00
2021-08-04 12:00:00+00:00,long,EXECUTE,pullback_recovery,131343.0,3,1814.76,2021-08-04 13:00:00+00:00
2021-08-04 13:00:00+00:00,long,EXECUTE,pullback_recovery,131345.0,1,1813.8,2021-08-04 13:30:00+00:00
2021-08-04 14:00:00+00:00,long,EXECUTE,pullback_recovery,131349.0,1,1816.19,2021-08-04 14:30:00+00:00
2021-08-05 08:00:00+00:00,long,EXECUTE,pullback_recovery,131420.0,4,1810.06,2021-08-05 09:15:00+00:00
2021-08-05 09:00:00+00:00,long,EXECUTE,pullback_recovery,131422.0,2,1809.81,2021-08-05 09:45:00+00:00
2021-08-05 10:00:00+00:00,long,EXECUTE,pullback_recovery,131425.0,1,1811.79,2021-08-05 10:30:00+00:00
2021-08-05 11:00:00+00:00,long,EXECUTE,pullback_recovery,131431.0,3,1810.9,2021-08-05 12:00:00+00:00
2021-08-05 12:00:00+00:00,long,EXECUTE,pullback_recovery,131433.0,1,1811.0,2021-08-05 12:30:00+00:00
2021-08-05 13:00:00+00:00,long,EXECUTE,pullback_recovery,131437.0,1,1812.49,2021-08-05 13:30:00+00:00
2021-08-05 14:00:00+00:00,long,EXECUTE,pullback_recovery,131441.0,1,1813.97,2021-08-05 14:30:00+00:00
2021-08-06 08:00:00+00:00,long,EXECUTE,pullback_recovery,131511.0,3,1800.43,2021-08-06 09:00:00+00:00
2021-08-06 09:00:00+00:00,long,EXECUTE,pullback_recovery,131513.0,1,1800.32,2021-08-06 09:30:00+00:00
2021-08-06 10:00:00+00:00,long,EXECUTE,pullback_recovery,131517.0,1,1800.71,2021-08-06 10:30:00+00:00
2021-08-06 11:00:00+00:00,long,EXECUTE,pullback_recovery,131522.0,2,1799.91,2021-08-06 11:45:00+00:00
2021-08-06 12:00:00+00:00,long,EXECUTE,pullback_recovery,131525.0,1,1799.04,2021-08-06 12:30:00+00:00
2021-08-06 13:00:00+00:00,long,EXECUTE,pullback_recovery,131531.0,3,1794.87,2021-08-06 14:00:00+00:00
2021-08-06 14:00:00+00:00,long,EXECUTE,pullback_recovery,131534.0,2,1798.74,2021-08-06 14:45:00+00:00
2021-08-10 09:00:00+00:00,long,EXECUTE,pullback_recovery,131697.0,1,1736.21,2021-08-10 09:30:00+00:00
2021-08-10 10:00:00+00:00,long,EXECUTE,pullback_recovery,131702.0,2,1735.88,2021-08-10 10:45:00+00:00
2021-08-10 11:00:00+00:00,long,EXECUTE,pullback_recovery,131706.0,2,1731.25,2021-08-10 11:45:00+00:00
2021-08-10 12:00:00+00:00,long,EXECUTE,pullback_recovery,131709.0,1,1729.65,2021-08-10 12:30:00+00:00
2021-08-10 13:00:00+00:00,long,EXECUTE,pullback_recovery,131715.0,3,1730.71,2021-08-10 14:00:00+00:00
2021-08-13 08:00:00+00:00,long,EXECUTE,pullback_recovery,131970.0,2,1756.69,2021-08-13 08:45:00+00:00
2021-08-13 09:00:00+00:00,long,EXECUTE,pullback_recovery,131980.0,8,1756.68,2021-08-13 11:15:00+00:00
2021-08-13 10:00:00+00:00,long,EXECUTE,pullback_recovery,131978.0,2,1757.64,2021-08-13 10:45:00+00:00
2021-08-13 11:00:00+00:00,long,EXECUTE,pullback_recovery,131982.0,2,1756.32,2021-08-13 11:45:00+00:00
2021-08-13 12:00:00+00:00,long,EXECUTE,pullback_recovery,131985.0,1,1757.48,2021-08-13 12:30:00+00:00
2021-08-13 13:00:00+00:00,long,EXECUTE,pullback_recovery,131989.0,1,1759.9,2021-08-13 13:30:00+00:00
2021-08-13 14:00:00+00:00,long,EXECUTE,pullback_recovery,131993.0,1,1759.47,2021-08-13 14:30:00+00:00
2021-08-16 08:00:00+00:00,long,EXECUTE,pullback_recovery,132061.0,1,1774.15,2021-08-16 08:30:00+00:00
2021-08-16 09:00:00+00:00,short,EXECUTE,pullback_recovery,132066.0,2,1773.27,2021-08-16 09:45:00+00:00
2021-08-16 10:00:00+00:00,short,EXECUTE,pullback_recovery,132070.0,2,1775.57,2021-08-16 10:45:00+00:00
2021-08-16 11:00:00+00:00,short,EXECUTE,pullback_recovery,132075.0,3,1776.02,2021-08-16 12:00:00+00:00
2021-08-16 12:00:00+00:00,short,EXECUTE,pullback_recovery,132080.0,4,1776.02,2021-08-16 13:15:00+00:00
2021-08-16 13:00:00+00:00,short,EXECUTE,pullback_recovery,132083.0,3,1774.74,2021-08-16 14:00:00+00:00
2021-08-16 14:00:00+00:00,long,EXECUTE,pullback_recovery,132086.0,2,1772.68,2021-08-16 14:45:00+00:00
2021-08-17 09:00:00+00:00,short,EXECUTE,pullback_recovery,132157.0,1,1791.75,2021-08-17 09:30:00+00:00
2021-08-17 10:00:00+00:00,short,EXECUTE,pullback_recovery,132162.0,2,1794.03,2021-08-17 10:45:00+00:00
2021-08-17 11:00:00+00:00,short,EXECUTE,pullback_recovery,132171.0,7,1793.91,2021-08-17 13:00:00+00:00
2021-08-17 12:00:00+00:00,short,EXECUTE,pullback_recovery,132171.0,3,1793.91,2021-08-17 13:00:00+00:00
2021-08-17 13:00:00+00:00,short,EXECUTE,pullback_recovery,132175.0,3,1794.97,2021-08-17 14:00:00+00:00
2021-08-17 14:00:00+00:00,short,EXECUTE,pullback_recovery,132179.0,3,1791.33,2021-08-17 15:00:00+00:00
2021-08-17 15:00:00+00:00,short,EXECUTE,pullback_recovery,132182.0,2,1790.16,2021-08-17 15:45:00+00:00
2021-08-18 07:00:00+00:00,short,EXECUTE,pullback_recovery,132242.0,2,1789.16,2021-08-18 07:45:00+00:00
2021-08-18 08:00:00+00:00,short,EXECUTE,pullback_recovery,132251.0,7,1791.59,2021-08-18 10:00:00+00:00
2021-08-18 09:00:00+00:00,short,EXECUTE,pullback_recovery,132249.0,1,1791.64,2021-08-18 09:30:00+00:00
2021-08-18 10:00:00+00:00,short,EXECUTE,pullback_recovery,132255.0,3,1790.21,2021-08-18 11:00:00+00:00
2021-08-18 11:00:00+00:00,short,EXECUTE,pullback_recovery,132259.0,3,1787.73,2021-08-18 12:00:00+00:00
2021-08-18 12:00:00+00:00,short,EXECUTE,pullback_recovery,132261.0,1,1788.04,2021-08-18 12:30:00+00:00
2021-08-18 13:00:00+00:00,short,EXECUTE,pullback_recovery,132266.0,2,1786.77,2021-08-18 13:45:00+00:00
2021-08-18 14:00:00+00:00,short,EXECUTE,pullback_recovery,132271.0,3,1787.1,2021-08-18 15:00:00+00:00
2021-08-19 08:00:00+00:00,long,EXECUTE,pullback_recovery,132338.0,2,1778.16,2021-08-19 08:45:00+00:00
2021-08-19 10:00:00+00:00,long,EXECUTE,pullback_recovery,132347.0,3,1781.42,2021-08-19 11:00:00+00:00
2021-08-20 07:00:00+00:00,short,EXECUTE,pullback_recovery,132426.0,2,1785.59,2021-08-20 07:45:00+00:00
2021-08-20 09:00:00+00:00,long,EXECUTE,pullback_recovery,132434.0,2,1787.12,2021-08-20 09:45:00+00:00
2021-08-20 10:00:00+00:00,long,INVALIDATE,adverse_move_limit,,11,,
2021-08-20 11:00:00+00:00,long,EXECUTE,pullback_recovery,132443.0,3,1782.54,2021-08-20 12:00:00+00:00
2021-08-20 12:00:00+00:00,long,EXECUTE,pullback_recovery,132447.0,3,1781.68,2021-08-20 13:00:00+00:00
2021-08-20 13:00:00+00:00,long,EXECUTE,pullback_recovery,132449.0,1,1783.17,2021-08-20 13:30:00+00:00
2021-08-20 14:00:00+00:00,long,EXECUTE,pullback_recovery,132455.0,3,1784.65,2021-08-20 15:00:00+00:00
2021-08-23 08:00:00+00:00,long,EXECUTE,pullback_recovery,132524.0,4,1786.12,2021-08-23 09:15:00+00:00
2021-08-23 09:00:00+00:00,long,EXECUTE,pullback_recovery,132525.0,1,1785.94,2021-08-23 09:30:00+00:00
2021-08-23 10:00:00+00:00,long,EXECUTE,pullback_recovery,132529.0,1,1784.95,2021-08-23 10:30:00+00:00
2021-08-23 11:00:00+00:00,long,EXECUTE,pullback_recovery,132535.0,3,1787.92,2021-08-23 12:00:00+00:00
2021-08-23 12:00:00+00:00,long,EXECUTE,pullback_recovery,132539.0,3,1788.09,2021-08-23 13:00:00+00:00
2021-08-23 13:00:00+00:00,long,EXECUTE,pullback_recovery,132543.0,3,1790.32,2021-08-23 14:00:00+00:00
2021-08-23 14:00:00+00:00,long,EXECUTE,pullback_recovery,132545.0,1,1791.63,2021-08-23 14:30:00+00:00
2021-08-24 07:00:00+00:00,short,EXECUTE,pullback_recovery,132612.0,4,1801.86,2021-08-24 08:15:00+00:00
2021-08-24 08:00:00+00:00,short,EXECUTE,pullback_recovery,132615.0,3,1803.1,2021-08-24 09:00:00+00:00
2021-08-24 09:00:00+00:00,short,EXECUTE,pullback_recovery,132617.0,1,1804.01,2021-08-24 09:30:00+00:00
2021-08-24 10:00:00+00:00,short,EXECUTE,pullback_recovery,132621.0,1,1802.13,2021-08-24 10:30:00+00:00
2021-08-24 11:00:00+00:00,short,EXECUTE,pullback_recovery,132626.0,2,1801.15,2021-08-24 11:45:00+00:00
2021-08-24 12:00:00+00:00,short,EXECUTE,pullback_recovery,132630.0,2,1803.21,2021-08-24 12:45:00+00:00
2021-08-24 13:00:00+00:00,short,EXECUTE,pullback_recovery,132633.0,1,1803.83,2021-08-24 13:30:00+00:00
2021-08-24 14:00:00+00:00,short,EXECUTE,pullback_recovery,132637.0,1,1804.62,2021-08-24 14:30:00+00:00
2021-08-24 15:00:00+00:00,short,EXECUTE,pullback_recovery,132643.0,3,1807.81,2021-08-24 16:00:00+00:00
2021-08-25 07:00:00+00:00,short,EXECUTE,pullback_recovery,132701.0,1,1794.25,2021-08-25 07:30:00+00:00
2021-08-25 08:00:00+00:00,long,EXECUTE,pullback_recovery,132705.0,1,1795.06,2021-08-25 08:30:00+00:00
2021-08-25 09:00:00+00:00,long,EXECUTE,pullback_recovery,132711.0,3,1793.47,2021-08-25 10:00:00+00:00
2021-08-25 10:00:00+00:00,long,EXECUTE,pullback_recovery,132714.0,2,1794.01,2021-08-25 10:45:00+00:00
2021-08-25 11:00:00+00:00,long,EXECUTE,pullback_recovery,132718.0,2,1794.61,2021-08-25 11:45:00+00:00
2021-08-25 12:00:00+00:00,long,EXECUTE,pullback_recovery,132721.0,1,1794.52,2021-08-25 12:30:00+00:00
2021-08-25 14:00:00+00:00,long,EXECUTE,pullback_recovery,132730.0,2,1794.48,2021-08-25 14:45:00+00:00
2021-08-26 08:00:00+00:00,long,EXECUTE,pullback_recovery,132799.0,3,1786.3,2021-08-26 09:00:00+00:00
2021-08-26 09:00:00+00:00,long,EXECUTE,pullback_recovery,132802.0,2,1785.29,2021-08-26 09:45:00+00:00
2021-08-26 10:00:00+00:00,long,EXECUTE,pullback_recovery,132805.0,1,1786.57,2021-08-26 10:30:00+00:00
2021-08-26 11:00:00+00:00,long,EXECUTE,pullback_recovery,132809.0,1,1784.49,2021-08-26 11:30:00+00:00
2021-08-26 12:00:00+00:00,long,EXECUTE,pullback_recovery,132813.0,1,1785.07,2021-08-26 12:30:00+00:00
2021-08-26 13:00:00+00:00,long,EXECUTE,pullback_recovery,132817.0,1,1787.08,2021-08-26 13:30:00+00:00
2021-08-26 14:00:00+00:00,long,EXECUTE,pullback_recovery,132822.0,2,1788.96,2021-08-26 14:45:00+00:00
2021-08-27 07:00:00+00:00,short,EXECUTE,pullback_recovery,132888.0,4,1799.67,2021-08-27 08:15:00+00:00
2021-08-27 08:00:00+00:00,short,EXECUTE,pullback_recovery,132890.0,2,1802.12,2021-08-27 08:45:00+00:00
2021-08-27 09:00:00+00:00,short,EXECUTE,pullback_recovery,132894.0,2,1803.6,2021-08-27 09:45:00+00:00
2021-08-27 10:00:00+00:00,short,EXECUTE,pullback_recovery,132897.0,1,1801.63,2021-08-27 10:30:00+00:00
2021-08-30 09:00:00+00:00,short,EXECUTE,pullback_recovery,132985.0,1,1813.94,2021-08-30 09:30:00+00:00
2021-08-30 14:00:00+00:00,long,EXECUTE,pullback_recovery,133005.0,1,1816.86,2021-08-30 14:30:00+00:00
2021-08-31 07:00:00+00:00,short,EXECUTE,pullback_recovery,133069.0,1,1814.74,2021-08-31 07:30:00+00:00
2021-08-31 08:00:00+00:00,short,EXECUTE,pullback_recovery,133075.0,3,1817.07,2021-08-31 09:00:00+00:00
2021-08-31 09:00:00+00:00,long,EXECUTE,pullback_recovery,133079.0,3,1814.78,2021-08-31 10:00:00+00:00
2021-08-31 10:00:00+00:00,short,EXECUTE,pullback_recovery,133081.0,1,1815.4,2021-08-31 10:30:00+00:00
2021-08-31 11:00:00+00:00,short,EXECUTE,pullback_recovery,133086.0,2,1815.17,2021-08-31 11:45:00+00:00
2021-08-31 12:00:00+00:00,short,EXECUTE,pullback_recovery,133089.0,1,1814.25,2021-08-31 12:30:00+00:00
2021-08-31 13:00:00+00:00,long,EXECUTE,pullback_recovery,133095.0,3,1812.34,2021-08-31 14:00:00+00:00
2021-08-31 14:00:00+00:00,long,EXECUTE,pullback_recovery,133098.0,2,1812.7,2021-08-31 14:45:00+00:00
2021-09-01 08:00:00+00:00,long,EXECUTE,pullback_recovery,133166.0,2,1814.43,2021-09-01 08:45:00+00:00
2021-09-01 09:00:00+00:00,long,EXECUTE,pullback_recovery,133169.0,1,1816.03,2021-09-01 09:30:00+00:00
2021-09-01 10:00:00+00:00,long,EXECUTE,pullback_recovery,133177.0,5,1810.84,2021-09-01 11:30:00+00:00
2021-09-01 11:00:00+00:00,long,EXECUTE,pullback_recovery,133177.0,1,1810.84,2021-09-01 11:30:00+00:00
2021-09-01 12:00:00+00:00,long,EXECUTE,pullback_recovery,133181.0,1,1812.21,2021-09-01 12:30:00+00:00
2021-09-01 13:00:00+00:00,short,EXECUTE,pullback_recovery,133185.0,1,1813.15,2021-09-01 13:30:00+00:00
2021-09-01 14:00:00+00:00,short,EXECUTE,pullback_recovery,133189.0,1,1813.19,2021-09-01 14:30:00+00:00
2021-09-02 07:00:00+00:00,short,EXECUTE,pullback_recovery,133254.0,2,1811.04,2021-09-02 07:45:00+00:00
2021-09-02 08:00:00+00:00,short,EXECUTE,pullback_recovery,133260.0,4,1814.08,2021-09-02 09:15:00+00:00
2021-09-02 09:00:00+00:00,short,EXECUTE,pullback_recovery,133267.0,7,1814.68,2021-09-02 11:00:00+00:00
2021-09-02 10:00:00+00:00,short,EXECUTE,pullback_recovery,133267.0,3,1814.68,2021-09-02 11:00:00+00:00
2021-09-02 11:00:00+00:00,short,EXECUTE,pullback_recovery,133271.0,3,1815.7,2021-09-02 12:00:00+00:00
2021-09-03 07:00:00+00:00,short,EXECUTE,pullback_recovery,133345.0,1,1811.67,2021-09-03 07:30:00+00:00
2021-09-03 08:00:00+00:00,short,EXECUTE,pullback_recovery,133351.0,3,1812.63,2021-09-03 09:00:00+00:00
2021-09-03 09:00:00+00:00,short,EXECUTE,pullback_recovery,133353.0,1,1813.1,2021-09-03 09:30:00+00:00
2021-09-03 10:00:00+00:00,short,EXECUTE,pullback_recovery,133358.0,2,1811.88,2021-09-03 10:45:00+00:00
2021-09-03 11:00:00+00:00,short,EXECUTE,pullback_recovery,133361.0,1,1811.8,2021-09-03 11:30:00+00:00
2021-09-03 12:00:00+00:00,short,EXECUTE,pullback_recovery,133367.0,3,1813.41,2021-09-03 13:00:00+00:00
2021-09-03 13:00:00+00:00,short,EXECUTE,pullback_recovery,133371.0,3,1813.64,2021-09-03 14:00:00+00:00
2021-09-03 14:00:00+00:00,long,EXECUTE,pullback_recovery,133374.0,2,1814.8,2021-09-03 14:45:00+00:00
2021-09-06 08:00:00+00:00,long,EXECUTE,pullback_recovery,133443.0,3,1827.49,2021-09-06 09:00:00+00:00
2021-09-06 09:00:00+00:00,long,EXECUTE,pullback_recovery,133450.0,6,1826.13,2021-09-06 10:45:00+00:00
2021-09-06 10:00:00+00:00,long,EXECUTE,pullback_recovery,133450.0,2,1826.13,2021-09-06 10:45:00+00:00
2021-09-06 11:00:00+00:00,long,EXECUTE,pullback_recovery,133454.0,2,1825.22,2021-09-06 11:45:00+00:00
2021-09-06 12:00:00+00:00,long,EXECUTE,pullback_recovery,133457.0,1,1824.85,2021-09-06 12:30:00+00:00
2021-09-06 13:00:00+00:00,long,EXECUTE,pullback_recovery,133463.0,3,1823.94,2021-09-06 14:00:00+00:00
2021-09-06 14:00:00+00:00,long,EXECUTE,pullback_recovery,133465.0,1,1824.08,2021-09-06 14:30:00+00:00
2021-09-06 15:00:00+00:00,long,EXECUTE,pullback_recovery,133471.0,3,1822.35,2021-09-06 16:00:00+00:00
2021-09-06 16:00:00+00:00,long,EXECUTE,pullback_recovery,133473.0,1,1823.54,2021-09-06 16:30:00+00:00
2021-09-07 03:00:00+00:00,short,EXECUTE,pullback_recovery,133499.0,3,1826.07,2021-09-07 04:00:00+00:00
2021-09-07 04:00:00+00:00,short,EXECUTE,pullback_recovery,133502.0,2,1826.37,2021-09-07 04:45:00+00:00
2021-09-07 05:00:00+00:00,short,EXECUTE,pullback_recovery,133505.0,1,1826.04,2021-09-07 05:30:00+00:00
2021-09-07 08:00:00+00:00,long,EXECUTE,pullback_recovery,133519.0,3,1818.21,2021-09-07 09:00:00+00:00
2021-09-07 09:00:00+00:00,long,EXECUTE,pullback_recovery,133522.0,2,1817.2,2021-09-07 09:45:00+00:00
2021-09-07 10:00:00+00:00,long,INVALIDATE,adverse_move_limit,,4,,
2021-09-07 11:00:00+00:00,long,EXECUTE,pullback_recovery,133529.0,1,1814.45,2021-09-07 11:30:00+00:00
2021-09-07 12:00:00+00:00,long,EXECUTE,pullback_recovery,133535.0,3,1810.38,2021-09-07 13:00:00+00:00
2021-09-07 13:00:00+00:00,long,EXECUTE,pullback_recovery,133538.0,2,1810.67,2021-09-07 13:45:00+00:00
2021-09-07 14:00:00+00:00,long,EXECUTE,pullback_recovery,133541.0,1,1810.01,2021-09-07 14:30:00+00:00
2021-09-08 08:00:00+00:00,short,EXECUTE,pullback_recovery,133610.0,2,1796.68,2021-09-08 08:45:00+00:00
2021-09-08 09:00:00+00:00,short,EXECUTE,pullback_recovery,133613.0,1,1795.27,2021-09-08 09:30:00+00:00
2021-09-08 10:00:00+00:00,long,EXECUTE,pullback_recovery,133617.0,1,1799.15,2021-09-08 10:30:00+00:00
2021-09-08 11:00:00+00:00,long,EXECUTE,pullback_recovery,133621.0,1,1798.51,2021-09-08 11:30:00+00:00
2021-09-08 12:00:00+00:00,long,EXECUTE,pullback_recovery,133635.0,11,1796.76,2021-09-08 15:00:00+00:00
2021-09-08 13:00:00+00:00,long,EXECUTE,pullback_recovery,133629.0,1,1797.33,2021-09-08 13:30:00+00:00
2021-09-08 14:00:00+00:00,long,EXECUTE,pullback_recovery,133635.0,3,1796.76,2021-09-08 15:00:00+00:00
2021-09-09 07:00:00+00:00,short,EXECUTE,pullback_recovery,133697.0,1,1787.98,2021-09-09 07:30:00+00:00
2021-09-09 08:00:00+00:00,short,EXECUTE,pullback_recovery,133701.0,1,1787.32,2021-09-09 08:30:00+00:00
2021-09-09 09:00:00+00:00,long,EXECUTE,pullback_recovery,133705.0,1,1788.04,2021-09-09 09:30:00+00:00
2021-09-09 10:00:00+00:00,short,EXECUTE,pullback_recovery,133711.0,3,1792.26,2021-09-09 11:00:00+00:00
2021-09-09 11:00:00+00:00,long,EXECUTE,pullback_recovery,133714.0,2,1794.92,2021-09-09 11:45:00+00:00
2021-09-09 12:00:00+00:00,long,EXECUTE,pullback_recovery,133717.0,1,1794.39,2021-09-09 12:30:00+00:00
2021-09-09 13:00:00+00:00,long,EXECUTE,pullback_recovery,133724.0,4,1796.99,2021-09-09 14:15:00+00:00
2021-09-09 14:00:00+00:00,long,EXECUTE,pullback_recovery,133725.0,1,1799.7,2021-09-09 14:30:00+00:00
2021-09-10 09:00:00+00:00,long,EXECUTE,pullback_recovery,133798.0,2,1802.38,2021-09-10 09:45:00+00:00
2021-09-10 10:00:00+00:00,long,EXECUTE,pullback_recovery,133801.0,1,1801.11,2021-09-10 10:30:00+00:00
2021-09-13 08:00:00+00:00,long,EXECUTE,pullback_recovery,133886.0,2,1792.2,2021-09-13 08:45:00+00:00
2021-09-13 13:00:00+00:00,long,EXECUTE,pullback_recovery,133906.0,2,1787.78,2021-09-13 13:45:00+00:00
2021-09-13 14:00:00+00:00,long,EXECUTE,pullback_recovery,133910.0,2,1789.96,2021-09-13 14:45:00+00:00
2021-09-14 07:00:00+00:00,long,EXECUTE,pullback_recovery,133975.0,3,1790.72,2021-09-14 08:00:00+00:00
2021-09-14 08:00:00+00:00,long,EXECUTE,pullback_recovery,133978.0,2,1793.0,2021-09-14 08:45:00+00:00
2021-09-14 09:00:00+00:00,long,EXECUTE,pullback_recovery,133981.0,1,1792.38,2021-09-14 09:30:00+00:00
2021-09-14 10:00:00+00:00,long,EXECUTE,pullback_recovery,133986.0,2,1790.43,2021-09-14 10:45:00+00:00
2021-09-14 11:00:00+00:00,long,EXECUTE,pullback_recovery,133989.0,1,1790.25,2021-09-14 11:30:00+00:00
2021-09-14 12:00:00+00:00,long,EXECUTE,pullback_recovery,133994.0,2,1788.42,2021-09-14 12:45:00+00:00
2021-09-14 13:00:00+00:00,long,EXECUTE,pullback_recovery,133997.0,1,1787.49,2021-09-14 13:30:00+00:00
2021-09-14 14:00:00+00:00,long,EXECUTE,pullback_recovery,134003.0,3,1784.36,2021-09-14 15:00:00+00:00
2021-09-15 07:00:00+00:00,long,EXECUTE,pullback_recovery,134065.0,1,1803.6,2021-09-15 07:30:00+00:00
2021-09-15 08:00:00+00:00,long,EXECUTE,pullback_recovery,134070.0,2,1803.1,2021-09-15 08:45:00+00:00
2021-09-15 09:00:00+00:00,long,EXECUTE,pullback_recovery,134075.0,3,1800.29,2021-09-15 10:00:00+00:00
2021-09-15 14:00:00+00:00,long,EXECUTE,pullback_recovery,134093.0,1,1802.82,2021-09-15 14:30:00+00:00
2021-09-16 07:00:00+00:00,short,EXECUTE,pullback_recovery,134159.0,3,1790.94,2021-09-16 08:00:00+00:00
2021-09-16 08:00:00+00:00,short,INVALIDATE,adverse_move_limit,,0,,
2021-09-16 09:00:00+00:00,short,EXECUTE,pullback_recovery,134165.0,1,1785.29,2021-09-16 09:30:00+00:00
2021-09-16 10:00:00+00:00,long,EXECUTE,pullback_recovery,134169.0,1,1786.12,2021-09-16 10:30:00+00:00
2021-09-16 11:00:00+00:00,long,EXECUTE,pullback_recovery,134174.0,2,1784.61,2021-09-16 11:45:00+00:00
2021-09-17 11:00:00+00:00,long,EXECUTE,pullback_recovery,134266.0,2,1764.02,2021-09-17 11:45:00+00:00
2021-09-17 12:00:00+00:00,long,EXECUTE,pullback_recovery,134271.0,3,1765.93,2021-09-17 13:00:00+00:00
2021-09-17 13:00:00+00:00,long,EXECUTE,pullback_recovery,134276.0,4,1761.0,2021-09-17 14:15:00+00:00
2021-09-17 14:00:00+00:00,long,EXECUTE,pullback_recovery,134279.0,3,1759.76,2021-09-17 15:00:00+00:00
2021-09-20 09:00:00+00:00,long,EXECUTE,pullback_recovery,134350.0,2,1752.2,2021-09-20 09:45:00+00:00
2021-09-20 10:00:00+00:00,long,EXECUTE,pullback_recovery,134355.0,3,1754.16,2021-09-20 11:00:00+00:00
2021-09-20 11:00:00+00:00,long,EXECUTE,pullback_recovery,134358.0,2,1756.36,2021-09-20 11:45:00+00:00
2021-09-20 12:00:00+00:00,long,EXECUTE,pullback_recovery,134362.0,2,1759.07,2021-09-20 12:45:00+00:00
2021-09-20 13:00:00+00:00,long,EXECUTE,pullback_recovery,134368.0,4,1756.57,2021-09-20 14:15:00+00:00
2021-09-20 14:00:00+00:00,long,EXECUTE,pullback_recovery,134371.0,3,1755.57,2021-09-20 15:00:00+00:00
2021-09-21 14:00:00+00:00,short,EXECUTE,pullback_recovery,134463.0,3,1767.98,2021-09-21 15:00:00+00:00
2021-09-22 10:00:00+00:00,long,EXECUTE,pullback_recovery,134539.0,3,1777.12,2021-09-22 11:00:00+00:00
2021-09-22 11:00:00+00:00,long,EXECUTE,pullback_recovery,134542.0,2,1775.79,2021-09-22 11:45:00+00:00
2021-09-22 12:00:00+00:00,long,EXECUTE,pullback_recovery,134547.0,3,1776.36,2021-09-22 13:00:00+00:00
2021-09-22 13:00:00+00:00,long,EXECUTE,pullback_recovery,134551.0,3,1774.44,2021-09-22 14:00:00+00:00
2021-09-22 14:00:00+00:00,long,EXECUTE,pullback_recovery,134555.0,3,1772.4,2021-09-22 15:00:00+00:00
2021-09-22 15:00:00+00:00,long,EXECUTE,pullback_recovery,134557.0,1,1774.24,2021-09-22 15:30:00+00:00
2021-09-24 07:00:00+00:00,short,EXECUTE,pullback_recovery,134710.0,2,1750.84,2021-09-24 07:45:00+00:00
2021-09-24 08:00:00+00:00,short,EXECUTE,pullback_recovery,134717.0,5,1755.32,2021-09-24 09:30:00+00:00
2021-09-24 12:00:00+00:00,long,EXECUTE,pullback_recovery,134731.0,3,1754.18,2021-09-24 13:00:00+00:00
2021-09-24 13:00:00+00:00,long,EXECUTE,pullback_recovery,134733.0,1,1755.66,2021-09-24 13:30:00+00:00
2021-09-24 14:00:00+00:00,long,EXECUTE,pullback_recovery,134740.0,4,1750.1,2021-09-24 15:15:00+00:00
2021-09-27 08:00:00+00:00,long,EXECUTE,pullback_recovery,134805.0,1,1758.99,2021-09-27 08:30:00+00:00
2021-09-27 09:00:00+00:00,long,EXECUTE,pullback_recovery,134810.0,2,1758.6,2021-09-27 09:45:00+00:00
2021-09-27 10:00:00+00:00,long,INVALIDATE,adverse_move_limit,,10,,
2021-09-27 11:00:00+00:00,long,EXECUTE,pullback_recovery,134818.0,2,1750.8,2021-09-27 11:45:00+00:00
2021-09-27 13:00:00+00:00,long,EXECUTE,pullback_recovery,134825.0,1,1748.76,2021-09-27 13:30:00+00:00
2021-09-27 14:00:00+00:00,long,EXECUTE,pullback_recovery,134830.0,2,1749.42,2021-09-27 14:45:00+00:00
2021-09-28 08:00:00+00:00,long,EXECUTE,pullback_recovery,134899.0,3,1748.45,2021-09-28 09:00:00+00:00
2021-09-28 09:00:00+00:00,long,EXECUTE,pullback_recovery,134903.0,3,1740.66,2021-09-28 10:00:00+00:00
2021-09-28 10:00:00+00:00,long,EXECUTE,pullback_recovery,134905.0,1,1742.27,2021-09-28 10:30:00+00:00
2021-09-28 11:00:00+00:00,long,EXECUTE,pullback_recovery,134910.0,2,1742.71,2021-09-28 11:45:00+00:00
2021-09-29 07:00:00+00:00,short,EXECUTE,pullback_recovery,134986.0,2,1737.88,2021-09-29 07:45:00+00:00
2021-09-29 08:00:00+00:00,short,EXECUTE,pullback_recovery,134989.0,1,1738.96,2021-09-29 08:30:00+00:00
2021-09-29 09:00:00+00:00,short,EXECUTE,pullback_recovery,134996.0,4,1737.56,2021-09-29 10:15:00+00:00
2021-09-30 09:00:00+00:00,long,EXECUTE,pullback_recovery,135086.0,2,1728.66,2021-09-30 09:45:00+00:00
2021-09-30 10:00:00+00:00,long,EXECUTE,pullback_recovery,135089.0,1,1730.87,2021-09-30 10:30:00+00:00
2021-09-30 11:00:00+00:00,long,EXECUTE,pullback_recovery,135095.0,3,1732.62,2021-09-30 12:00:00+00:00
2021-09-30 12:00:00+00:00,long,EXECUTE,pullback_recovery,135099.0,3,1729.17,2021-09-30 13:00:00+00:00
2021-09-30 14:00:00+00:00,long,EXECUTE,pullback_recovery,135105.0,1,1724.6,2021-09-30 14:30:00+00:00
2021-10-01 13:00:00+00:00,long,EXECUTE,pullback_recovery,135196.0,4,1753.93,2021-10-01 14:15:00+00:00
2021-10-01 14:00:00+00:00,long,EXECUTE,pullback_recovery,135197.0,1,1754.06,2021-10-01 14:30:00+00:00
2021-10-01 15:00:00+00:00,short,EXECUTE,pullback_recovery,135203.0,3,1756.44,2021-10-01 16:00:00+00:00
2021-10-04 08:00:00+00:00,long,EXECUTE,pullback_recovery,135265.0,1,1761.27,2021-10-04 08:30:00+00:00
2021-10-04 09:00:00+00:00,long,EXECUTE,pullback_recovery,135270.0,2,1758.22,2021-10-04 09:45:00+00:00
2021-10-04 10:00:00+00:00,long,EXECUTE,pullback_recovery,135274.0,2,1754.07,2021-10-04 10:45:00+00:00
2021-10-04 11:00:00+00:00,long,EXECUTE,pullback_recovery,135279.0,3,1751.37,2021-10-04 12:00:00+00:00
2021-10-04 12:00:00+00:00,long,EXECUTE,pullback_recovery,135283.0,3,1750.67,2021-10-04 13:00:00+00:00
2021-10-04 13:00:00+00:00,long,EXECUTE,pullback_recovery,135285.0,1,1750.4,2021-10-04 13:30:00+00:00
2021-10-04 14:00:00+00:00,long,EXECUTE,pullback_recovery,135291.0,3,1753.43,2021-10-04 15:00:00+00:00
2021-10-05 09:00:00+00:00,long,EXECUTE,pullback_recovery,135362.0,2,1758.38,2021-10-05 09:45:00+00:00
2021-10-05 10:00:00+00:00,short,EXECUTE,pullback_recovery,135365.0,1,1759.71,2021-10-05 10:30:00+00:00
2021-10-05 12:00:00+00:00,short,EXECUTE,pullback_recovery,135374.0,2,1757.82,2021-10-05 12:45:00+00:00
2021-10-05 13:00:00+00:00,short,EXECUTE,pullback_recovery,135379.0,3,1754.12,2021-10-05 14:00:00+00:00
2021-10-05 14:00:00+00:00,long,EXECUTE,pullback_recovery,135381.0,1,1756.0,2021-10-05 14:30:00+00:00
2021-10-06 08:00:00+00:00,long,EXECUTE,pullback_recovery,135452.0,4,1753.59,2021-10-06 09:15:00+00:00
2021-10-06 09:00:00+00:00,long,EXECUTE,pullback_recovery,135453.0,1,1751.87,2021-10-06 09:30:00+00:00
2021-10-06 10:00:00+00:00,long,EXECUTE,pullback_recovery,135459.0,3,1747.73,2021-10-06 11:00:00+00:00
2021-10-06 11:00:00+00:00,long,EXECUTE,pullback_recovery,135461.0,1,1747.34,2021-10-06 11:30:00+00:00
2021-10-06 12:00:00+00:00,long,EXECUTE,pullback_recovery,135465.0,1,1748.67,2021-10-06 12:30:00+00:00
2021-10-06 13:00:00+00:00,long,EXECUTE,pullback_recovery,135469.0,1,1750.12,2021-10-06 13:30:00+00:00
2021-10-08 07:00:00+00:00,short,EXECUTE,pullback_recovery,135630.0,2,1757.1,2021-10-08 07:45:00+00:00
2021-10-08 08:00:00+00:00,long,EXECUTE,pullback_recovery,135634.0,2,1758.28,2021-10-08 08:45:00+00:00
2021-10-08 09:00:00+00:00,long,EXECUTE,pullback_recovery,135639.0,3,1758.4,2021-10-08 10:00:00+00:00
2021-10-08 10:00:00+00:00,long,EXECUTE,pullback_recovery,135642.0,2,1756.48,2021-10-08 10:45:00+00:00
2021-10-08 11:00:00+00:00,long,EXECUTE,pullback_recovery,135645.0,1,1755.47,2021-10-08 11:30:00+00:00
2021-10-08 12:00:00+00:00,long,EXECUTE,pullback_recovery,135650.0,2,1759.09,2021-10-08 12:45:00+00:00
2021-10-08 13:00:00+00:00,long,EXECUTE,pullback_recovery,135653.0,1,1759.53,2021-10-08 13:30:00+00:00
2021-10-08 14:00:00+00:00,long,EXECUTE,pullback_recovery,135658.0,2,1761.54,2021-10-08 14:45:00+00:00
2021-10-11 09:00:00+00:00,long,EXECUTE,pullback_recovery,135730.0,2,1755.38,2021-10-11 09:45:00+00:00
2021-10-11 11:00:00+00:00,long,EXECUTE,pullback_recovery,135742.0,6,1753.49,2021-10-11 12:45:00+00:00
2021-10-11 12:00:00+00:00,long,EXECUTE,pullback_recovery,135742.0,2,1753.49,2021-10-11 12:45:00+00:00
2021-10-11 13:00:00+00:00,long,EXECUTE,pullback_recovery,135748.0,4,1753.87,2021-10-11 14:15:00+00:00
2021-10-12 07:00:00+00:00,short,EXECUTE,pullback_recovery,135813.0,1,1756.79,2021-10-12 07:30:00+00:00
2021-10-12 08:00:00+00:00,long,EXECUTE,pullback_recovery,135818.0,2,1761.61,2021-10-12 08:45:00+00:00
2021-10-12 09:00:00+00:00,short,EXECUTE,pullback_recovery,135822.0,2,1760.51,2021-10-12 09:45:00+00:00
2021-10-12 10:00:00+00:00,long,EXECUTE,pullback_recovery,135829.0,5,1757.74,2021-10-12 11:30:00+00:00
2021-10-12 11:00:00+00:00,long,EXECUTE,pullback_recovery,135829.0,1,1757.74,2021-10-12 11:30:00+00:00
2021-10-12 12:00:00+00:00,short,EXECUTE,pullback_recovery,135833.0,1,1760.06,2021-10-12 12:30:00+00:00
2021-10-12 13:00:00+00:00,short,EXECUTE,pullback_recovery,135839.0,3,1762.26,2021-10-12 14:00:00+00:00
2021-10-13 07:00:00+00:00,short,EXECUTE,pullback_recovery,135906.0,2,1761.81,2021-10-13 07:45:00+00:00
2021-10-13 08:00:00+00:00,short,EXECUTE,pullback_recovery,135911.0,3,1762.42,2021-10-13 09:00:00+00:00
2021-10-13 09:00:00+00:00,short,EXECUTE,pullback_recovery,135913.0,1,1762.21,2021-10-13 09:30:00+00:00
2021-10-13 10:00:00+00:00,short,EXECUTE,pullback_recovery,135919.0,3,1764.96,2021-10-13 11:00:00+00:00
2021-10-13 11:00:00+00:00,short,EXECUTE,pullback_recovery,135921.0,1,1767.28,2021-10-13 11:30:00+00:00
2021-10-13 12:00:00+00:00,short,EXECUTE,pullback_recovery,135925.0,1,1767.26,2021-10-13 12:30:00+00:00
2021-10-13 13:00:00+00:00,long,EXECUTE,pullback_recovery,135931.0,3,1773.19,2021-10-13 14:00:00+00:00
2021-10-13 14:00:00+00:00,long,EXECUTE,pullback_recovery,135935.0,3,1773.66,2021-10-13 15:00:00+00:00
2021-10-14 09:00:00+00:00,long,EXECUTE,pullback_recovery,136006.0,2,1793.9,2021-10-14 09:45:00+00:00
2021-10-14 10:00:00+00:00,long,EXECUTE,pullback_recovery,136010.0,2,1793.7,2021-10-14 10:45:00+00:00
2021-10-14 11:00:00+00:00,long,EXECUTE,pullback_recovery,136013.0,1,1795.76,2021-10-14 11:30:00+00:00
2021-10-14 12:00:00+00:00,long,EXECUTE,pullback_recovery,136018.0,2,1796.54,2021-10-14 12:45:00+00:00
2021-10-14 13:00:00+00:00,long,EXECUTE,pullback_recovery,136023.0,3,1799.75,2021-10-14 14:00:00+00:00
2021-10-14 14:00:00+00:00,long,EXECUTE,pullback_recovery,136028.0,4,1795.55,2021-10-14 15:15:00+00:00
2021-10-15 07:00:00+00:00,short,EXECUTE,pullback_recovery,136091.0,3,1794.21,2021-10-15 08:00:00+00:00
2021-10-15 08:00:00+00:00,short,EXECUTE,pullback_recovery,136093.0,1,1792.86,2021-10-15 08:30:00+00:00
2021-10-15 09:00:00+00:00,short,EXECUTE,pullback_recovery,136097.0,1,1791.17,2021-10-15 09:30:00+00:00
2021-10-15 10:00:00+00:00,long,EXECUTE,pullback_recovery,136103.0,3,1786.64,2021-10-15 11:00:00+00:00
2021-10-15 11:00:00+00:00,long,INVALIDATE,adverse_move_limit,,5,,
2021-10-15 12:00:00+00:00,long,EXECUTE,pullback_recovery,136109.0,1,1782.63,2021-10-15 12:30:00+00:00
2021-10-15 13:00:00+00:00,long,EXECUTE,pullback_recovery,136116.0,4,1781.68,2021-10-15 14:15:00+00:00
2021-10-15 14:00:00+00:00,long,EXECUTE,pullback_recovery,136119.0,3,1778.12,2021-10-15 15:00:00+00:00
2021-10-18 08:00:00+00:00,long,EXECUTE,pullback_recovery,136186.0,2,1768.68,2021-10-18 08:45:00+00:00
2021-10-18 09:00:00+00:00,long,EXECUTE,pullback_recovery,136189.0,1,1764.08,2021-10-18 09:30:00+00:00
2021-10-18 10:00:00+00:00,long,EXECUTE,pullback_recovery,136193.0,1,1764.44,2021-10-18 10:30:00+00:00
2021-10-18 11:00:00+00:00,long,EXECUTE,pullback_recovery,136197.0,1,1761.9,2021-10-18 11:30:00+00:00
2021-10-18 12:00:00+00:00,long,EXECUTE,pullback_recovery,136202.0,2,1762.33,2021-10-18 12:45:00+00:00
2021-10-18 13:00:00+00:00,long,EXECUTE,pullback_recovery,136205.0,1,1761.51,2021-10-18 13:30:00+00:00
2021-10-18 14:00:00+00:00,long,EXECUTE,pullback_recovery,136210.0,2,1762.71,2021-10-18 14:45:00+00:00
2021-10-19 08:00:00+00:00,long,EXECUTE,pullback_recovery,136279.0,3,1777.42,2021-10-19 09:00:00+00:00
2021-10-19 09:00:00+00:00,long,EXECUTE,pullback_recovery,136281.0,1,1777.41,2021-10-19 09:30:00+00:00
2021-10-19 10:00:00+00:00,long,EXECUTE,pullback_recovery,136286.0,2,1782.21,2021-10-19 10:45:00+00:00
2021-10-19 11:00:00+00:00,long,EXECUTE,pullback_recovery,136294.0,6,1780.1,2021-10-19 12:45:00+00:00
2021-10-19 12:00:00+00:00,long,EXECUTE,pullback_recovery,136294.0,2,1780.1,2021-10-19 12:45:00+00:00
2021-10-19 13:00:00+00:00,short,EXECUTE,pullback_recovery,136297.0,1,1779.01,2021-10-19 13:30:00+00:00
2021-10-19 14:00:00+00:00,short,EXECUTE,pullback_recovery,136303.0,3,1780.3,2021-10-19 15:00:00+00:00
2021-10-20 08:00:00+00:00,long,EXECUTE,pullback_recovery,136371.0,3,1776.39,2021-10-20 09:00:00+00:00
2021-10-20 09:00:00+00:00,long,EXECUTE,pullback_recovery,136373.0,1,1775.69,2021-10-20 09:30:00+00:00
2021-10-20 10:00:00+00:00,long,EXECUTE,pullback_recovery,136377.0,1,1776.32,2021-10-20 10:30:00+00:00
2021-10-20 11:00:00+00:00,long,EXECUTE,pullback_recovery,136382.0,2,1778.85,2021-10-20 11:45:00+00:00
2021-10-20 12:00:00+00:00,long,EXECUTE,pullback_recovery,136387.0,3,1778.71,2021-10-20 13:00:00+00:00
2021-10-20 13:00:00+00:00,long,EXECUTE,pullback_recovery,136389.0,1,1779.09,2021-10-20 13:30:00+00:00
2021-10-20 14:00:00+00:00,long,EXECUTE,pullback_recovery,136393.0,1,1779.36,2021-10-20 14:30:00+00:00
2021-10-21 08:00:00+00:00,long,EXECUTE,pullback_recovery,136462.0,2,1784.33,2021-10-21 08:45:00+00:00
2021-10-21 09:00:00+00:00,long,EXECUTE,pullback_recovery,136467.0,3,1783.4,2021-10-21 10:00:00+00:00
2021-10-21 10:00:00+00:00,long,EXECUTE,pullback_recovery,136469.0,1,1782.21,2021-10-21 10:30:00+00:00
2021-10-21 12:00:00+00:00,long,EXECUTE,pullback_recovery,136478.0,2,1786.78,2021-10-21 12:45:00+00:00
2021-10-21 13:00:00+00:00,long,EXECUTE,pullback_recovery,136483.0,3,1784.2,2021-10-21 14:00:00+00:00
2021-10-21 14:00:00+00:00,long,EXECUTE,pullback_recovery,136486.0,2,1778.74,2021-10-21 14:45:00+00:00
2021-10-22 07:00:00+00:00,short,EXECUTE,pullback_recovery,136549.0,1,1786.84,2021-10-22 07:30:00+00:00
2021-10-22 08:00:00+00:00,long,INVALIDATE,max_wait_exceeded,,16,,
2021-10-22 09:00:00+00:00,long,INVALIDATE,adverse_move_limit,,0,,
2021-10-22 10:00:00+00:00,long,EXECUTE,pullback_recovery,136563.0,3,1793.15,2021-10-22 11:00:00+00:00
2021-10-22 11:00:00+00:00,long,EXECUTE,pullback_recovery,136567.0,3,1791.08,2021-10-22 12:00:00+00:00
2021-10-22 12:00:00+00:00,long,EXECUTE,pullback_recovery,136570.0,2,1792.0,2021-10-22 12:45:00+00:00
2021-10-22 13:00:00+00:00,long,EXECUTE,pullback_recovery,136576.0,4,1792.89,2021-10-22 14:15:00+00:00
2021-10-22 14:00:00+00:00,long,EXECUTE,pullback_recovery,136578.0,2,1793.21,2021-10-22 14:45:00+00:00
2021-10-25 04:00:00+00:00,long,EXECUTE,pullback_recovery,136629.0,1,1793.94,2021-10-25 04:30:00+00:00
2021-10-25 09:00:00+00:00,long,EXECUTE,pullback_recovery,136651.0,3,1796.47,2021-10-25 10:00:00+00:00
2021-10-25 10:00:00+00:00,long,EXECUTE,pullback_recovery,136653.0,1,1798.85,2021-10-25 10:30:00+00:00
2021-10-25 11:00:00+00:00,long,EXECUTE,pullback_recovery,136659.0,3,1803.09,2021-10-25 12:00:00+00:00
2021-10-25 12:00:00+00:00,long,EXECUTE,pullback_recovery,136662.0,2,1799.4,2021-10-25 12:45:00+00:00
2021-10-25 13:00:00+00:00,long,EXECUTE,pullback_recovery,136666.0,2,1799.6,2021-10-25 13:45:00+00:00
2021-10-25 14:00:00+00:00,long,EXECUTE,pullback_recovery,136669.0,1,1801.9,2021-10-25 14:30:00+00:00
2021-10-26 07:00:00+00:00,short,EXECUTE,pullback_recovery,136738.0,6,1804.0,2021-10-26 08:45:00+00:00
2021-10-26 08:00:00+00:00,short,EXECUTE,pullback_recovery,136737.0,1,1805.0,2021-10-26 08:30:00+00:00
2021-10-26 09:00:00+00:00,short,EXECUTE,pullback_recovery,136741.0,1,1805.07,2021-10-26 09:30:00+00:00
2021-10-26 10:00:00+00:00,short,EXECUTE,pullback_recovery,136745.0,1,1801.5,2021-10-26 10:30:00+00:00
2021-10-26 11:00:00+00:00,short,EXECUTE,pullback_recovery,136749.0,1,1802.21,2021-10-26 11:30:00+00:00
2021-10-26 12:00:00+00:00,short,EXECUTE,pullback_recovery,136755.0,3,1802.93,2021-10-26 13:00:00+00:00
2021-10-26 13:00:00+00:00,short,EXECUTE,pullback_recovery,136757.0,1,1801.89,2021-10-26 13:30:00+00:00
2021-10-26 14:00:00+00:00,short,EXECUTE,pullback_recovery,136762.0,2,1803.1,2021-10-26 14:45:00+00:00
2021-10-27 08:00:00+00:00,long,EXECUTE,pullback_recovery,136831.0,3,1785.76,2021-10-27 09:00:00+00:00
2021-10-27 11:00:00+00:00,long,EXECUTE,pullback_recovery,136842.0,2,1785.64,2021-10-27 11:45:00+00:00
2021-10-27 12:00:00+00:00,long,EXECUTE,pullback_recovery,136846.0,2,1786.96,2021-10-27 12:45:00+00:00
2021-10-28 10:00:00+00:00,short,EXECUTE,pullback_recovery,136931.0,3,1801.87,2021-10-28 11:00:00+00:00
2021-10-28 11:00:00+00:00,short,EXECUTE,pullback_recovery,136935.0,3,1800.73,2021-10-28 12:00:00+00:00
2021-10-29 08:00:00+00:00,long,EXECUTE,pullback_recovery,137014.0,2,1795.96,2021-10-29 08:45:00+00:00
2021-10-29 09:00:00+00:00,long,EXECUTE,pullback_recovery,137019.0,3,1793.16,2021-10-29 10:00:00+00:00
2021-11-02 07:00:00+00:00,short,EXECUTE,pullback_recovery,137199.0,3,1793.54,2021-11-02 08:00:00+00:00
2021-11-02 08:00:00+00:00,long,EXECUTE,pullback_recovery,137203.0,3,1793.61,2021-11-02 09:00:00+00:00
2021-11-02 09:00:00+00:00,long,EXECUTE,pullback_recovery,137207.0,3,1793.84,2021-11-02 10:00:00+00:00
2021-11-02 10:00:00+00:00,long,EXECUTE,pullback_recovery,137210.0,2,1793.26,2021-11-02 10:45:00+00:00
2021-11-02 11:00:00+00:00,long,EXECUTE,pullback_recovery,137213.0,1,1794.62,2021-11-02 11:30:00+00:00
2021-11-02 12:00:00+00:00,long,EXECUTE,pullback_recovery,137218.0,2,1792.06,2021-11-02 12:45:00+00:00
2021-11-02 13:00:00+00:00,long,EXECUTE,pullback_recovery,137223.0,3,1789.82,2021-11-02 14:00:00+00:00
2021-11-02 14:00:00+00:00,long,EXECUTE,pullback_recovery,137226.0,2,1791.67,2021-11-02 14:45:00+00:00
2021-11-03 08:00:00+00:00,long,EXECUTE,pullback_recovery,137293.0,1,1780.48,2021-11-03 08:30:00+00:00
2021-11-03 09:00:00+00:00,long,EXECUTE,pullback_recovery,137299.0,3,1781.63,2021-11-03 10:00:00+00:00
2021-11-03 10:00:00+00:00,long,EXECUTE,pullback_recovery,137303.0,3,1781.59,2021-11-03 11:00:00+00:00
2021-11-03 11:00:00+00:00,long,EXECUTE,pullback_recovery,137305.0,1,1781.8,2021-11-03 11:30:00+00:00
2021-11-03 12:00:00+00:00,long,EXECUTE,pullback_recovery,137310.0,2,1781.96,2021-11-03 12:45:00+00:00
2021-11-03 13:00:00+00:00,long,EXECUTE,pullback_recovery,137313.0,1,1784.87,2021-11-03 13:30:00+00:00
2021-11-03 14:00:00+00:00,long,EXECUTE,pullback_recovery,137318.0,2,1775.93,2021-11-03 14:45:00+00:00
2021-11-04 09:00:00+00:00,long,EXECUTE,pullback_recovery,137389.0,1,1775.27,2021-11-04 09:30:00+00:00
2021-11-04 10:00:00+00:00,long,EXECUTE,pullback_recovery,137393.0,1,1774.56,2021-11-04 10:30:00+00:00
2021-11-04 14:00:00+00:00,long,INVALIDATE,adverse_move_limit,,0,,
2021-11-05 10:00:00+00:00,long,EXECUTE,pullback_recovery,137488.0,4,1796.04,2021-11-05 11:15:00+00:00
2021-11-05 11:00:00+00:00,long,EXECUTE,pullback_recovery,137490.0,2,1794.58,2021-11-05 11:45:00+00:00
2021-11-05 12:00:00+00:00,long,EXECUTE,pullback_recovery,137494.0,2,1794.6,2021-11-05 12:45:00+00:00
2021-11-05 13:00:00+00:00,long,EXECUTE,pullback_recovery,137498.0,2,1793.97,2021-11-05 13:45:00+00:00
2021-11-08 08:00:00+00:00,long,EXECUTE,pullback_recovery,137567.0,3,1816.57,2021-11-08 09:00:00+00:00
2021-11-08 09:00:00+00:00,long,EXECUTE,pullback_recovery,137569.0,1,1816.55,2021-11-08 09:30:00+00:00
2021-11-08 10:00:00+00:00,long,EXECUTE,pullback_recovery,137575.0,3,1813.16,2021-11-08 11:00:00+00:00
2021-11-08 11:00:00+00:00,long,EXECUTE,pullback_recovery,137579.0,3,1815.76,2021-11-08 12:00:00+00:00
2021-11-08 12:00:00+00:00,long,EXECUTE,pullback_recovery,137581.0,1,1816.68,2021-11-08 12:30:00+00:00
2021-11-08 14:00:00+00:00,long,EXECUTE,pullback_recovery,137590.0,2,1818.27,2021-11-08 14:45:00+00:00
2021-11-09 07:00:00+00:00,short,EXECUTE,pullback_recovery,137655.0,3,1824.52,2021-11-09 08:00:00+00:00
2021-11-09 08:00:00+00:00,long,EXECUTE,pullback_recovery,137659.0,3,1823.73,2021-11-09 09:00:00+00:00
2021-11-09 09:00:00+00:00,long,EXECUTE,pullback_recovery,137663.0,3,1819.99,2021-11-09 10:00:00+00:00
2021-11-09 10:00:00+00:00,long,EXECUTE,pullback_recovery,137666.0,2,1824.83,2021-11-09 10:45:00+00:00
2021-11-09 11:00:00+00:00,short,EXECUTE,pullback_recovery,137670.0,2,1825.49,2021-11-09 11:45:00+00:00
2021-11-09 12:00:00+00:00,short,EXECUTE,pullback_recovery,137674.0,2,1824.46,2021-11-09 12:45:00+00:00
2021-11-09 13:00:00+00:00,long,EXECUTE,pullback_recovery,137679.0,3,1823.78,2021-11-09 14:00:00+00:00
2021-11-09 14:00:00+00:00,long,EXECUTE,pullback_recovery,137681.0,1,1824.45,2021-11-09 14:30:00+00:00
2021-11-10 07:00:00+00:00,short,EXECUTE,pullback_recovery,137746.0,2,1825.06,2021-11-10 07:45:00+00:00
2021-11-10 08:00:00+00:00,short,EXECUTE,pullback_recovery,137751.0,3,1826.19,2021-11-10 09:00:00+00:00
2021-11-10 09:00:00+00:00,short,EXECUTE,pullback_recovery,137754.0,2,1823.73,2021-11-10 09:45:00+00:00
2021-11-10 10:00:00+00:00,short,EXECUTE,pullback_recovery,137759.0,3,1825.49,2021-11-10 11:00:00+00:00
2021-11-10 11:00:00+00:00,short,EXECUTE,pullback_recovery,137762.0,2,1825.14,2021-11-10 11:45:00+00:00
2021-11-10 12:00:00+00:00,long,EXECUTE,pullback_recovery,137769.0,5,1823.87,2021-11-10 13:30:00+00:00
2021-11-10 13:00:00+00:00,long,EXECUTE,pullback_recovery,137769.0,1,1823.87,2021-11-10 13:30:00+00:00
2021-11-10 14:00:00+00:00,short,EXECUTE,pullback_recovery,137777.0,5,1826.63,2021-11-10 15:30:00+00:00
2021-11-11 09:00:00+00:00,long,EXECUTE,pullback_recovery,137846.0,2,1855.61,2021-11-11 09:45:00+00:00
2021-11-11 10:00:00+00:00,long,EXECUTE,pullback_recovery,137849.0,1,1858.41,2021-11-11 10:30:00+00:00
2021-11-11 11:00:00+00:00,long,EXECUTE,pullback_recovery,137853.0,1,1862.04,2021-11-11 11:30:00+00:00
2021-11-11 12:00:00+00:00,long,EXECUTE,pullback_recovery,137858.0,2,1861.56,2021-11-11 12:45:00+00:00
2021-11-12 08:00:00+00:00,short,EXECUTE,pullback_recovery,137934.0,2,1857.74,2021-11-12 08:45:00+00:00
2021-11-16 07:00:00+00:00,short,EXECUTE,pullback_recovery,138113.0,1,1866.42,2021-11-16 07:30:00+00:00
2021-11-16 08:00:00+00:00,short,EXECUTE,pullback_recovery,138118.0,2,1865.65,2021-11-16 08:45:00+00:00
2021-11-16 09:00:00+00:00,short,EXECUTE,pullback_recovery,138121.0,1,1863.42,2021-11-16 09:30:00+00:00
2021-11-16 13:00:00+00:00,short,EXECUTE,pullback_recovery,138139.0,3,1873.72,2021-11-16 14:00:00+00:00
2021-11-16 16:00:00+00:00,long,EXECUTE,pullback_recovery,138152.0,4,1862.16,2021-11-16 17:15:00+00:00
2021-11-16 17:00:00+00:00,long,EXECUTE,pullback_recovery,138156.0,4,1861.03,2021-11-16 18:15:00+00:00
2021-11-16 18:00:00+00:00,long,EXECUTE,pullback_recovery,138157.0,1,1855.43,2021-11-16 18:30:00+00:00
2021-11-16 19:00:00+00:00,long,EXECUTE,pullback_recovery,138163.0,3,1852.07,2021-11-16 20:00:00+00:00
2021-11-16 20:00:00+00:00,long,EXECUTE,pullback_recovery,138167.0,3,1850.01,2021-11-16 21:00:00+00:00
2021-11-16 21:00:00+00:00,long,EXECUTE,pullback_recovery,138171.0,3,1851.25,2021-11-16 22:00:00+00:00
2021-11-17 07:00:00+00:00,long,EXECUTE,pullback_recovery,138206.0,2,1852.69,2021-11-17 07:45:00+00:00
2021-11-17 08:00:00+00:00,long,EXECUTE,pullback_recovery,138209.0,1,1854.29,2021-11-17 08:30:00+00:00
2021-11-17 09:00:00+00:00,long,EXECUTE,pullback_recovery,138213.0,1,1857.04,2021-11-17 09:30:00+00:00
2021-11-17 10:00:00+00:00,long,EXECUTE,pullback_recovery,138217.0,1,1858.67,2021-11-17 10:30:00+00:00
2021-11-17 11:00:00+00:00,long,EXECUTE,pullback_recovery,138225.0,5,1859.1,2021-11-17 12:30:00+00:00
2021-11-17 12:00:00+00:00,long,EXECUTE,pullback_recovery,138225.0,1,1859.1,2021-11-17 12:30:00+00:00
2021-11-18 13:00:00+00:00,long,EXECUTE,pullback_recovery,138323.0,3,1862.71,2021-11-18 14:00:00+00:00
2021-11-19 08:00:00+00:00,long,EXECUTE,pullback_recovery,138396.0,4,1857.85,2021-11-19 09:15:00+00:00
2021-11-19 09:00:00+00:00,long,EXECUTE,pullback_recovery,138399.0,3,1857.4,2021-11-19 10:00:00+00:00
2021-11-19 10:00:00+00:00,long,EXECUTE,pullback_recovery,138405.0,5,1860.61,2021-11-19 11:30:00+00:00
2021-11-19 11:00:00+00:00,long,INVALIDATE,adverse_move_limit,,0,,
2021-11-19 12:00:00+00:00,long,EXECUTE,pullback_recovery,138410.0,2,1859.74,2021-11-19 12:45:00+00:00
2021-11-19 13:00:00+00:00,long,EXECUTE,pullback_recovery,138414.0,2,1860.96,2021-11-19 13:45:00+00:00
2021-11-19 14:00:00+00:00,long,EXECUTE,pullback_recovery,138420.0,4,1860.87,2021-11-19 15:15:00+00:00
2021-11-22 10:00:00+00:00,long,EXECUTE,pullback_recovery,138495.0,3,1844.66,2021-11-22 11:00:00+00:00
2021-11-22 11:00:00+00:00,long,EXECUTE,pullback_recovery,138497.0,1,1846.41,2021-11-22 11:30:00+00:00
2021-11-22 12:00:00+00:00,long,EXECUTE,pullback_recovery,138503.0,3,1839.36,2021-11-22 13:00:00+00:00
2021-11-22 13:00:00+00:00,long,EXECUTE,pullback_recovery,138507.0,3,1842.44,2021-11-22 14:00:00+00:00
2021-11-22 14:00:00+00:00,long,EXECUTE,pullback_recovery,138511.0,3,1839.99,2021-11-22 15:00:00+00:00
2021-11-23 10:00:00+00:00,long,EXECUTE,pullback_recovery,138587.0,3,1800.86,2021-11-23 11:00:00+00:00
2021-11-23 11:00:00+00:00,long,EXECUTE,pullback_recovery,138591.0,3,1797.63,2021-11-23 12:00:00+00:00
2021-11-23 13:00:00+00:00,long,EXECUTE,pullback_recovery,138599.0,3,1793.93,2021-11-23 14:00:00+00:00
2021-11-23 14:00:00+00:00,long,EXECUTE,pullback_recovery,138604.0,4,1790.71,2021-11-23 15:15:00+00:00
2021-11-25 07:00:00+00:00,short,EXECUTE,pullback_recovery,138760.0,4,1792.97,2021-11-25 08:15:00+00:00
2021-11-25 08:00:00+00:00,short,EXECUTE,pullback_recovery,138761.0,1,1792.58,2021-11-25 08:30:00+00:00
2021-11-25 09:00:00+00:00,short,EXECUTE,pullback_recovery,138765.0,1,1793.01,2021-11-25 09:30:00+00:00
2021-11-25 12:00:00+00:00,long,EXECUTE,pullback_recovery,138778.0,2,1790.71,2021-11-25 12:45:00+00:00
2021-11-25 13:00:00+00:00,long,EXECUTE,pullback_recovery,138782.0,2,1791.02,2021-11-25 13:45:00+00:00
2021-11-25 14:00:00+00:00,long,EXECUTE,pullback_recovery,138789.0,5,1790.13,2021-11-25 15:30:00+00:00
2021-11-25 17:00:00+00:00,long,EXECUTE,pullback_recovery,138797.0,1,1789.01,2021-11-25 17:30:00+00:00
2021-11-25 18:00:00+00:00,long,EXECUTE,pullback_recovery,138802.0,2,1790.09,2021-11-25 18:45:00+00:00
2021-11-26 07:00:00+00:00,short,EXECUTE,pullback_recovery,138834.0,2,1796.88,2021-11-26 07:45:00+00:00
2021-11-26 08:00:00+00:00,short,EXECUTE,pullback_recovery,138839.0,3,1801.01,2021-11-26 09:00:00+00:00
2021-11-26 10:00:00+00:00,long,EXECUTE,pullback_recovery,138847.0,3,1802.87,2021-11-26 11:00:00+00:00
2021-11-26 13:00:00+00:00,short,EXECUTE,pullback_recovery,138858.0,2,1811.2,2021-11-26 13:45:00+00:00
2021-11-26 14:00:00+00:00,short,EXECUTE,pullback_recovery,138863.0,3,1805.99,2021-11-26 15:00:00+00:00
2021-11-30 09:00:00+00:00,long,EXECUTE,pullback_recovery,139013.0,2,1792.81,2021-11-30 09:45:00+00:00
2021-11-30 10:00:00+00:00,long,EXECUTE,pullback_recovery,139019.0,4,1792.42,2021-11-30 11:15:00+00:00
2021-11-30 11:00:00+00:00,long,EXECUTE,pullback_recovery,139020.0,1,1795.54,2021-11-30 11:30:00+00:00
2021-11-30 12:00:00+00:00,long,EXECUTE,pullback_recovery,139025.0,2,1796.98,2021-11-30 12:45:00+00:00
2021-11-30 13:00:00+00:00,long,EXECUTE,pullback_recovery,139030.0,3,1792.38,2021-11-30 14:00:00+00:00
2021-11-30 14:00:00+00:00,long,EXECUTE,pullback_recovery,139033.0,2,1792.78,2021-11-30 14:45:00+00:00
2021-12-02 08:00:00+00:00,long,EXECUTE,pullback_recovery,139192.0,1,1777.28,2021-12-02 08:30:00+00:00
2021-12-02 09:00:00+00:00,long,EXECUTE,pullback_recovery,139198.0,3,1775.22,2021-12-02 10:00:00+00:00
2021-12-02 10:00:00+00:00,long,EXECUTE,pullback_recovery,139200.0,1,1769.83,2021-12-02 10:30:00+00:00
2021-12-02 11:00:00+00:00,long,EXECUTE,pullback_recovery,139206.0,3,1773.02,2021-12-02 12:00:00+00:00
2021-12-02 12:00:00+00:00,long,EXECUTE,pullback_recovery,139210.0,3,1775.86,2021-12-02 13:00:00+00:00
2021-12-02 13:00:00+00:00,long,EXECUTE,pullback_recovery,139213.0,2,1778.06,2021-12-02 13:45:00+00:00
2021-12-02 14:00:00+00:00,long,EXECUTE,pullback_recovery,139217.0,2,1780.35,2021-12-02 14:45:00+00:00
2021-12-03 07:00:00+00:00,short,EXECUTE,pullback_recovery,139282.0,3,1775.95,2021-12-03 08:00:00+00:00
2021-12-03 08:00:00+00:00,short,EXECUTE,pullback_recovery,139284.0,1,1773.14,2021-12-03 08:30:00+00:00
2021-12-03 09:00:00+00:00,long,EXECUTE,pullback_recovery,139290.0,3,1770.4,2021-12-03 10:00:00+00:00
2021-12-03 10:00:00+00:00,long,EXECUTE,pullback_recovery,139294.0,3,1769.68,2021-12-03 11:00:00+00:00
2021-12-03 11:00:00+00:00,long,EXECUTE,pullback_recovery,139297.0,2,1767.8,2021-12-03 11:45:00+00:00
2021-12-03 12:00:00+00:00,long,EXECUTE,pullback_recovery,139311.0,12,1771.77,2021-12-03 15:15:00+00:00
2021-12-03 13:00:00+00:00,long,EXECUTE,pullback_recovery,139305.0,2,1771.71,2021-12-03 13:45:00+00:00
2021-12-03 14:00:00+00:00,long,EXECUTE,pullback_recovery,139310.0,3,1774.13,2021-12-03 15:00:00+00:00
2021-12-06 11:00:00+00:00,long,EXECUTE,pullback_recovery,139390.0,3,1779.54,2021-12-06 12:00:00+00:00
2021-12-06 14:00:00+00:00,long,EXECUTE,pullback_recovery,139400.0,1,1779.07,2021-12-06 14:30:00+00:00
2021-12-07 08:00:00+00:00,long,EXECUTE,pullback_recovery,139470.0,3,1783.12,2021-12-07 09:00:00+00:00
2021-12-07 09:00:00+00:00,long,EXECUTE,pullback_recovery,139474.0,3,1782.69,2021-12-07 10:00:00+00:00
2021-12-07 10:00:00+00:00,long,EXECUTE,pullback_recovery,139476.0,1,1782.02,2021-12-07 10:30:00+00:00
2021-12-07 11:00:00+00:00,long,EXECUTE,pullback_recovery,139481.0,2,1779.99,2021-12-07 11:45:00+00:00
2021-12-07 12:00:00+00:00,long,EXECUTE,pullback_recovery,139485.0,2,1780.04,2021-12-07 12:45:00+00:00
2021-12-07 13:00:00+00:00,long,EXECUTE,pullback_recovery,139488.0,1,1781.87,2021-12-07 13:30:00+00:00
2021-12-07 14:00:00+00:00,long,EXECUTE,pullback_recovery,139492.0,1,1783.15,2021-12-07 14:30:00+00:00
2021-12-08 08:00:00+00:00,long,EXECUTE,pullback_recovery,139562.0,3,1788.53,2021-12-08 09:00:00+00:00
2021-12-08 09:00:00+00:00,long,EXECUTE,pullback_recovery,139564.0,1,1789.3,2021-12-08 09:30:00+00:00
2021-12-08 10:00:00+00:00,long,EXECUTE,pullback_recovery,139569.0,2,1787.2,2021-12-08 10:45:00+00:00
2021-12-08 11:00:00+00:00,long,EXECUTE,pullback_recovery,139574.0,3,1789.47,2021-12-08 12:00:00+00:00
2021-12-08 12:00:00+00:00,long,EXECUTE,pullback_recovery,139577.0,2,1792.05,2021-12-08 12:45:00+00:00
2021-12-08 13:00:00+00:00,long,EXECUTE,pullback_recovery,139582.0,3,1786.26,2021-12-08 14:00:00+00:00
2021-12-08 14:00:00+00:00,long,EXECUTE,pullback_recovery,139584.0,1,1784.98,2021-12-08 14:30:00+00:00
2021-12-09 11:00:00+00:00,short,EXECUTE,pullback_recovery,139664.0,1,1783.24,2021-12-09 11:30:00+00:00
2021-12-09 12:00:00+00:00,short,EXECUTE,pullback_recovery,139670.0,3,1782.84,2021-12-09 13:00:00+00:00
2021-12-09 13:00:00+00:00,short,EXECUTE,pullback_recovery,139673.0,2,1781.05,2021-12-09 13:45:00+00:00
2021-12-09 14:00:00+00:00,long,EXECUTE,pullback_recovery,139677.0,2,1777.77,2021-12-09 14:45:00+00:00
2021-12-10 08:00:00+00:00,long,EXECUTE,pullback_recovery,139745.0,2,1772.62,2021-12-10 08:45:00+00:00
2021-12-10 09:00:00+00:00,long,EXECUTE,pullback_recovery,139749.0,2,1772.63,2021-12-10 09:45:00+00:00
2021-12-10 10:00:00+00:00,long,EXECUTE,pullback_recovery,139752.0,1,1771.96,2021-12-10 10:30:00+00:00
2021-12-10 11:00:00+00:00,long,EXECUTE,pullback_recovery,139756.0,1,1770.66,2021-12-10 11:30:00+00:00
2021-12-10 12:00:00+00:00,long,EXECUTE,pullback_recovery,139761.0,2,1771.25,2021-12-10 12:45:00+00:00
2021-12-10 13:00:00+00:00,long,EXECUTE,pullback_recovery,139764.0,1,1771.32,2021-12-10 13:30:00+00:00
2021-12-10 14:00:00+00:00,long,EXECUTE,pullback_recovery,139770.0,3,1773.31,2021-12-10 15:00:00+00:00
2021-12-13 07:00:00+00:00,short,EXECUTE,pullback_recovery,139833.0,2,1785.26,2021-12-13 07:45:00+00:00
2021-12-13 08:00:00+00:00,long,EXECUTE,pullback_recovery,139836.0,1,1785.58,2021-12-13 08:30:00+00:00
2021-12-13 09:00:00+00:00,short,EXECUTE,pullback_recovery,139840.0,1,1785.56,2021-12-13 09:30:00+00:00
2021-12-13 10:00:00+00:00,short,EXECUTE,pullback_recovery,139844.0,1,1786.41,2021-12-13 10:30:00+00:00
2021-12-13 11:00:00+00:00,long,EXECUTE,pullback_recovery,139850.0,3,1785.28,2021-12-13 12:00:00+00:00
2021-12-13 12:00:00+00:00,long,EXECUTE,pullback_recovery,139854.0,3,1786.86,2021-12-13 13:00:00+00:00
2021-12-13 13:00:00+00:00,short,EXECUTE,pullback_recovery,139857.0,2,1788.0,2021-12-13 13:45:00+00:00
2021-12-13 14:00:00+00:00,long,EXECUTE,pullback_recovery,139860.0,1,1789.49,2021-12-13 14:30:00+00:00
2021-12-14 07:00:00+00:00,short,EXECUTE,pullback_recovery,139926.0,3,1787.14,2021-12-14 08:00:00+00:00
2021-12-14 08:00:00+00:00,short,EXECUTE,pullback_recovery,139928.0,1,1787.08,2021-12-14 08:30:00+00:00
2021-12-14 09:00:00+00:00,short,EXECUTE,pullback_recovery,139933.0,2,1785.25,2021-12-14 09:45:00+00:00
2021-12-14 10:00:00+00:00,short,EXECUTE,pullback_recovery,139938.0,3,1784.65,2021-12-14 11:00:00+00:00
2021-12-14 11:00:00+00:00,short,EXECUTE,pullback_recovery,139940.0,1,1783.6,2021-12-14 11:30:00+00:00
2021-12-14 12:00:00+00:00,long,EXECUTE,pullback_recovery,139945.0,2,1783.73,2021-12-14 12:45:00+00:00
2021-12-14 13:00:00+00:00,short,EXECUTE,pullback_recovery,139948.0,1,1784.64,2021-12-14 13:30:00+00:00
2021-12-14 14:00:00+00:00,short,EXECUTE,pullback_recovery,139953.0,2,1784.28,2021-12-14 14:45:00+00:00
2021-12-15 08:00:00+00:00,long,EXECUTE,pullback_recovery,140022.0,3,1767.93,2021-12-15 09:00:00+00:00
2021-12-15 09:00:00+00:00,long,EXECUTE,pullback_recovery,140024.0,1,1767.93,2021-12-15 09:30:00+00:00
2021-12-15 10:00:00+00:00,long,EXECUTE,pullback_recovery,140030.0,3,1768.37,2021-12-15 11:00:00+00:00
2021-12-15 11:00:00+00:00,long,EXECUTE,pullback_recovery,140032.0,1,1770.37,2021-12-15 11:30:00+00:00
2021-12-15 12:00:00+00:00,long,EXECUTE,pullback_recovery,140036.0,1,1767.95,2021-12-15 12:30:00+00:00
2021-12-15 13:00:00+00:00,long,EXECUTE,pullback_recovery,140041.0,2,1769.0,2021-12-15 13:45:00+00:00
2021-12-15 14:00:00+00:00,long,EXECUTE,pullback_recovery,140044.0,1,1770.84,2021-12-15 14:30:00+00:00
2021-12-17 08:00:00+00:00,long,EXECUTE,pullback_recovery,140204.0,1,1805.84,2021-12-17 08:30:00+00:00
2021-12-17 09:00:00+00:00,long,EXECUTE,pullback_recovery,140210.0,3,1809.15,2021-12-17 10:00:00+00:00
2021-12-17 10:00:00+00:00,long,EXECUTE,pullback_recovery,140214.0,3,1807.68,2021-12-17 11:00:00+00:00
2021-12-17 11:00:00+00:00,long,EXECUTE,pullback_recovery,140218.0,3,1806.53,2021-12-17 12:00:00+00:00
2021-12-17 12:00:00+00:00,long,EXECUTE,pullback_recovery,140220.0,1,1808.09,2021-12-17 12:30:00+00:00
2021-12-17 13:00:00+00:00,long,EXECUTE,pullback_recovery,140224.0,1,1808.32,2021-12-17 13:30:00+00:00
2021-12-17 14:00:00+00:00,long,EXECUTE,pullback_recovery,140229.0,2,1811.37,2021-12-17 14:45:00+00:00
2021-12-20 07:00:00+00:00,short,EXECUTE,pullback_recovery,140294.0,3,1802.8,2021-12-20 08:00:00+00:00
2021-12-20 08:00:00+00:00,long,EXECUTE,pullback_recovery,140298.0,3,1802.17,2021-12-20 09:00:00+00:00
2021-12-20 09:00:00+00:00,long,EXECUTE,pullback_recovery,140304.0,5,1797.84,2021-12-20 10:30:00+00:00
2021-12-20 10:00:00+00:00,long,EXECUTE,pullback_recovery,140305.0,2,1799.74,2021-12-20 10:45:00+00:00
2021-12-20 11:00:00+00:00,long,EXECUTE,pullback_recovery,140310.0,3,1799.62,2021-12-20 12:00:00+00:00
2021-12-20 12:00:00+00:00,long,EXECUTE,pullback_recovery,140313.0,2,1797.44,2021-12-20 12:45:00+00:00
2021-12-20 13:00:00+00:00,long,EXECUTE,pullback_recovery,140318.0,3,1795.44,2021-12-20 14:00:00+00:00
2021-12-21 08:00:00+00:00,long,EXECUTE,pullback_recovery,140389.0,2,1790.27,2021-12-21 08:45:00+00:00
2021-12-21 14:00:00+00:00,long,EXECUTE,pullback_recovery,140414.0,3,1798.83,2021-12-21 15:00:00+00:00
2021-12-22 07:00:00+00:00,short,EXECUTE,pullback_recovery,140476.0,1,1787.42,2021-12-22 07:30:00+00:00
2021-12-22 08:00:00+00:00,short,EXECUTE,pullback_recovery,140481.0,2,1788.04,2021-12-22 08:45:00+00:00
2021-12-22 09:00:00+00:00,short,EXECUTE,pullback_recovery,140484.0,1,1786.98,2021-12-22 09:30:00+00:00
2021-12-22 10:00:00+00:00,short,EXECUTE,pullback_recovery,140488.0,1,1786.83,2021-12-22 10:30:00+00:00
2021-12-22 11:00:00+00:00,short,EXECUTE,pullback_recovery,140492.0,1,1788.15,2021-12-22 11:30:00+00:00
2021-12-22 12:00:00+00:00,short,EXECUTE,pullback_recovery,140498.0,3,1789.84,2021-12-22 13:00:00+00:00
2021-12-22 13:00:00+00:00,long,EXECUTE,pullback_recovery,140500.0,1,1790.14,2021-12-22 13:30:00+00:00
2021-12-22 14:00:00+00:00,long,EXECUTE,pullback_recovery,140506.0,3,1793.44,2021-12-22 15:00:00+00:00
2021-12-23 08:00:00+00:00,short,EXECUTE,pullback_recovery,140572.0,1,1805.44,2021-12-23 08:30:00+00:00
2021-12-23 09:00:00+00:00,short,EXECUTE,pullback_recovery,140576.0,1,1806.07,2021-12-23 09:30:00+00:00
2021-12-23 10:00:00+00:00,short,EXECUTE,pullback_recovery,140580.0,1,1807.17,2021-12-23 10:30:00+00:00
2021-12-23 11:00:00+00:00,short,EXECUTE,pullback_recovery,140584.0,1,1807.04,2021-12-23 11:30:00+00:00
2021-12-23 12:00:00+00:00,short,EXECUTE,pullback_recovery,140588.0,1,1805.45,2021-12-23 12:30:00+00:00
2021-12-23 13:00:00+00:00,short,EXECUTE,pullback_recovery,140594.0,3,1806.31,2021-12-23 14:00:00+00:00
2021-12-23 14:00:00+00:00,short,EXECUTE,pullback_recovery,140599.0,4,1805.39,2021-12-23 15:15:00+00:00
2021-12-27 07:00:00+00:00,long,EXECUTE,pullback_recovery,140662.0,3,1809.59,2021-12-27 08:00:00+00:00
2021-12-27 08:00:00+00:00,short,EXECUTE,pullback_recovery,140664.0,1,1809.3,2021-12-27 08:30:00+00:00
2021-12-27 09:00:00+00:00,short,EXECUTE,pullback_recovery,140668.0,1,1808.78,2021-12-27 09:30:00+00:00
2021-12-27 10:00:00+00:00,long,EXECUTE,pullback_recovery,140675.0,4,1805.97,2021-12-27 11:15:00+00:00
2021-12-27 11:00:00+00:00,short,EXECUTE,pullback_recovery,140679.0,4,1806.6,2021-12-27 12:15:00+00:00
2021-12-27 12:00:00+00:00,short,EXECUTE,pullback_recovery,140680.0,1,1805.33,2021-12-27 12:30:00+00:00
2021-12-27 13:00:00+00:00,short,EXECUTE,pullback_recovery,140686.0,3,1806.34,2021-12-27 14:00:00+00:00
2021-12-27 14:00:00+00:00,short,EXECUTE,pullback_recovery,140690.0,3,1806.96,2021-12-27 15:00:00+00:00
2021-12-28 04:00:00+00:00,short,EXECUTE,pullback_recovery,140740.0,1,1808.85,2021-12-28 04:30:00+00:00
2021-12-28 05:00:00+00:00,short,EXECUTE,pullback_recovery,140746.0,3,1809.86,2021-12-28 06:00:00+00:00
2021-12-28 06:00:00+00:00,short,EXECUTE,pullback_recovery,140750.0,3,1809.94,2021-12-28 07:00:00+00:00
2021-12-28 07:00:00+00:00,short,EXECUTE,pullback_recovery,140754.0,3,1812.91,2021-12-28 08:00:00+00:00
2021-12-28 08:00:00+00:00,long,EXECUTE,pullback_recovery,140757.0,2,1815.03,2021-12-28 08:45:00+00:00
2021-12-28 09:00:00+00:00,long,EXECUTE,pullback_recovery,140761.0,2,1814.25,2021-12-28 09:45:00+00:00
2021-12-28 10:00:00+00:00,short,EXECUTE,pullback_recovery,140767.0,4,1815.04,2021-12-28 11:15:00+00:00
2021-12-28 11:00:00+00:00,short,EXECUTE,pullback_recovery,140782.0,15,1816.45,2021-12-28 15:00:00+00:00
2021-12-28 12:00:00+00:00,short,EXECUTE,pullback_recovery,140775.0,4,1817.35,2021-12-28 13:15:00+00:00
2021-12-28 13:00:00+00:00,short,EXECUTE,pullback_recovery,140780.0,5,1817.82,2021-12-28 14:30:00+00:00
2021-12-28 14:00:00+00:00,short,EXECUTE,pullback_recovery,140782.0,3,1816.45,2021-12-28 15:00:00+00:00
2021-12-28 15:00:00+00:00,short,EXECUTE,pullback_recovery,140786.0,3,1817.9,2021-12-28 16:00:00+00:00
2021-12-29 06:00:00+00:00,long,EXECUTE,pullback_recovery,140843.0,4,1805.93,2021-12-29 07:15:00+00:00
2021-12-29 07:00:00+00:00,long,EXECUTE,pullback_recovery,140844.0,1,1806.36,2021-12-29 07:30:00+00:00
2021-12-29 08:00:00+00:00,long,EXECUTE,pullback_recovery,140850.0,3,1805.95,2021-12-29 09:00:00+00:00
2021-12-29 09:00:00+00:00,long,EXECUTE,pullback_recovery,140854.0,3,1804.48,2021-12-29 10:00:00+00:00
2021-12-29 10:00:00+00:00,long,EXECUTE,pullback_recovery,140857.0,2,1803.46,2021-12-29 10:45:00+00:00
2021-12-29 11:00:00+00:00,long,EXECUTE,pullback_recovery,140862.0,3,1802.78,2021-12-29 12:00:00+00:00
2021-12-29 12:00:00+00:00,long,EXECUTE,pullback_recovery,140866.0,3,1795.76,2021-12-29 13:00:00+00:00
2021-12-29 13:00:00+00:00,long,EXECUTE,pullback_recovery,140870.0,3,1796.99,2021-12-29 14:00:00+00:00
2021-12-29 14:00:00+00:00,long,EXECUTE,pullback_recovery,140876.0,5,1791.48,2021-12-29 15:30:00+00:00
2021-12-30 08:00:00+00:00,long,EXECUTE,pullback_recovery,140941.0,2,1798.5,2021-12-30 08:45:00+00:00
2021-12-30 09:00:00+00:00,long,EXECUTE,pullback_recovery,140946.0,3,1798.63,2021-12-30 10:00:00+00:00
2021-12-30 10:00:00+00:00,long,EXECUTE,pullback_recovery,140949.0,2,1801.49,2021-12-30 10:45:00+00:00
2021-12-30 11:00:00+00:00,long,EXECUTE,pullback_recovery,140954.0,3,1800.05,2021-12-30 12:00:00+00:00
2021-12-30 12:00:00+00:00,long,EXECUTE,pullback_recovery,140957.0,2,1800.72,2021-12-30 12:45:00+00:00
2021-12-30 13:00:00+00:00,long,EXECUTE,pullback_recovery,140960.0,1,1802.74,2021-12-30 13:30:00+00:00
2021-12-30 14:00:00+00:00,long,EXECUTE,pullback_recovery,140965.0,2,1803.65,2021-12-30 14:45:00+00:00
2021-12-31 13:00:00+00:00,long,EXECUTE,pullback_recovery,141053.0,2,1819.96,2021-12-31 13:45:00+00:00
2021-12-31 14:00:00+00:00,long,EXECUTE,pullback_recovery,141056.0,1,1819.24,2021-12-31 14:30:00+00:00
2022-01-03 08:00:00+00:00,short,INVALIDATE,max_wait_exceeded,,16,,
2022-01-03 09:00:00+00:00,short,EXECUTE,pullback_recovery,141131.0,4,1823.2,2022-01-03 10:15:00+00:00
2022-01-03 10:00:00+00:00,short,EXECUTE,pullback_recovery,141132.0,1,1822.23,2022-01-03 10:30:00+00:00
2022-01-03 12:00:00+00:00,short,EXECUTE,pullback_recovery,141140.0,1,1825.83,2022-01-03 12:30:00+00:00
2022-01-03 13:00:00+00:00,short,EXECUTE,pullback_recovery,141144.0,1,1824.17,2022-01-03 13:30:00+00:00
2022-01-03 14:00:00+00:00,short,EXECUTE,pullback_recovery,141148.0,1,1822.21,2022-01-03 14:30:00+00:00
2022-01-04 08:00:00+00:00,short,EXECUTE,pullback_recovery,141216.0,1,1803.88,2022-01-04 08:30:00+00:00
2022-01-04 09:00:00+00:00,short,EXECUTE,pullback_recovery,141221.0,2,1805.42,2022-01-04 09:45:00+00:00
2022-01-05 08:00:00+00:00,short,EXECUTE,pullback_recovery,141309.0,2,1814.87,2022-01-05 08:45:00+00:00
2022-01-05 09:00:00+00:00,short,EXECUTE,pullback_recovery,141313.0,2,1813.93,2022-01-05 09:45:00+00:00
2022-01-05 10:00:00+00:00,short,EXECUTE,pullback_recovery,141316.0,1,1816.34,2022-01-05 10:30:00+00:00
2022-01-05 11:00:00+00:00,short,EXECUTE,pullback_recovery,141321.0,2,1818.29,2022-01-05 11:45:00+00:00
2022-01-05 12:00:00+00:00,short,EXECUTE,pullback_recovery,141325.0,2,1818.42,2022-01-05 12:45:00+00:00
2022-01-05 14:00:00+00:00,short,EXECUTE,pullback_recovery,141332.0,1,1817.29,2022-01-05 14:30:00+00:00
2022-01-06 14:00:00+00:00,short,INVALIDATE,adverse_move_limit,,0,,
2022-01-06 15:00:00+00:00,short,EXECUTE,pullback_recovery,141428.0,1,1788.37,2022-01-06 15:30:00+00:00
2022-01-10 08:00:00+00:00,short,EXECUTE,pullback_recovery,141586.0,3,1792.92,2022-01-10 09:00:00+00:00
2022-01-10 09:00:00+00:00,short,EXECUTE,pullback_recovery,141588.0,1,1793.48,2022-01-10 09:30:00+00:00
2022-01-10 10:00:00+00:00,short,EXECUTE,pullback_recovery,141595.0,4,1796.75,2022-01-10 11:15:00+00:00
2022-01-10 11:00:00+00:00,short,EXECUTE,pullback_recovery,141598.0,3,1796.74,2022-01-10 12:00:00+00:00
2022-01-11 08:00:00+00:00,short,EXECUTE,pullback_recovery,141677.0,2,1807.24,2022-01-11 08:45:00+00:00
2022-01-11 09:00:00+00:00,short,EXECUTE,pullback_recovery,141680.0,1,1809.39,2022-01-11 09:30:00+00:00
2022-01-11 10:00:00+00:00,short,EXECUTE,pullback_recovery,141685.0,2,1809.53,2022-01-11 10:45:00+00:00
2022-01-11 11:00:00+00:00,short,EXECUTE,pullback_recovery,141689.0,2,1807.66,2022-01-11 11:45:00+00:00
2022-01-11 12:00:00+00:00,short,EXECUTE,pullback_recovery,141692.0,1,1805.78,2022-01-11 12:30:00+00:00
2022-01-12 08:00:00+00:00,short,EXECUTE,pullback_recovery,141768.0,1,1820.52,2022-01-12 08:30:00+00:00
2022-01-12 09:00:00+00:00,short,EXECUTE,pullback_recovery,141772.0,1,1817.95,2022-01-12 09:30:00+00:00
2022-01-12 10:00:00+00:00,short,EXECUTE,pullback_recovery,141776.0,1,1817.32,2022-01-12 10:30:00+00:00
2022-01-12 11:00:00+00:00,short,EXECUTE,pullback_recovery,141784.0,5,1817.14,2022-01-12 12:30:00+00:00
2022-01-12 12:00:00+00:00,short,EXECUTE,pullback_recovery,141784.0,1,1817.14,2022-01-12 12:30:00+00:00
2022-01-12 13:00:00+00:00,short,EXECUTE,pullback_recovery,141789.0,2,1817.53,2022-01-12 13:45:00+00:00
2022-01-12 14:00:00+00:00,short,EXECUTE,pullback_recovery,141795.0,4,1819.17,2022-01-12 15:15:00+00:00
2022-01-12 15:00:00+00:00,short,EXECUTE,pullback_recovery,141798.0,3,1821.39,2022-01-12 16:00:00+00:00
2022-01-13 07:00:00+00:00,short,EXECUTE,pullback_recovery,141856.0,1,1826.69,2022-01-13 07:30:00+00:00
2022-01-13 08:00:00+00:00,short,EXECUTE,pullback_recovery,141861.0,2,1824.96,2022-01-13 08:45:00+00:00
2022-01-13 09:00:00+00:00,short,EXECUTE,pullback_recovery,141865.0,2,1827.03,2022-01-13 09:45:00+00:00
2022-01-13 10:00:00+00:00,short,INVALIDATE,adverse_move_limit,,0,,
2022-01-13 11:00:00+00:00,short,EXECUTE,pullback_recovery,141876.0,5,1822.59,2022-01-13 12:30:00+00:00
2022-01-13 12:00:00+00:00,short,EXECUTE,pullback_recovery,141876.0,1,1822.59,2022-01-13 12:30:00+00:00
2022-01-13 13:00:00+00:00,short,EXECUTE,pullback_recovery,141881.0,2,1823.9,2022-01-13 13:45:00+00:00
2022-01-13 14:00:00+00:00,short,EXECUTE,pullback_recovery,141885.0,2,1825.11,2022-01-13 14:45:00+00:00
2022-01-13 15:00:00+00:00,short,EXECUTE,pullback_recovery,141888.0,1,1820.86,2022-01-13 15:30:00+00:00
2022-01-14 07:00:00+00:00,short,EXECUTE,pullback_recovery,141950.0,3,1827.87,2022-01-14 08:00:00+00:00
2022-01-14 08:00:00+00:00,short,EXECUTE,pullback_recovery,141954.0,3,1826.95,2022-01-14 09:00:00+00:00
2022-01-14 09:00:00+00:00,short,EXECUTE,pullback_recovery,141958.0,3,1826.86,2022-01-14 10:00:00+00:00
2022-01-14 10:00:00+00:00,short,INVALIDATE,adverse_move_limit,,0,,
2022-01-14 11:00:00+00:00,short,EXECUTE,pullback_recovery,141965.0,2,1823.41,2022-01-14 11:45:00+00:00
2022-01-14 12:00:00+00:00,short,EXECUTE,pullback_recovery,141968.0,1,1822.44,2022-01-14 12:30:00+00:00
2022-01-14 13:00:00+00:00,short,EXECUTE,pullback_recovery,141974.0,3,1822.55,2022-01-14 14:00:00+00:00
2022-01-14 14:00:00+00:00,short,EXECUTE,pullback_recovery,141976.0,1,1821.82,2022-01-14 14:30:00+00:00
2022-01-14 15:00:00+00:00,short,EXECUTE,pullback_recovery,141982.0,3,1825.58,2022-01-14 16:00:00+00:00
2022-01-17 07:00:00+00:00,short,EXECUTE,pullback_recovery,142042.0,3,1819.6,2022-01-17 08:00:00+00:00
2022-01-17 08:00:00+00:00,short,EXECUTE,pullback_recovery,142044.0,1,1819.04,2022-01-17 08:30:00+00:00
2022-01-17 09:00:00+00:00,short,EXECUTE,pullback_recovery,142049.0,2,1821.94,2022-01-17 09:45:00+00:00
2022-01-17 10:00:00+00:00,short,EXECUTE,pullback_recovery,142052.0,1,1822.71,2022-01-17 10:30:00+00:00
2022-01-17 11:00:00+00:00,short,EXECUTE,pullback_recovery,142056.0,1,1821.74,2022-01-17 11:30:00+00:00
2022-01-17 12:00:00+00:00,short,EXECUTE,pullback_recovery,142060.0,1,1821.48,2022-01-17 12:30:00+00:00
2022-01-17 13:00:00+00:00,short,EXECUTE,pullback_recovery,142065.0,2,1820.47,2022-01-17 13:45:00+00:00
2022-01-17 14:00:00+00:00,short,EXECUTE,pullback_recovery,142069.0,2,1819.9,2022-01-17 14:45:00+00:00
2022-01-17 15:00:00+00:00,short,EXECUTE,pullback_recovery,142074.0,3,1821.12,2022-01-17 16:00:00+00:00
2022-01-18 02:00:00+00:00,short,EXECUTE,pullback_recovery,142104.0,4,1820.02,2022-01-18 03:15:00+00:00
2022-01-18 03:00:00+00:00,short,EXECUTE,pullback_recovery,142107.0,3,1822.19,2022-01-18 04:00:00+00:00
2022-01-18 04:00:00+00:00,short,EXECUTE,pullback_recovery,142110.0,2,1821.8,2022-01-18 04:45:00+00:00
2022-01-18 05:00:00+00:00,short,INVALIDATE,adverse_move_limit,,0,,
2022-01-18 06:00:00+00:00,short,EXECUTE,pullback_recovery,142120.0,4,1817.56,2022-01-18 07:15:00+00:00
2022-01-18 07:00:00+00:00,short,EXECUTE,pullback_recovery,142123.0,3,1816.23,2022-01-18 08:00:00+00:00
2022-01-18 08:00:00+00:00,short,EXECUTE,pullback_recovery,142125.0,1,1816.85,2022-01-18 08:30:00+00:00
2022-01-18 09:00:00+00:00,short,EXECUTE,pullback_recovery,142131.0,3,1816.23,2022-01-18 10:00:00+00:00
2022-01-18 10:00:00+00:00,short,INVALIDATE,adverse_move_limit,,0,,
2022-01-18 11:00:00+00:00,short,EXECUTE,pullback_recovery,142139.0,3,1810.25,2022-01-18 12:00:00+00:00
2022-01-18 12:00:00+00:00,short,EXECUTE,pullback_recovery,142142.0,2,1809.85,2022-01-18 12:45:00+00:00
2022-01-18 13:00:00+00:00,short,EXECUTE,pullback_recovery,142147.0,3,1813.02,2022-01-18 14:00:00+00:00
2022-01-18 14:00:00+00:00,short,EXECUTE,pullback_recovery,142151.0,3,1815.04,2022-01-18 15:00:00+00:00
2022-01-19 07:00:00+00:00,short,EXECUTE,pullback_recovery,142214.0,2,1813.11,2022-01-19 07:45:00+00:00
2022-01-19 08:00:00+00:00,short,EXECUTE,pullback_recovery,142217.0,1,1814.02,2022-01-19 08:30:00+00:00
2022-01-19 09:00:00+00:00,short,EXECUTE,pullback_recovery,142222.0,2,1812.69,2022-01-19 09:45:00+00:00
2022-01-19 10:00:00+00:00,short,EXECUTE,pullback_recovery,142226.0,2,1815.21,2022-01-19 10:45:00+00:00
2022-01-19 11:00:00+00:00,short,EXECUTE,pullback_recovery,142230.0,2,1816.96,2022-01-19 11:45:00+00:00
2022-01-19 12:00:00+00:00,short,EXECUTE,pullback_recovery,142234.0,2,1819.34,2022-01-19 12:45:00+00:00
2022-01-19 13:00:00+00:00,short,EXECUTE,pullback_recovery,142239.0,3,1817.8,2022-01-19 14:00:00+00:00
2022-01-19 14:00:00+00:00,short,EXECUTE,pullback_recovery,142241.0,1,1818.7,2022-01-19 14:30:00+00:00
2022-01-20 07:00:00+00:00,short,EXECUTE,pullback_recovery,142306.0,2,1839.74,2022-01-20 07:45:00+00:00
2022-01-20 08:00:00+00:00,short,EXECUTE,pullback_recovery,142311.0,3,1840.85,2022-01-20 09:00:00+00:00
2022-01-20 09:00:00+00:00,short,EXECUTE,pullback_recovery,142314.0,2,1840.57,2022-01-20 09:45:00+00:00
2022-01-20 10:00:00+00:00,short,EXECUTE,pullback_recovery,142318.0,2,1840.46,2022-01-20 10:45:00+00:00
2022-01-20 11:00:00+00:00,short,EXECUTE,pullback_recovery,142321.0,1,1840.0,2022-01-20 11:30:00+00:00
2022-01-20 12:00:00+00:00,short,EXECUTE,pullback_recovery,142326.0,2,1838.03,2022-01-20 12:45:00+00:00
2022-01-20 13:00:00+00:00,short,EXECUTE,pullback_recovery,142336.0,8,1840.06,2022-01-20 15:15:00+00:00
2022-01-20 14:00:00+00:00,short,EXECUTE,pullback_recovery,142336.0,4,1840.06,2022-01-20 15:15:00+00:00
2022-01-21 08:00:00+00:00,short,EXECUTE,pullback_recovery,142401.0,1,1840.64,2022-01-21 08:30:00+00:00
2022-01-21 09:00:00+00:00,short,INVALIDATE,adverse_move_limit,,0,,
2022-01-21 10:00:00+00:00,short,INVALIDATE,adverse_move_limit,,0,,
2022-01-21 11:00:00+00:00,short,EXECUTE,pullback_recovery,142416.0,4,1834.67,2022-01-21 12:15:00+00:00
2022-01-21 12:00:00+00:00,short,EXECUTE,pullback_recovery,142419.0,3,1834.3,2022-01-21 13:00:00+00:00
2022-01-21 13:00:00+00:00,short,EXECUTE,pullback_recovery,142423.0,3,1832.32,2022-01-21 14:00:00+00:00
2022-01-21 14:00:00+00:00,short,EXECUTE,pullback_recovery,142426.0,2,1834.47,2022-01-21 14:45:00+00:00
2022-01-24 07:00:00+00:00,short,EXECUTE,pullback_recovery,142491.0,3,1839.09,2022-01-24 08:00:00+00:00
2022-01-24 08:00:00+00:00,short,EXECUTE,pullback_recovery,142495.0,3,1837.9,2022-01-24 09:00:00+00:00
2022-01-24 09:00:00+00:00,short,EXECUTE,pullback_recovery,142498.0,2,1837.73,2022-01-24 09:45:00+00:00
2022-01-24 10:00:00+00:00,short,EXECUTE,pullback_recovery,142501.0,1,1841.32,2022-01-24 10:30:00+00:00
2022-01-24 11:00:00+00:00,short,EXECUTE,pullback_recovery,142507.0,3,1841.62,2022-01-24 12:00:00+00:00
2022-01-24 12:00:00+00:00,short,EXECUTE,pullback_recovery,142509.0,1,1840.3,2022-01-24 12:30:00+00:00
2022-01-24 13:00:00+00:00,short,EXECUTE,pullback_recovery,142513.0,1,1838.2,2022-01-24 13:30:00+00:00
2022-01-24 14:00:00+00:00,short,EXECUTE,pullback_recovery,142518.0,2,1838.54,2022-01-24 14:45:00+00:00
2022-01-25 07:00:00+00:00,short,EXECUTE,pullback_recovery,142583.0,3,1842.12,2022-01-25 08:00:00+00:00
2022-01-25 08:00:00+00:00,short,EXECUTE,pullback_recovery,142586.0,2,1842.09,2022-01-25 08:45:00+00:00
2022-01-25 09:00:00+00:00,short,EXECUTE,pullback_recovery,142590.0,2,1842.47,2022-01-25 09:45:00+00:00
2022-01-25 10:00:00+00:00,short,EXECUTE,pullback_recovery,142593.0,1,1840.13,2022-01-25 10:30:00+00:00
2022-01-25 11:00:00+00:00,short,EXECUTE,pullback_recovery,142597.0,1,1838.49,2022-01-25 11:30:00+00:00
2022-01-25 12:00:00+00:00,short,EXECUTE,pullback_recovery,142601.0,1,1838.04,2022-01-25 12:30:00+00:00
2022-01-25 13:00:00+00:00,short,EXECUTE,pullback_recovery,142605.0,1,1837.73,2022-01-25 13:30:00+00:00
2022-01-25 14:00:00+00:00,short,EXECUTE,pullback_recovery,142611.0,3,1840.31,2022-01-25 15:00:00+00:00
2022-01-25 15:00:00+00:00,short,EXECUTE,pullback_recovery,142615.0,3,1843.17,2022-01-25 16:00:00+00:00
2022-01-26 11:00:00+00:00,short,EXECUTE,pullback_recovery,142691.0,3,1847.42,2022-01-26 12:00:00+00:00
2022-01-26 12:00:00+00:00,short,EXECUTE,pullback_recovery,142693.0,1,1846.76,2022-01-26 12:30:00+00:00
2022-01-26 13:00:00+00:00,short,EXECUTE,pullback_recovery,142699.0,3,1843.55,2022-01-26 14:00:00+00:00
2022-01-26 14:00:00+00:00,short,EXECUTE,pullback_recovery,142703.0,3,1847.39,2022-01-26 15:00:00+00:00
2022-01-27 15:00:00+00:00,short,INVALIDATE,adverse_move_limit,,0,,
2022-01-28 08:00:00+00:00,short,EXECUTE,pullback_recovery,142861.0,1,1796.88,2022-01-28 08:30:00+00:00
2022-01-28 09:00:00+00:00,short,EXECUTE,pullback_recovery,142865.0,1,1796.41,2022-01-28 09:30:00+00:00
2022-01-28 10:00:00+00:00,short,EXECUTE,pullback_recovery,142869.0,1,1792.99,2022-01-28 10:30:00+00:00
2022-01-28 11:00:00+00:00,short,EXECUTE,pullback_recovery,142873.0,1,1790.75,2022-01-28 11:30:00+00:00
2022-01-28 12:00:00+00:00,short,EXECUTE,pullback_recovery,142879.0,3,1786.77,2022-01-28 13:00:00+00:00
2022-01-31 08:00:00+00:00,short,EXECUTE,pullback_recovery,142953.0,1,1787.86,2022-01-31 08:30:00+00:00
2022-01-31 12:00:00+00:00,short,EXECUTE,pullback_recovery,142972.0,4,1791.61,2022-01-31 13:15:00+00:00
2022-01-31 13:00:00+00:00,short,EXECUTE,pullback_recovery,142975.0,3,1791.93,2022-01-31 14:00:00+00:00
2022-01-31 14:00:00+00:00,short,EXECUTE,pullback_recovery,142978.0,2,1791.49,2022-01-31 14:45:00+00:00
2022-02-01 07:00:00+00:00,short,EXECUTE,pullback_recovery,143043.0,3,1802.53,2022-02-01 08:00:00+00:00
2022-02-01 08:00:00+00:00,short,EXECUTE,pullback_recovery,143047.0,3,1801.48,2022-02-01 09:00:00+00:00
2022-02-01 09:00:00+00:00,short,EXECUTE,pullback_recovery,143050.0,2,1802.48,2022-02-01 09:45:00+00:00
2022-02-01 10:00:00+00:00,short,EXECUTE,pullback_recovery,143056.0,4,1804.74,2022-02-01 11:15:00+00:00
2022-02-01 11:00:00+00:00,short,EXECUTE,pullback_recovery,143058.0,2,1805.52,2022-02-01 11:45:00+00:00
2022-02-01 12:00:00+00:00,short,EXECUTE,pullback_recovery,143061.0,1,1806.45,2022-02-01 12:30:00+00:00
2022-02-01 13:00:00+00:00,short,EXECUTE,pullback_recovery,143067.0,3,1806.12,2022-02-01 14:00:00+00:00
2022-02-01 14:00:00+00:00,short,EXECUTE,pullback_recovery,143071.0,3,1804.52,2022-02-01 15:00:00+00:00
2022-02-01 15:00:00+00:00,short,EXECUTE,pullback_recovery,143073.0,1,1803.17,2022-02-01 15:30:00+00:00
2022-02-02 07:00:00+00:00,short,EXECUTE,pullback_recovery,143133.0,1,1798.26,2022-02-02 07:30:00+00:00
2022-02-02 08:00:00+00:00,short,EXECUTE,pullback_recovery,143138.0,2,1796.87,2022-02-02 08:45:00+00:00
2022-02-02 09:00:00+00:00,short,EXECUTE,pullback_recovery,143141.0,1,1797.05,2022-02-02 09:30:00+00:00
2022-02-02 10:00:00+00:00,short,EXECUTE,pullback_recovery,143146.0,2,1798.15,2022-02-02 10:45:00+00:00
2022-02-02 11:00:00+00:00,short,EXECUTE,pullback_recovery,143153.0,5,1802.4,2022-02-02 12:30:00+00:00
2022-02-02 12:00:00+00:00,short,EXECUTE,pullback_recovery,143153.0,1,1802.4,2022-02-02 12:30:00+00:00
2022-02-02 13:00:00+00:00,short,EXECUTE,pullback_recovery,143157.0,1,1802.76,2022-02-02 13:30:00+00:00
2022-02-02 14:00:00+00:00,short,EXECUTE,pullback_recovery,143161.0,1,1804.36,2022-02-02 14:30:00+00:00
2022-02-02 15:00:00+00:00,short,INVALIDATE,adverse_move_limit,,0,,
2022-02-03 07:00:00+00:00,short,INVALIDATE,max_wait_exceeded,,16,,
2022-02-03 08:00:00+00:00,short,EXECUTE,pullback_recovery,143230.0,2,1805.22,2022-02-03 08:45:00+00:00
2022-02-03 09:00:00+00:00,short,EXECUTE,pullback_recovery,143233.0,1,1803.81,2022-02-03 09:30:00+00:00
2022-02-03 10:00:00+00:00,short,EXECUTE,pullback_recovery,143240.0,4,1804.14,2022-02-03 11:15:00+00:00
2022-02-03 11:00:00+00:00,short,EXECUTE,pullback_recovery,143242.0,2,1804.34,2022-02-03 11:45:00+00:00
2022-02-03 12:00:00+00:00,short,EXECUTE,pullback_recovery,143245.0,1,1802.24,2022-02-03 12:30:00+00:00
2022-02-03 13:00:00+00:00,short,EXECUTE,pullback_recovery,143251.0,3,1803.85,2022-02-03 14:00:00+00:00
2022-02-03 14:00:00+00:00,short,EXECUTE,pullback_recovery,143253.0,1,1800.81,2022-02-03 14:30:00+00:00
2022-02-03 15:00:00+00:00,short,EXECUTE,pullback_recovery,143257.0,1,1801.59,2022-02-03 15:30:00+00:00
2022-02-04 07:00:00+00:00,short,EXECUTE,pullback_recovery,143317.0,1,1806.86,2022-02-04 07:30:00+00:00
2022-02-04 08:00:00+00:00,short,EXECUTE,pullback_recovery,143323.0,3,1806.87,2022-02-04 09:00:00+00:00
2022-02-04 09:00:00+00:00,short,EXECUTE,pullback_recovery,143325.0,1,1807.76,2022-02-04 09:30:00+00:00
2022-02-04 10:00:00+00:00,short,EXECUTE,pullback_recovery,143329.0,1,1808.77,2022-02-04 10:30:00+00:00
2022-02-04 11:00:00+00:00,short,EXECUTE,pullback_recovery,143335.0,3,1811.03,2022-02-04 12:00:00+00:00
2022-02-04 12:00:00+00:00,short,EXECUTE,pullback_recovery,143338.0,2,1812.97,2022-02-04 12:45:00+00:00
2022-02-04 13:00:00+00:00,short,EXECUTE,pullback_recovery,143341.0,1,1810.96,2022-02-04 13:30:00+00:00
2022-02-04 14:00:00+00:00,short,EXECUTE,pullback_recovery,143345.0,1,1811.12,2022-02-04 14:30:00+00:00
2022-02-07 07:00:00+00:00,short,EXECUTE,pullback_recovery,143411.0,3,1810.33,2022-02-07 08:00:00+00:00
2022-02-07 08:00:00+00:00,short,EXECUTE,pullback_recovery,143413.0,1,1809.79,2022-02-07 08:30:00+00:00
2022-02-07 09:00:00+00:00,short,EXECUTE,pullback_recovery,143420.0,4,1811.91,2022-02-07 10:15:00+00:00
2022-02-07 10:00:00+00:00,short,EXECUTE,pullback_recovery,143423.0,3,1813.19,2022-02-07 11:00:00+00:00
2022-02-07 11:00:00+00:00,short,EXECUTE,pullback_recovery,143425.0,1,1811.94,2022-02-07 11:30:00+00:00
2022-02-07 12:00:00+00:00,short,EXECUTE,pullback_recovery,143431.0,3,1810.53,2022-02-07 13:00:00+00:00
2022-02-07 13:00:00+00:00,short,EXECUTE,pullback_recovery,143435.0,3,1813.76,2022-02-07 14:00:00+00:00
2022-02-07 14:00:00+00:00,short,EXECUTE,pullback_recovery,143437.0,1,1812.92,2022-02-07 14:30:00+00:00
2022-02-07 15:00:00+00:00,short,EXECUTE,pullback_recovery,143442.0,2,1815.01,2022-02-07 15:45:00+00:00
2022-02-08 07:00:00+00:00,short,EXECUTE,pullback_recovery,143503.0,3,1820.69,2022-02-08 08:00:00+00:00
2022-02-08 08:00:00+00:00,short,EXECUTE,pullback_recovery,143507.0,3,1819.82,2022-02-08 09:00:00+00:00
2022-02-08 09:00:00+00:00,short,EXECUTE,pullback_recovery,143509.0,1,1817.6,2022-02-08 09:30:00+00:00
2022-02-08 10:00:00+00:00,short,EXECUTE,pullback_recovery,143515.0,3,1819.62,2022-02-08 11:00:00+00:00
2022-02-08 11:00:00+00:00,short,EXECUTE,pullback_recovery,143521.0,5,1820.18,2022-02-08 12:30:00+00:00
2022-02-08 12:00:00+00:00,short,EXECUTE,pullback_recovery,143522.0,2,1819.53,2022-02-08 12:45:00+00:00
2022-02-08 13:00:00+00:00,short,EXECUTE,pullback_recovery,143525.0,1,1817.89,2022-02-08 13:30:00+00:00
2022-02-08 14:00:00+00:00,short,EXECUTE,pullback_recovery,143529.0,1,1818.23,2022-02-08 14:30:00+00:00
2022-02-08 22:00:00+00:00,short,EXECUTE,pullback_recovery,143561.0,1,1827.57,2022-02-08 22:30:00+00:00
2022-02-08 23:00:00+00:00,short,EXECUTE,pullback_recovery,143565.0,1,1826.65,2022-02-08 23:30:00+00:00
2022-02-09 01:00:00+00:00,short,EXECUTE,pullback_recovery,143570.0,2,1826.52,2022-02-09 01:45:00+00:00
2022-02-09 03:00:00+00:00,short,EXECUTE,pullback_recovery,143582.0,6,1827.75,2022-02-09 04:45:00+00:00
2022-02-09 04:00:00+00:00,short,EXECUTE,pullback_recovery,143581.0,1,1828.08,2022-02-09 04:30:00+00:00
2022-02-09 05:00:00+00:00,short,EXECUTE,pullback_recovery,143585.0,1,1828.88,2022-02-09 05:30:00+00:00
2022-02-09 06:00:00+00:00,short,EXECUTE,pullback_recovery,143589.0,1,1827.9,2022-02-09 06:30:00+00:00
2022-02-09 07:00:00+00:00,short,EXECUTE,pullback_recovery,143595.0,3,1827.99,2022-02-09 08:00:00+00:00
2022-02-09 08:00:00+00:00,short,EXECUTE,pullback_recovery,143597.0,1,1827.15,2022-02-09 08:30:00+00:00
2022-02-09 09:00:00+00:00,short,EXECUTE,pullback_recovery,143601.0,1,1827.42,2022-02-09 09:30:00+00:00
2022-02-09 10:00:00+00:00,short,EXECUTE,pullback_recovery,143607.0,3,1826.88,2022-02-09 11:00:00+00:00
2022-02-09 11:00:00+00:00,short,EXECUTE,pullback_recovery,143612.0,4,1827.8,2022-02-09 12:15:00+00:00
2022-02-09 12:00:00+00:00,short,EXECUTE,pullback_recovery,143614.0,2,1827.5,2022-02-09 12:45:00+00:00
2022-02-09 13:00:00+00:00,short,EXECUTE,pullback_recovery,143619.0,3,1827.39,2022-02-09 14:00:00+00:00
2022-02-09 14:00:00+00:00,short,EXECUTE,pullback_recovery,143623.0,3,1828.68,2022-02-09 15:00:00+00:00
2022-02-09 15:00:00+00:00,short,INVALIDATE,adverse_move_limit,,0,,
2022-02-10 03:00:00+00:00,short,EXECUTE,pullback_recovery,143669.0,1,1834.23,2022-02-10 03:30:00+00:00
2022-02-10 04:00:00+00:00,short,EXECUTE,pullback_recovery,143673.0,1,1834.41,2022-02-10 04:30:00+00:00
2022-02-10 05:00:00+00:00,short,EXECUTE,pullback_recovery,143677.0,1,1834.79,2022-02-10 05:30:00+00:00
2022-02-10 06:00:00+00:00,short,EXECUTE,pullback_recovery,143681.0,1,1834.53,2022-02-10 06:30:00+00:00
2022-02-10 07:00:00+00:00,short,EXECUTE,pullback_recovery,143687.0,3,1835.0,2022-02-10 08:00:00+00:00
2022-02-10 08:00:00+00:00,short,EXECUTE,pullback_recovery,143689.0,1,1834.66,2022-02-10 08:30:00+00:00
2022-02-10 09:00:00+00:00,short,EXECUTE,pullback_recovery,143693.0,1,1835.2,2022-02-10 09:30:00+00:00
2022-02-10 10:00:00+00:00,short,EXECUTE,pullback_recovery,143697.0,1,1832.36,2022-02-10 10:30:00+00:00
2022-02-10 11:00:00+00:00,short,EXECUTE,pullback_recovery,143703.0,3,1833.16,2022-02-10 12:00:00+00:00
2022-02-10 12:00:00+00:00,short,EXECUTE,pullback_recovery,143707.0,3,1833.64,2022-02-10 13:00:00+00:00
2022-02-10 13:00:00+00:00,short,EXECUTE,pullback_recovery,143711.0,3,1833.01,2022-02-10 14:00:00+00:00
2022-02-10 14:00:00+00:00,short,EXECUTE,pullback_recovery,143713.0,1,1831.71,2022-02-10 14:30:00+00:00
2022-02-10 15:00:00+00:00,short,EXECUTE,pullback_recovery,143717.0,1,1830.67,2022-02-10 15:30:00+00:00
2022-02-10 16:00:00+00:00,short,EXECUTE,pullback_recovery,143722.0,2,1832.35,2022-02-10 16:45:00+00:00
2022-02-10 19:00:00+00:00,short,EXECUTE,pullback_recovery,143735.0,3,1835.97,2022-02-10 20:00:00+00:00
2022-02-11 07:00:00+00:00,short,EXECUTE,pullback_recovery,143778.0,2,1824.48,2022-02-11 07:45:00+00:00
2022-02-11 08:00:00+00:00,short,EXECUTE,pullback_recovery,143781.0,1,1823.61,2022-02-11 08:30:00+00:00
2022-02-11 09:00:00+00:00,short,EXECUTE,pullback_recovery,143789.0,5,1826.94,2022-02-11 10:30:00+00:00
2022-02-11 10:00:00+00:00,short,EXECUTE,pullback_recovery,143789.0,1,1826.94,2022-02-11 10:30:00+00:00
2022-02-11 11:00:00+00:00,short,EXECUTE,pullback_recovery,143794.0,2,1825.93,2022-02-11 11:45:00+00:00
2022-02-11 12:00:00+00:00,short,EXECUTE,pullback_recovery,143797.0,1,1826.32,2022-02-11 12:30:00+00:00
2022-02-11 13:00:00+00:00,short,EXECUTE,pullback_recovery,143803.0,3,1827.48,2022-02-11 14:00:00+00:00
2022-02-11 14:00:00+00:00,short,EXECUTE,pullback_recovery,143806.0,2,1830.24,2022-02-11 14:45:00+00:00
2022-02-16 08:00:00+00:00,short,EXECUTE,pullback_recovery,144059.0,3,1855.42,2022-02-16 09:00:00+00:00
2022-02-16 09:00:00+00:00,short,EXECUTE,pullback_recovery,144063.0,3,1855.43,2022-02-16 10:00:00+00:00
2022-02-16 10:00:00+00:00,short,EXECUTE,pullback_recovery,144065.0,1,1856.75,2022-02-16 10:30:00+00:00
2022-02-16 11:00:00+00:00,short,EXECUTE,pullback_recovery,144071.0,3,1858.78,2022-02-16 12:00:00+00:00
2022-02-16 12:00:00+00:00,short,EXECUTE,pullback_recovery,144073.0,1,1855.04,2022-02-16 12:30:00+00:00
2022-02-17 13:00:00+00:00,short,EXECUTE,pullback_recovery,144169.0,1,1884.53,2022-02-17 13:30:00+00:00
2022-02-22 08:00:00+00:00,short,EXECUTE,pullback_recovery,144415.0,2,1909.48,2022-02-22 08:45:00+00:00
2022-02-22 09:00:00+00:00,short,EXECUTE,pullback_recovery,144420.0,3,1908.99,2022-02-22 10:00:00+00:00
2022-02-22 10:00:00+00:00,short,INVALIDATE,adverse_move_limit,,0,,
2022-02-23 08:00:00+00:00,short,EXECUTE,pullback_recovery,144508.0,3,1897.12,2022-02-23 09:00:00+00:00
2022-02-23 09:00:00+00:00,short,EXECUTE,pullback_recovery,144510.0,1,1895.48,2022-02-23 09:30:00+00:00
2022-02-23 10:00:00+00:00,short,EXECUTE,pullback_recovery,144515.0,2,1894.91,2022-02-23 10:45:00+00:00
2022-02-23 11:00:00+00:00,short,EXECUTE,pullback_recovery,144520.0,3,1893.5,2022-02-23 12:00:00+00:00
2022-02-23 12:00:00+00:00,short,EXECUTE,pullback_recovery,144524.0,3,1895.04,2022-02-23 13:00:00+00:00
2022-02-23 13:00:00+00:00,short,EXECUTE,pullback_recovery,144527.0,2,1895.0,2022-02-23 13:45:00+00:00
2022-02-23 14:00:00+00:00,short,EXECUTE,pullback_recovery,144532.0,3,1896.55,2022-02-23 15:00:00+00:00
2022-02-24 13:00:00+00:00,short,EXECUTE,pullback_recovery,144620.0,3,1961.86,2022-02-24 14:00:00+00:00
2022-02-24 14:00:00+00:00,short,EXECUTE,pullback_recovery,144624.0,3,1963.06,2022-02-24 15:00:00+00:00
2022-02-24 15:00:00+00:00,short,EXECUTE,pullback_recovery,144627.0,2,1959.8,2022-02-24 15:45:00+00:00
2022-02-25 08:00:00+00:00,short,EXECUTE,pullback_recovery,144692.0,3,1919.16,2022-02-25 09:00:00+00:00
2022-02-25 12:00:00+00:00,short,EXECUTE,pullback_recovery,144707.0,2,1908.94,2022-02-25 12:45:00+00:00
2022-02-25 13:00:00+00:00,short,EXECUTE,pullback_recovery,144710.0,1,1903.69,2022-02-25 13:30:00+00:00
2022-02-25 14:00:00+00:00,short,EXECUTE,pullback_recovery,144716.0,3,1895.78,2022-02-25 15:00:00+00:00
2022-02-25 15:00:00+00:00,short,EXECUTE,pullback_recovery,144719.0,2,1891.27,2022-02-25 15:45:00+00:00
2022-02-28 07:00:00+00:00,short,EXECUTE,pullback_recovery,144778.0,1,1909.48,2022-02-28 07:30:00+00:00
2022-02-28 08:00:00+00:00,short,EXECUTE,pullback_recovery,144782.0,1,1908.73,2022-02-28 08:30:00+00:00
2022-02-28 09:00:00+00:00,short,EXECUTE,pullback_recovery,144786.0,1,1900.76,2022-02-28 09:30:00+00:00
2022-02-28 10:00:00+00:00,short,EXECUTE,pullback_recovery,144791.0,2,1899.02,2022-02-28 10:45:00+00:00
2022-02-28 11:00:00+00:00,short,EXECUTE,pullback_recovery,144795.0,2,1900.46,2022-02-28 11:45:00+00:00
2022-02-28 12:00:00+00:00,short,EXECUTE,pullback_recovery,144800.0,3,1906.53,2022-02-28 13:00:00+00:00
2022-02-28 13:00:00+00:00,short,EXECUTE,pullback_recovery,144802.0,1,1906.11,2022-02-28 13:30:00+00:00
2022-02-28 14:00:00+00:00,short,EXECUTE,pullback_recovery,144808.0,3,1913.46,2022-02-28 15:00:00+00:00
2022-02-28 15:00:00+00:00,short,EXECUTE,pullback_recovery,144812.0,3,1917.32,2022-02-28 16:00:00+00:00
2022-03-01 09:00:00+00:00,short,EXECUTE,pullback_recovery,144879.0,2,1907.56,2022-03-01 09:45:00+00:00
2022-03-01 10:00:00+00:00,short,EXECUTE,pullback_recovery,144884.0,3,1912.62,2022-03-01 11:00:00+00:00
2022-03-02 12:00:00+00:00,short,EXECUTE,pullback_recovery,144982.0,1,1922.13,2022-03-02 12:30:00+00:00
2022-03-02 13:00:00+00:00,short,EXECUTE,pullback_recovery,144986.0,1,1928.73,2022-03-02 13:30:00+00:00
2022-03-02 14:00:00+00:00,short,EXECUTE,pullback_recovery,144990.0,1,1923.91,2022-03-02 14:30:00+00:00
2022-03-03 09:00:00+00:00,short,EXECUTE,pullback_recovery,145065.0,4,1929.3,2022-03-03 10:15:00+00:00
2022-03-04 11:00:00+00:00,short,EXECUTE,pullback_recovery,145165.0,4,1943.0,2022-03-04 12:15:00+00:00
2022-03-04 12:00:00+00:00,short,EXECUTE,pullback_recovery,145168.0,3,1947.36,2022-03-04 13:00:00+00:00
2022-03-04 13:00:00+00:00,short,EXECUTE,pullback_recovery,145170.0,1,1946.46,2022-03-04 13:30:00+00:00
2022-03-04 14:00:00+00:00,short,EXECUTE,pullback_recovery,145175.0,2,1946.13,2022-03-04 14:45:00+00:00
2022-03-10 08:00:00+00:00,short,EXECUTE,pullback_recovery,145519.0,2,1985.36,2022-03-10 08:45:00+00:00
2022-03-10 09:00:00+00:00,short,EXECUTE,pullback_recovery,145524.0,3,1975.61,2022-03-10 10:00:00+00:00
2022-03-10 10:00:00+00:00,short,EXECUTE,pullback_recovery,145526.0,1,1985.01,2022-03-10 10:30:00+00:00
2022-03-10 11:00:00+00:00,short,EXECUTE,pullback_recovery,145532.0,3,1986.11,2022-03-10 12:00:00+00:00
2022-03-10 12:00:00+00:00,short,EXECUTE,pullback_recovery,145537.0,4,2003.36,2022-03-10 13:15:00+00:00
2022-03-10 13:00:00+00:00,short,EXECUTE,pullback_recovery,145539.0,2,2006.52,2022-03-10 13:45:00+00:00
2022-03-10 14:00:00+00:00,short,EXECUTE,pullback_recovery,145542.0,1,2003.02,2022-03-10 14:30:00+00:00
2022-03-10 15:00:00+00:00,short,EXECUTE,pullback_recovery,145548.0,3,1996.49,2022-03-10 16:00:00+00:00
2022-03-14 08:00:00+00:00,short,EXECUTE,pullback_recovery,145708.0,3,1976.69,2022-03-14 09:00:00+00:00
2022-03-15 07:00:00+00:00,short,EXECUTE,pullback_recovery,145796.0,3,1926.06,2022-03-15 08:00:00+00:00
2022-03-15 11:00:00+00:00,short,EXECUTE,pullback_recovery,145810.0,1,1930.1,2022-03-15 11:30:00+00:00
2022-03-17 13:00:00+00:00,short,EXECUTE,pullback_recovery,146002.0,1,1943.77,2022-03-17 13:30:00+00:00
2022-03-17 14:00:00+00:00,short,EXECUTE,pullback_recovery,146006.0,1,1936.98,2022-03-17 14:30:00+00:00
2022-03-18 08:00:00+00:00,short,EXECUTE,pullback_recovery,146076.0,3,1932.97,2022-03-18 09:00:00+00:00
2022-03-18 09:00:00+00:00,short,EXECUTE,pullback_recovery,146078.0,1,1933.8,2022-03-18 09:30:00+00:00
2022-03-18 10:00:00+00:00,short,EXECUTE,pullback_recovery,146083.0,2,1934.49,2022-03-18 10:45:00+00:00
2022-03-18 11:00:00+00:00,short,EXECUTE,pullback_recovery,146086.0,1,1932.45,2022-03-18 11:30:00+00:00
2022-03-18 12:00:00+00:00,short,EXECUTE,pullback_recovery,146097.0,8,1937.14,2022-03-18 14:15:00+00:00
2022-03-18 13:00:00+00:00,short,EXECUTE,pullback_recovery,146096.0,3,1939.87,2022-03-18 14:00:00+00:00
2022-03-18 14:00:00+00:00,short,EXECUTE,pullback_recovery,146100.0,3,1935.56,2022-03-18 15:00:00+00:00
2022-03-18 15:00:00+00:00,short,EXECUTE,pullback_recovery,146103.0,2,1932.87,2022-03-18 15:45:00+00:00
2022-03-21 15:00:00+00:00,short,EXECUTE,pullback_recovery,146196.0,3,1929.96,2022-03-21 16:00:00+00:00
2022-03-21 16:00:00+00:00,short,EXECUTE,pullback_recovery,146199.0,2,1935.29,2022-03-21 16:45:00+00:00
2022-03-22 10:00:00+00:00,short,EXECUTE,pullback_recovery,146267.0,2,1925.62,2022-03-22 10:45:00+00:00
2022-03-22 11:00:00+00:00,short,EXECUTE,pullback_recovery,146272.0,3,1925.09,2022-03-22 12:00:00+00:00
2022-03-22 12:00:00+00:00,short,EXECUTE,pullback_recovery,146275.0,2,1927.56,2022-03-22 12:45:00+00:00
2022-03-23 10:00:00+00:00,short,EXECUTE,pullback_recovery,146360.0,3,1925.79,2022-03-23 11:00:00+00:00
2022-03-23 11:00:00+00:00,short,EXECUTE,pullback_recovery,146363.0,2,1930.14,2022-03-23 11:45:00+00:00
2022-03-23 12:00:00+00:00,short,EXECUTE,pullback_recovery,146368.0,3,1933.31,2022-03-23 13:00:00+00:00
2022-03-23 13:00:00+00:00,short,EXECUTE,pullback_recovery,146370.0,1,1928.6,2022-03-23 13:30:00+00:00
2022-03-23 14:00:00+00:00,short,EXECUTE,pullback_recovery,146374.0,1,1926.58,2022-03-23 14:30:00+00:00
2022-03-24 09:00:00+00:00,short,EXECUTE,pullback_recovery,146450.0,5,1942.89,2022-03-24 10:30:00+00:00
2022-03-24 10:00:00+00:00,short,EXECUTE,pullback_recovery,146450.0,1,1942.89,2022-03-24 10:30:00+00:00
2022-03-24 11:00:00+00:00,short,INVALIDATE,adverse_move_limit,,8,,
2022-03-24 12:00:00+00:00,short,EXECUTE,pullback_recovery,146460.0,3,1943.95,2022-03-24 13:00:00+00:00
2022-03-24 14:00:00+00:00,short,EXECUTE,pullback_recovery,146466.0,1,1945.9,2022-03-24 14:30:00+00:00
2022-03-25 07:00:00+00:00,short,EXECUTE,pullback_recovery,146530.0,1,1958.5,2022-03-25 07:30:00+00:00
2022-03-25 08:00:00+00:00,short,EXECUTE,pullback_recovery,146535.0,2,1956.54,2022-03-25 08:45:00+00:00
2022-03-25 09:00:00+00:00,short,EXECUTE,pullback_recovery,146538.0,1,1954.23,2022-03-25 09:30:00+00:00
2022-03-28 07:00:00+00:00,short,EXECUTE,pullback_recovery,146618.0,1,1943.86,2022-03-28 07:30:00+00:00
2022-03-28 08:00:00+00:00,short,EXECUTE,pullback_recovery,146624.0,3,1934.91,2022-03-28 09:00:00+00:00
2022-03-28 09:00:00+00:00,short,EXECUTE,pullback_recovery,146628.0,3,1933.44,2022-03-28 10:00:00+00:00
2022-03-28 10:00:00+00:00,short,EXECUTE,pullback_recovery,146630.0,1,1932.34,2022-03-28 10:30:00+00:00
2022-03-29 07:00:00+00:00,short,EXECUTE,pullback_recovery,146711.0,2,1921.75,2022-03-29 07:45:00+00:00
2022-03-29 08:00:00+00:00,short,EXECUTE,pullback_recovery,146715.0,2,1923.5,2022-03-29 08:45:00+00:00
2022-03-29 09:00:00+00:00,short,EXECUTE,pullback_recovery,146720.0,3,1924.58,2022-03-29 10:00:00+00:00
2022-03-29 10:00:00+00:00,short,EXECUTE,pullback_recovery,146722.0,1,1920.09,2022-03-29 10:30:00+00:00
2022-03-30 09:00:00+00:00,short,EXECUTE,pullback_recovery,146811.0,2,1923.91,2022-03-30 09:45:00+00:00
2022-03-30 10:00:00+00:00,short,EXECUTE,pullback_recovery,146815.0,2,1921.63,2022-03-30 10:45:00+00:00
2022-03-30 11:00:00+00:00,short,EXECUTE,pullback_recovery,146820.0,3,1919.25,2022-03-30 12:00:00+00:00
2022-03-30 12:00:00+00:00,short,EXECUTE,pullback_recovery,146822.0,1,1917.3,2022-03-30 12:30:00+00:00
2022-03-30 14:00:00+00:00,short,EXECUTE,pullback_recovery,146830.0,1,1923.56,2022-03-30 14:30:00+00:00
2022-03-30 15:00:00+00:00,short,EXECUTE,pullback_recovery,146834.0,1,1928.27,2022-03-30 15:30:00+00:00
2022-03-31 08:00:00+00:00,short,EXECUTE,pullback_recovery,146901.0,4,1924.0,2022-03-31 09:15:00+00:00
2022-03-31 11:00:00+00:00,short,EXECUTE,pullback_recovery,146910.0,1,1925.92,2022-03-31 11:30:00+00:00
2022-03-31 14:00:00+00:00,short,EXECUTE,pullback_recovery,146923.0,2,1931.31,2022-03-31 14:45:00+00:00
2022-04-01 08:00:00+00:00,short,EXECUTE,pullback_recovery,146991.0,2,1936.49,2022-04-01 08:45:00+00:00
2022-04-01 11:00:00+00:00,short,EXECUTE,pullback_recovery,147003.0,2,1932.09,2022-04-01 11:45:00+00:00
2022-04-04 13:00:00+00:00,short,EXECUTE,pullback_recovery,147105.0,4,1929.23,2022-04-04 14:15:00+00:00
2022-04-04 14:00:00+00:00,short,EXECUTE,pullback_recovery,147107.0,2,1928.52,2022-04-04 14:45:00+00:00
2022-04-05 09:00:00+00:00,short,EXECUTE,pullback_recovery,147180.0,3,1932.68,2022-04-05 10:00:00+00:00
2022-04-05 10:00:00+00:00,short,EXECUTE,pullback_recovery,147182.0,1,1929.17,2022-04-05 10:30:00+00:00
2022-04-05 11:00:00+00:00,short,EXECUTE,pullback_recovery,147188.0,3,1931.69,2022-04-05 12:00:00+00:00
2022-04-05 12:00:00+00:00,short,EXECUTE,pullback_recovery,147190.0,1,1929.48,2022-04-05 12:30:00+00:00
2022-04-05 13:00:00+00:00,short,EXECUTE,pullback_recovery,147194.0,1,1927.67,2022-04-05 13:30:00+00:00
2022-04-05 14:00:00+00:00,short,EXECUTE,pullback_recovery,147198.0,1,1928.72,2022-04-05 14:30:00+00:00
2022-04-05 15:00:00+00:00,short,EXECUTE,pullback_recovery,147205.0,4,1934.98,2022-04-05 16:15:00+00:00
2022-04-06 10:00:00+00:00,short,EXECUTE,pullback_recovery,147275.0,2,1921.32,2022-04-06 10:45:00+00:00
2022-04-06 11:00:00+00:00,short,EXECUTE,pullback_recovery,147286.0,9,1927.48,2022-04-06 13:30:00+00:00
2022-04-06 12:00:00+00:00,short,EXECUTE,pullback_recovery,147282.0,1,1930.25,2022-04-06 12:30:00+00:00
2022-04-06 13:00:00+00:00,short,EXECUTE,pullback_recovery,147288.0,3,1922.57,2022-04-06 14:00:00+00:00
2022-04-06 14:00:00+00:00,short,EXECUTE,pullback_recovery,147293.0,4,1920.08,2022-04-06 15:15:00+00:00
2022-04-07 08:00:00+00:00,short,EXECUTE,pullback_recovery,147360.0,3,1922.95,2022-04-07 09:00:00+00:00
2022-04-07 09:00:00+00:00,short,EXECUTE,pullback_recovery,147363.0,2,1925.66,2022-04-07 09:45:00+00:00
2022-04-07 13:00:00+00:00,short,EXECUTE,pullback_recovery,147380.0,3,1926.62,2022-04-07 14:00:00+00:00
2022-04-08 07:00:00+00:00,short,EXECUTE,pullback_recovery,147446.0,1,1928.85,2022-04-08 07:30:00+00:00
2022-04-08 08:00:00+00:00,short,EXECUTE,pullback_recovery,147452.0,3,1931.98,2022-04-08 09:00:00+00:00
2022-04-08 10:00:00+00:00,short,EXECUTE,pullback_recovery,147460.0,3,1932.19,2022-04-08 11:00:00+00:00
2022-04-08 11:00:00+00:00,short,EXECUTE,pullback_recovery,147462.0,1,1931.69,2022-04-08 11:30:00+00:00
2022-04-08 14:00:00+00:00,short,EXECUTE,pullback_recovery,147478.0,5,1935.79,2022-04-08 15:30:00+00:00
2022-04-08 15:00:00+00:00,short,INVALIDATE,adverse_move_limit,,0,,
2022-04-08 16:00:00+00:00,short,EXECUTE,pullback_recovery,147483.0,2,1939.09,2022-04-08 16:45:00+00:00
2022-04-11 08:00:00+00:00,short,EXECUTE,pullback_recovery,147545.0,4,1943.77,2022-04-11 09:15:00+00:00
2022-04-11 11:00:00+00:00,short,EXECUTE,pullback_recovery,147555.0,2,1956.87,2022-04-11 11:45:00+00:00
2022-04-11 15:00:00+00:00,short,EXECUTE,pullback_recovery,147570.0,1,1963.79,2022-04-11 15:30:00+00:00
2022-04-12 08:00:00+00:00,short,EXECUTE,pullback_recovery,147635.0,2,1958.47,2022-04-12 08:45:00+00:00
2022-04-12 09:00:00+00:00,short,EXECUTE,pullback_recovery,147640.0,3,1958.88,2022-04-12 10:00:00+00:00
2022-04-12 10:00:00+00:00,short,EXECUTE,pullback_recovery,147643.0,2,1954.05,2022-04-12 10:45:00+00:00
2022-04-12 11:00:00+00:00,short,EXECUTE,pullback_recovery,147647.0,2,1952.27,2022-04-12 11:45:00+00:00
2022-04-12 13:00:00+00:00,short,EXECUTE,pullback_recovery,147655.0,2,1955.62,2022-04-12 13:45:00+00:00
2022-04-12 14:00:00+00:00,short,EXECUTE,pullback_recovery,147658.0,1,1954.38,2022-04-12 14:30:00+00:00
2022-04-13 07:00:00+00:00,short,EXECUTE,pullback_recovery,147724.0,3,1968.31,2022-04-13 08:00:00+00:00
2022-04-13 08:00:00+00:00,short,EXECUTE,pullback_recovery,147728.0,3,1972.12,2022-04-13 09:00:00+00:00
2022-04-13 09:00:00+00:00,short,EXECUTE,pullback_recovery,147730.0,1,1967.9,2022-04-13 09:30:00+00:00
2022-04-13 10:00:00+00:00,short,EXECUTE,pullback_recovery,147736.0,3,1971.23,2022-04-13 11:00:00+00:00
2022-04-13 11:00:00+00:00,short,EXECUTE,pullback_recovery,147739.0,2,1974.58,2022-04-13 11:45:00+00:00
2022-04-13 12:00:00+00:00,short,EXECUTE,pullback_recovery,147744.0,3,1977.93,2022-04-13 13:00:00+00:00
2022-04-13 13:00:00+00:00,short,EXECUTE,pullback_recovery,147748.0,3,1977.22,2022-04-13 14:00:00+00:00
2022-04-13 14:00:00+00:00,short,EXECUTE,pullback_recovery,147751.0,2,1977.99,2022-04-13 14:45:00+00:00
2022-04-18 13:00:00+00:00,short,EXECUTE,pullback_recovery,147930.0,1,1989.82,2022-04-18 13:30:00+00:00
2022-04-18 14:00:00+00:00,short,EXECUTE,pullback_recovery,147936.0,3,1992.06,2022-04-18 15:00:00+00:00
2022-04-19 12:00:00+00:00,short,EXECUTE,pullback_recovery,148017.0,1,1975.66,2022-04-19 12:30:00+00:00
2022-04-19 13:00:00+00:00,short,EXECUTE,pullback_recovery,148024.0,4,1977.73,2022-04-19 14:15:00+00:00
2022-04-20 07:00:00+00:00,short,EXECUTE,pullback_recovery,148090.0,2,1943.1,2022-04-20 07:45:00+00:00
2022-04-20 08:00:00+00:00,short,EXECUTE,pullback_recovery,148095.0,3,1941.95,2022-04-20 09:00:00+00:00
2022-04-20 09:00:00+00:00,short,EXECUTE,pullback_recovery,148102.0,6,1942.42,2022-04-20 10:45:00+00:00
2022-04-20 10:00:00+00:00,short,EXECUTE,pullback_recovery,148101.0,1,1943.59,2022-04-20 10:30:00+00:00
2022-04-20 11:00:00+00:00,short,EXECUTE,pullback_recovery,148107.0,3,1946.59,2022-04-20 12:00:00+00:00
2022-04-20 13:00:00+00:00,short,EXECUTE,pullback_recovery,148113.0,1,1951.42,2022-04-20 13:30:00+00:00
2022-04-20 14:00:00+00:00,short,EXECUTE,pullback_recovery,148119.0,3,1952.16,2022-04-20 15:00:00+00:00
2022-04-21 08:00:00+00:00,short,EXECUTE,pullback_recovery,148187.0,3,1952.49,2022-04-21 09:00:00+00:00
2022-04-21 09:00:00+00:00,short,EXECUTE,pullback_recovery,148189.0,1,1950.77,2022-04-21 09:30:00+00:00
2022-04-21 10:00:00+00:00,short,EXECUTE,pullback_recovery,148195.0,3,1949.05,2022-04-21 11:00:00+00:00
2022-04-21 11:00:00+00:00,short,EXECUTE,pullback_recovery,148197.0,1,1944.86,2022-04-21 11:30:00+00:00
2022-04-21 15:00:00+00:00,short,EXECUTE,pullback_recovery,148214.0,2,1945.54,2022-04-21 15:45:00+00:00
2022-04-22 07:00:00+00:00,short,EXECUTE,pullback_recovery,148275.0,3,1951.72,2022-04-22 08:00:00+00:00
2022-04-22 12:00:00+00:00,short,INVALIDATE,max_wait_exceeded,,16,,
2022-04-22 13:00:00+00:00,short,EXECUTE,pullback_recovery,148297.0,1,1932.17,2022-04-22 13:30:00+00:00
2022-04-27 12:00:00+00:00,short,EXECUTE,pullback_recovery,148571.0,3,1895.13,2022-04-27 13:00:00+00:00
2022-04-28 05:00:00+00:00,short,EXECUTE,pullback_recovery,148635.0,3,1882.77,2022-04-28 06:00:00+00:00
2022-04-28 06:00:00+00:00,short,EXECUTE,pullback_recovery,148639.0,3,1878.88,2022-04-28 07:00:00+00:00
2022-04-28 09:00:00+00:00,short,EXECUTE,pullback_recovery,148654.0,6,1883.47,2022-04-28 10:45:00+00:00
2022-04-28 10:00:00+00:00,short,EXECUTE,pullback_recovery,148654.0,2,1883.47,2022-04-28 10:45:00+00:00
2022-04-28 12:00:00+00:00,short,EXECUTE,pullback_recovery,148663.0,3,1889.69,2022-04-28 13:00:00+00:00
2022-04-28 13:00:00+00:00,short,EXECUTE,pullback_recovery,148667.0,3,1888.68,2022-04-28 14:00:00+00:00
2022-04-28 14:00:00+00:00,short,EXECUTE,pullback_recovery,148671.0,3,1886.17,2022-04-28 15:00:00+00:00
2022-05-02 07:00:00+00:00,short,EXECUTE,pullback_recovery,148825.0,1,1885.32,2022-05-02 07:30:00+00:00
2022-05-02 08:00:00+00:00,short,EXECUTE,pullback_recovery,148830.0,2,1884.76,2022-05-02 08:45:00+00:00
2022-05-02 09:00:00+00:00,short,EXECUTE,pullback_recovery,148835.0,3,1887.17,2022-05-02 10:00:00+00:00
2022-05-02 10:00:00+00:00,short,EXECUTE,pullback_recovery,148839.0,3,1884.04,2022-05-02 11:00:00+00:00
2022-05-02 11:00:00+00:00,short,EXECUTE,pullback_recovery,148841.0,1,1882.07,2022-05-02 11:30:00+00:00
2022-05-02 12:00:00+00:00,short,EXECUTE,pullback_recovery,148847.0,3,1880.78,2022-05-02 13:00:00+00:00
2022-05-02 15:00:00+00:00,short,INVALIDATE,adverse_move_limit,,0,,
2022-05-03 12:00:00+00:00,short,EXECUTE,pullback_recovery,148939.0,3,1857.85,2022-05-03 13:00:00+00:00
2022-05-03 13:00:00+00:00,short,EXECUTE,pullback_recovery,148941.0,1,1858.16,2022-05-03 13:30:00+00:00
2022-05-04 10:00:00+00:00,short,EXECUTE,pullback_recovery,149022.0,2,1871.22,2022-05-04 10:45:00+00:00
2022-05-04 12:00:00+00:00,short,EXECUTE,pullback_recovery,149031.0,3,1870.07,2022-05-04 13:00:00+00:00
2022-05-04 14:00:00+00:00,short,EXECUTE,pullback_recovery,149039.0,3,1868.96,2022-05-04 15:00:00+00:00
2022-05-05 08:00:00+00:00,short,EXECUTE,pullback_recovery,149107.0,3,1898.99,2022-05-05 09:00:00+00:00
2022-05-05 12:00:00+00:00,short,EXECUTE,pullback_recovery,149123.0,3,1897.45,2022-05-05 13:00:00+00:00
2022-05-05 13:00:00+00:00,short,EXECUTE,pullback_recovery,149126.0,2,1895.37,2022-05-05 13:45:00+00:00
2022-05-06 08:00:00+00:00,short,EXECUTE,pullback_recovery,149198.0,2,1875.77,2022-05-06 08:45:00+00:00
2022-05-06 09:00:00+00:00,short,EXECUTE,pullback_recovery,149203.0,3,1873.38,2022-05-06 10:00:00+00:00
2022-05-06 10:00:00+00:00,short,EXECUTE,pullback_recovery,149206.0,2,1874.8,2022-05-06 10:45:00+00:00
2022-05-06 11:00:00+00:00,short,EXECUTE,pullback_recovery,149212.0,4,1881.71,2022-05-06 12:15:00+00:00
2022-05-06 12:00:00+00:00,short,EXECUTE,pullback_recovery,149214.0,2,1881.69,2022-05-06 12:45:00+00:00
2022-05-06 13:00:00+00:00,short,EXECUTE,pullback_recovery,149220.0,4,1882.98,2022-05-06 14:15:00+00:00
2022-05-06 14:00:00+00:00,short,EXECUTE,pullback_recovery,149223.0,3,1881.82,2022-05-06 15:00:00+00:00
2022-05-06 15:00:00+00:00,short,INVALIDATE,adverse_move_limit,,0,,
2022-05-09 07:00:00+00:00,short,EXECUTE,pullback_recovery,149286.0,2,1874.02,2022-05-09 07:45:00+00:00
2022-05-09 08:00:00+00:00,short,EXECUTE,pullback_recovery,149291.0,3,1871.56,2022-05-09 09:00:00+00:00
2022-05-09 10:00:00+00:00,short,EXECUTE,pullback_recovery,149297.0,1,1868.88,2022-05-09 10:30:00+00:00
2022-05-09 11:00:00+00:00,short,EXECUTE,pullback_recovery,149302.0,2,1865.09,2022-05-09 11:45:00+00:00
2022-05-09 12:00:00+00:00,short,EXECUTE,pullback_recovery,149305.0,1,1863.41,2022-05-09 12:30:00+00:00
2022-05-09 13:00:00+00:00,short,EXECUTE,pullback_recovery,149309.0,1,1858.86,2022-05-09 13:30:00+00:00
2022-05-09 14:00:00+00:00,short,EXECUTE,pullback_recovery,149314.0,2,1859.08,2022-05-09 14:45:00+00:00
2022-05-09 15:00:00+00:00,short,EXECUTE,pullback_recovery,149318.0,2,1865.99,2022-05-09 15:45:00+00:00
2022-05-10 05:00:00+00:00,short,EXECUTE,pullback_recovery,149370.0,2,1860.34,2022-05-10 05:45:00+00:00
2022-05-10 06:00:00+00:00,short,EXECUTE,pullback_recovery,149376.0,4,1863.55,2022-05-10 07:15:00+00:00
2022-05-10 07:00:00+00:00,short,EXECUTE,pullback_recovery,149377.0,1,1863.97,2022-05-10 07:30:00+00:00
2022-05-10 08:00:00+00:00,short,EXECUTE,pullback_recovery,149381.0,1,1863.73,2022-05-10 08:30:00+00:00
2022-05-10 09:00:00+00:00,short,EXECUTE,pullback_recovery,149386.0,2,1861.01,2022-05-10 09:45:00+00:00
2022-05-10 10:00:00+00:00,short,EXECUTE,pullback_recovery,149391.0,3,1859.45,2022-05-10 11:00:00+00:00
2022-05-10 11:00:00+00:00,short,EXECUTE,pullback_recovery,149395.0,3,1862.68,2022-05-10 12:00:00+00:00
2022-05-10 12:00:00+00:00,short,EXECUTE,pullback_recovery,149399.0,3,1857.56,2022-05-10 13:00:00+00:00
2022-05-10 13:00:00+00:00,short,EXECUTE,pullback_recovery,149402.0,2,1858.57,2022-05-10 13:45:00+00:00
2022-05-10 14:00:00+00:00,short,EXECUTE,pullback_recovery,149407.0,3,1860.32,2022-05-10 15:00:00+00:00
2022-05-11 11:00:00+00:00,short,EXECUTE,pullback_recovery,149487.0,3,1851.67,2022-05-11 12:00:00+00:00
2022-05-12 13:00:00+00:00,short,EXECUTE,pullback_recovery,149586.0,2,1848.02,2022-05-12 13:45:00+00:00
2022-05-12 14:00:00+00:00,short,EXECUTE,pullback_recovery,149590.0,2,1841.11,2022-05-12 14:45:00+00:00
2022-05-13 08:00:00+00:00,short,EXECUTE,pullback_recovery,149658.0,2,1826.67,2022-05-13 08:45:00+00:00
2022-05-13 09:00:00+00:00,short,EXECUTE,pullback_recovery,149661.0,1,1822.9,2022-05-13 09:30:00+00:00
2022-05-13 12:00:00+00:00,short,EXECUTE,pullback_recovery,149673.0,1,1822.67,2022-05-13 12:30:00+00:00
2022-05-17 10:00:00+00:00,short,EXECUTE,pullback_recovery,149849.0,1,1825.07,2022-05-17 10:30:00+00:00
2022-05-17 12:00:00+00:00,short,EXECUTE,pullback_recovery,149857.0,1,1827.74,2022-05-17 12:30:00+00:00
2022-05-17 14:00:00+00:00,short,EXECUTE,pullback_recovery,149866.0,2,1834.97,2022-05-17 14:45:00+00:00
2022-05-17 15:00:00+00:00,short,EXECUTE,pullback_recovery,149869.0,1,1830.77,2022-05-17 15:30:00+00:00
2022-05-18 09:00:00+00:00,short,EXECUTE,pullback_recovery,149938.0,2,1810.97,2022-05-18 09:45:00+00:00
2022-05-18 10:00:00+00:00,short,EXECUTE,pullback_recovery,149942.0,2,1815.49,2022-05-18 10:45:00+00:00
2022-05-18 11:00:00+00:00,short,EXECUTE,pullback_recovery,149945.0,1,1815.25,2022-05-18 11:30:00+00:00
2022-05-18 12:00:00+00:00,short,EXECUTE,pullback_recovery,149950.0,2,1818.96,2022-05-18 12:45:00+00:00
2022-05-18 14:00:00+00:00,short,EXECUTE,pullback_recovery,149959.0,3,1808.82,2022-05-18 15:00:00+00:00
2022-05-19 11:00:00+00:00,short,EXECUTE,pullback_recovery,150039.0,3,1822.61,2022-05-19 12:00:00+00:00
2022-05-19 12:00:00+00:00,short,EXECUTE,pullback_recovery,150043.0,3,1829.87,2022-05-19 13:00:00+00:00
2022-05-19 13:00:00+00:00,short,EXECUTE,pullback_recovery,150045.0,1,1827.66,2022-05-19 13:30:00+00:00
2022-05-19 14:00:00+00:00,short,EXECUTE,pullback_recovery,150050.0,2,1831.33,2022-05-19 14:45:00+00:00
2022-05-19 15:00:00+00:00,short,EXECUTE,pullback_recovery,150054.0,2,1837.82,2022-05-19 15:45:00+00:00
2022-05-20 08:00:00+00:00,short,EXECUTE,pullback_recovery,150119.0,3,1845.85,2022-05-20 09:00:00+00:00
2022-05-20 09:00:00+00:00,short,EXECUTE,pullback_recovery,150124.0,4,1847.21,2022-05-20 10:15:00+00:00
2022-05-20 12:00:00+00:00,short,EXECUTE,pullback_recovery,150136.0,4,1847.02,2022-05-20 13:15:00+00:00
2022-05-20 13:00:00+00:00,short,EXECUTE,pullback_recovery,150137.0,1,1845.78,2022-05-20 13:30:00+00:00
2022-05-20 14:00:00+00:00,short,EXECUTE,pullback_recovery,150141.0,1,1843.21,2022-05-20 14:30:00+00:00
2022-05-20 15:00:00+00:00,short,EXECUTE,pullback_recovery,150147.0,3,1842.29,2022-05-20 16:00:00+00:00
2022-05-23 14:00:00+00:00,short,EXECUTE,pullback_recovery,150233.0,1,1860.63,2022-05-23 14:30:00+00:00
2022-05-23 15:00:00+00:00,short,INVALIDATE,adverse_move_limit,,0,,
2022-05-24 07:00:00+00:00,short,EXECUTE,pullback_recovery,150297.0,1,1856.57,2022-05-24 07:30:00+00:00
2022-05-24 08:00:00+00:00,short,EXECUTE,pullback_recovery,150302.0,2,1855.44,2022-05-24 08:45:00+00:00
2022-05-24 09:00:00+00:00,short,EXECUTE,pullback_recovery,150307.0,3,1851.45,2022-05-24 10:00:00+00:00
2022-05-24 10:00:00+00:00,short,EXECUTE,pullback_recovery,150312.0,4,1860.12,2022-05-24 11:15:00+00:00
2022-05-24 11:00:00+00:00,short,EXECUTE,pullback_recovery,150314.0,2,1858.2,2022-05-24 11:45:00+00:00
2022-05-24 12:00:00+00:00,short,EXECUTE,pullback_recovery,150318.0,2,1857.37,2022-05-24 12:45:00+00:00
2022-05-24 13:00:00+00:00,short,EXECUTE,pullback_recovery,150325.0,5,1858.21,2022-05-24 14:30:00+00:00
2022-05-24 14:00:00+00:00,short,EXECUTE,pullback_recovery,150325.0,1,1858.21,2022-05-24 14:30:00+00:00
2022-05-25 07:00:00+00:00,short,EXECUTE,pullback_recovery,150392.0,4,1861.47,2022-05-25 08:15:00+00:00
2022-05-25 08:00:00+00:00,short,EXECUTE,pullback_recovery,150394.0,2,1859.29,2022-05-25 08:45:00+00:00
2022-05-25 09:00:00+00:00,short,EXECUTE,pullback_recovery,150397.0,1,1856.34,2022-05-25 09:30:00+00:00
2022-05-25 10:00:00+00:00,short,EXECUTE,pullback_recovery,150401.0,1,1858.52,2022-05-25 10:30:00+00:00
2022-05-25 11:00:00+00:00,short,EXECUTE,pullback_recovery,150405.0,1,1855.05,2022-05-25 11:30:00+00:00
2022-05-25 12:00:00+00:00,short,EXECUTE,pullback_recovery,150410.0,2,1857.51,2022-05-25 12:45:00+00:00
2022-05-25 13:00:00+00:00,short,EXECUTE,pullback_recovery,150415.0,3,1851.97,2022-05-25 14:00:00+00:00
2022-05-25 14:00:00+00:00,short,EXECUTE,pullback_recovery,150417.0,1,1854.33,2022-05-25 14:30:00+00:00
2022-05-25 15:00:00+00:00,short,EXECUTE,pullback_recovery,150422.0,2,1854.59,2022-05-25 15:45:00+00:00
2022-05-26 09:00:00+00:00,short,EXECUTE,pullback_recovery,150492.0,4,1846.9,2022-05-26 10:15:00+00:00
2022-05-26 10:00:00+00:00,short,EXECUTE,pullback_recovery,150493.0,1,1847.35,2022-05-26 10:30:00+00:00
2022-05-26 14:00:00+00:00,short,EXECUTE,pullback_recovery,150512.0,4,1846.02,2022-05-26 15:15:00+00:00
2022-05-27 07:00:00+00:00,short,EXECUTE,pullback_recovery,150573.0,1,1853.12,2022-05-27 07:30:00+00:00
2022-05-27 08:00:00+00:00,short,EXECUTE,pullback_recovery,150578.0,2,1854.56,2022-05-27 08:45:00+00:00
2022-05-27 09:00:00+00:00,short,EXECUTE,pullback_recovery,150581.0,1,1854.48,2022-05-27 09:30:00+00:00
2022-05-27 10:00:00+00:00,short,EXECUTE,pullback_recovery,150591.0,7,1856.86,2022-05-27 12:00:00+00:00
2022-05-27 11:00:00+00:00,short,EXECUTE,pullback_recovery,150591.0,3,1856.86,2022-05-27 12:00:00+00:00
2022-05-27 12:00:00+00:00,short,EXECUTE,pullback_recovery,150593.0,1,1858.92,2022-05-27 12:30:00+00:00
2022-05-27 13:00:00+00:00,short,EXECUTE,pullback_recovery,150598.0,2,1858.48,2022-05-27 13:45:00+00:00
2022-05-30 07:00:00+00:00,short,EXECUTE,pullback_recovery,150666.0,2,1861.51,2022-05-30 07:45:00+00:00
2022-05-30 08:00:00+00:00,short,EXECUTE,pullback_recovery,150669.0,1,1862.11,2022-05-30 08:30:00+00:00
2022-05-30 09:00:00+00:00,short,EXECUTE,pullback_recovery,150673.0,1,1862.46,2022-05-30 09:30:00+00:00
2022-05-30 10:00:00+00:00,short,EXECUTE,pullback_recovery,150679.0,3,1858.81,2022-05-30 11:00:00+00:00
2022-05-30 11:00:00+00:00,short,EXECUTE,pullback_recovery,150681.0,1,1857.7,2022-05-30 11:30:00+00:00
2022-05-30 12:00:00+00:00,short,EXECUTE,pullback_recovery,150686.0,2,1857.78,2022-05-30 12:45:00+00:00
2022-05-30 13:00:00+00:00,short,EXECUTE,pullback_recovery,150689.0,1,1855.56,2022-05-30 13:30:00+00:00
2022-05-30 14:00:00+00:00,short,EXECUTE,pullback_recovery,150695.0,3,1854.33,2022-05-30 15:00:00+00:00
2022-05-30 15:00:00+00:00,short,EXECUTE,pullback_recovery,150697.0,1,1855.28,2022-05-30 15:30:00+00:00
2022-05-30 16:00:00+00:00,short,EXECUTE,pullback_recovery,150703.0,3,1859.11,2022-05-30 17:00:00+00:00
2022-05-30 17:00:00+00:00,short,EXECUTE,pullback_recovery,150707.0,3,1858.54,2022-05-30 18:00:00+00:00
2022-05-31 07:00:00+00:00,short,EXECUTE,pullback_recovery,150743.0,3,1851.63,2022-05-31 08:00:00+00:00
2022-05-31 08:00:00+00:00,short,EXECUTE,pullback_recovery,150747.0,3,1853.13,2022-05-31 09:00:00+00:00
2022-05-31 09:00:00+00:00,short,EXECUTE,pullback_recovery,150749.0,1,1854.44,2022-05-31 09:30:00+00:00
2022-05-31 10:00:00+00:00,short,EXECUTE,pullback_recovery,150754.0,2,1855.23,2022-05-31 10:45:00+00:00
2022-05-31 11:00:00+00:00,short,EXECUTE,pullback_recovery,150759.0,3,1852.73,2022-05-31 12:00:00+00:00
2022-05-31 12:00:00+00:00,short,EXECUTE,pullback_recovery,150762.0,2,1850.16,2022-05-31 12:45:00+00:00
2022-05-31 13:00:00+00:00,short,EXECUTE,pullback_recovery,150765.0,1,1849.04,2022-05-31 13:30:00+00:00
2022-05-31 14:00:00+00:00,short,EXECUTE,pullback_recovery,150769.0,1,1849.12,2022-05-31 14:30:00+00:00
2022-06-01 09:00:00+00:00,short,EXECUTE,pullback_recovery,150842.0,2,1833.75,2022-06-01 09:45:00+00:00
2022-06-01 10:00:00+00:00,short,EXECUTE,pullback_recovery,150846.0,2,1832.46,2022-06-01 10:45:00+00:00
2022-06-01 11:00:00+00:00,short,INVALIDATE,adverse_move_limit,,0,,
2022-06-01 12:00:00+00:00,short,EXECUTE,pullback_recovery,150855.0,3,1831.36,2022-06-01 13:00:00+00:00
2022-06-01 13:00:00+00:00,short,EXECUTE,pullback_recovery,150859.0,3,1831.91,2022-06-01 14:00:00+00:00
2022-06-01 14:00:00+00:00,short,EXECUTE,pullback_recovery,150863.0,3,1829.57,2022-06-01 15:00:00+00:00
2022-06-02 08:00:00+00:00,short,EXECUTE,pullback_recovery,150930.0,2,1848.51,2022-06-02 08:45:00+00:00
2022-06-02 11:00:00+00:00,short,EXECUTE,pullback_recovery,150941.0,1,1851.6,2022-06-02 11:30:00+00:00
2022-06-02 12:00:00+00:00,short,EXECUTE,pullback_recovery,150946.0,2,1854.42,2022-06-02 12:45:00+00:00
2022-06-02 13:00:00+00:00,short,EXECUTE,pullback_recovery,150950.0,2,1855.76,2022-06-02 13:45:00+00:00
2022-06-02 14:00:00+00:00,short,EXECUTE,pullback_recovery,150953.0,1,1855.78,2022-06-02 14:30:00+00:00
2022-06-02 15:00:00+00:00,short,EXECUTE,pullback_recovery,150957.0,1,1855.9,2022-06-02 15:30:00+00:00
2022-06-03 02:00:00+00:00,short,EXECUTE,pullback_recovery,150997.0,1,1870.0,2022-06-03 02:30:00+00:00
2022-06-03 07:00:00+00:00,short,EXECUTE,pullback_recovery,151017.0,1,1867.69,2022-06-03 07:30:00+00:00
2022-06-03 08:00:00+00:00,short,EXECUTE,pullback_recovery,151022.0,2,1867.75,2022-06-03 08:45:00+00:00
2022-06-03 09:00:00+00:00,short,EXECUTE,pullback_recovery,151027.0,3,1865.95,2022-06-03 10:00:00+00:00
2022-06-03 10:00:00+00:00,short,EXECUTE,pullback_recovery,151031.0,3,1864.74,2022-06-03 11:00:00+00:00
2022-06-03 11:00:00+00:00,short,EXECUTE,pullback_recovery,151035.0,3,1864.93,2022-06-03 12:00:00+00:00
2022-06-03 12:00:00+00:00,short,EXECUTE,pullback_recovery,151039.0,3,1864.88,2022-06-03 13:00:00+00:00
2022-06-03 13:00:00+00:00,short,EXECUTE,pullback_recovery,151041.0,1,1865.05,2022-06-03 13:30:00+00:00
2022-06-03 14:00:00+00:00,short,EXECUTE,pullback_recovery,151046.0,2,1865.49,2022-06-03 14:45:00+00:00
2022-06-03 15:00:00+00:00,short,INVALIDATE,adverse_move_limit,,0,,
2022-06-06 07:00:00+00:00,short,EXECUTE,pullback_recovery,151111.0,3,1855.37,2022-06-06 08:00:00+00:00
2022-06-06 08:00:00+00:00,short,EXECUTE,pullback_recovery,151113.0,1,1854.35,2022-06-06 08:30:00+00:00
2022-06-06 09:00:00+00:00,short,EXECUTE,pullback_recovery,151117.0,1,1854.31,2022-06-06 09:30:00+00:00
2022-06-06 10:00:00+00:00,short,EXECUTE,pullback_recovery,151121.0,1,1852.98,2022-06-06 10:30:00+00:00
2022-06-06 11:00:00+00:00,short,EXECUTE,pullback_recovery,151126.0,2,1851.08,2022-06-06 11:45:00+00:00
2022-06-06 12:00:00+00:00,short,EXECUTE,pullback_recovery,151132.0,4,1853.69,2022-06-06 13:15:00+00:00
2022-06-06 13:00:00+00:00,short,EXECUTE,pullback_recovery,151134.0,2,1852.5,2022-06-06 13:45:00+00:00
2022-06-06 14:00:00+00:00,short,EXECUTE,pullback_recovery,151137.0,1,1853.57,2022-06-06 14:30:00+00:00
2022-06-06 15:00:00+00:00,short,EXECUTE,pullback_recovery,151141.0,1,1853.45,2022-06-06 15:30:00+00:00
2022-06-06 16:00:00+00:00,short,EXECUTE,pullback_recovery,151146.0,2,1850.05,2022-06-06 16:45:00+00:00
2022-06-07 08:00:00+00:00,short,EXECUTE,pullback_recovery,151207.0,3,1838.9,2022-06-07 09:00:00+00:00
2022-06-07 09:00:00+00:00,short,EXECUTE,pullback_recovery,151211.0,3,1841.53,2022-06-07 10:00:00+00:00
2022-06-07 10:00:00+00:00,short,EXECUTE,pullback_recovery,151215.0,3,1842.05,2022-06-07 11:00:00+00:00
2022-06-07 11:00:00+00:00,short,EXECUTE,pullback_recovery,151219.0,3,1846.67,2022-06-07 12:00:00+00:00
2022-06-07 12:00:00+00:00,short,EXECUTE,pullback_recovery,151221.0,1,1848.11,2022-06-07 12:30:00+00:00
2022-06-07 13:00:00+00:00,short,EXECUTE,pullback_recovery,151227.0,3,1850.54,2022-06-07 14:00:00+00:00
2022-06-07 14:00:00+00:00,short,EXECUTE,pullback_recovery,151229.0,1,1849.11,2022-06-07 14:30:00+00:00
2022-06-08 07:00:00+00:00,short,EXECUTE,pullback_recovery,151295.0,3,1847.5,2022-06-08 08:00:00+00:00
2022-06-08 08:00:00+00:00,short,EXECUTE,pullback_recovery,151300.0,4,1849.82,2022-06-08 09:15:00+00:00
2022-06-08 09:00:00+00:00,short,EXECUTE,pullback_recovery,151301.0,1,1849.45,2022-06-08 09:30:00+00:00
2022-06-08 10:00:00+00:00,short,EXECUTE,pullback_recovery,151307.0,3,1850.01,2022-06-08 11:00:00+00:00
2022-06-08 11:00:00+00:00,short,EXECUTE,pullback_recovery,151310.0,2,1847.76,2022-06-08 11:45:00+00:00
2022-06-08 12:00:00+00:00,short,EXECUTE,pullback_recovery,151315.0,3,1849.51,2022-06-08 13:00:00+00:00
2022-06-08 13:00:00+00:00,short,EXECUTE,pullback_recovery,151318.0,2,1847.46,2022-06-08 13:45:00+00:00
2022-06-08 14:00:00+00:00,short,EXECUTE,pullback_recovery,151322.0,2,1850.59,2022-06-08 14:45:00+00:00
2022-06-09 07:00:00+00:00,short,EXECUTE,pullback_recovery,151385.0,1,1854.45,2022-06-09 07:30:00+00:00
2022-06-09 08:00:00+00:00,short,EXECUTE,pullback_recovery,151391.0,3,1851.34,2022-06-09 09:00:00+00:00
2022-06-09 09:00:00+00:00,short,EXECUTE,pullback_recovery,151393.0,1,1850.09,2022-06-09 09:30:00+00:00
2022-06-09 10:00:00+00:00,short,EXECUTE,pullback_recovery,151397.0,1,1850.41,2022-06-09 10:30:00+00:00
2022-06-09 11:00:00+00:00,short,EXECUTE,pullback_recovery,151401.0,1,1847.95,2022-06-09 11:30:00+00:00
2022-06-09 12:00:00+00:00,short,EXECUTE,pullback_recovery,151405.0,1,1849.09,2022-06-09 12:30:00+00:00
2022-06-09 13:00:00+00:00,short,EXECUTE,pullback_recovery,151409.0,1,1849.7,2022-06-09 13:30:00+00:00
2022-06-09 14:00:00+00:00,short,EXECUTE,pullback_recovery,151415.0,3,1846.28,2022-06-09 15:00:00+00:00
2022-06-10 07:00:00+00:00,short,EXECUTE,pullback_recovery,151478.0,2,1844.06,2022-06-10 07:45:00+00:00
2022-06-10 08:00:00+00:00,short,EXECUTE,pullback_recovery,151481.0,1,1844.7,2022-06-10 08:30:00+00:00
2022-06-10 09:00:00+00:00,short,EXECUTE,pullback_recovery,151485.0,1,1844.45,2022-06-10 09:30:00+00:00
2022-06-10 10:00:00+00:00,short,EXECUTE,pullback_recovery,151491.0,3,1845.43,2022-06-10 11:00:00+00:00
2022-06-10 11:00:00+00:00,short,EXECUTE,pullback_recovery,151493.0,1,1845.06,2022-06-10 11:30:00+00:00
2022-06-10 12:00:00+00:00,short,EXECUTE,pullback_recovery,151497.0,1,1842.82,2022-06-10 12:30:00+00:00
2022-06-10 13:00:00+00:00,short,EXECUTE,pullback_recovery,151501.0,1,1842.66,2022-06-10 13:30:00+00:00
2022-06-10 14:00:00+00:00,short,INVALIDATE,adverse_move_limit,,0,,
2022-06-14 12:00:00+00:00,short,EXECUTE,pullback_recovery,151682.0,2,1822.55,2022-06-14 12:45:00+00:00
2022-06-14 13:00:00+00:00,short,EXECUTE,pullback_recovery,151688.0,4,1823.61,2022-06-14 14:15:00+00:00
2022-06-14 14:00:00+00:00,short,EXECUTE,pullback_recovery,151691.0,3,1817.05,2022-06-14 15:00:00+00:00
2022-06-14 15:00:00+00:00,short,EXECUTE,pullback_recovery,151693.0,1,1819.6,2022-06-14 15:30:00+00:00
2022-06-20 08:00:00+00:00,short,EXECUTE,pullback_recovery,152033.0,1,1842.72,2022-06-20 08:30:00+00:00
2022-06-20 11:00:00+00:00,short,EXECUTE,pullback_recovery,152046.0,2,1840.06,2022-06-20 11:45:00+00:00
2022-06-20 12:00:00+00:00,short,EXECUTE,pullback_recovery,152050.0,2,1841.16,2022-06-20 12:45:00+00:00
2022-06-20 13:00:00+00:00,short,EXECUTE,pullback_recovery,152053.0,1,1838.69,2022-06-20 13:30:00+00:00
2022-06-20 14:00:00+00:00,short,EXECUTE,pullback_recovery,152057.0,1,1837.78,2022-06-20 14:30:00+00:00
2022-06-21 07:00:00+00:00,short,EXECUTE,pullback_recovery,152106.0,1,1839.12,2022-06-21 07:30:00+00:00
2022-06-21 08:00:00+00:00,short,EXECUTE,pullback_recovery,152111.0,2,1835.76,2022-06-21 08:45:00+00:00
2022-06-21 09:00:00+00:00,short,EXECUTE,pullback_recovery,152115.0,2,1833.98,2022-06-21 09:45:00+00:00
2022-06-22 07:00:00+00:00,short,EXECUTE,pullback_recovery,152200.0,3,1825.49,2022-06-22 08:00:00+00:00
2022-06-22 08:00:00+00:00,short,EXECUTE,pullback_recovery,152203.0,2,1825.21,2022-06-22 08:45:00+00:00
2022-06-22 09:00:00+00:00,short,EXECUTE,pullback_recovery,152206.0,1,1825.76,2022-06-22 09:30:00+00:00
2022-06-22 10:00:00+00:00,short,EXECUTE,pullback_recovery,152212.0,3,1826.66,2022-06-22 11:00:00+00:00
2022-06-22 11:00:00+00:00,short,EXECUTE,pullback_recovery,152214.0,1,1824.24,2022-06-22 11:30:00+00:00
2022-06-22 12:00:00+00:00,short,EXECUTE,pullback_recovery,152220.0,3,1828.5,2022-06-22 13:00:00+00:00
2022-06-22 13:00:00+00:00,short,INVALIDATE,adverse_move_limit,,3,,
2022-06-22 14:00:00+00:00,short,EXECUTE,pullback_recovery,152228.0,3,1836.46,2022-06-22 15:00:00+00:00
2022-06-23 11:00:00+00:00,short,EXECUTE,pullback_recovery,152307.0,2,1832.84,2022-06-23 11:45:00+00:00
2022-06-23 12:00:00+00:00,short,EXECUTE,pullback_recovery,152310.0,1,1832.36,2022-06-23 12:30:00+00:00
2022-06-23 13:00:00+00:00,short,EXECUTE,pullback_recovery,152314.0,1,1829.34,2022-06-23 13:30:00+00:00
2022-06-23 14:00:00+00:00,short,INVALIDATE,adverse_move_limit,,7,,
2022-06-24 08:00:00+00:00,short,EXECUTE,pullback_recovery,152387.0,2,1825.37,2022-06-24 08:45:00+00:00
2022-06-24 09:00:00+00:00,short,EXECUTE,pullback_recovery,152390.0,1,1823.11,2022-06-24 09:30:00+00:00
2022-06-24 10:00:00+00:00,short,EXECUTE,pullback_recovery,152396.0,3,1829.98,2022-06-24 11:00:00+00:00
2022-06-24 11:00:00+00:00,short,EXECUTE,pullback_recovery,152398.0,1,1825.9,2022-06-24 11:30:00+00:00
2022-06-24 12:00:00+00:00,short,INVALIDATE,max_wait_exceeded,,16,,
2022-06-24 13:00:00+00:00,short,EXECUTE,pullback_recovery,152408.0,3,1825.07,2022-06-24 14:00:00+00:00
2022-06-24 14:00:00+00:00,short,EXECUTE,pullback_recovery,152410.0,1,1824.38,2022-06-24 14:30:00+00:00
2022-06-24 15:00:00+00:00,short,EXECUTE,pullback_recovery,152414.0,1,1823.9,2022-06-24 15:30:00+00:00
2022-06-27 08:00:00+00:00,short,EXECUTE,pullback_recovery,152480.0,3,1835.49,2022-06-27 09:00:00+00:00
2022-06-28 07:00:00+00:00,short,EXECUTE,pullback_recovery,152567.0,2,1825.84,2022-06-28 07:45:00+00:00
2022-06-28 08:00:00+00:00,short,EXECUTE,pullback_recovery,152570.0,1,1825.77,2022-06-28 08:30:00+00:00
2022-06-28 09:00:00+00:00,short,EXECUTE,pullback_recovery,152576.0,3,1827.08,2022-06-28 10:00:00+00:00
2022-06-28 10:00:00+00:00,short,EXECUTE,pullback_recovery,152578.0,1,1826.6,2022-06-28 10:30:00+00:00
2022-06-28 11:00:00+00:00,short,EXECUTE,pullback_recovery,152584.0,3,1826.52,2022-06-28 12:00:00+00:00
2022-06-28 12:00:00+00:00,short,EXECUTE,pullback_recovery,152588.0,3,1824.71,2022-06-28 13:00:00+00:00
2022-06-28 13:00:00+00:00,short,EXECUTE,pullback_recovery,152591.0,2,1823.71,2022-06-28 13:45:00+00:00
2022-06-28 14:00:00+00:00,short,EXECUTE,pullback_recovery,152597.0,4,1824.97,2022-06-28 15:15:00+00:00
2022-06-28 15:00:00+00:00,short,EXECUTE,pullback_recovery,152599.0,2,1823.54,2022-06-28 15:45:00+00:00
2022-06-28 16:00:00+00:00,short,EXECUTE,pullback_recovery,152603.0,2,1822.38,2022-06-28 16:45:00+00:00
2022-06-29 05:00:00+00:00,short,EXECUTE,pullback_recovery,152652.0,3,1821.25,2022-06-29 06:00:00+00:00
2022-06-29 06:00:00+00:00,short,EXECUTE,pullback_recovery,152654.0,1,1820.68,2022-06-29 06:30:00+00:00
2022-06-29 07:00:00+00:00,short,EXECUTE,pullback_recovery,152658.0,1,1821.03,2022-06-29 07:30:00+00:00
2022-06-29 08:00:00+00:00,short,EXECUTE,pullback_recovery,152663.0,2,1820.96,2022-06-29 08:45:00+00:00
2022-06-29 09:00:00+00:00,short,EXECUTE,pullback_recovery,152667.0,2,1816.62,2022-06-29 09:45:00+00:00
2022-06-29 10:00:00+00:00,short,EXECUTE,pullback_recovery,152672.0,3,1816.76,2022-06-29 11:00:00+00:00
2022-06-29 11:00:00+00:00,short,EXECUTE,pullback_recovery,152674.0,1,1816.34,2022-06-29 11:30:00+00:00
2022-06-29 13:00:00+00:00,short,EXECUTE,pullback_recovery,152683.0,2,1825.14,2022-06-29 13:45:00+00:00
2022-06-29 14:00:00+00:00,short,EXECUTE,pullback_recovery,152688.0,3,1824.92,2022-06-29 15:00:00+00:00
2022-06-30 08:00:00+00:00,short,EXECUTE,pullback_recovery,152755.0,2,1815.68,2022-06-30 08:45:00+00:00
2022-06-30 10:00:00+00:00,short,EXECUTE,pullback_recovery,152762.0,1,1816.15,2022-06-30 10:30:00+00:00
2022-06-30 11:00:00+00:00,short,EXECUTE,pullback_recovery,152768.0,3,1815.92,2022-06-30 12:00:00+00:00
2022-06-30 12:00:00+00:00,short,EXECUTE,pullback_recovery,152770.0,1,1813.91,2022-06-30 12:30:00+00:00
2022-06-30 13:00:00+00:00,short,EXECUTE,pullback_recovery,152774.0,1,1810.8,2022-06-30 13:30:00+00:00
2022-06-30 14:00:00+00:00,short,INVALIDATE,adverse_move_limit,,0,,
2022-07-01 10:00:00+00:00,short,EXECUTE,pullback_recovery,152855.0,2,1796.23,2022-07-01 10:45:00+00:00
2022-07-01 11:00:00+00:00,short,EXECUTE,pullback_recovery,152860.0,3,1794.79,2022-07-01 12:00:00+00:00
2022-07-01 12:00:00+00:00,short,EXECUTE,pullback_recovery,152862.0,1,1794.78,2022-07-01 12:30:00+00:00
2022-07-01 13:00:00+00:00,short,EXECUTE,pullback_recovery,152866.0,1,1791.66,2022-07-01 13:30:00+00:00
2022-07-01 14:00:00+00:00,short,EXECUTE,pullback_recovery,152870.0,1,1790.07,2022-07-01 14:30:00+00:00
2022-07-05 07:00:00+00:00,short,EXECUTE,pullback_recovery,153017.0,2,1811.43,2022-07-05 07:45:00+00:00
2022-07-05 08:00:00+00:00,short,INVALIDATE,max_wait_exceeded,,16,,
2022-07-05 09:00:00+00:00,short,EXECUTE,pullback_recovery,153024.0,1,1809.0,2022-07-05 09:30:00+00:00
2022-07-05 10:00:00+00:00,short,EXECUTE,pullback_recovery,153028.0,1,1806.87,2022-07-05 10:30:00+00:00
2022-07-05 11:00:00+00:00,short,EXECUTE,pullback_recovery,153034.0,3,1800.97,2022-07-05 12:00:00+00:00
2022-07-05 12:00:00+00:00,short,EXECUTE,pullback_recovery,153036.0,1,1804.08,2022-07-05 12:30:00+00:00
2022-07-05 13:00:00+00:00,short,EXECUTE,pullback_recovery,153041.0,2,1801.97,2022-07-05 13:45:00+00:00
2022-07-05 14:00:00+00:00,short,EXECUTE,pullback_recovery,153044.0,1,1798.62,2022-07-05 14:30:00+00:00
2022-07-06 12:00:00+00:00,short,EXECUTE,pullback_recovery,153129.0,2,1765.32,2022-07-06 12:45:00+00:00
2022-07-08 09:00:00+00:00,short,EXECUTE,pullback_recovery,153301.0,2,1742.78,2022-07-08 09:45:00+00:00
2022-07-08 10:00:00+00:00,short,INVALIDATE,adverse_move_limit,,0,,
2022-07-08 11:00:00+00:00,short,EXECUTE,pullback_recovery,153308.0,1,1737.42,2022-07-08 11:30:00+00:00
2022-07-08 12:00:00+00:00,short,INVALIDATE,adverse_move_limit,,12,,
2022-07-08 13:00:00+00:00,short,EXECUTE,pullback_recovery,153318.0,3,1741.05,2022-07-08 14:00:00+00:00
2022-07-08 14:00:00+00:00,short,EXECUTE,pullback_recovery,153322.0,3,1740.95,2022-07-08 15:00:00+00:00
2022-07-11 06:00:00+00:00,short,EXECUTE,pullback_recovery,153381.0,2,1741.7,2022-07-11 06:45:00+00:00
2022-07-11 07:00:00+00:00,short,INVALIDATE,max_wait_exceeded,,16,,
2022-07-11 08:00:00+00:00,short,EXECUTE,pullback_recovery,153389.0,2,1740.77,2022-07-11 08:45:00+00:00
2022-07-11 09:00:00+00:00,short,EXECUTE,pullback_recovery,153392.0,1,1740.28,2022-07-11 09:30:00+00:00
2022-07-11 10:00:00+00:00,short,EXECUTE,pullback_recovery,153396.0,1,1738.37,2022-07-11 10:30:00+00:00
2022-07-11 11:00:00+00:00,short,EXECUTE,pullback_recovery,153400.0,1,1737.32,2022-07-11 11:30:00+00:00
2022-07-11 12:00:00+00:00,short,EXECUTE,pullback_recovery,153405.0,2,1736.17,2022-07-11 12:45:00+00:00
2022-07-11 13:00:00+00:00,short,EXECUTE,pullback_recovery,153410.0,3,1736.16,2022-07-11 14:00:00+00:00
2022-07-11 14:00:00+00:00,short,EXECUTE,pullback_recovery,153412.0,1,1735.33,2022-07-11 14:30:00+00:00
2022-07-11 15:00:00+00:00,short,EXECUTE,pullback_recovery,153416.0,1,1735.45,2022-07-11 15:30:00+00:00
2022-07-12 13:00:00+00:00,short,EXECUTE,pullback_recovery,153500.0,1,1732.58,2022-07-12 13:30:00+00:00
2022-07-12 23:00:00+00:00,short,INVALIDATE,max_wait_exceeded,,16,,
2022-07-13 01:00:00+00:00,short,EXECUTE,pullback_recovery,153544.0,1,1725.71,2022-07-13 01:30:00+00:00
2022-07-13 03:00:00+00:00,short,EXECUTE,pullback_recovery,153553.0,2,1724.57,2022-07-13 03:45:00+00:00
2022-07-13 08:00:00+00:00,short,EXECUTE,pullback_recovery,153574.0,3,1725.64,2022-07-13 09:00:00+00:00
2022-07-13 09:00:00+00:00,short,EXECUTE,pullback_recovery,153577.0,2,1725.02,2022-07-13 09:45:00+00:00
2022-07-13 10:00:00+00:00,short,EXECUTE,pullback_recovery,153582.0,3,1726.77,2022-07-13 11:00:00+00:00
2022-07-13 11:00:00+00:00,short,EXECUTE,pullback_recovery,153589.0,6,1728.85,2022-07-13 12:45:00+00:00
2022-07-13 12:00:00+00:00,short,EXECUTE,pullback_recovery,153588.0,1,1728.91,2022-07-13 12:30:00+00:00
2022-07-13 13:00:00+00:00,short,EXECUTE,pullback_recovery,153596.0,5,1730.14,2022-07-13 14:30:00+00:00
2022-07-13 14:00:00+00:00,short,EXECUTE,pullback_recovery,153596.0,1,1730.14,2022-07-13 14:30:00+00:00
2022-07-14 14:00:00+00:00,short,EXECUTE,pullback_recovery,153690.0,3,1713.68,2022-07-14 15:00:00+00:00
2022-07-14 15:00:00+00:00,short,EXECUTE,pullback_recovery,153693.0,2,1710.23,2022-07-14 15:45:00+00:00
2022-07-14 20:00:00+00:00,short,EXECUTE,pullback_recovery,153713.0,2,1709.83,2022-07-14 20:45:00+00:00
2022-07-15 15:00:00+00:00,short,EXECUTE,pullback_recovery,153785.0,2,1706.7,2022-07-15 15:45:00+00:00
2022-07-18 15:00:00+00:00,short,EXECUTE,pullback_recovery,153878.0,3,1717.15,2022-07-18 16:00:00+00:00
2022-07-19 08:00:00+00:00,short,EXECUTE,pullback_recovery,153940.0,1,1710.18,2022-07-19 08:30:00+00:00
2022-07-19 09:00:00+00:00,short,EXECUTE,pullback_recovery,153944.0,1,1709.05,2022-07-19 09:30:00+00:00
2022-07-19 10:00:00+00:00,short,EXECUTE,pullback_recovery,153951.0,4,1711.51,2022-07-19 11:15:00+00:00
2022-07-19 11:00:00+00:00,short,EXECUTE,pullback_recovery,153958.0,7,1713.31,2022-07-19 13:00:00+00:00
2022-07-19 12:00:00+00:00,short,EXECUTE,pullback_recovery,153958.0,3,1713.31,2022-07-19 13:00:00+00:00
2022-07-19 13:00:00+00:00,short,EXECUTE,pullback_recovery,153962.0,3,1716.85,2022-07-19 14:00:00+00:00
2022-07-19 14:00:00+00:00,short,EXECUTE,pullback_recovery,153966.0,3,1714.27,2022-07-19 15:00:00+00:00
2022-07-20 07:00:00+00:00,short,EXECUTE,pullback_recovery,154028.0,1,1712.34,2022-07-20 07:30:00+00:00
2022-07-20 08:00:00+00:00,short,EXECUTE,pullback_recovery,154033.0,2,1708.87,2022-07-20 08:45:00+00:00
2022-07-20 09:00:00+00:00,short,EXECUTE,pullback_recovery,154036.0,1,1707.39,2022-07-20 09:30:00+00:00
2022-07-20 10:00:00+00:00,short,EXECUTE,pullback_recovery,154040.0,1,1707.77,2022-07-20 10:30:00+00:00
2022-07-20 11:00:00+00:00,short,EXECUTE,pullback_recovery,154044.0,1,1707.13,2022-07-20 11:30:00+00:00
2022-07-20 12:00:00+00:00,short,EXECUTE,pullback_recovery,154049.0,2,1712.1,2022-07-20 12:45:00+00:00
2022-07-20 14:00:00+00:00,short,EXECUTE,pullback_recovery,154056.0,1,1708.5,2022-07-20 14:30:00+00:00
2022-07-20 15:00:00+00:00,short,EXECUTE,pullback_recovery,154061.0,2,1709.28,2022-07-20 15:45:00+00:00
2022-07-20 16:00:00+00:00,short,EXECUTE,pullback_recovery,154065.0,2,1710.43,2022-07-20 16:45:00+00:00
2022-07-21 08:00:00+00:00,short,EXECUTE,pullback_recovery,154125.0,2,1692.37,2022-07-21 08:45:00+00:00
2022-07-21 09:00:00+00:00,short,EXECUTE,pullback_recovery,154128.0,1,1688.99,2022-07-21 09:30:00+00:00
2022-07-21 10:00:00+00:00,short,EXECUTE,pullback_recovery,154133.0,2,1690.82,2022-07-21 10:45:00+00:00
2022-07-21 11:00:00+00:00,short,EXECUTE,pullback_recovery,154138.0,3,1685.08,2022-07-21 12:00:00+00:00
2022-07-21 12:00:00+00:00,short,EXECUTE,pullback_recovery,154140.0,1,1685.02,2022-07-21 12:30:00+00:00
2022-07-21 14:00:00+00:00,short,INVALIDATE,adverse_move_limit,,4,,
2022-07-22 07:00:00+00:00,short,EXECUTE,pullback_recovery,154212.0,1,1713.42,2022-07-22 07:30:00+00:00
2022-07-22 08:00:00+00:00,short,EXECUTE,pullback_recovery,154218.0,3,1715.91,2022-07-22 09:00:00+00:00
2022-07-22 09:00:00+00:00,short,EXECUTE,pullback_recovery,154221.0,2,1718.18,2022-07-22 09:45:00+00:00
2022-07-22 10:00:00+00:00,short,EXECUTE,pullback_recovery,154225.0,2,1715.62,2022-07-22 10:45:00+00:00
2022-07-22 11:00:00+00:00,short,EXECUTE,pullback_recovery,154229.0,2,1717.3,2022-07-22 11:45:00+00:00
2022-07-22 12:00:00+00:00,short,EXECUTE,pullback_recovery,154233.0,2,1723.1,2022-07-22 12:45:00+00:00
2022-07-22 13:00:00+00:00,short,EXECUTE,pullback_recovery,154244.0,9,1723.85,2022-07-22 15:30:00+00:00
2022-07-25 09:00:00+00:00,short,EXECUTE,pullback_recovery,154314.0,3,1725.88,2022-07-25 10:00:00+00:00
2022-07-25 10:00:00+00:00,short,EXECUTE,pullback_recovery,154317.0,2,1726.54,2022-07-25 10:45:00+00:00
2022-07-25 11:00:00+00:00,short,EXECUTE,pullback_recovery,154321.0,2,1729.34,2022-07-25 11:45:00+00:00
2022-07-25 12:00:00+00:00,short,EXECUTE,pullback_recovery,154326.0,3,1735.02,2022-07-25 13:00:00+00:00
2022-07-25 13:00:00+00:00,short,INVALIDATE,max_wait_exceeded,,16,,
2022-07-25 14:00:00+00:00,short,EXECUTE,pullback_recovery,154334.0,3,1726.22,2022-07-25 15:00:00+00:00
2022-07-27 11:00:00+00:00,short,EXECUTE,pullback_recovery,154504.0,1,1724.06,2022-07-27 11:30:00+00:00
2022-07-28 08:00:00+00:00,short,EXECUTE,pullback_recovery,154587.0,4,1738.93,2022-07-28 09:15:00+00:00
2022-07-28 09:00:00+00:00,short,EXECUTE,pullback_recovery,154589.0,2,1741.32,2022-07-28 09:45:00+00:00
2022-07-28 10:00:00+00:00,short,EXECUTE,pullback_recovery,154592.0,1,1741.01,2022-07-28 10:30:00+00:00
2022-07-28 11:00:00+00:00,short,EXECUTE,pullback_recovery,154596.0,1,1746.75,2022-07-28 11:30:00+00:00
2022-07-28 12:00:00+00:00,short,EXECUTE,pullback_recovery,154602.0,3,1741.33,2022-07-28 13:00:00+00:00
2022-07-29 10:00:00+00:00,short,EXECUTE,pullback_recovery,154684.0,1,1764.96,2022-07-29 10:30:00+00:00
2022-07-29 11:00:00+00:00,short,EXECUTE,pullback_recovery,154688.0,1,1763.43,2022-07-29 11:30:00+00:00
2022-07-29 12:00:00+00:00,short,EXECUTE,pullback_recovery,154692.0,1,1759.97,2022-07-29 12:30:00+00:00
2022-07-29 13:00:00+00:00,short,EXECUTE,pullback_recovery,154697.0,2,1762.93,2022-07-29 13:45:00+00:00
2022-07-29 14:00:00+00:00,short,EXECUTE,pullback_recovery,154701.0,2,1760.91,2022-07-29 14:45:00+00:00
2022-08-01 08:00:00+00:00,short,EXECUTE,pullback_recovery,154770.0,3,1759.0,2022-08-01 09:00:00+00:00
2022-08-01 09:00:00+00:00,short,EXECUTE,pullback_recovery,154774.0,3,1763.16,2022-08-01 10:00:00+00:00
2022-08-01 11:00:00+00:00,short,EXECUTE,pullback_recovery,154781.0,2,1766.35,2022-08-01 11:45:00+00:00
2022-08-01 13:00:00+00:00,short,EXECUTE,pullback_recovery,154789.0,2,1772.33,2022-08-01 13:45:00+00:00
2022-08-02 09:00:00+00:00,short,EXECUTE,pullback_recovery,154864.0,1,1774.02,2022-08-02 09:30:00+00:00
2022-08-02 10:00:00+00:00,short,EXECUTE,pullback_recovery,154868.0,1,1772.42,2022-08-02 10:30:00+00:00
2022-08-02 11:00:00+00:00,short,EXECUTE,pullback_recovery,154874.0,3,1773.22,2022-08-02 12:00:00+00:00
2022-08-02 12:00:00+00:00,short,EXECUTE,pullback_recovery,154878.0,3,1774.64,2022-08-02 13:00:00+00:00
2022-08-02 13:00:00+00:00,short,EXECUTE,pullback_recovery,154882.0,3,1773.7,2022-08-02 14:00:00+00:00
2022-08-02 14:00:00+00:00,short,EXECUTE,pullback_recovery,154885.0,2,1779.03,2022-08-02 14:45:00+00:00
2022-08-03 13:00:00+00:00,short,EXECUTE,pullback_recovery,154972.0,1,1761.19,2022-08-03 13:30:00+00:00
2022-08-03 14:00:00+00:00,short,EXECUTE,pullback_recovery,154977.0,2,1764.91,2022-08-03 14:45:00+00:00
2022-08-04 09:00:00+00:00,short,EXECUTE,pullback_recovery,155050.0,3,1771.68,2022-08-04 10:00:00+00:00
2022-08-04 10:00:00+00:00,short,EXECUTE,pullback_recovery,155054.0,3,1773.01,2022-08-04 11:00:00+00:00
2022-08-04 11:00:00+00:00,short,EXECUTE,pullback_recovery,155058.0,3,1776.37,2022-08-04 12:00:00+00:00
2022-08-04 12:00:00+00:00,short,EXECUTE,pullback_recovery,155062.0,3,1779.73,2022-08-04 13:00:00+00:00
2022-08-04 13:00:00+00:00,short,EXECUTE,pullback_recovery,155066.0,3,1781.58,2022-08-04 14:00:00+00:00
2022-08-05 08:00:00+00:00,short,EXECUTE,pullback_recovery,155136.0,1,1791.13,2022-08-05 08:30:00+00:00
2022-08-05 09:00:00+00:00,short,EXECUTE,pullback_recovery,155143.0,4,1790.64,2022-08-05 10:15:00+00:00
2022-08-05 10:00:00+00:00,short,EXECUTE,pullback_recovery,155145.0,2,1789.53,2022-08-05 10:45:00+00:00
2022-08-05 11:00:00+00:00,short,EXECUTE,pullback_recovery,155148.0,1,1786.13,2022-08-05 11:30:00+00:00
2022-08-05 12:00:00+00:00,short,EXECUTE,pullback_recovery,155152.0,1,1786.49,2022-08-05 12:30:00+00:00
2022-08-05 13:00:00+00:00,short,EXECUTE,pullback_recovery,155157.0,2,1784.9,2022-08-05 13:45:00+00:00
2022-08-05 14:00:00+00:00,short,EXECUTE,pullback_recovery,155162.0,3,1787.83,2022-08-05 15:00:00+00:00
2022-08-05 15:00:00+00:00,short,INVALIDATE,adverse_move_limit,,0,,
2022-08-08 08:00:00+00:00,short,EXECUTE,pullback_recovery,155230.0,3,1775.07,2022-08-08 09:00:00+00:00
2022-08-08 09:00:00+00:00,short,EXECUTE,pullback_recovery,155234.0,3,1774.76,2022-08-08 10:00:00+00:00
2022-08-08 10:00:00+00:00,short,EXECUTE,pullback_recovery,155236.0,1,1777.61,2022-08-08 10:30:00+00:00
2022-08-08 11:00:00+00:00,short,EXECUTE,pullback_recovery,155240.0,1,1772.89,2022-08-08 11:30:00+00:00
2022-08-08 12:00:00+00:00,short,EXECUTE,pullback_recovery,155247.0,4,1777.29,2022-08-08 13:15:00+00:00
2022-08-09 07:00:00+00:00,short,EXECUTE,pullback_recovery,155317.0,2,1785.52,2022-08-09 07:45:00+00:00
2022-08-09 08:00:00+00:00,short,EXECUTE,pullback_recovery,155323.0,4,1786.99,2022-08-09 09:15:00+00:00
2022-08-09 09:00:00+00:00,short,EXECUTE,pullback_recovery,155324.0,1,1785.3,2022-08-09 09:30:00+00:00
2022-08-09 10:00:00+00:00,short,EXECUTE,pullback_recovery,155330.0,3,1787.64,2022-08-09 11:00:00+00:00
2022-08-09 11:00:00+00:00,short,EXECUTE,pullback_recovery,155332.0,1,1792.16,2022-08-09 11:30:00+00:00
2022-08-09 12:00:00+00:00,short,EXECUTE,pullback_recovery,155336.0,1,1790.92,2022-08-09 12:30:00+00:00
2022-08-09 13:00:00+00:00,short,EXECUTE,pullback_recovery,155342.0,3,1791.54,2022-08-09 14:00:00+00:00
2022-08-09 14:00:00+00:00,short,EXECUTE,pullback_recovery,155346.0,3,1790.0,2022-08-09 15:00:00+00:00
2022-08-10 06:00:00+00:00,short,EXECUTE,pullback_recovery,155405.0,2,1791.7,2022-08-10 06:45:00+00:00
2022-08-10 07:00:00+00:00,short,EXECUTE,pullback_recovery,155409.0,2,1790.36,2022-08-10 07:45:00+00:00
2022-08-10 08:00:00+00:00,short,EXECUTE,pullback_recovery,155412.0,1,1788.75,2022-08-10 08:30:00+00:00
2022-08-10 09:00:00+00:00,short,EXECUTE,pullback_recovery,155418.0,3,1789.72,2022-08-10 10:00:00+00:00
2022-08-10 10:00:00+00:00,short,EXECUTE,pullback_recovery,155422.0,3,1791.17,2022-08-10 11:00:00+00:00
2022-08-10 11:00:00+00:00,short,EXECUTE,pullback_recovery,155425.0,2,1792.05,2022-08-10 11:45:00+00:00
2022-08-10 12:00:00+00:00,short,EXECUTE,pullback_recovery,155430.0,3,1794.2,2022-08-10 13:00:00+00:00
2022-08-10 13:00:00+00:00,short,EXECUTE,pullback_recovery,155433.0,2,1790.62,2022-08-10 13:45:00+00:00
2022-08-11 08:00:00+00:00,short,EXECUTE,pullback_recovery,155504.0,1,1784.78,2022-08-11 08:30:00+00:00
2022-08-11 09:00:00+00:00,short,EXECUTE,pullback_recovery,155508.0,1,1785.6,2022-08-11 09:30:00+00:00
2022-08-11 10:00:00+00:00,short,EXECUTE,pullback_recovery,155512.0,1,1786.06,2022-08-11 10:30:00+00:00
2022-08-11 11:00:00+00:00,short,EXECUTE,pullback_recovery,155519.0,4,1788.33,2022-08-11 12:15:00+00:00
2022-08-11 12:00:00+00:00,short,EXECUTE,pullback_recovery,155524.0,5,1789.95,2022-08-11 13:30:00+00:00
2022-08-11 13:00:00+00:00,short,EXECUTE,pullback_recovery,155524.0,1,1789.95,2022-08-11 13:30:00+00:00
2022-08-11 14:00:00+00:00,short,EXECUTE,pullback_recovery,155530.0,3,1794.14,2022-08-11 15:00:00+00:00
2022-08-12 08:00:00+00:00,short,EXECUTE,pullback_recovery,155596.0,1,1790.32,2022-08-12 08:30:00+00:00
2022-08-12 09:00:00+00:00,short,EXECUTE,pullback_recovery,155604.0,5,1792.21,2022-08-12 10:30:00+00:00
2022-08-12 12:00:00+00:00,short,EXECUTE,pullback_recovery,155613.0,2,1786.92,2022-08-12 12:45:00+00:00
2022-08-12 13:00:00+00:00,short,EXECUTE,pullback_recovery,155620.0,5,1786.92,2022-08-12 14:30:00+00:00
2022-08-12 14:00:00+00:00,short,EXECUTE,pullback_recovery,155620.0,1,1786.92,2022-08-12 14:30:00+00:00
2022-08-15 08:00:00+00:00,short,EXECUTE,pullback_recovery,155688.0,1,1792.87,2022-08-15 08:30:00+00:00
2022-08-15 09:00:00+00:00,short,EXECUTE,pullback_recovery,155692.0,1,1791.88,2022-08-15 09:30:00+00:00
2022-08-15 11:00:00+00:00,short,EXECUTE,pullback_recovery,155702.0,3,1782.73,2022-08-15 12:00:00+00:00
2022-08-15 13:00:00+00:00,short,INVALIDATE,adverse_move_limit,,8,,
2022-08-15 14:00:00+00:00,short,EXECUTE,pullback_recovery,155712.0,1,1775.88,2022-08-15 14:30:00+00:00
2022-08-16 07:00:00+00:00,short,INVALIDATE,max_wait_exceeded,,16,,
2022-08-16 08:00:00+00:00,short,EXECUTE,pullback_recovery,155780.0,1,1780.46,2022-08-16 08:30:00+00:00
2022-08-16 09:00:00+00:00,short,EXECUTE,pullback_recovery,155784.0,1,1778.95,2022-08-16 09:30:00+00:00
2022-08-16 10:00:00+00:00,short,EXECUTE,pullback_recovery,155789.0,2,1776.14,2022-08-16 10:45:00+00:00
2022-08-16 11:00:00+00:00,short,EXECUTE,pullback_recovery,155792.0,1,1774.32,2022-08-16 11:30:00+00:00
2022-08-16 12:00:00+00:00,short,EXECUTE,pullback_recovery,155796.0,1,1774.33,2022-08-16 12:30:00+00:00
2022-08-16 13:00:00+00:00,short,EXECUTE,pullback_recovery,155807.0,8,1777.14,2022-08-16 15:15:00+00:00
2022-08-16 14:00:00+00:00,short,EXECUTE,pullback_recovery,155805.0,2,1774.85,2022-08-16 14:45:00+00:00
2022-08-17 07:00:00+00:00,short,EXECUTE,pullback_recovery,155869.0,2,1777.79,2022-08-17 07:45:00+00:00
2022-08-17 08:00:00+00:00,short,EXECUTE,pullback_recovery,155875.0,4,1778.46,2022-08-17 09:15:00+00:00
2022-08-17 11:00:00+00:00,short,EXECUTE,pullback_recovery,155886.0,3,1774.93,2022-08-17 12:00:00+00:00
2022-08-17 12:00:00+00:00,short,EXECUTE,pullback_recovery,155888.0,1,1773.68,2022-08-17 12:30:00+00:00
2022-08-17 14:00:00+00:00,short,EXECUTE,pullback_recovery,155896.0,1,1768.04,2022-08-17 14:30:00+00:00
2022-08-18 08:00:00+00:00,short,EXECUTE,pullback_recovery,155966.0,3,1763.14,2022-08-18 09:00:00+00:00
2022-08-18 09:00:00+00:00,short,EXECUTE,pullback_recovery,155969.0,2,1762.02,2022-08-18 09:45:00+00:00
2022-08-18 10:00:00+00:00,short,EXECUTE,pullback_recovery,155973.0,2,1762.57,2022-08-18 10:45:00+00:00
2022-08-18 11:00:00+00:00,short,EXECUTE,pullback_recovery,155979.0,4,1765.63,2022-08-18 12:15:00+00:00
2022-08-18 12:00:00+00:00,short,EXECUTE,pullback_recovery,155984.0,5,1769.73,2022-08-18 13:30:00+00:00
2022-08-18 13:00:00+00:00,short,EXECUTE,pullback_recovery,155984.0,1,1769.73,2022-08-18 13:30:00+00:00
2022-08-18 14:00:00+00:00,short,EXECUTE,pullback_recovery,155989.0,2,1771.1,2022-08-18 14:45:00+00:00
2022-08-18 15:00:00+00:00,short,EXECUTE,pullback_recovery,155993.0,2,1767.8,2022-08-18 15:45:00+00:00
2022-08-19 07:00:00+00:00,short,EXECUTE,pullback_recovery,156054.0,3,1753.08,2022-08-19 08:00:00+00:00
2022-08-19 08:00:00+00:00,short,EXECUTE,pullback_recovery,156058.0,3,1755.66,2022-08-19 09:00:00+00:00
2022-08-19 09:00:00+00:00,short,EXECUTE,pullback_recovery,156062.0,3,1756.0,2022-08-19 10:00:00+00:00
2022-08-19 10:00:00+00:00,short,EXECUTE,pullback_recovery,156064.0,1,1753.58,2022-08-19 10:30:00+00:00
2022-08-19 11:00:00+00:00,short,EXECUTE,pullback_recovery,156069.0,2,1754.27,2022-08-19 11:45:00+00:00
2022-08-19 12:00:00+00:00,short,EXECUTE,pullback_recovery,156072.0,1,1753.58,2022-08-19 12:30:00+00:00
2022-08-19 13:00:00+00:00,short,EXECUTE,pullback_recovery,156078.0,3,1751.36,2022-08-19 14:00:00+00:00
2022-08-19 14:00:00+00:00,short,EXECUTE,pullback_recovery,156082.0,3,1752.9,2022-08-19 15:00:00+00:00
2022-08-19 15:00:00+00:00,short,EXECUTE,pullback_recovery,156085.0,2,1756.91,2022-08-19 15:45:00+00:00
2022-08-22 07:00:00+00:00,short,EXECUTE,pullback_recovery,156146.0,3,1744.75,2022-08-22 08:00:00+00:00
2022-08-22 08:00:00+00:00,short,EXECUTE,pullback_recovery,156148.0,1,1743.6,2022-08-22 08:30:00+00:00
2022-08-22 09:00:00+00:00,short,EXECUTE,pullback_recovery,156153.0,2,1741.95,2022-08-22 09:45:00+00:00
2022-08-22 10:00:00+00:00,short,EXECUTE,pullback_recovery,156157.0,2,1737.93,2022-08-22 10:45:00+00:00
2022-08-22 11:00:00+00:00,short,EXECUTE,pullback_recovery,156160.0,1,1735.04,2022-08-22 11:30:00+00:00
2022-08-23 06:00:00+00:00,short,EXECUTE,pullback_recovery,156232.0,1,1738.59,2022-08-23 06:30:00+00:00
2022-08-23 07:00:00+00:00,short,EXECUTE,pullback_recovery,156238.0,3,1736.95,2022-08-23 08:00:00+00:00
2022-08-23 08:00:00+00:00,short,EXECUTE,pullback_recovery,156242.0,3,1737.18,2022-08-23 09:00:00+00:00
2022-08-23 09:00:00+00:00,short,EXECUTE,pullback_recovery,156244.0,1,1735.04,2022-08-23 09:30:00+00:00
2022-08-23 10:00:00+00:00,short,EXECUTE,pullback_recovery,156250.0,3,1738.36,2022-08-23 11:00:00+00:00
2022-08-23 12:00:00+00:00,short,EXECUTE,pullback_recovery,156256.0,1,1738.8,2022-08-23 12:30:00+00:00
2022-08-23 13:00:00+00:00,short,EXECUTE,pullback_recovery,156263.0,4,1737.38,2022-08-23 14:15:00+00:00
2022-08-23 14:00:00+00:00,short,EXECUTE,pullback_recovery,156266.0,3,1738.02,2022-08-23 15:00:00+00:00
2022-08-23 15:00:00+00:00,short,EXECUTE,pullback_recovery,156269.0,2,1736.46,2022-08-23 15:45:00+00:00
2022-08-24 08:00:00+00:00,short,EXECUTE,pullback_recovery,156333.0,2,1746.72,2022-08-24 08:45:00+00:00
2022-08-24 09:00:00+00:00,short,EXECUTE,pullback_recovery,156338.0,3,1747.23,2022-08-24 10:00:00+00:00
2022-08-24 10:00:00+00:00,short,EXECUTE,pullback_recovery,156342.0,3,1747.91,2022-08-24 11:00:00+00:00
2022-08-24 11:00:00+00:00,short,EXECUTE,pullback_recovery,156346.0,3,1751.96,2022-08-24 12:00:00+00:00
2022-08-24 12:00:00+00:00,short,EXECUTE,pullback_recovery,156349.0,2,1750.32,2022-08-24 12:45:00+00:00
2022-08-24 13:00:00+00:00,short,EXECUTE,pullback_recovery,156352.0,1,1746.33,2022-08-24 13:30:00+00:00
2022-08-24 14:00:00+00:00,short,EXECUTE,pullback_recovery,156358.0,3,1745.5,2022-08-24 15:00:00+00:00
2022-08-25 07:00:00+00:00,short,EXECUTE,pullback_recovery,156422.0,3,1757.21,2022-08-25 08:00:00+00:00
2022-08-25 08:00:00+00:00,short,EXECUTE,pullback_recovery,156424.0,1,1756.63,2022-08-25 08:30:00+00:00
2022-08-25 09:00:00+00:00,short,EXECUTE,pullback_recovery,156430.0,3,1760.51,2022-08-25 10:00:00+00:00
2022-08-25 10:00:00+00:00,short,EXECUTE,pullback_recovery,156433.0,2,1761.86,2022-08-25 10:45:00+00:00
2022-08-25 11:00:00+00:00,short,EXECUTE,pullback_recovery,156437.0,2,1763.59,2022-08-25 11:45:00+00:00
2022-08-25 12:00:00+00:00,short,EXECUTE,pullback_recovery,156440.0,1,1763.65,2022-08-25 12:30:00+00:00
2022-08-25 13:00:00+00:00,short,EXECUTE,pullback_recovery,156444.0,1,1762.7,2022-08-25 13:30:00+00:00
2022-08-25 14:00:00+00:00,short,EXECUTE,pullback_recovery,156450.0,3,1762.45,2022-08-25 15:00:00+00:00
2022-08-25 15:00:00+00:00,short,EXECUTE,pullback_recovery,156452.0,1,1760.44,2022-08-25 15:30:00+00:00
2022-08-26 14:00:00+00:00,short,EXECUTE,pullback_recovery,156540.0,1,1745.59,2022-08-26 14:30:00+00:00
2022-08-29 15:00:00+00:00,short,EXECUTE,pullback_recovery,156638.0,3,1736.24,2022-08-29 16:00:00+00:00
2022-08-30 09:00:00+00:00,short,EXECUTE,pullback_recovery,156704.0,1,1733.3,2022-08-30 09:30:00+00:00
2022-08-30 10:00:00+00:00,short,EXECUTE,pullback_recovery,156710.0,3,1731.47,2022-08-30 11:00:00+00:00
2022-08-30 12:00:00+00:00,short,EXECUTE,pullback_recovery,156716.0,1,1734.09,2022-08-30 12:30:00+00:00
2022-08-30 13:00:00+00:00,short,EXECUTE,pullback_recovery,156722.0,3,1734.22,2022-08-30 14:00:00+00:00
2022-08-30 14:00:00+00:00,short,EXECUTE,pullback_recovery,156725.0,2,1732.75,2022-08-30 14:45:00+00:00
2022-08-31 06:00:00+00:00,short,EXECUTE,pullback_recovery,156786.0,3,1723.94,2022-08-31 07:00:00+00:00
2022-08-31 07:00:00+00:00,short,EXECUTE,pullback_recovery,156788.0,1,1724.79,2022-08-31 07:30:00+00:00
2022-08-31 08:00:00+00:00,short,EXECUTE,pullback_recovery,156793.0,2,1723.93,2022-08-31 08:45:00+00:00
2022-08-31 09:00:00+00:00,short,EXECUTE,pullback_recovery,156796.0,1,1721.97,2022-08-31 09:30:00+00:00
2022-08-31 10:00:00+00:00,short,EXECUTE,pullback_recovery,156800.0,1,1721.17,2022-08-31 10:30:00+00:00
2022-08-31 11:00:00+00:00,short,INVALIDATE,adverse_move_limit,,0,,
2022-08-31 12:00:00+00:00,short,EXECUTE,pullback_recovery,156808.0,1,1712.53,2022-08-31 12:30:00+00:00
2022-08-31 13:00:00+00:00,short,EXECUTE,pullback_recovery,156812.0,1,1711.68,2022-08-31 13:30:00+00:00
2022-08-31 14:00:00+00:00,short,EXECUTE,pullback_recovery,156818.0,3,1713.98,2022-08-31 15:00:00+00:00
2022-09-01 07:00:00+00:00,short,EXECUTE,pullback_recovery,156881.0,2,1703.3,2022-09-01 07:45:00+00:00
2022-09-01 08:00:00+00:00,short,EXECUTE,pullback_recovery,156886.0,3,1707.46,2022-09-01 09:00:00+00:00
2022-09-01 09:00:00+00:00,short,EXECUTE,pullback_recovery,156890.0,3,1707.02,2022-09-01 10:00:00+00:00
2022-09-01 10:00:00+00:00,short,EXECUTE,pullback_recovery,156893.0,2,1705.38,2022-09-01 10:45:00+00:00
2022-09-01 11:00:00+00:00,short,EXECUTE,pullback_recovery,156897.0,2,1702.29,2022-09-01 11:45:00+00:00
2022-09-01 12:00:00+00:00,short,EXECUTE,pullback_recovery,156900.0,1,1705.07,2022-09-01 12:30:00+00:00
2022-09-01 13:00:00+00:00,short,EXECUTE,pullback_recovery,156904.0,1,1702.42,2022-09-01 13:30:00+00:00
2022-09-05 12:00:00+00:00,short,EXECUTE,pullback_recovery,157086.0,3,1714.24,2022-09-05 13:00:00+00:00
2022-09-05 14:00:00+00:00,short,EXECUTE,pullback_recovery,157092.0,1,1713.43,2022-09-05 14:30:00+00:00
2022-09-06 02:00:00+00:00,short,EXECUTE,pullback_recovery,157123.0,3,1713.83,2022-09-06 03:00:00+00:00
2022-09-06 08:00:00+00:00,short,EXECUTE,pullback_recovery,157147.0,3,1717.75,2022-09-06 09:00:00+00:00
2022-09-06 12:00:00+00:00,short,EXECUTE,pullback_recovery,157163.0,3,1711.37,2022-09-06 13:00:00+00:00
2022-09-07 08:00:00+00:00,short,EXECUTE,pullback_recovery,157241.0,5,1697.05,2022-09-07 09:30:00+00:00
2022-09-07 09:00:00+00:00,short,EXECUTE,pullback_recovery,157243.0,3,1699.09,2022-09-07 10:00:00+00:00
2022-09-08 08:00:00+00:00,short,EXECUTE,pullback_recovery,157331.0,3,1716.06,2022-09-08 09:00:00+00:00
2022-09-08 09:00:00+00:00,short,EXECUTE,pullback_recovery,157336.0,4,1720.47,2022-09-08 10:15:00+00:00
2022-09-08 10:00:00+00:00,short,EXECUTE,pullback_recovery,157337.0,1,1718.62,2022-09-08 10:30:00+00:00
2022-09-08 11:00:00+00:00,short,EXECUTE,pullback_recovery,157341.0,1,1717.09,2022-09-08 11:30:00+00:00
2022-09-09 08:00:00+00:00,short,EXECUTE,pullback_recovery,157421.0,1,1720.06,2022-09-09 08:30:00+00:00
2022-09-09 09:00:00+00:00,short,EXECUTE,pullback_recovery,157425.0,1,1721.47,2022-09-09 09:30:00+00:00
2022-09-09 10:00:00+00:00,short,EXECUTE,pullback_recovery,157429.0,1,1727.87,2022-09-09 10:30:00+00:00
2022-09-09 11:00:00+00:00,short,EXECUTE,pullback_recovery,157433.0,1,1728.42,2022-09-09 11:30:00+00:00
2022-09-09 12:00:00+00:00,short,EXECUTE,pullback_recovery,157437.0,1,1727.03,2022-09-09 12:30:00+00:00
2022-09-09 13:00:00+00:00,short,EXECUTE,pullback_recovery,157441.0,1,1726.65,2022-09-09 13:30:00+00:00
2022-09-09 14:00:00+00:00,short,INVALIDATE,adverse_move_limit,,0,,
2022-09-12 09:00:00+00:00,short,INVALIDATE,adverse_move_limit,,4,,
2022-09-12 10:00:00+00:00,short,EXECUTE,pullback_recovery,157522.0,2,1724.52,2022-09-12 10:45:00+00:00
2022-09-12 11:00:00+00:00,short,EXECUTE,pullback_recovery,157528.0,4,1726.44,2022-09-12 12:15:00+00:00
2022-09-12 12:00:00+00:00,short,EXECUTE,pullback_recovery,157531.0,3,1725.19,2022-09-12 13:00:00+00:00
2022-09-12 13:00:00+00:00,short,EXECUTE,pullback_recovery,157535.0,3,1727.28,2022-09-12 14:00:00+00:00
2022-09-12 14:00:00+00:00,short,EXECUTE,pullback_recovery,157541.0,5,1730.47,2022-09-12 15:30:00+00:00
2022-09-13 08:00:00+00:00,short,EXECUTE,pullback_recovery,157605.0,1,1722.02,2022-09-13 08:30:00+00:00
2022-09-13 09:00:00+00:00,short,EXECUTE,pullback_recovery,157609.0,1,1722.89,2022-09-13 09:30:00+00:00
2022-09-13 10:00:00+00:00,short,EXECUTE,pullback_recovery,157614.0,2,1724.41,2022-09-13 10:45:00+00:00
2022-09-13 11:00:00+00:00,short,EXECUTE,pullback_recovery,157619.0,3,1725.33,2022-09-13 12:00:00+00:00
2022-09-13 12:00:00+00:00,short,EXECUTE,pullback_recovery,157623.0,3,1726.76,2022-09-13 13:00:00+00:00
2022-09-13 13:00:00+00:00,short,EXECUTE,pullback_recovery,157632.0,8,1729.56,2022-09-13 15:15:00+00:00
2022-09-13 14:00:00+00:00,short,EXECUTE,pullback_recovery,157631.0,3,1729.71,2022-09-13 15:00:00+00:00
2022-09-14 13:00:00+00:00,short,EXECUTE,pullback_recovery,157718.0,2,1703.57,2022-09-14 13:45:00+00:00
2022-09-14 14:00:00+00:00,short,EXECUTE,pullback_recovery,157723.0,3,1701.56,2022-09-14 15:00:00+00:00
2022-09-15 09:00:00+00:00,short,EXECUTE,pullback_recovery,157793.0,1,1688.32,2022-09-15 09:30:00+00:00
2022-09-15 10:00:00+00:00,short,EXECUTE,pullback_recovery,157806.0,10,1689.27,2022-09-15 12:45:00+00:00
2022-09-15 11:00:00+00:00,short,EXECUTE,pullback_recovery,157803.0,3,1687.29,2022-09-15 12:00:00+00:00
2022-09-15 12:00:00+00:00,short,EXECUTE,pullback_recovery,157806.0,2,1689.27,2022-09-15 12:45:00+00:00
2022-09-15 13:00:00+00:00,short,EXECUTE,pullback_recovery,157810.0,2,1686.24,2022-09-15 13:45:00+00:00
2022-09-19 09:00:00+00:00,short,EXECUTE,pullback_recovery,157977.0,1,1665.64,2022-09-19 09:30:00+00:00
2022-09-19 12:00:00+00:00,short,EXECUTE,pullback_recovery,157989.0,1,1662.57,2022-09-19 12:30:00+00:00
2022-09-19 13:00:00+00:00,short,EXECUTE,pullback_recovery,157995.0,3,1665.06,2022-09-19 14:00:00+00:00
2022-09-20 12:00:00+00:00,short,EXECUTE,pullback_recovery,158081.0,1,1668.24,2022-09-20 12:30:00+00:00
2022-09-20 13:00:00+00:00,short,EXECUTE,pullback_recovery,158086.0,2,1668.25,2022-09-20 13:45:00+00:00
2022-09-20 14:00:00+00:00,short,EXECUTE,pullback_recovery,158089.0,1,1669.16,2022-09-20 14:30:00+00:00
2022-09-20 23:00:00+00:00,short,EXECUTE,pullback_recovery,158125.0,1,1664.67,2022-09-20 23:30:00+00:00
2022-09-21 06:00:00+00:00,short,EXECUTE,pullback_recovery,158149.0,1,1663.42,2022-09-21 06:30:00+00:00
2022-09-21 07:00:00+00:00,short,EXECUTE,pullback_recovery,158153.0,1,1662.39,2022-09-21 07:30:00+00:00
2022-09-21 08:00:00+00:00,short,EXECUTE,pullback_recovery,158159.0,3,1665.89,2022-09-21 09:00:00+00:00
2022-09-21 12:00:00+00:00,short,EXECUTE,pullback_recovery,158173.0,1,1673.52,2022-09-21 12:30:00+00:00
2022-09-21 13:00:00+00:00,short,EXECUTE,pullback_recovery,158179.0,3,1674.45,2022-09-21 14:00:00+00:00
2022-09-21 14:00:00+00:00,short,EXECUTE,pullback_recovery,158182.0,2,1674.59,2022-09-21 14:45:00+00:00
2022-09-21 15:00:00+00:00,short,EXECUTE,pullback_recovery,158185.0,1,1673.61,2022-09-21 15:30:00+00:00
2022-09-22 15:00:00+00:00,short,EXECUTE,pullback_recovery,158279.0,3,1681.89,2022-09-22 16:00:00+00:00
2022-09-23 07:00:00+00:00,short,EXECUTE,pullback_recovery,158338.0,2,1668.96,2022-09-23 07:45:00+00:00
2022-09-23 08:00:00+00:00,short,EXECUTE,pullback_recovery,158343.0,3,1671.98,2022-09-23 09:00:00+00:00
2022-09-23 09:00:00+00:00,short,EXECUTE,pullback_recovery,158347.0,3,1670.48,2022-09-23 10:00:00+00:00
2022-09-23 11:00:00+00:00,short,EXECUTE,pullback_recovery,158355.0,3,1661.54,2022-09-23 12:00:00+00:00
2022-09-26 10:00:00+00:00,short,EXECUTE,pullback_recovery,158442.0,2,1645.56,2022-09-26 10:45:00+00:00
2022-09-27 10:00:00+00:00,short,EXECUTE,pullback_recovery,158534.0,2,1637.74,2022-09-27 10:45:00+00:00
2022-09-27 11:00:00+00:00,short,EXECUTE,pullback_recovery,158538.0,2,1636.55,2022-09-27 11:45:00+00:00
2022-09-27 12:00:00+00:00,short,EXECUTE,pullback_recovery,158541.0,1,1633.65,2022-09-27 12:30:00+00:00
2022-09-27 13:00:00+00:00,short,EXECUTE,pullback_recovery,158546.0,2,1636.98,2022-09-27 13:45:00+00:00
2022-09-27 14:00:00+00:00,short,EXECUTE,pullback_recovery,158551.0,3,1636.69,2022-09-27 15:00:00+00:00
2022-09-27 15:00:00+00:00,short,EXECUTE,pullback_recovery,158555.0,3,1635.39,2022-09-27 16:00:00+00:00
2022-09-28 09:00:00+00:00,short,EXECUTE,pullback_recovery,158623.0,3,1621.78,2022-09-28 10:00:00+00:00
2022-09-28 10:00:00+00:00,short,EXECUTE,pullback_recovery,158627.0,3,1621.91,2022-09-28 11:00:00+00:00
2022-09-28 11:00:00+00:00,short,EXECUTE,pullback_recovery,158629.0,1,1620.6,2022-09-28 11:30:00+00:00
2022-09-28 12:00:00+00:00,short,EXECUTE,pullback_recovery,158635.0,3,1616.67,2022-09-28 13:00:00+00:00
2022-09-28 13:00:00+00:00,short,EXECUTE,pullback_recovery,158637.0,1,1627.71,2022-09-28 13:30:00+00:00
2022-09-28 14:00:00+00:00,short,EXECUTE,pullback_recovery,158641.0,1,1626.21,2022-09-28 14:30:00+00:00
2022-09-29 09:00:00+00:00,short,EXECUTE,pullback_recovery,158720.0,8,1647.37,2022-09-29 11:15:00+00:00
2022-09-30 08:00:00+00:00,short,EXECUTE,pullback_recovery,158803.0,3,1667.65,2022-09-30 09:00:00+00:00
2022-09-30 10:00:00+00:00,short,EXECUTE,pullback_recovery,158809.0,1,1671.34,2022-09-30 10:30:00+00:00
2022-09-30 12:00:00+00:00,short,EXECUTE,pullback_recovery,158818.0,2,1668.04,2022-09-30 12:45:00+00:00
2022-09-30 13:00:00+00:00,short,EXECUTE,pullback_recovery,158821.0,1,1665.8,2022-09-30 13:30:00+00:00
2022-09-30 14:00:00+00:00,short,EXECUTE,pullback_recovery,158827.0,3,1663.31,2022-09-30 15:00:00+00:00
2022-09-30 15:00:00+00:00,short,EXECUTE,pullback_recovery,158831.0,3,1664.54,2022-09-30 16:00:00+00:00
2022-10-03 12:00:00+00:00,short,EXECUTE,pullback_recovery,158909.0,1,1661.29,2022-10-03 12:30:00+00:00
2022-10-03 13:00:00+00:00,short,EXECUTE,pullback_recovery,158915.0,3,1665.35,2022-10-03 14:00:00+00:00
2022-10-03 14:00:00+00:00,short,EXECUTE,pullback_recovery,158920.0,4,1665.67,2022-10-03 15:15:00+00:00
2022-10-04 09:00:00+00:00,short,EXECUTE,pullback_recovery,158991.0,3,1706.08,2022-10-04 10:00:00+00:00
2022-10-04 10:00:00+00:00,short,EXECUTE,pullback_recovery,158993.0,1,1708.45,2022-10-04 10:30:00+00:00
2022-10-04 11:00:00+00:00,short,EXECUTE,pullback_recovery,158999.0,3,1708.87,2022-10-04 12:00:00+00:00
2022-10-04 12:00:00+00:00,short,EXECUTE,pullback_recovery,159003.0,3,1708.42,2022-10-04 13:00:00+00:00
2022-10-04 13:00:00+00:00,short,EXECUTE,pullback_recovery,159007.0,3,1706.01,2022-10-04 14:00:00+00:00
2022-10-04 14:00:00+00:00,short,INVALIDATE,adverse_move_limit,,7,,
2022-10-05 12:00:00+00:00,short,EXECUTE,pullback_recovery,159094.0,2,1710.08,2022-10-05 12:45:00+00:00
2022-10-06 23:00:00+00:00,short,EXECUTE,pullback_recovery,159230.0,2,1712.83,2022-10-06 23:45:00+00:00
2022-10-07 01:00:00+00:00,short,EXECUTE,pullback_recovery,159236.0,4,1711.86,2022-10-07 02:15:00+00:00
2022-10-07 04:00:00+00:00,short,EXECUTE,pullback_recovery,159245.0,1,1710.8,2022-10-07 04:30:00+00:00
2022-10-07 12:00:00+00:00,short,EXECUTE,pullback_recovery,159277.0,1,1711.6,2022-10-07 12:30:00+00:00
2022-10-07 13:00:00+00:00,short,EXECUTE,pullback_recovery,159281.0,1,1706.65,2022-10-07 13:30:00+00:00
2022-10-07 14:00:00+00:00,short,EXECUTE,pullback_recovery,159285.0,1,1707.4,2022-10-07 14:30:00+00:00
2022-10-07 15:00:00+00:00,short,INVALIDATE,adverse_move_limit,,0,,
2022-10-10 07:00:00+00:00,short,EXECUTE,pullback_recovery,159349.0,1,1685.65,2022-10-10 07:30:00+00:00
2022-10-10 08:00:00+00:00,short,EXECUTE,pullback_recovery,159354.0,2,1686.8,2022-10-10 08:45:00+00:00
2022-10-10 09:00:00+00:00,short,EXECUTE,pullback_recovery,159357.0,1,1685.65,2022-10-10 09:30:00+00:00
2022-10-10 10:00:00+00:00,short,EXECUTE,pullback_recovery,159362.0,2,1684.12,2022-10-10 10:45:00+00:00
2022-10-10 11:00:00+00:00,short,EXECUTE,pullback_recovery,159367.0,3,1680.18,2022-10-10 12:00:00+00:00
2022-10-10 12:00:00+00:00,short,EXECUTE,pullback_recovery,159369.0,1,1680.04,2022-10-10 12:30:00+00:00
2022-10-10 13:00:00+00:00,short,EXECUTE,pullback_recovery,159373.0,1,1679.14,2022-10-10 13:30:00+00:00
2022-10-10 14:00:00+00:00,short,EXECUTE,pullback_recovery,159378.0,2,1676.02,2022-10-10 14:45:00+00:00
2022-10-10 15:00:00+00:00,short,EXECUTE,pullback_recovery,159381.0,1,1677.18,2022-10-10 15:30:00+00:00
2022-10-11 13:00:00+00:00,short,EXECUTE,pullback_recovery,159479.0,15,1666.89,2022-10-11 17:00:00+00:00
2022-10-12 09:00:00+00:00,short,EXECUTE,pullback_recovery,159543.0,3,1672.15,2022-10-12 10:00:00+00:00
2022-10-12 11:00:00+00:00,short,EXECUTE,pullback_recovery,159551.0,3,1670.05,2022-10-12 12:00:00+00:00
2022-10-12 12:00:00+00:00,short,EXECUTE,pullback_recovery,159554.0,2,1670.4,2022-10-12 12:45:00+00:00
2022-10-13 06:00:00+00:00,short,EXECUTE,pullback_recovery,159623.0,3,1669.28,2022-10-13 07:00:00+00:00
2022-10-13 07:00:00+00:00,short,EXECUTE,pullback_recovery,159629.0,5,1670.1,2022-10-13 08:30:00+00:00
2022-10-13 08:00:00+00:00,short,EXECUTE,pullback_recovery,159631.0,3,1668.99,2022-10-13 09:00:00+00:00
2022-10-13 09:00:00+00:00,short,EXECUTE,pullback_recovery,159633.0,1,1668.0,2022-10-13 09:30:00+00:00
2022-10-13 10:00:00+00:00,short,INVALIDATE,adverse_move_limit,,7,,
2022-10-13 11:00:00+00:00,short,EXECUTE,pullback_recovery,159643.0,3,1674.78,2022-10-13 12:00:00+00:00
2022-10-13 12:00:00+00:00,short,EXECUTE,pullback_recovery,159645.0,1,1676.2,2022-10-13 12:30:00+00:00
2022-10-13 13:00:00+00:00,short,EXECUTE,pullback_recovery,159651.0,3,1674.19,2022-10-13 14:00:00+00:00
2022-10-13 14:00:00+00:00,short,EXECUTE,pullback_recovery,159654.0,2,1680.36,2022-10-13 14:45:00+00:00
2022-10-17 10:00:00+00:00,short,EXECUTE,pullback_recovery,159823.0,3,1655.88,2022-10-17 11:00:00+00:00
2022-10-18 15:00:00+00:00,short,EXECUTE,pullback_recovery,159934.0,2,1656.13,2022-10-18 15:45:00+00:00
2022-10-19 08:00:00+00:00,short,EXECUTE,pullback_recovery,159998.0,2,1647.09,2022-10-19 08:45:00+00:00
2022-10-19 09:00:00+00:00,short,EXECUTE,pullback_recovery,160001.0,1,1642.76,2022-10-19 09:30:00+00:00
2022-10-19 10:00:00+00:00,short,EXECUTE,pullback_recovery,160006.0,2,1642.97,2022-10-19 10:45:00+00:00
2022-10-19 11:00:00+00:00,short,EXECUTE,pullback_recovery,160009.0,1,1639.79,2022-10-19 11:30:00+00:00
2022-10-19 12:00:00+00:00,short,INVALIDATE,max_wait_exceeded,,16,,
2022-10-19 13:00:00+00:00,short,EXECUTE,pullback_recovery,160017.0,1,1635.95,2022-10-19 13:30:00+00:00
2022-10-19 14:00:00+00:00,short,EXECUTE,pullback_recovery,160023.0,3,1635.22,2022-10-19 15:00:00+00:00
2022-10-19 15:00:00+00:00,short,EXECUTE,pullback_recovery,160026.0,2,1634.31,2022-10-19 15:45:00+00:00
2022-10-20 08:00:00+00:00,short,EXECUTE,pullback_recovery,160089.0,1,1633.43,2022-10-20 08:30:00+00:00
2022-10-20 09:00:00+00:00,short,EXECUTE,pullback_recovery,160093.0,1,1630.33,2022-10-20 09:30:00+00:00
2022-10-20 15:00:00+00:00,short,INVALIDATE,adverse_move_limit,,1,,
2022-10-21 07:00:00+00:00,short,EXECUTE,pullback_recovery,160177.0,1,1621.9,2022-10-21 07:30:00+00:00
2022-10-21 08:00:00+00:00,short,EXECUTE,pullback_recovery,160183.0,3,1621.26,2022-10-21 09:00:00+00:00
2022-10-21 10:00:00+00:00,short,EXECUTE,pullback_recovery,160191.0,3,1623.66,2022-10-21 11:00:00+00:00
2022-10-21 11:00:00+00:00,short,EXECUTE,pullback_recovery,160193.0,1,1621.15,2022-10-21 11:30:00+00:00
2022-10-21 12:00:00+00:00,short,EXECUTE,pullback_recovery,160199.0,3,1625.33,2022-10-21 13:00:00+00:00
2022-10-21 13:00:00+00:00,short,EXECUTE,pullback_recovery,160202.0,2,1624.73,2022-10-21 13:45:00+00:00
2022-10-21 14:00:00+00:00,short,EXECUTE,pullback_recovery,160206.0,2,1623.66,2022-10-21 14:45:00+00:00
2022-10-25 07:00:00+00:00,short,EXECUTE,pullback_recovery,160362.0,2,1650.87,2022-10-25 07:45:00+00:00
2022-10-25 08:00:00+00:00,short,EXECUTE,pullback_recovery,160365.0,1,1648.32,2022-10-25 08:30:00+00:00
2022-10-25 09:00:00+00:00,short,EXECUTE,pullback_recovery,160370.0,2,1650.4,2022-10-25 09:45:00+00:00
2022-10-25 11:00:00+00:00,short,EXECUTE,pullback_recovery,160379.0,3,1643.96,2022-10-25 12:00:00+00:00
2022-10-25 12:00:00+00:00,short,EXECUTE,pullback_recovery,160383.0,3,1639.98,2022-10-25 13:00:00+00:00
2022-10-25 14:00:00+00:00,short,EXECUTE,pullback_recovery,160391.0,3,1643.69,2022-10-25 15:00:00+00:00
2022-10-26 08:00:00+00:00,short,EXECUTE,pullback_recovery,160459.0,3,1658.64,2022-10-26 09:00:00+00:00
2022-10-26 10:00:00+00:00,short,EXECUTE,pullback_recovery,160467.0,3,1671.0,2022-10-26 11:00:00+00:00
2022-10-26 11:00:00+00:00,short,EXECUTE,pullback_recovery,160471.0,3,1672.99,2022-10-26 12:00:00+00:00
2022-10-26 12:00:00+00:00,short,EXECUTE,pullback_recovery,160473.0,1,1670.45,2022-10-26 12:30:00+00:00
2022-10-26 13:00:00+00:00,short,EXECUTE,pullback_recovery,160477.0,1,1667.51,2022-10-26 13:30:00+00:00
2022-10-26 14:00:00+00:00,short,EXECUTE,pullback_recovery,160482.0,2,1669.88,2022-10-26 14:45:00+00:00
2022-10-27 08:00:00+00:00,short,EXECUTE,pullback_recovery,160551.0,3,1668.85,2022-10-27 09:00:00+00:00
2022-10-27 09:00:00+00:00,short,EXECUTE,pullback_recovery,160554.0,2,1661.99,2022-10-27 09:45:00+00:00
2022-10-27 10:00:00+00:00,short,EXECUTE,pullback_recovery,160557.0,1,1659.87,2022-10-27 10:30:00+00:00
2022-10-27 11:00:00+00:00,short,EXECUTE,pullback_recovery,160561.0,1,1665.05,2022-10-27 11:30:00+00:00
2022-10-27 12:00:00+00:00,short,EXECUTE,pullback_recovery,160565.0,1,1661.87,2022-10-27 12:30:00+00:00
2022-10-27 13:00:00+00:00,short,EXECUTE,pullback_recovery,160569.0,1,1661.48,2022-10-27 13:30:00+00:00
2022-10-27 14:00:00+00:00,short,EXECUTE,pullback_recovery,160574.0,2,1662.03,2022-10-27 14:45:00+00:00
2022-10-28 11:00:00+00:00,short,EXECUTE,pullback_recovery,160653.0,1,1651.02,2022-10-28 11:30:00+00:00
2022-10-28 12:00:00+00:00,short,EXECUTE,pullback_recovery,160657.0,1,1649.76,2022-10-28 12:30:00+00:00
2022-10-28 13:00:00+00:00,short,EXECUTE,pullback_recovery,160661.0,1,1648.8,2022-10-28 13:30:00+00:00
2022-10-28 14:00:00+00:00,short,EXECUTE,pullback_recovery,160666.0,2,1650.88,2022-10-28 14:45:00+00:00
2022-10-28 15:00:00+00:00,short,EXECUTE,pullback_recovery,160669.0,1,1645.39,2022-10-28 15:30:00+00:00
2022-10-31 07:00:00+00:00,short,EXECUTE,pullback_recovery,160734.0,2,1642.04,2022-10-31 07:45:00+00:00
2022-10-31 08:00:00+00:00,short,EXECUTE,pullback_recovery,160739.0,3,1643.5,2022-10-31 09:00:00+00:00
2022-10-31 09:00:00+00:00,short,EXECUTE,pullback_recovery,160741.0,1,1640.93,2022-10-31 09:30:00+00:00
2022-10-31 10:00:00+00:00,short,EXECUTE,pullback_recovery,160745.0,1,1637.67,2022-10-31 10:30:00+00:00
2022-10-31 11:00:00+00:00,short,EXECUTE,pullback_recovery,160751.0,3,1639.43,2022-10-31 12:00:00+00:00
2022-10-31 12:00:00+00:00,short,EXECUTE,pullback_recovery,160759.0,7,1639.76,2022-10-31 14:00:00+00:00
2022-10-31 13:00:00+00:00,short,EXECUTE,pullback_recovery,160759.0,3,1639.76,2022-10-31 14:00:00+00:00
2022-10-31 14:00:00+00:00,short,EXECUTE,pullback_recovery,160761.0,1,1638.05,2022-10-31 14:30:00+00:00
2022-10-31 20:00:00+00:00,short,EXECUTE,pullback_recovery,160787.0,3,1634.8,2022-10-31 21:00:00+00:00
2022-11-02 07:00:00+00:00,short,EXECUTE,pullback_recovery,160917.0,1,1651.14,2022-11-02 07:30:00+00:00
2022-11-02 09:00:00+00:00,short,EXECUTE,pullback_recovery,160927.0,3,1652.87,2022-11-02 10:00:00+00:00
2022-11-02 10:00:00+00:00,short,EXECUTE,pullback_recovery,160930.0,2,1653.42,2022-11-02 10:45:00+00:00
2022-11-02 12:00:00+00:00,short,EXECUTE,pullback_recovery,160937.0,1,1655.62,2022-11-02 12:30:00+00:00
2022-11-02 14:00:00+00:00,short,EXECUTE,pullback_recovery,160945.0,1,1657.33,2022-11-02 14:30:00+00:00
2022-11-02 15:00:00+00:00,short,EXECUTE,pullback_recovery,160950.0,2,1654.86,2022-11-02 15:45:00+00:00
2022-11-02 16:00:00+00:00,short,EXECUTE,pullback_recovery,160953.0,1,1649.91,2022-11-02 16:30:00+00:00
2022-11-03 09:00:00+00:00,short,EXECUTE,pullback_recovery,161017.0,1,1630.16,2022-11-03 09:30:00+00:00
2022-11-03 10:00:00+00:00,short,EXECUTE,pullback_recovery,161021.0,1,1625.32,2022-11-03 10:30:00+00:00
2022-11-07 08:00:00+00:00,short,EXECUTE,pullback_recovery,161193.0,1,1670.99,2022-11-07 08:30:00+00:00
2022-11-07 09:00:00+00:00,short,EXECUTE,pullback_recovery,161197.0,1,1667.14,2022-11-07 09:30:00+00:00
2022-11-07 10:00:00+00:00,short,EXECUTE,pullback_recovery,161203.0,3,1675.0,2022-11-07 11:00:00+00:00
2022-11-07 11:00:00+00:00,short,EXECUTE,pullback_recovery,161207.0,3,1678.61,2022-11-07 12:00:00+00:00
2022-11-07 12:00:00+00:00,short,EXECUTE,pullback_recovery,161210.0,2,1678.67,2022-11-07 12:45:00+00:00
2022-11-07 14:00:00+00:00,short,EXECUTE,pullback_recovery,161217.0,1,1675.12,2022-11-07 14:30:00+00:00
2022-11-07 15:00:00+00:00,short,EXECUTE,pullback_recovery,161225.0,5,1678.5,2022-11-07 16:30:00+00:00
2022-11-08 08:00:00+00:00,short,EXECUTE,pullback_recovery,161285.0,1,1669.72,2022-11-08 08:30:00+00:00
2022-11-08 09:00:00+00:00,short,EXECUTE,pullback_recovery,161290.0,2,1669.34,2022-11-08 09:45:00+00:00
2022-11-08 10:00:00+00:00,short,EXECUTE,pullback_recovery,161293.0,1,1668.8,2022-11-08 10:30:00+00:00
2022-11-08 11:00:00+00:00,short,EXECUTE,pullback_recovery,161300.0,4,1671.77,2022-11-08 12:15:00+00:00
2022-11-08 15:00:00+00:00,short,EXECUTE,pullback_recovery,161313.0,1,1673.78,2022-11-08 15:30:00+00:00
2022-11-09 12:00:00+00:00,short,EXECUTE,pullback_recovery,161397.0,5,1708.43,2022-11-09 13:30:00+00:00
2022-11-09 13:00:00+00:00,short,EXECUTE,pullback_recovery,161397.0,1,1708.43,2022-11-09 13:30:00+00:00
2022-11-09 14:00:00+00:00,short,EXECUTE,pullback_recovery,161401.0,1,1707.53,2022-11-09 14:30:00+00:00
2022-11-09 15:00:00+00:00,short,EXECUTE,pullback_recovery,161409.0,5,1711.49,2022-11-09 16:30:00+00:00
2022-11-10 04:00:00+00:00,short,EXECUTE,pullback_recovery,161457.0,5,1708.26,2022-11-10 05:30:00+00:00
2022-11-10 06:00:00+00:00,short,EXECUTE,pullback_recovery,161466.0,6,1710.0,2022-11-10 07:45:00+00:00
2022-11-10 07:00:00+00:00,short,EXECUTE,pullback_recovery,161468.0,4,1712.02,2022-11-10 08:15:00+00:00
2022-11-10 08:00:00+00:00,short,EXECUTE,pullback_recovery,161469.0,1,1709.23,2022-11-10 08:30:00+00:00
2022-11-10 09:00:00+00:00,short,EXECUTE,pullback_recovery,161473.0,1,1705.74,2022-11-10 09:30:00+00:00
2022-11-10 10:00:00+00:00,short,EXECUTE,pullback_recovery,161479.0,3,1707.35,2022-11-10 11:00:00+00:00
2022-11-10 12:00:00+00:00,short,EXECUTE,pullback_recovery,161488.0,4,1706.29,2022-11-10 13:15:00+00:00
2022-11-10 13:00:00+00:00,short,EXECUTE,pullback_recovery,161489.0,1,1707.44,2022-11-10 13:30:00+00:00
2022-11-10 14:00:00+00:00,short,EXECUTE,pullback_recovery,161496.0,4,1710.01,2022-11-10 15:15:00+00:00
2022-11-15 10:00:00+00:00,short,EXECUTE,pullback_recovery,161753.0,1,1778.81,2022-11-15 10:30:00+00:00
2022-11-15 12:00:00+00:00,short,EXECUTE,pullback_recovery,161764.0,4,1776.0,2022-11-15 13:15:00+00:00
2022-11-15 13:00:00+00:00,short,EXECUTE,pullback_recovery,161767.0,3,1776.95,2022-11-15 14:00:00+00:00
2022-11-15 14:00:00+00:00,short,EXECUTE,pullback_recovery,161769.0,1,1775.74,2022-11-15 14:30:00+00:00
2022-11-16 12:00:00+00:00,short,EXECUTE,pullback_recovery,161854.0,2,1782.38,2022-11-16 12:45:00+00:00
2022-11-16 15:00:00+00:00,short,EXECUTE,pullback_recovery,161867.0,3,1779.14,2022-11-16 16:00:00+00:00
2022-11-16 16:00:00+00:00,short,EXECUTE,pullback_recovery,161870.0,2,1773.63,2022-11-16 16:45:00+00:00
2022-11-17 08:00:00+00:00,short,EXECUTE,pullback_recovery,161931.0,3,1767.98,2022-11-17 09:00:00+00:00
2022-11-17 09:00:00+00:00,short,EXECUTE,pullback_recovery,161934.0,2,1767.88,2022-11-17 09:45:00+00:00
2022-11-17 11:00:00+00:00,short,EXECUTE,pullback_recovery,161941.0,1,1766.74,2022-11-17 11:30:00+00:00
2022-11-17 12:00:00+00:00,short,EXECUTE,pullback_recovery,161946.0,2,1763.78,2022-11-17 12:45:00+00:00
2022-11-17 13:00:00+00:00,short,EXECUTE,pullback_recovery,161952.0,4,1765.96,2022-11-17 14:15:00+00:00
2022-11-17 14:00:00+00:00,short,EXECUTE,pullback_recovery,161953.0,1,1764.85,2022-11-17 14:30:00+00:00
2022-11-17 15:00:00+00:00,short,INVALIDATE,adverse_move_limit,,0,,
2022-11-18 07:00:00+00:00,short,EXECUTE,pullback_recovery,162020.0,4,1763.68,2022-11-18 08:15:00+00:00
2022-11-18 08:00:00+00:00,short,EXECUTE,pullback_recovery,162021.0,1,1763.56,2022-11-18 08:30:00+00:00
2022-11-18 09:00:00+00:00,short,EXECUTE,pullback_recovery,162025.0,1,1764.37,2022-11-18 09:30:00+00:00
2022-11-18 10:00:00+00:00,short,EXECUTE,pullback_recovery,162030.0,2,1763.21,2022-11-18 10:45:00+00:00
2022-11-18 11:00:00+00:00,short,EXECUTE,pullback_recovery,162035.0,3,1764.27,2022-11-18 12:00:00+00:00
2022-11-18 12:00:00+00:00,short,EXECUTE,pullback_recovery,162039.0,3,1765.19,2022-11-18 13:00:00+00:00
2022-11-18 13:00:00+00:00,short,EXECUTE,pullback_recovery,162042.0,2,1760.8,2022-11-18 13:45:00+00:00
2022-11-18 14:00:00+00:00,short,EXECUTE,pullback_recovery,162046.0,2,1760.21,2022-11-18 14:45:00+00:00
2022-11-21 08:00:00+00:00,short,EXECUTE,pullback_recovery,162113.0,1,1745.79,2022-11-21 08:30:00+00:00
2022-11-22 07:00:00+00:00,short,EXECUTE,pullback_recovery,162202.0,2,1741.91,2022-11-22 07:45:00+00:00
2022-11-22 08:00:00+00:00,short,EXECUTE,pullback_recovery,162205.0,1,1741.55,2022-11-22 08:30:00+00:00
2022-11-22 09:00:00+00:00,short,EXECUTE,pullback_recovery,162211.0,3,1743.06,2022-11-22 10:00:00+00:00
2022-11-22 10:00:00+00:00,short,EXECUTE,pullback_recovery,162214.0,2,1743.62,2022-11-22 10:45:00+00:00
2022-11-22 11:00:00+00:00,short,EXECUTE,pullback_recovery,162218.0,2,1747.53,2022-11-22 11:45:00+00:00
2022-11-22 12:00:00+00:00,short,EXECUTE,pullback_recovery,162223.0,3,1746.1,2022-11-22 13:00:00+00:00
2022-11-22 13:00:00+00:00,short,EXECUTE,pullback_recovery,162226.0,2,1747.16,2022-11-22 13:45:00+00:00
2022-11-22 14:00:00+00:00,short,EXECUTE,pullback_recovery,162229.0,1,1747.32,2022-11-22 14:30:00+00:00
2022-11-22 15:00:00+00:00,short,EXECUTE,pullback_recovery,162233.0,1,1744.68,2022-11-22 15:30:00+00:00
2022-11-23 01:00:00+00:00,short,EXECUTE,pullback_recovery,162275.0,7,1740.98,2022-11-23 03:00:00+00:00
2022-11-23 06:00:00+00:00,short,INVALIDATE,adverse_move_limit,,10,,
2022-11-23 07:00:00+00:00,short,EXECUTE,pullback_recovery,162295.0,3,1736.5,2022-11-23 08:00:00+00:00
2022-11-23 08:00:00+00:00,short,EXECUTE,pullback_recovery,162299.0,3,1738.9,2022-11-23 09:00:00+00:00
2022-11-23 09:00:00+00:00,short,EXECUTE,pullback_recovery,162303.0,3,1744.28,2022-11-23 10:00:00+00:00
2022-11-23 10:00:00+00:00,short,EXECUTE,pullback_recovery,162306.0,2,1740.44,2022-11-23 10:45:00+00:00
2022-11-23 11:00:00+00:00,short,EXECUTE,pullback_recovery,162311.0,3,1739.63,2022-11-23 12:00:00+00:00
2022-11-23 12:00:00+00:00,short,EXECUTE,pullback_recovery,162316.0,4,1737.2,2022-11-23 13:15:00+00:00
2022-11-23 13:00:00+00:00,short,EXECUTE,pullback_recovery,162326.0,10,1734.03,2022-11-23 15:45:00+00:00
2022-11-24 08:00:00+00:00,short,EXECUTE,pullback_recovery,162391.0,3,1755.25,2022-11-24 09:00:00+00:00
2022-11-24 09:00:00+00:00,short,EXECUTE,pullback_recovery,162394.0,2,1755.65,2022-11-24 09:45:00+00:00
2022-11-24 10:00:00+00:00,short,EXECUTE,pullback_recovery,162398.0,2,1756.04,2022-11-24 10:45:00+00:00
2022-11-24 11:00:00+00:00,short,EXECUTE,pullback_recovery,162401.0,1,1757.24,2022-11-24 11:30:00+00:00
2022-11-24 12:00:00+00:00,short,EXECUTE,pullback_recovery,162405.0,1,1756.5,2022-11-24 12:30:00+00:00
2022-11-24 13:00:00+00:00,short,EXECUTE,pullback_recovery,162411.0,3,1758.29,2022-11-24 14:00:00+00:00
2022-11-24 14:00:00+00:00,short,EXECUTE,pullback_recovery,162415.0,3,1757.35,2022-11-24 15:00:00+00:00
2022-11-24 15:00:00+00:00,short,EXECUTE,pullback_recovery,162419.0,3,1757.04,2022-11-24 16:00:00+00:00
2022-11-24 16:00:00+00:00,short,EXECUTE,pullback_recovery,162422.0,2,1756.43,2022-11-24 16:45:00+00:00
2022-11-25 05:00:00+00:00,short,EXECUTE,pullback_recovery,162457.0,4,1760.01,2022-11-25 06:15:00+00:00
2022-11-25 06:00:00+00:00,short,EXECUTE,pullback_recovery,162460.0,3,1758.61,2022-11-25 07:00:00+00:00
2022-11-25 07:00:00+00:00,short,EXECUTE,pullback_recovery,162463.0,2,1757.62,2022-11-25 07:45:00+00:00
2022-11-25 08:00:00+00:00,short,INVALIDATE,max_wait_exceeded,,16,,
2022-11-25 09:00:00+00:00,short,EXECUTE,pullback_recovery,162472.0,3,1751.4,2022-11-25 10:00:00+00:00
2022-11-25 10:00:00+00:00,short,EXECUTE,pullback_recovery,162474.0,1,1752.45,2022-11-25 10:30:00+00:00
2022-11-25 11:00:00+00:00,short,EXECUTE,pullback_recovery,162479.0,2,1750.46,2022-11-25 11:45:00+00:00
2022-11-25 12:00:00+00:00,short,EXECUTE,pullback_recovery,162483.0,2,1753.25,2022-11-25 12:45:00+00:00
2022-11-25 13:00:00+00:00,short,EXECUTE,pullback_recovery,162488.0,3,1751.08,2022-11-25 14:00:00+00:00
2022-11-25 14:00:00+00:00,short,EXECUTE,pullback_recovery,162491.0,2,1751.12,2022-11-25 14:45:00+00:00
2022-11-25 15:00:00+00:00,short,EXECUTE,pullback_recovery,162494.0,1,1747.66,2022-11-25 15:30:00+00:00
2022-11-28 10:00:00+00:00,short,EXECUTE,pullback_recovery,162554.0,3,1759.26,2022-11-28 11:00:00+00:00
2022-11-28 11:00:00+00:00,short,EXECUTE,pullback_recovery,162556.0,1,1761.16,2022-11-28 11:30:00+00:00
2022-11-28 12:00:00+00:00,short,EXECUTE,pullback_recovery,162562.0,3,1760.7,2022-11-28 13:00:00+00:00
2022-11-28 13:00:00+00:00,short,EXECUTE,pullback_recovery,162565.0,2,1759.32,2022-11-28 13:45:00+00:00
2022-11-28 14:00:00+00:00,short,EXECUTE,pullback_recovery,162570.0,3,1755.49,2022-11-28 15:00:00+00:00
2022-11-29 08:00:00+00:00,short,EXECUTE,pullback_recovery,162636.0,1,1753.3,2022-11-29 08:30:00+00:00
2022-11-29 09:00:00+00:00,short,EXECUTE,pullback_recovery,162640.0,1,1753.09,2022-11-29 09:30:00+00:00
2022-11-29 11:00:00+00:00,short,EXECUTE,pullback_recovery,162649.0,2,1754.95,2022-11-29 11:45:00+00:00
2022-11-29 13:00:00+00:00,short,INVALIDATE,max_wait_exceeded,,16,,
2022-11-29 14:00:00+00:00,short,EXECUTE,pullback_recovery,162660.0,1,1753.94,2022-11-29 14:30:00+00:00
2022-11-30 07:00:00+00:00,short,EXECUTE,pullback_recovery,162726.0,3,1753.77,2022-11-30 08:00:00+00:00
2022-11-30 08:00:00+00:00,short,EXECUTE,pullback_recovery,162728.0,1,1754.09,2022-11-30 08:30:00+00:00
2022-11-30 09:00:00+00:00,short,EXECUTE,pullback_recovery,162733.0,2,1755.11,2022-11-30 09:45:00+00:00
2022-11-30 10:00:00+00:00,short,EXECUTE,pullback_recovery,162738.0,3,1759.52,2022-11-30 11:00:00+00:00
2022-11-30 11:00:00+00:00,short,EXECUTE,pullback_recovery,162743.0,4,1761.97,2022-11-30 12:15:00+00:00
2022-11-30 12:00:00+00:00,short,EXECUTE,pullback_recovery,162744.0,1,1760.02,2022-11-30 12:30:00+00:00
2022-11-30 13:00:00+00:00,short,EXECUTE,pullback_recovery,162752.0,5,1761.63,2022-11-30 14:30:00+00:00
2022-11-30 14:00:00+00:00,short,EXECUTE,pullback_recovery,162752.0,1,1761.63,2022-11-30 14:30:00+00:00
2022-12-02 08:00:00+00:00,short,EXECUTE,pullback_recovery,162913.0,2,1799.57,2022-12-02 08:45:00+00:00
2022-12-02 10:00:00+00:00,short,EXECUTE,pullback_recovery,162921.0,2,1801.59,2022-12-02 10:45:00+00:00
2022-12-02 11:00:00+00:00,short,EXECUTE,pullback_recovery,162925.0,2,1801.83,2022-12-02 11:45:00+00:00
2022-12-02 12:00:00+00:00,short,EXECUTE,pullback_recovery,162928.0,1,1800.83,2022-12-02 12:30:00+00:00
2022-12-02 13:00:00+00:00,short,EXECUTE,pullback_recovery,162932.0,1,1799.34,2022-12-02 13:30:00+00:00
2022-12-02 14:00:00+00:00,short,EXECUTE,pullback_recovery,162939.0,4,1799.66,2022-12-02 15:15:00+00:00
2022-12-05 07:00:00+00:00,short,EXECUTE,pullback_recovery,163001.0,2,1808.06,2022-12-05 07:45:00+00:00
2022-12-05 08:00:00+00:00,short,EXECUTE,pullback_recovery,163005.0,2,1803.24,2022-12-05 08:45:00+00:00
2022-12-05 09:00:00+00:00,short,EXECUTE,pullback_recovery,163009.0,2,1799.06,2022-12-05 09:45:00+00:00
2022-12-05 10:00:00+00:00,short,EXECUTE,pullback_recovery,163012.0,1,1797.19,2022-12-05 10:30:00+00:00
2022-12-05 11:00:00+00:00,short,EXECUTE,pullback_recovery,163016.0,1,1797.8,2022-12-05 11:30:00+00:00
2022-12-05 12:00:00+00:00,short,EXECUTE,pullback_recovery,163020.0,1,1794.48,2022-12-05 12:30:00+00:00
2022-12-05 13:00:00+00:00,short,EXECUTE,pullback_recovery,163024.0,1,1794.86,2022-12-05 13:30:00+00:00
2022-12-05 14:00:00+00:00,short,EXECUTE,pullback_recovery,163031.0,4,1796.21,2022-12-05 15:15:00+00:00
2022-12-06 08:00:00+00:00,short,EXECUTE,pullback_recovery,163098.0,3,1768.96,2022-12-06 09:00:00+00:00
2022-12-06 11:00:00+00:00,short,EXECUTE,pullback_recovery,163110.0,3,1771.11,2022-12-06 12:00:00+00:00
2022-12-06 12:00:00+00:00,short,EXECUTE,pullback_recovery,163113.0,2,1773.42,2022-12-06 12:45:00+00:00
2022-12-07 08:00:00+00:00,short,EXECUTE,pullback_recovery,163188.0,1,1772.0,2022-12-07 08:30:00+00:00
2022-12-07 09:00:00+00:00,short,EXECUTE,pullback_recovery,163193.0,2,1773.06,2022-12-07 09:45:00+00:00
2022-12-07 10:00:00+00:00,short,EXECUTE,pullback_recovery,163198.0,3,1775.47,2022-12-07 11:00:00+00:00
2022-12-07 11:00:00+00:00,short,EXECUTE,pullback_recovery,163200.0,1,1772.55,2022-12-07 11:30:00+00:00
2022-12-07 12:00:00+00:00,short,EXECUTE,pullback_recovery,163204.0,1,1772.69,2022-12-07 12:30:00+00:00
2022-12-07 13:00:00+00:00,short,EXECUTE,pullback_recovery,163209.0,2,1772.81,2022-12-07 13:45:00+00:00
2022-12-07 14:00:00+00:00,short,EXECUTE,pullback_recovery,163214.0,3,1775.07,2022-12-07 15:00:00+00:00
2022-12-08 13:00:00+00:00,short,EXECUTE,pullback_recovery,163302.0,3,1783.76,2022-12-08 14:00:00+00:00
2022-12-09 07:00:00+00:00,short,EXECUTE,pullback_recovery,163368.0,1,1796.11,2022-12-09 07:30:00+00:00
2022-12-09 08:00:00+00:00,short,EXECUTE,pullback_recovery,163372.0,1,1794.65,2022-12-09 08:30:00+00:00
2022-12-09 09:00:00+00:00,short,EXECUTE,pullback_recovery,163377.0,2,1792.82,2022-12-09 09:45:00+00:00
2022-12-09 10:00:00+00:00,short,EXECUTE,pullback_recovery,163380.0,1,1791.33,2022-12-09 10:30:00+00:00
2022-12-09 11:00:00+00:00,short,EXECUTE,pullback_recovery,163386.0,3,1792.64,2022-12-09 12:00:00+00:00
2022-12-09 12:00:00+00:00,short,EXECUTE,pullback_recovery,163391.0,4,1793.9,2022-12-09 13:15:00+00:00
2022-12-12 08:00:00+00:00,short,EXECUTE,pullback_recovery,163466.0,3,1788.69,2022-12-12 09:00:00+00:00
2022-12-12 10:00:00+00:00,short,EXECUTE,pullback_recovery,163472.0,1,1788.99,2022-12-12 10:30:00+00:00
2022-12-13 07:00:00+00:00,short,EXECUTE,pullback_recovery,163554.0,3,1785.42,2022-12-13 08:00:00+00:00
2022-12-13 08:00:00+00:00,short,EXECUTE,pullback_recovery,163556.0,1,1785.37,2022-12-13 08:30:00+00:00
2022-12-13 09:00:00+00:00,short,EXECUTE,pullback_recovery,163560.0,1,1788.1,2022-12-13 09:30:00+00:00
2022-12-13 10:00:00+00:00,short,EXECUTE,pullback_recovery,163564.0,1,1784.95,2022-12-13 10:30:00+00:00
2022-12-13 11:00:00+00:00,short,EXECUTE,pullback_recovery,163570.0,3,1784.46,2022-12-13 12:00:00+00:00
2022-12-13 12:00:00+00:00,short,EXECUTE,pullback_recovery,163574.0,3,1787.22,2022-12-13 13:00:00+00:00
2022-12-13 13:00:00+00:00,short,EXECUTE,pullback_recovery,163577.0,2,1787.01,2022-12-13 13:45:00+00:00
2022-12-13 14:00:00+00:00,short,EXECUTE,pullback_recovery,163582.0,3,1789.02,2022-12-13 15:00:00+00:00
2022-12-14 08:00:00+00:00,short,EXECUTE,pullback_recovery,163650.0,3,1811.55,2022-12-14 09:00:00+00:00
2022-12-14 13:00:00+00:00,short,EXECUTE,pullback_recovery,163669.0,2,1807.07,2022-12-14 13:45:00+00:00
2022-12-14 14:00:00+00:00,short,EXECUTE,pullback_recovery,163673.0,2,1804.95,2022-12-14 14:45:00+00:00
2022-12-15 14:00:00+00:00,short,EXECUTE,pullback_recovery,163766.0,3,1777.39,2022-12-15 15:00:00+00:00
2022-12-15 15:00:00+00:00,short,EXECUTE,pullback_recovery,163768.0,1,1774.64,2022-12-15 15:30:00+00:00
2022-12-16 10:00:00+00:00,short,EXECUTE,pullback_recovery,163841.0,2,1777.37,2022-12-16 10:45:00+00:00
2022-12-16 11:00:00+00:00,short,EXECUTE,pullback_recovery,163844.0,1,1777.2,2022-12-16 11:30:00+00:00
2022-12-16 13:00:00+00:00,short,EXECUTE,pullback_recovery,163853.0,2,1783.06,2022-12-16 13:45:00+00:00
2022-12-19 08:00:00+00:00,short,EXECUTE,pullback_recovery,163926.0,3,1792.75,2022-12-19 09:00:00+00:00
2022-12-19 10:00:00+00:00,short,EXECUTE,pullback_recovery,163932.0,1,1796.96,2022-12-19 10:30:00+00:00
2022-12-19 16:00:00+00:00,short,EXECUTE,pullback_recovery,163960.0,5,1793.39,2022-12-19 17:30:00+00:00
2022-12-20 08:00:00+00:00,short,EXECUTE,pullback_recovery,164018.0,3,1793.13,2022-12-20 09:00:00+00:00
2022-12-20 09:00:00+00:00,short,EXECUTE,pullback_recovery,164021.0,2,1794.09,2022-12-20 09:45:00+00:00
2022-12-20 10:00:00+00:00,short,EXECUTE,pullback_recovery,164026.0,3,1803.21,2022-12-20 11:00:00+00:00
2022-12-20 11:00:00+00:00,short,EXECUTE,pullback_recovery,164030.0,3,1807.14,2022-12-20 12:00:00+00:00
2022-12-20 12:00:00+00:00,short,EXECUTE,pullback_recovery,164032.0,1,1806.97,2022-12-20 12:30:00+00:00
2022-12-21 08:00:00+00:00,short,EXECUTE,pullback_recovery,164109.0,2,1813.17,2022-12-21 08:45:00+00:00
2022-12-21 09:00:00+00:00,short,EXECUTE,pullback_recovery,164115.0,4,1815.69,2022-12-21 10:15:00+00:00
2022-12-21 10:00:00+00:00,short,EXECUTE,pullback_recovery,164116.0,1,1815.1,2022-12-21 10:30:00+00:00
2022-12-21 11:00:00+00:00,short,EXECUTE,pullback_recovery,164121.0,2,1813.02,2022-12-21 11:45:00+00:00
2022-12-21 12:00:00+00:00,short,EXECUTE,pullback_recovery,164125.0,2,1813.08,2022-12-21 12:45:00+00:00
2022-12-21 13:00:00+00:00,short,EXECUTE,pullback_recovery,164130.0,3,1813.72,2022-12-21 14:00:00+00:00
2022-12-21 14:00:00+00:00,short,EXECUTE,pullback_recovery,164140.0,9,1816.63,2022-12-21 16:30:00+00:00
2022-12-22 05:00:00+00:00,short,EXECUTE,pullback_recovery,164190.0,3,1819.48,2022-12-22 06:00:00+00:00
2022-12-22 06:00:00+00:00,short,EXECUTE,pullback_recovery,164196.0,5,1820.24,2022-12-22 07:30:00+00:00
2022-12-22 07:00:00+00:00,short,EXECUTE,pullback_recovery,164198.0,3,1818.49,2022-12-22 08:00:00+00:00
2022-12-22 08:00:00+00:00,short,INVALIDATE,adverse_move_limit,,0,,
2022-12-22 10:00:00+00:00,short,EXECUTE,pullback_recovery,164208.0,1,1817.64,2022-12-22 10:30:00+00:00
2022-12-22 12:00:00+00:00,short,EXECUTE,pullback_recovery,164216.0,1,1815.5,2022-12-22 12:30:00+00:00
2022-12-22 13:00:00+00:00,short,EXECUTE,pullback_recovery,164222.0,3,1815.92,2022-12-22 14:00:00+00:00
2022-12-23 09:00:00+00:00,short,EXECUTE,pullback_recovery,164297.0,2,1797.42,2022-12-23 09:45:00+00:00
2022-12-23 10:00:00+00:00,short,EXECUTE,pullback_recovery,164300.0,1,1795.55,2022-12-23 10:30:00+00:00
2022-12-23 11:00:00+00:00,short,EXECUTE,pullback_recovery,164306.0,3,1798.71,2022-12-23 12:00:00+00:00
2022-12-23 12:00:00+00:00,short,EXECUTE,pullback_recovery,164309.0,2,1797.22,2022-12-23 12:45:00+00:00
2022-12-23 13:00:00+00:00,short,EXECUTE,pullback_recovery,164312.0,1,1797.91,2022-12-23 13:30:00+00:00
2022-12-23 14:00:00+00:00,short,EXECUTE,pullback_recovery,164317.0,2,1796.41,2022-12-23 14:45:00+00:00
2022-12-27 07:00:00+00:00,short,EXECUTE,pullback_recovery,164382.0,3,1805.89,2022-12-27 08:00:00+00:00
2022-12-27 08:00:00+00:00,short,EXECUTE,pullback_recovery,164387.0,4,1806.58,2022-12-27 09:15:00+00:00
2022-12-27 09:00:00+00:00,short,EXECUTE,pullback_recovery,164388.0,1,1806.5,2022-12-27 09:30:00+00:00
2022-12-27 10:00:00+00:00,short,EXECUTE,pullback_recovery,164393.0,2,1807.04,2022-12-27 10:45:00+00:00
2022-12-27 11:00:00+00:00,short,EXECUTE,pullback_recovery,164396.0,1,1808.92,2022-12-27 11:30:00+00:00
2022-12-27 12:00:00+00:00,short,EXECUTE,pullback_recovery,164403.0,4,1809.1,2022-12-27 13:15:00+00:00
2022-12-27 13:00:00+00:00,short,EXECUTE,pullback_recovery,164405.0,2,1809.91,2022-12-27 13:45:00+00:00
2022-12-27 14:00:00+00:00,short,EXECUTE,pullback_recovery,164408.0,1,1809.6,2022-12-27 14:30:00+00:00
2022-12-27 15:00:00+00:00,short,EXECUTE,pullback_recovery,164412.0,1,1807.05,2022-12-27 15:30:00+00:00
2022-12-29 08:00:00+00:00,short,EXECUTE,pullback_recovery,164568.0,1,1808.36,2022-12-29 08:30:00+00:00
2022-12-29 09:00:00+00:00,short,EXECUTE,pullback_recovery,164572.0,1,1805.72,2022-12-29 09:30:00+00:00
2022-12-29 11:00:00+00:00,short,EXECUTE,pullback_recovery,164580.0,1,1809.57,2022-12-29 11:30:00+00:00
2022-12-29 13:00:00+00:00,short,EXECUTE,pullback_recovery,164590.0,3,1806.78,2022-12-29 14:00:00+00:00
2022-12-29 14:00:00+00:00,short,EXECUTE,pullback_recovery,164592.0,1,1806.67,2022-12-29 14:30:00+00:00
2022-12-30 07:00:00+00:00,short,EXECUTE,pullback_recovery,164658.0,3,1818.85,2022-12-30 08:00:00+00:00
2022-12-30 08:00:00+00:00,short,EXECUTE,pullback_recovery,164663.0,4,1821.12,2022-12-30 09:15:00+00:00
2022-12-30 09:00:00+00:00,short,EXECUTE,pullback_recovery,164665.0,2,1816.57,2022-12-30 09:45:00+00:00
2022-12-30 10:00:00+00:00,short,EXECUTE,pullback_recovery,164668.0,1,1816.74,2022-12-30 10:30:00+00:00
2022-12-30 11:00:00+00:00,short,EXECUTE,pullback_recovery,164672.0,1,1815.83,2022-12-30 11:30:00+00:00
2022-12-30 12:00:00+00:00,short,EXECUTE,pullback_recovery,164678.0,3,1816.27,2022-12-30 13:00:00+00:00
2022-12-30 13:00:00+00:00,short,EXECUTE,pullback_recovery,164681.0,2,1819.23,2022-12-30 13:45:00+00:00
2022-12-30 14:00:00+00:00,short,EXECUTE,pullback_recovery,164684.0,1,1819.75,2022-12-30 14:30:00+00:00
2023-01-03 12:00:00+00:00,short,EXECUTE,pullback_recovery,164769.0,2,1836.34,2023-01-03 12:45:00+00:00
2023-01-03 13:00:00+00:00,short,EXECUTE,pullback_recovery,164772.0,1,1833.18,2023-01-03 13:30:00+00:00
2023-01-05 11:00:00+00:00,long,EXECUTE,pullback_recovery,164948.0,1,1849.04,2023-01-05 11:30:00+00:00
2023-01-11 11:00:00+00:00,short,EXECUTE,pullback_recovery,165317.0,2,1884.95,2023-01-11 11:45:00+00:00
2023-01-11 12:00:00+00:00,short,EXECUTE,pullback_recovery,165322.0,3,1884.78,2023-01-11 13:00:00+00:00
2023-01-11 13:00:00+00:00,short,EXECUTE,pullback_recovery,165324.0,1,1884.49,2023-01-11 13:30:00+00:00
2023-01-11 14:00:00+00:00,short,EXECUTE,pullback_recovery,165328.0,1,1878.06,2023-01-11 14:30:00+00:00
2023-01-12 07:00:00+00:00,short,EXECUTE,pullback_recovery,165394.0,3,1883.64,2023-01-12 08:00:00+00:00
2023-01-12 08:00:00+00:00,short,EXECUTE,pullback_recovery,165397.0,2,1883.28,2023-01-12 08:45:00+00:00
2023-01-12 09:00:00+00:00,short,EXECUTE,pullback_recovery,165400.0,1,1881.06,2023-01-12 09:30:00+00:00
2023-01-12 10:00:00+00:00,short,EXECUTE,pullback_recovery,165404.0,1,1881.73,2023-01-12 10:30:00+00:00
2023-01-12 11:00:00+00:00,short,EXECUTE,pullback_recovery,165409.0,2,1884.91,2023-01-12 11:45:00+00:00
2023-01-12 12:00:00+00:00,short,EXECUTE,pullback_recovery,165418.0,7,1885.11,2023-01-12 14:00:00+00:00
2023-01-12 13:00:00+00:00,short,EXECUTE,pullback_recovery,165416.0,1,1885.22,2023-01-12 13:30:00+00:00
2023-01-12 14:00:00+00:00,short,EXECUTE,pullback_recovery,165420.0,1,1888.53,2023-01-12 14:30:00+00:00
2023-01-13 09:00:00+00:00,long,EXECUTE,pullback_recovery,165494.0,3,1899.62,2023-01-13 10:00:00+00:00
2023-01-13 10:00:00+00:00,long,EXECUTE,pullback_recovery,165496.0,1,1904.35,2023-01-13 10:30:00+00:00
2023-01-13 11:00:00+00:00,long,EXECUTE,pullback_recovery,165501.0,2,1904.11,2023-01-13 11:45:00+00:00
2023-01-13 12:00:00+00:00,long,EXECUTE,pullback_recovery,165506.0,3,1906.0,2023-01-13 13:00:00+00:00
2023-01-13 13:00:00+00:00,long,EXECUTE,pullback_recovery,165510.0,3,1899.73,2023-01-13 14:00:00+00:00
2023-01-16 07:00:00+00:00,long,EXECUTE,pullback_recovery,165578.0,3,1919.52,2023-01-16 08:00:00+00:00
2023-01-16 09:00:00+00:00,long,EXECUTE,pullback_recovery,165585.0,2,1917.32,2023-01-16 09:45:00+00:00
2023-01-16 10:00:00+00:00,long,EXECUTE,pullback_recovery,165590.0,3,1911.67,2023-01-16 11:00:00+00:00
2023-01-16 12:00:00+00:00,long,EXECUTE,pullback_recovery,165597.0,2,1916.32,2023-01-16 12:45:00+00:00
2023-01-17 02:00:00+00:00,short,EXECUTE,pullback_recovery,165637.0,1,1917.6,2023-01-17 02:30:00+00:00
2023-01-17 07:00:00+00:00,long,EXECUTE,pullback_recovery,165659.0,3,1911.0,2023-01-17 08:00:00+00:00
2023-01-17 08:00:00+00:00,long,EXECUTE,pullback_recovery,165674.0,14,1906.93,2023-01-17 11:45:00+00:00
2023-01-17 09:00:00+00:00,long,EXECUTE,pullback_recovery,165665.0,1,1908.54,2023-01-17 09:30:00+00:00
2023-01-17 10:00:00+00:00,long,EXECUTE,pullback_recovery,165670.0,2,1910.47,2023-01-17 10:45:00+00:00
2023-01-17 11:00:00+00:00,long,EXECUTE,pullback_recovery,165674.0,2,1906.93,2023-01-17 11:45:00+00:00
2023-01-17 12:00:00+00:00,long,EXECUTE,pullback_recovery,165679.0,3,1906.25,2023-01-17 13:00:00+00:00
2023-01-17 13:00:00+00:00,long,INVALIDATE,adverse_move_limit,,0,,
2023-01-17 14:00:00+00:00,long,EXECUTE,pullback_recovery,165687.0,3,1909.3,2023-01-17 15:00:00+00:00
2023-01-18 02:00:00+00:00,long,EXECUTE,pullback_recovery,165731.0,3,1907.26,2023-01-18 03:00:00+00:00
2023-01-18 03:00:00+00:00,long,EXECUTE,pullback_recovery,165734.0,2,1907.65,2023-01-18 03:45:00+00:00
2023-01-18 13:00:00+00:00,long,EXECUTE,pullback_recovery,165774.0,2,1914.91,2023-01-18 13:45:00+00:00
2023-01-19 11:00:00+00:00,long,EXECUTE,pullback_recovery,165857.0,1,1910.25,2023-01-19 11:30:00+00:00
2023-01-20 04:00:00+00:00,long,EXECUTE,pullback_recovery,165934.0,14,1926.7,2023-01-20 07:45:00+00:00
2023-01-20 08:00:00+00:00,long,EXECUTE,pullback_recovery,165939.0,3,1926.5,2023-01-20 09:00:00+00:00
2023-01-20 09:00:00+00:00,long,EXECUTE,pullback_recovery,165943.0,3,1932.96,2023-01-20 10:00:00+00:00
2023-01-20 14:00:00+00:00,long,EXECUTE,pullback_recovery,165961.0,1,1928.39,2023-01-20 14:30:00+00:00
2023-01-23 09:00:00+00:00,long,EXECUTE,pullback_recovery,166035.0,3,1920.22,2023-01-23 10:00:00+00:00
2023-01-23 10:00:00+00:00,short,EXECUTE,pullback_recovery,166039.0,3,1923.88,2023-01-23 11:00:00+00:00
2023-01-23 11:00:00+00:00,short,EXECUTE,pullback_recovery,166047.0,7,1926.34,2023-01-23 13:00:00+00:00
2023-01-23 12:00:00+00:00,long,EXECUTE,pullback_recovery,166049.0,5,1925.81,2023-01-23 13:30:00+00:00
2023-01-23 15:00:00+00:00,short,EXECUTE,pullback_recovery,166058.0,2,1921.87,2023-01-23 15:45:00+00:00
2023-01-24 09:00:00+00:00,short,EXECUTE,pullback_recovery,166126.0,2,1940.31,2023-01-24 09:45:00+00:00
2023-01-24 10:00:00+00:00,short,EXECUTE,pullback_recovery,166131.0,3,1938.1,2023-01-24 11:00:00+00:00
2023-01-24 11:00:00+00:00,short,EXECUTE,pullback_recovery,166133.0,1,1935.95,2023-01-24 11:30:00+00:00
2023-01-24 12:00:00+00:00,short,EXECUTE,pullback_recovery,166145.0,9,1938.52,2023-01-24 14:30:00+00:00
2023-01-24 13:00:00+00:00,short,EXECUTE,pullback_recovery,166143.0,3,1937.24,2023-01-24 14:00:00+00:00
2023-01-24 14:00:00+00:00,short,EXECUTE,pullback_recovery,166146.0,2,1936.91,2023-01-24 14:45:00+00:00
2023-01-25 07:00:00+00:00,short,EXECUTE,pullback_recovery,166210.0,2,1927.26,2023-01-25 07:45:00+00:00
2023-01-25 08:00:00+00:00,short,INVALIDATE,max_wait_exceeded,,16,,
2023-01-25 09:00:00+00:00,short,EXECUTE,pullback_recovery,166218.0,2,1928.51,2023-01-25 09:45:00+00:00
2023-01-25 10:00:00+00:00,short,EXECUTE,pullback_recovery,166223.0,3,1929.12,2023-01-25 11:00:00+00:00
2023-01-25 11:00:00+00:00,short,EXECUTE,pullback_recovery,166227.0,3,1927.89,2023-01-25 12:00:00+00:00
2023-01-25 12:00:00+00:00,short,EXECUTE,pullback_recovery,166230.0,2,1925.62,2023-01-25 12:45:00+00:00
2023-01-30 11:00:00+00:00,short,EXECUTE,pullback_recovery,166502.0,2,1924.12,2023-01-30 11:45:00+00:00
2023-01-31 08:00:00+00:00,short,EXECUTE,pullback_recovery,166584.0,4,1915.04,2023-01-31 09:15:00+00:00
2023-01-31 09:00:00+00:00,short,EXECUTE,pullback_recovery,166585.0,1,1913.61,2023-01-31 09:30:00+00:00
2023-01-31 10:00:00+00:00,short,EXECUTE,pullback_recovery,166589.0,1,1907.34,2023-01-31 10:30:00+00:00
2023-01-31 11:00:00+00:00,short,EXECUTE,pullback_recovery,166594.0,2,1904.25,2023-01-31 11:45:00+00:00
2023-01-31 12:00:00+00:00,short,EXECUTE,pullback_recovery,166597.0,1,1905.39,2023-01-31 12:30:00+00:00
2023-01-31 13:00:00+00:00,short,EXECUTE,pullback_recovery,166601.0,1,1902.82,2023-01-31 13:30:00+00:00
2023-02-01 06:00:00+00:00,short,EXECUTE,pullback_recovery,166666.0,2,1925.99,2023-02-01 06:45:00+00:00
2023-02-01 07:00:00+00:00,short,EXECUTE,pullback_recovery,166669.0,1,1926.21,2023-02-01 07:30:00+00:00
2023-02-01 08:00:00+00:00,short,EXECUTE,pullback_recovery,166674.0,2,1926.59,2023-02-01 08:45:00+00:00
2023-02-01 09:00:00+00:00,short,EXECUTE,pullback_recovery,166677.0,1,1926.48,2023-02-01 09:30:00+00:00
2023-02-01 10:00:00+00:00,short,EXECUTE,pullback_recovery,166682.0,2,1926.21,2023-02-01 10:45:00+00:00
2023-02-01 12:00:00+00:00,long,EXECUTE,pullback_recovery,166689.0,1,1925.83,2023-02-01 12:30:00+00:00
2023-02-01 13:00:00+00:00,long,EXECUTE,pullback_recovery,166693.0,1,1929.6,2023-02-01 13:30:00+00:00
2023-02-01 14:00:00+00:00,long,EXECUTE,pullback_recovery,166697.0,1,1929.27,2023-02-01 14:30:00+00:00
2023-02-01 15:00:00+00:00,short,EXECUTE,pullback_recovery,166701.0,1,1930.27,2023-02-01 15:30:00+00:00
2023-02-07 09:00:00+00:00,short,EXECUTE,pullback_recovery,167048.0,4,1873.41,2023-02-07 10:15:00+00:00
2023-02-07 13:00:00+00:00,long,EXECUTE,pullback_recovery,167062.0,2,1867.49,2023-02-07 13:45:00+00:00
2023-02-09 08:00:00+00:00,short,EXECUTE,pullback_recovery,167225.0,1,1880.33,2023-02-09 08:30:00+00:00
2023-02-09 09:00:00+00:00,short,EXECUTE,pullback_recovery,167229.0,1,1880.91,2023-02-09 09:30:00+00:00
2023-02-14 07:00:00+00:00,short,EXECUTE,pullback_recovery,167501.0,5,1859.65,2023-02-14 08:30:00+00:00
2023-02-14 08:00:00+00:00,short,EXECUTE,pullback_recovery,167503.0,3,1862.25,2023-02-14 09:00:00+00:00
2023-02-14 09:00:00+00:00,short,EXECUTE,pullback_recovery,167505.0,1,1858.95,2023-02-14 09:30:00+00:00
2023-02-14 10:00:00+00:00,short,EXECUTE,pullback_recovery,167509.0,1,1859.72,2023-02-14 10:30:00+00:00
2023-02-14 11:00:00+00:00,short,EXECUTE,pullback_recovery,167514.0,2,1862.89,2023-02-14 11:45:00+00:00
2023-02-14 12:00:00+00:00,short,EXECUTE,pullback_recovery,167517.0,1,1860.39,2023-02-14 12:30:00+00:00
2023-02-14 13:00:00+00:00,short,EXECUTE,pullback_recovery,167521.0,1,1856.39,2023-02-14 13:30:00+00:00
2023-02-14 14:00:00+00:00,short,EXECUTE,pullback_recovery,167527.0,3,1860.09,2023-02-14 15:00:00+00:00
2023-02-15 08:00:00+00:00,short,EXECUTE,pullback_recovery,167594.0,2,1842.43,2023-02-15 08:45:00+00:00
2023-02-15 09:00:00+00:00,short,INVALIDATE,adverse_move_limit,,0,,
2023-02-15 10:00:00+00:00,short,EXECUTE,pullback_recovery,167603.0,3,1833.14,2023-02-15 11:00:00+00:00
2023-02-15 11:00:00+00:00,short,EXECUTE,pullback_recovery,167605.0,1,1836.16,2023-02-15 11:30:00+00:00
2023-02-15 12:00:00+00:00,short,EXECUTE,pullback_recovery,167609.0,1,1835.05,2023-02-15 12:30:00+00:00
2023-02-15 13:00:00+00:00,short,EXECUTE,pullback_recovery,167613.0,1,1834.31,2023-02-15 13:30:00+00:00
2023-02-16 08:00:00+00:00,short,EXECUTE,pullback_recovery,167686.0,2,1834.84,2023-02-16 08:45:00+00:00
2023-02-16 09:00:00+00:00,short,EXECUTE,pullback_recovery,167693.0,5,1842.19,2023-02-16 10:30:00+00:00
2023-02-16 10:00:00+00:00,long,EXECUTE,pullback_recovery,167695.0,3,1837.43,2023-02-16 11:00:00+00:00
2023-02-16 11:00:00+00:00,long,EXECUTE,pullback_recovery,167698.0,2,1836.14,2023-02-16 11:45:00+00:00
2023-02-16 12:00:00+00:00,short,EXECUTE,pullback_recovery,167702.0,2,1838.08,2023-02-16 12:45:00+00:00
2023-02-16 13:00:00+00:00,short,EXECUTE,pullback_recovery,167705.0,1,1836.48,2023-02-16 13:30:00+00:00
2023-02-16 14:00:00+00:00,long,EXECUTE,pullback_recovery,167710.0,2,1838.54,2023-02-16 14:45:00+00:00
2023-02-20 07:00:00+00:00,short,EXECUTE,pullback_recovery,167867.0,3,1844.28,2023-02-20 08:00:00+00:00
2023-02-20 08:00:00+00:00,short,EXECUTE,pullback_recovery,167870.0,2,1844.1,2023-02-20 08:45:00+00:00
2023-02-20 09:00:00+00:00,short,EXECUTE,pullback_recovery,167875.0,3,1845.83,2023-02-20 10:00:00+00:00
2023-02-20 10:00:00+00:00,short,EXECUTE,pullback_recovery,167878.0,2,1843.93,2023-02-20 10:45:00+00:00
2023-02-20 11:00:00+00:00,short,EXECUTE,pullback_recovery,167882.0,2,1844.2,2023-02-20 11:45:00+00:00
2023-02-20 12:00:00+00:00,short,EXECUTE,pullback_recovery,167885.0,1,1842.51,2023-02-20 12:30:00+00:00
2023-02-20 13:00:00+00:00,short,EXECUTE,pullback_recovery,167890.0,2,1844.68,2023-02-20 13:45:00+00:00
2023-02-20 14:00:00+00:00,short,EXECUTE,pullback_recovery,167894.0,2,1842.52,2023-02-20 14:45:00+00:00
2023-02-20 15:00:00+00:00,short,EXECUTE,pullback_recovery,167899.0,3,1845.75,2023-02-20 16:00:00+00:00
2023-02-21 08:00:00+00:00,short,EXECUTE,pullback_recovery,167950.0,1,1837.59,2023-02-21 08:30:00+00:00
2023-02-21 09:00:00+00:00,long,EXECUTE,pullback_recovery,167954.0,1,1835.31,2023-02-21 09:30:00+00:00
2023-02-21 15:00:00+00:00,short,EXECUTE,pullback_recovery,167979.0,2,1835.87,2023-02-21 15:45:00+00:00
2023-02-22 07:00:00+00:00,long,EXECUTE,pullback_recovery,168040.0,3,1836.91,2023-02-22 08:00:00+00:00
2023-02-22 08:00:00+00:00,long,EXECUTE,pullback_recovery,168043.0,2,1835.83,2023-02-22 08:45:00+00:00
2023-02-22 09:00:00+00:00,long,EXECUTE,pullback_recovery,168048.0,3,1839.61,2023-02-22 10:00:00+00:00
2023-02-22 10:00:00+00:00,long,EXECUTE,pullback_recovery,168052.0,3,1834.76,2023-02-22 11:00:00+00:00
2023-02-22 11:00:00+00:00,long,EXECUTE,pullback_recovery,168055.0,2,1833.81,2023-02-22 11:45:00+00:00
2023-02-22 13:00:00+00:00,long,EXECUTE,pullback_recovery,168062.0,1,1839.35,2023-02-22 13:30:00+00:00
2023-02-22 14:00:00+00:00,long,EXECUTE,pullback_recovery,168066.0,1,1842.73,2023-02-22 14:30:00+00:00
2023-02-23 10:00:00+00:00,long,EXECUTE,pullback_recovery,168145.0,4,1826.55,2023-02-23 11:15:00+00:00
2023-02-23 11:00:00+00:00,long,EXECUTE,pullback_recovery,168146.0,1,1825.87,2023-02-23 11:30:00+00:00
2023-02-23 12:00:00+00:00,long,EXECUTE,pullback_recovery,168150.0,1,1825.53,2023-02-23 12:30:00+00:00
2023-02-23 13:00:00+00:00,long,EXECUTE,pullback_recovery,168156.0,3,1826.34,2023-02-23 14:00:00+00:00
2023-02-23 14:00:00+00:00,long,EXECUTE,pullback_recovery,168158.0,1,1826.27,2023-02-23 14:30:00+00:00
2023-02-23 15:00:00+00:00,short,EXECUTE,pullback_recovery,168162.0,1,1825.04,2023-02-23 15:30:00+00:00
2023-02-24 07:00:00+00:00,short,EXECUTE,pullback_recovery,168222.0,1,1824.61,2023-02-24 07:30:00+00:00
2023-02-24 08:00:00+00:00,short,EXECUTE,pullback_recovery,168228.0,3,1823.93,2023-02-24 09:00:00+00:00
2023-02-24 09:00:00+00:00,short,EXECUTE,pullback_recovery,168230.0,1,1823.1,2023-02-24 09:30:00+00:00
2023-02-24 10:00:00+00:00,short,EXECUTE,pullback_recovery,168236.0,3,1822.86,2023-02-24 11:00:00+00:00
2023-02-24 11:00:00+00:00,short,EXECUTE,pullback_recovery,168239.0,2,1822.31,2023-02-24 11:45:00+00:00
2023-02-24 12:00:00+00:00,short,EXECUTE,pullback_recovery,168243.0,2,1822.59,2023-02-24 12:45:00+00:00
2023-02-24 13:00:00+00:00,short,EXECUTE,pullback_recovery,168247.0,2,1817.86,2023-02-24 13:45:00+00:00
2023-02-24 14:00:00+00:00,short,EXECUTE,pullback_recovery,168250.0,1,1817.14,2023-02-24 14:30:00+00:00
2023-02-24 15:00:00+00:00,short,EXECUTE,pullback_recovery,168254.0,1,1815.9,2023-02-24 15:30:00+00:00
2023-02-27 07:00:00+00:00,short,EXECUTE,pullback_recovery,168314.0,1,1807.98,2023-02-27 07:30:00+00:00
2023-02-27 08:00:00+00:00,short,EXECUTE,pullback_recovery,168318.0,1,1808.92,2023-02-27 08:30:00+00:00
2023-02-27 09:00:00+00:00,short,EXECUTE,pullback_recovery,168324.0,3,1810.62,2023-02-27 10:00:00+00:00
2023-02-27 10:00:00+00:00,short,EXECUTE,pullback_recovery,168328.0,3,1810.07,2023-02-27 11:00:00+00:00
2023-02-27 11:00:00+00:00,short,EXECUTE,pullback_recovery,168332.0,3,1808.42,2023-02-27 12:00:00+00:00
2023-02-27 12:00:00+00:00,short,EXECUTE,pullback_recovery,168336.0,3,1810.46,2023-02-27 13:00:00+00:00
2023-02-27 13:00:00+00:00,short,EXECUTE,pullback_recovery,168339.0,2,1810.78,2023-02-27 13:45:00+00:00
2023-02-27 14:00:00+00:00,short,EXECUTE,pullback_recovery,168342.0,1,1810.57,2023-02-27 14:30:00+00:00
2023-02-27 15:00:00+00:00,short,EXECUTE,pullback_recovery,168348.0,3,1815.15,2023-02-27 16:00:00+00:00
2023-02-28 02:00:00+00:00,short,EXECUTE,pullback_recovery,168388.0,3,1816.45,2023-02-28 03:00:00+00:00
2023-02-28 08:00:00+00:00,short,EXECUTE,pullback_recovery,168412.0,3,1815.65,2023-02-28 09:00:00+00:00
2023-02-28 09:00:00+00:00,short,EXECUTE,pullback_recovery,168415.0,2,1811.39,2023-02-28 09:45:00+00:00
2023-02-28 10:00:00+00:00,long,INVALIDATE,adverse_move_limit,,0,,
2023-02-28 11:00:00+00:00,long,EXECUTE,pullback_recovery,168424.0,3,1810.43,2023-02-28 12:00:00+00:00
2023-02-28 12:00:00+00:00,short,EXECUTE,pullback_recovery,168427.0,2,1808.91,2023-02-28 12:45:00+00:00
2023-02-28 13:00:00+00:00,long,EXECUTE,pullback_recovery,168433.0,4,1808.51,2023-02-28 14:15:00+00:00
2023-02-28 14:00:00+00:00,long,EXECUTE,pullback_recovery,168435.0,2,1808.61,2023-02-28 14:45:00+00:00
2023-03-01 08:00:00+00:00,long,EXECUTE,pullback_recovery,168502.0,1,1833.74,2023-03-01 08:30:00+00:00
2023-03-01 09:00:00+00:00,long,EXECUTE,pullback_recovery,168507.0,2,1834.1,2023-03-01 09:45:00+00:00
2023-03-01 10:00:00+00:00,long,EXECUTE,pullback_recovery,168512.0,3,1835.75,2023-03-01 11:00:00+00:00
2023-03-01 11:00:00+00:00,long,EXECUTE,pullback_recovery,168514.0,1,1831.87,2023-03-01 11:30:00+00:00
2023-03-01 12:00:00+00:00,long,EXECUTE,pullback_recovery,168520.0,3,1834.83,2023-03-01 13:00:00+00:00
2023-03-01 14:00:00+00:00,long,EXECUTE,pullback_recovery,168527.0,2,1839.01,2023-03-01 14:45:00+00:00
2023-03-02 09:00:00+00:00,long,EXECUTE,pullback_recovery,168598.0,1,1832.92,2023-03-02 09:30:00+00:00
2023-03-02 10:00:00+00:00,long,EXECUTE,pullback_recovery,168603.0,2,1833.45,2023-03-02 10:45:00+00:00
2023-03-02 11:00:00+00:00,long,EXECUTE,pullback_recovery,168608.0,3,1831.85,2023-03-02 12:00:00+00:00
2023-03-02 12:00:00+00:00,long,EXECUTE,pullback_recovery,168610.0,1,1832.35,2023-03-02 12:30:00+00:00
2023-03-02 14:00:00+00:00,short,EXECUTE,pullback_recovery,168618.0,1,1833.31,2023-03-02 14:30:00+00:00
2023-03-03 07:00:00+00:00,short,EXECUTE,pullback_recovery,168684.0,3,1839.04,2023-03-03 08:00:00+00:00
2023-03-03 08:00:00+00:00,short,EXECUTE,pullback_recovery,168687.0,2,1843.16,2023-03-03 08:45:00+00:00
2023-03-03 09:00:00+00:00,short,EXECUTE,pullback_recovery,168692.0,3,1842.7,2023-03-03 10:00:00+00:00
2023-03-03 10:00:00+00:00,short,EXECUTE,pullback_recovery,168694.0,1,1843.93,2023-03-03 10:30:00+00:00
2023-03-03 11:00:00+00:00,short,EXECUTE,pullback_recovery,168699.0,2,1846.44,2023-03-03 11:45:00+00:00
2023-03-03 12:00:00+00:00,short,EXECUTE,pullback_recovery,168704.0,3,1846.81,2023-03-03 13:00:00+00:00
2023-03-03 13:00:00+00:00,short,EXECUTE,pullback_recovery,168706.0,1,1847.07,2023-03-03 13:30:00+00:00
2023-03-03 14:00:00+00:00,short,EXECUTE,pullback_recovery,168710.0,1,1846.41,2023-03-03 14:30:00+00:00
2023-03-03 15:00:00+00:00,short,EXECUTE,pullback_recovery,168714.0,1,1846.59,2023-03-03 15:30:00+00:00
2023-03-06 07:00:00+00:00,short,EXECUTE,pullback_recovery,168775.0,2,1854.16,2023-03-06 07:45:00+00:00
2023-03-06 08:00:00+00:00,short,EXECUTE,pullback_recovery,168778.0,1,1853.58,2023-03-06 08:30:00+00:00
2023-03-06 09:00:00+00:00,short,EXECUTE,pullback_recovery,168782.0,1,1856.3,2023-03-06 09:30:00+00:00
2023-03-06 10:00:00+00:00,short,EXECUTE,pullback_recovery,168786.0,1,1854.25,2023-03-06 10:30:00+00:00
2023-03-06 11:00:00+00:00,short,EXECUTE,pullback_recovery,168790.0,1,1851.74,2023-03-06 11:30:00+00:00
2023-03-06 12:00:00+00:00,short,EXECUTE,pullback_recovery,168795.0,2,1850.9,2023-03-06 12:45:00+00:00
2023-03-06 13:00:00+00:00,short,EXECUTE,pullback_recovery,168799.0,2,1848.55,2023-03-06 13:45:00+00:00
2023-03-06 14:00:00+00:00,short,EXECUTE,pullback_recovery,168806.0,5,1851.95,2023-03-06 15:30:00+00:00
2023-03-06 15:00:00+00:00,short,EXECUTE,pullback_recovery,168806.0,1,1851.95,2023-03-06 15:30:00+00:00
2023-03-07 07:00:00+00:00,short,EXECUTE,pullback_recovery,168868.0,3,1847.39,2023-03-07 08:00:00+00:00
2023-03-07 08:00:00+00:00,short,EXECUTE,pullback_recovery,168870.0,1,1847.49,2023-03-07 08:30:00+00:00
2023-03-07 14:00:00+00:00,long,EXECUTE,pullback_recovery,168895.0,2,1839.83,2023-03-07 14:45:00+00:00
2023-03-08 07:00:00+00:00,long,EXECUTE,pullback_recovery,168958.0,1,1811.23,2023-03-08 07:30:00+00:00
2023-03-08 10:00:00+00:00,short,EXECUTE,pullback_recovery,168971.0,2,1814.07,2023-03-08 10:45:00+00:00
2023-03-08 11:00:00+00:00,short,EXECUTE,pullback_recovery,168974.0,1,1814.24,2023-03-08 11:30:00+00:00
2023-03-08 12:00:00+00:00,short,EXECUTE,pullback_recovery,168980.0,3,1814.12,2023-03-08 13:00:00+00:00
2023-03-08 13:00:00+00:00,short,EXECUTE,pullback_recovery,168984.0,3,1815.0,2023-03-08 14:00:00+00:00
2023-03-08 14:00:00+00:00,short,INVALIDATE,adverse_move_limit,,10,,
2023-03-08 15:00:00+00:00,short,EXECUTE,pullback_recovery,168990.0,1,1812.64,2023-03-08 15:30:00+00:00
2023-03-09 07:00:00+00:00,short,EXECUTE,pullback_recovery,169050.0,1,1815.07,2023-03-09 07:30:00+00:00
2023-03-09 08:00:00+00:00,short,EXECUTE,pullback_recovery,169055.0,2,1813.49,2023-03-09 08:45:00+00:00
2023-03-09 09:00:00+00:00,short,EXECUTE,pullback_recovery,169058.0,1,1814.87,2023-03-09 09:30:00+00:00
2023-03-09 10:00:00+00:00,long,EXECUTE,pullback_recovery,169063.0,2,1818.59,2023-03-09 10:45:00+00:00
2023-03-09 11:00:00+00:00,long,EXECUTE,pullback_recovery,169066.0,1,1817.23,2023-03-09 11:30:00+00:00
2023-03-09 12:00:00+00:00,long,EXECUTE,pullback_recovery,169070.0,1,1817.5,2023-03-09 12:30:00+00:00
2023-03-09 13:00:00+00:00,long,EXECUTE,pullback_recovery,169077.0,4,1818.69,2023-03-09 14:15:00+00:00
2023-03-09 14:00:00+00:00,short,EXECUTE,pullback_recovery,169078.0,1,1818.19,2023-03-09 14:30:00+00:00
2023-03-09 15:00:00+00:00,short,EXECUTE,pullback_recovery,169085.0,4,1824.02,2023-03-09 16:15:00+00:00
2023-03-17 07:00:00+00:00,long,EXECUTE,pullback_recovery,169608.0,3,1929.41,2023-03-17 08:00:00+00:00
2023-03-17 08:00:00+00:00,long,EXECUTE,pullback_recovery,169610.0,1,1931.23,2023-03-17 08:30:00+00:00
2023-03-17 09:00:00+00:00,long,EXECUTE,pullback_recovery,169615.0,2,1931.16,2023-03-17 09:45:00+00:00
2023-03-17 13:00:00+00:00,long,EXECUTE,pullback_recovery,169630.0,1,1935.73,2023-03-17 13:30:00+00:00
2023-03-21 07:00:00+00:00,long,EXECUTE,pullback_recovery,169791.0,2,1982.11,2023-03-21 07:45:00+00:00
2023-03-21 08:00:00+00:00,short,EXECUTE,pullback_recovery,169794.0,1,1976.9,2023-03-21 08:30:00+00:00
2023-03-21 09:00:00+00:00,short,EXECUTE,pullback_recovery,169800.0,3,1970.25,2023-03-21 10:00:00+00:00
2023-03-21 10:00:00+00:00,short,EXECUTE,pullback_recovery,169803.0,2,1965.58,2023-03-21 10:45:00+00:00
2023-03-21 11:00:00+00:00,short,EXECUTE,pullback_recovery,169807.0,2,1968.99,2023-03-21 11:45:00+00:00
2023-03-21 12:00:00+00:00,short,EXECUTE,pullback_recovery,169813.0,4,1967.44,2023-03-21 13:15:00+00:00
2023-03-22 12:00:00+00:00,long,EXECUTE,pullback_recovery,169904.0,3,1942.59,2023-03-22 13:00:00+00:00
2023-03-22 13:00:00+00:00,long,EXECUTE,pullback_recovery,169906.0,1,1942.11,2023-03-22 13:30:00+00:00
2023-03-22 14:00:00+00:00,long,INVALIDATE,max_wait_exceeded,,16,,
2023-03-24 13:00:00+00:00,short,EXECUTE,pullback_recovery,170093.0,4,1993.37,2023-03-24 14:15:00+00:00
2023-03-27 12:00:00+00:00,long,EXECUTE,pullback_recovery,170177.0,4,1954.55,2023-03-27 13:15:00+00:00
2023-03-27 14:00:00+00:00,long,EXECUTE,pullback_recovery,170182.0,1,1952.77,2023-03-27 14:30:00+00:00
2023-03-28 08:00:00+00:00,long,EXECUTE,pullback_recovery,170251.0,2,1959.64,2023-03-28 08:45:00+00:00
2023-03-28 09:00:00+00:00,long,EXECUTE,pullback_recovery,170255.0,2,1953.96,2023-03-28 09:45:00+00:00
2023-03-28 10:00:00+00:00,long,EXECUTE,pullback_recovery,170258.0,1,1956.49,2023-03-28 10:30:00+00:00
2023-03-28 12:00:00+00:00,long,EXECUTE,pullback_recovery,170267.0,2,1952.6,2023-03-28 12:45:00+00:00
2023-03-29 07:00:00+00:00,short,EXECUTE,pullback_recovery,170339.0,2,1966.87,2023-03-29 07:45:00+00:00
2023-03-29 08:00:00+00:00,short,EXECUTE,pullback_recovery,170344.0,3,1962.95,2023-03-29 09:00:00+00:00
2023-03-29 09:00:00+00:00,long,EXECUTE,pullback_recovery,170346.0,1,1961.92,2023-03-29 09:30:00+00:00
2023-03-29 10:00:00+00:00,short,EXECUTE,pullback_recovery,170350.0,1,1960.81,2023-03-29 10:30:00+00:00
2023-03-29 11:00:00+00:00,long,EXECUTE,pullback_recovery,170355.0,2,1962.72,2023-03-29 11:45:00+00:00
2023-03-29 12:00:00+00:00,long,EXECUTE,pullback_recovery,170359.0,2,1967.15,2023-03-29 12:45:00+00:00
2023-03-29 13:00:00+00:00,long,EXECUTE,pullback_recovery,170362.0,1,1967.65,2023-03-29 13:30:00+00:00
2023-03-29 14:00:00+00:00,short,EXECUTE,pullback_recovery,170366.0,1,1964.49,2023-03-29 14:30:00+00:00
2023-03-29 15:00:00+00:00,short,EXECUTE,pullback_recovery,170371.0,2,1962.66,2023-03-29 15:45:00+00:00
2023-03-29 16:00:00+00:00,short,EXECUTE,pullback_recovery,170376.0,3,1965.45,2023-03-29 17:00:00+00:00
2023-03-30 07:00:00+00:00,short,EXECUTE,pullback_recovery,170432.0,3,1960.84,2023-03-30 08:00:00+00:00
2023-03-30 08:00:00+00:00,short,EXECUTE,pullback_recovery,170435.0,2,1963.99,2023-03-30 08:45:00+00:00
2023-03-30 09:00:00+00:00,short,EXECUTE,pullback_recovery,170439.0,2,1968.08,2023-03-30 09:45:00+00:00
2023-03-30 11:00:00+00:00,short,EXECUTE,pullback_recovery,170447.0,2,1967.51,2023-03-30 11:45:00+00:00
2023-03-30 12:00:00+00:00,short,EXECUTE,pullback_recovery,170450.0,1,1967.46,2023-03-30 12:30:00+00:00
2023-03-30 13:00:00+00:00,short,EXECUTE,pullback_recovery,170454.0,1,1968.83,2023-03-30 13:30:00+00:00
2023-03-30 15:00:00+00:00,short,EXECUTE,pullback_recovery,170463.0,2,1968.56,2023-03-30 15:45:00+00:00
2023-03-31 05:00:00+00:00,short,EXECUTE,pullback_recovery,170515.0,2,1981.97,2023-03-31 05:45:00+00:00
2023-03-31 07:00:00+00:00,short,EXECUTE,pullback_recovery,170522.0,1,1980.25,2023-03-31 07:30:00+00:00
2023-03-31 08:00:00+00:00,short,EXECUTE,pullback_recovery,170526.0,1,1978.85,2023-03-31 08:30:00+00:00
2023-03-31 09:00:00+00:00,short,EXECUTE,pullback_recovery,170532.0,3,1984.14,2023-03-31 10:00:00+00:00
2023-03-31 10:00:00+00:00,short,INVALIDATE,adverse_move_limit,,0,,
2023-03-31 14:00:00+00:00,short,EXECUTE,pullback_recovery,170552.0,3,1980.19,2023-03-31 15:00:00+00:00
2023-04-03 13:00:00+00:00,short,INVALIDATE,adverse_move_limit,,14,,
2023-04-04 12:00:00+00:00,short,EXECUTE,pullback_recovery,170726.0,1,1982.83,2023-04-04 12:30:00+00:00
2023-04-04 13:00:00+00:00,short,EXECUTE,pullback_recovery,170731.0,2,1982.18,2023-04-04 13:45:00+00:00
2023-04-05 12:00:00+00:00,long,EXECUTE,pullback_recovery,170820.0,3,2024.49,2023-04-05 13:00:00+00:00
2023-04-05 13:00:00+00:00,long,EXECUTE,pullback_recovery,170824.0,3,2022.23,2023-04-05 14:00:00+00:00
2023-04-05 14:00:00+00:00,long,EXECUTE,pullback_recovery,170826.0,1,2024.08,2023-04-05 14:30:00+00:00
2023-04-06 08:00:00+00:00,short,EXECUTE,pullback_recovery,170896.0,3,2015.62,2023-04-06 09:00:00+00:00
2023-04-06 09:00:00+00:00,short,EXECUTE,pullback_recovery,170898.0,1,2014.45,2023-04-06 09:30:00+00:00
2023-04-06 10:00:00+00:00,short,EXECUTE,pullback_recovery,170904.0,3,2016.31,2023-04-06 11:00:00+00:00
2023-04-06 11:00:00+00:00,short,EXECUTE,pullback_recovery,170908.0,3,2017.36,2023-04-06 12:00:00+00:00
2023-04-06 12:00:00+00:00,short,EXECUTE,pullback_recovery,170912.0,3,2019.52,2023-04-06 13:00:00+00:00
2023-04-06 13:00:00+00:00,short,EXECUTE,pullback_recovery,170915.0,2,2019.5,2023-04-06 13:45:00+00:00
2023-04-06 14:00:00+00:00,short,EXECUTE,pullback_recovery,170918.0,1,2018.43,2023-04-06 14:30:00+00:00
2023-04-06 15:00:00+00:00,short,INVALIDATE,adverse_move_limit,,1,,
2023-04-11 08:00:00+00:00,long,EXECUTE,pullback_recovery,171081.0,4,2000.37,2023-04-11 09:15:00+00:00
2023-04-11 09:00:00+00:00,long,EXECUTE,pullback_recovery,171083.0,2,1999.68,2023-04-11 09:45:00+00:00
2023-04-11 10:00:00+00:00,long,EXECUTE,pullback_recovery,171086.0,1,2001.88,2023-04-11 10:30:00+00:00
2023-04-11 12:00:00+00:00,long,EXECUTE,pullback_recovery,171095.0,2,2003.78,2023-04-11 12:45:00+00:00
2023-04-11 13:00:00+00:00,long,EXECUTE,pullback_recovery,171099.0,2,2003.18,2023-04-11 13:45:00+00:00
2023-04-12 08:00:00+00:00,short,EXECUTE,pullback_recovery,171171.0,2,2018.98,2023-04-12 08:45:00+00:00
2023-04-12 09:00:00+00:00,short,EXECUTE,pullback_recovery,171174.0,1,2014.68,2023-04-12 09:30:00+00:00
2023-04-12 10:00:00+00:00,short,EXECUTE,pullback_recovery,171178.0,1,2013.58,2023-04-12 10:30:00+00:00
2023-04-12 11:00:00+00:00,short,EXECUTE,pullback_recovery,171184.0,3,2008.97,2023-04-12 12:00:00+00:00
2023-04-13 10:00:00+00:00,long,EXECUTE,pullback_recovery,171271.0,2,2024.38,2023-04-13 10:45:00+00:00
2023-04-13 11:00:00+00:00,long,EXECUTE,pullback_recovery,171274.0,1,2027.53,2023-04-13 11:30:00+00:00
2023-04-14 08:00:00+00:00,short,EXECUTE,pullback_recovery,171356.0,3,2042.78,2023-04-14 09:00:00+00:00
2023-04-14 11:00:00+00:00,short,EXECUTE,pullback_recovery,171368.0,3,2035.68,2023-04-14 12:00:00+00:00
2023-04-14 12:00:00+00:00,short,EXECUTE,pullback_recovery,171374.0,5,2039.78,2023-04-14 13:30:00+00:00
2023-04-14 13:00:00+00:00,short,EXECUTE,pullback_recovery,171374.0,1,2039.78,2023-04-14 13:30:00+00:00
2023-04-19 07:00:00+00:00,short,EXECUTE,pullback_recovery,171628.0,3,2003.88,2023-04-19 08:00:00+00:00
2023-04-19 08:00:00+00:00,short,EXECUTE,pullback_recovery,171631.0,2,2001.68,2023-04-19 08:45:00+00:00
2023-04-19 09:00:00+00:00,short,EXECUTE,pullback_recovery,171634.0,1,1990.69,2023-04-19 09:30:00+00:00
2023-04-19 10:00:00+00:00,short,EXECUTE,pullback_recovery,171639.0,2,1991.9,2023-04-19 10:45:00+00:00
2023-04-19 11:00:00+00:00,short,EXECUTE,pullback_recovery,171643.0,2,1977.54,2023-04-19 11:45:00+00:00
2023-04-19 12:00:00+00:00,short,EXECUTE,pullback_recovery,171647.0,2,1975.34,2023-04-19 12:45:00+00:00
2023-04-19 13:00:00+00:00,short,EXECUTE,pullback_recovery,171651.0,2,1973.74,2023-04-19 13:45:00+00:00
2023-04-19 14:00:00+00:00,short,EXECUTE,pullback_recovery,171654.0,1,1971.53,2023-04-19 14:30:00+00:00
2023-04-20 08:00:00+00:00,short,EXECUTE,pullback_recovery,171724.0,3,1994.43,2023-04-20 09:00:00+00:00
2023-04-20 09:00:00+00:00,short,EXECUTE,pullback_recovery,171728.0,3,1999.19,2023-04-20 10:00:00+00:00
2023-04-20 10:00:00+00:00,short,EXECUTE,pullback_recovery,171731.0,2,1996.39,2023-04-20 10:45:00+00:00
2023-04-20 11:00:00+00:00,short,EXECUTE,pullback_recovery,171736.0,3,1996.68,2023-04-20 12:00:00+00:00
2023-04-20 12:00:00+00:00,long,EXECUTE,pullback_recovery,171739.0,2,1998.23,2023-04-20 12:45:00+00:00
2023-04-20 13:00:00+00:00,long,EXECUTE,pullback_recovery,171742.0,1,2004.25,2023-04-20 13:30:00+00:00
2023-04-20 14:00:00+00:00,long,EXECUTE,pullback_recovery,171751.0,6,2006.38,2023-04-20 15:45:00+00:00
2023-04-21 08:00:00+00:00,long,EXECUTE,pullback_recovery,171816.0,3,1994.86,2023-04-21 09:00:00+00:00
2023-04-24 13:00:00+00:00,long,EXECUTE,pullback_recovery,171926.0,1,1984.37,2023-04-24 13:30:00+00:00
2023-04-24 14:00:00+00:00,long,EXECUTE,pullback_recovery,171932.0,3,1983.02,2023-04-24 15:00:00+00:00
2023-04-26 13:00:00+00:00,long,EXECUTE,pullback_recovery,172110.0,1,1999.67,2023-04-26 13:30:00+00:00
2023-04-27 12:00:00+00:00,long,EXECUTE,pullback_recovery,172201.0,4,1998.65,2023-04-27 13:15:00+00:00
2023-04-27 13:00:00+00:00,long,EXECUTE,pullback_recovery,172202.0,1,2000.47,2023-04-27 13:30:00+00:00
2023-04-27 14:00:00+00:00,long,EXECUTE,pullback_recovery,172208.0,3,1996.85,2023-04-27 15:00:00+00:00
2023-04-28 07:00:00+00:00,long,EXECUTE,pullback_recovery,172270.0,1,1987.37,2023-04-28 07:30:00+00:00
2023-04-28 10:00:00+00:00,long,EXECUTE,pullback_recovery,172282.0,1,1983.32,2023-04-28 10:30:00+00:00
2023-04-28 11:00:00+00:00,long,EXECUTE,pullback_recovery,172286.0,1,1981.66,2023-04-28 11:30:00+00:00
2023-04-28 12:00:00+00:00,long,EXECUTE,pullback_recovery,172292.0,3,1982.9,2023-04-28 13:00:00+00:00
2023-04-28 13:00:00+00:00,long,EXECUTE,pullback_recovery,172295.0,2,1983.78,2023-04-28 13:45:00+00:00
2023-04-28 14:00:00+00:00,short,EXECUTE,pullback_recovery,172299.0,2,1983.78,2023-04-28 14:45:00+00:00
2023-05-01 10:00:00+00:00,short,EXECUTE,pullback_recovery,172374.0,1,1980.58,2023-05-01 10:30:00+00:00
2023-05-01 11:00:00+00:00,short,EXECUTE,pullback_recovery,172378.0,1,1978.99,2023-05-01 11:30:00+00:00
2023-05-01 12:00:00+00:00,long,EXECUTE,pullback_recovery,172383.0,2,1983.43,2023-05-01 12:45:00+00:00
2023-05-01 13:00:00+00:00,long,EXECUTE,pullback_recovery,172387.0,2,1987.79,2023-05-01 13:45:00+00:00
2023-05-02 07:00:00+00:00,short,EXECUTE,pullback_recovery,172455.0,2,1982.03,2023-05-02 07:45:00+00:00
2023-05-02 08:00:00+00:00,short,EXECUTE,pullback_recovery,172459.0,2,1983.08,2023-05-02 08:45:00+00:00
2023-05-02 09:00:00+00:00,short,EXECUTE,pullback_recovery,172462.0,1,1984.57,2023-05-02 09:30:00+00:00
2023-05-02 10:00:00+00:00,short,EXECUTE,pullback_recovery,172467.0,2,1982.04,2023-05-02 10:45:00+00:00
2023-05-02 11:00:00+00:00,short,EXECUTE,pullback_recovery,172471.0,2,1981.48,2023-05-02 11:45:00+00:00
2023-05-02 12:00:00+00:00,short,EXECUTE,pullback_recovery,172476.0,3,1983.97,2023-05-02 13:00:00+00:00
2023-05-02 13:00:00+00:00,short,EXECUTE,pullback_recovery,172482.0,5,1989.03,2023-05-02 14:30:00+00:00
2023-05-02 14:00:00+00:00,short,EXECUTE,pullback_recovery,172484.0,3,1986.29,2023-05-02 15:00:00+00:00
2023-05-02 15:00:00+00:00,short,EXECUTE,pullback_recovery,172486.0,1,1986.33,2023-05-02 15:30:00+00:00
2023-05-03 08:00:00+00:00,short,EXECUTE,pullback_recovery,172552.0,3,2014.9,2023-05-03 09:00:00+00:00
2023-05-03 09:00:00+00:00,short,EXECUTE,pullback_recovery,172556.0,3,2017.79,2023-05-03 10:00:00+00:00
2023-05-03 10:00:00+00:00,long,EXECUTE,pullback_recovery,172558.0,1,2014.67,2023-05-03 10:30:00+00:00
2023-05-03 11:00:00+00:00,long,EXECUTE,pullback_recovery,172562.0,1,2015.95,2023-05-03 11:30:00+00:00
2023-05-03 12:00:00+00:00,short,EXECUTE,pullback_recovery,172568.0,3,2016.98,2023-05-03 13:00:00+00:00
2023-05-03 13:00:00+00:00,short,EXECUTE,pullback_recovery,172571.0,2,2016.53,2023-05-03 13:45:00+00:00
2023-05-03 14:00:00+00:00,long,EXECUTE,pullback_recovery,172575.0,2,2015.54,2023-05-03 14:45:00+00:00
2023-05-03 15:00:00+00:00,short,EXECUTE,pullback_recovery,172578.0,1,2012.21,2023-05-03 15:30:00+00:00
2023-05-05 13:00:00+00:00,short,INVALIDATE,max_wait_exceeded,,16,,
2023-05-05 14:00:00+00:00,short,EXECUTE,pullback_recovery,172759.0,2,2035.7,2023-05-05 14:45:00+00:00
2023-05-08 13:00:00+00:00,short,EXECUTE,pullback_recovery,172846.0,1,2022.9,2023-05-08 13:30:00+00:00
2023-05-09 07:00:00+00:00,short,EXECUTE,pullback_recovery,172914.0,1,2025.53,2023-05-09 07:30:00+00:00
2023-05-09 08:00:00+00:00,short,EXECUTE,pullback_recovery,172919.0,2,2026.5,2023-05-09 08:45:00+00:00
2023-05-09 09:00:00+00:00,short,EXECUTE,pullback_recovery,172923.0,2,2024.13,2023-05-09 09:45:00+00:00
2023-05-09 10:00:00+00:00,short,EXECUTE,pullback_recovery,172928.0,3,2024.6,2023-05-09 11:00:00+00:00
2023-05-09 11:00:00+00:00,short,EXECUTE,pullback_recovery,172932.0,3,2025.36,2023-05-09 12:00:00+00:00
2023-05-09 12:00:00+00:00,short,EXECUTE,pullback_recovery,172937.0,4,2028.27,2023-05-09 13:15:00+00:00
2023-05-09 13:00:00+00:00,short,EXECUTE,pullback_recovery,172944.0,7,2031.08,2023-05-09 15:00:00+00:00
2023-05-09 14:00:00+00:00,short,EXECUTE,pullback_recovery,172943.0,2,2031.89,2023-05-09 14:45:00+00:00
2023-05-09 15:00:00+00:00,short,EXECUTE,pullback_recovery,172947.0,2,2027.68,2023-05-09 15:45:00+00:00
2023-05-10 05:00:00+00:00,short,EXECUTE,pullback_recovery,173000.0,3,2031.2,2023-05-10 06:00:00+00:00
2023-05-10 06:00:00+00:00,short,EXECUTE,pullback_recovery,173002.0,1,2030.82,2023-05-10 06:30:00+00:00
2023-05-10 07:00:00+00:00,short,EXECUTE,pullback_recovery,173007.0,2,2030.67,2023-05-10 07:45:00+00:00
2023-05-10 08:00:00+00:00,short,EXECUTE,pullback_recovery,173010.0,1,2029.59,2023-05-10 08:30:00+00:00
2023-05-10 09:00:00+00:00,short,EXECUTE,pullback_recovery,173016.0,3,2031.87,2023-05-10 10:00:00+00:00
2023-05-10 10:00:00+00:00,short,EXECUTE,pullback_recovery,173020.0,3,2031.66,2023-05-10 11:00:00+00:00
2023-05-10 11:00:00+00:00,long,EXECUTE,pullback_recovery,173024.0,3,2028.39,2023-05-10 12:00:00+00:00
2023-05-10 12:00:00+00:00,long,EXECUTE,pullback_recovery,173027.0,2,2029.27,2023-05-10 12:45:00+00:00
2023-05-10 13:00:00+00:00,short,EXECUTE,pullback_recovery,173030.0,1,2031.38,2023-05-10 13:30:00+00:00
2023-05-10 14:00:00+00:00,short,EXECUTE,pullback_recovery,173036.0,3,2029.26,2023-05-10 15:00:00+00:00
2023-05-11 08:00:00+00:00,long,EXECUTE,pullback_recovery,173102.0,1,2031.83,2023-05-11 08:30:00+00:00
2023-05-11 09:00:00+00:00,long,EXECUTE,pullback_recovery,173109.0,4,2025.12,2023-05-11 10:15:00+00:00
2023-05-11 13:00:00+00:00,long,EXECUTE,pullback_recovery,173123.0,2,2028.43,2023-05-11 13:45:00+00:00
2023-05-15 13:00:00+00:00,long,EXECUTE,pullback_recovery,173308.0,3,2014.55,2023-05-15 14:00:00+00:00
2023-05-15 14:00:00+00:00,long,EXECUTE,pullback_recovery,173311.0,2,2012.87,2023-05-15 14:45:00+00:00
2023-05-16 03:00:00+00:00,short,EXECUTE,pullback_recovery,173365.0,8,2015.08,2023-05-16 05:15:00+00:00
2023-05-16 04:00:00+00:00,short,EXECUTE,pullback_recovery,173362.0,1,2017.53,2023-05-16 04:30:00+00:00
2023-05-16 05:00:00+00:00,short,EXECUTE,pullback_recovery,173367.0,2,2017.12,2023-05-16 05:45:00+00:00
2023-05-16 06:00:00+00:00,short,EXECUTE,pullback_recovery,173370.0,1,2016.61,2023-05-16 06:30:00+00:00
2023-05-16 07:00:00+00:00,short,EXECUTE,pullback_recovery,173375.0,2,2016.15,2023-05-16 07:45:00+00:00
2023-05-16 08:00:00+00:00,short,EXECUTE,pullback_recovery,173379.0,2,2014.26,2023-05-16 08:45:00+00:00
2023-05-16 09:00:00+00:00,short,EXECUTE,pullback_recovery,173382.0,1,2006.44,2023-05-16 09:30:00+00:00
2023-05-16 10:00:00+00:00,short,INVALIDATE,max_wait_exceeded,,16,,
2023-05-16 11:00:00+00:00,short,INVALIDATE,max_wait_exceeded,,16,,
2023-05-16 12:00:00+00:00,short,EXECUTE,pullback_recovery,173395.0,2,2009.5,2023-05-16 12:45:00+00:00
2023-05-16 13:00:00+00:00,short,EXECUTE,pullback_recovery,173398.0,1,2008.33,2023-05-16 13:30:00+00:00
2023-05-16 14:00:00+00:00,short,EXECUTE,pullback_recovery,173403.0,2,2006.29,2023-05-16 14:45:00+00:00
2023-05-16 15:00:00+00:00,short,EXECUTE,pullback_recovery,173408.0,3,2011.95,2023-05-16 16:00:00+00:00
2023-05-17 07:00:00+00:00,long,EXECUTE,pullback_recovery,173466.0,1,1992.02,2023-05-17 07:30:00+00:00
2023-05-17 08:00:00+00:00,long,EXECUTE,pullback_recovery,173473.0,4,1988.05,2023-05-17 09:15:00+00:00
2023-05-17 09:00:00+00:00,short,EXECUTE,pullback_recovery,173476.0,3,1988.69,2023-05-17 10:00:00+00:00
2023-05-17 10:00:00+00:00,short,EXECUTE,pullback_recovery,173479.0,2,1988.1,2023-05-17 10:45:00+00:00
2023-05-17 11:00:00+00:00,short,EXECUTE,pullback_recovery,173484.0,3,1986.1,2023-05-17 12:00:00+00:00
2023-05-17 12:00:00+00:00,short,EXECUTE,pullback_recovery,173487.0,2,1984.04,2023-05-17 12:45:00+00:00
2023-05-17 13:00:00+00:00,short,EXECUTE,pullback_recovery,173491.0,2,1987.96,2023-05-17 13:45:00+00:00
2023-05-17 14:00:00+00:00,short,EXECUTE,pullback_recovery,173494.0,1,1987.6,2023-05-17 14:30:00+00:00
2023-05-17 15:00:00+00:00,short,EXECUTE,pullback_recovery,173498.0,1,1985.13,2023-05-17 15:30:00+00:00
2023-05-18 08:00:00+00:00,short,EXECUTE,pullback_recovery,173563.0,2,1978.12,2023-05-18 08:45:00+00:00
2023-05-18 10:00:00+00:00,long,EXECUTE,pullback_recovery,173572.0,3,1974.45,2023-05-18 11:00:00+00:00
2023-05-18 11:00:00+00:00,long,EXECUTE,pullback_recovery,173574.0,1,1975.44,2023-05-18 11:30:00+00:00
2023-05-18 12:00:00+00:00,short,EXECUTE,pullback_recovery,173579.0,2,1976.81,2023-05-18 12:45:00+00:00
2023-05-18 13:00:00+00:00,short,EXECUTE,pullback_recovery,173582.0,1,1977.63,2023-05-18 13:30:00+00:00
2023-05-18 14:00:00+00:00,long,EXECUTE,pullback_recovery,173588.0,3,1974.09,2023-05-18 15:00:00+00:00
2023-05-18 15:00:00+00:00,short,INVALIDATE,adverse_move_limit,,0,,
2023-05-18 21:00:00+00:00,short,EXECUTE,pullback_recovery,173615.0,2,1955.69,2023-05-18 21:45:00+00:00
2023-05-19 01:00:00+00:00,short,EXECUTE,pullback_recovery,173628.0,3,1958.43,2023-05-19 02:00:00+00:00
2023-05-19 02:00:00+00:00,short,EXECUTE,pullback_recovery,173630.0,1,1958.38,2023-05-19 02:30:00+00:00
2023-05-19 03:00:00+00:00,short,EXECUTE,pullback_recovery,173636.0,3,1957.58,2023-05-19 04:00:00+00:00
2023-05-19 04:00:00+00:00,short,EXECUTE,pullback_recovery,173638.0,1,1957.05,2023-05-19 04:30:00+00:00
2023-05-19 05:00:00+00:00,short,EXECUTE,pullback_recovery,173644.0,3,1962.73,2023-05-19 06:00:00+00:00
2023-05-19 07:00:00+00:00,short,EXECUTE,pullback_recovery,173651.0,2,1962.52,2023-05-19 07:45:00+00:00
2023-05-19 08:00:00+00:00,long,EXECUTE,pullback_recovery,173655.0,2,1962.22,2023-05-19 08:45:00+00:00
2023-05-24 13:00:00+00:00,short,EXECUTE,pullback_recovery,173952.0,3,1976.7,2023-05-24 14:00:00+00:00
2023-05-25 13:00:00+00:00,long,EXECUTE,pullback_recovery,174042.0,1,1962.1,2023-05-25 13:30:00+00:00
2023-05-25 14:00:00+00:00,long,EXECUTE,pullback_recovery,174046.0,1,1961.27,2023-05-25 14:30:00+00:00
2023-05-29 08:00:00+00:00,short,EXECUTE,pullback_recovery,174210.0,5,1947.76,2023-05-29 09:30:00+00:00
2023-05-29 09:00:00+00:00,short,EXECUTE,pullback_recovery,174211.0,2,1946.71,2023-05-29 09:45:00+00:00
2023-05-29 10:00:00+00:00,short,EXECUTE,pullback_recovery,174214.0,1,1945.34,2023-05-29 10:30:00+00:00
2023-05-29 11:00:00+00:00,short,EXECUTE,pullback_recovery,174222.0,5,1945.03,2023-05-29 12:30:00+00:00
2023-05-29 12:00:00+00:00,short,EXECUTE,pullback_recovery,174224.0,3,1945.79,2023-05-29 13:00:00+00:00
2023-05-29 13:00:00+00:00,short,EXECUTE,pullback_recovery,174226.0,1,1944.37,2023-05-29 13:30:00+00:00
2023-05-29 14:00:00+00:00,short,EXECUTE,pullback_recovery,174230.0,1,1946.16,2023-05-29 14:30:00+00:00
2023-05-29 15:00:00+00:00,short,EXECUTE,pullback_recovery,174236.0,3,1948.8,2023-05-29 16:00:00+00:00
2023-05-29 16:00:00+00:00,short,EXECUTE,pullback_recovery,174239.0,2,1945.62,2023-05-29 16:45:00+00:00
2023-05-30 07:00:00+00:00,short,EXECUTE,pullback_recovery,174278.0,1,1938.57,2023-05-30 07:30:00+00:00
2023-05-30 08:00:00+00:00,short,EXECUTE,pullback_recovery,174282.0,1,1935.01,2023-05-30 08:30:00+00:00
2023-05-30 09:00:00+00:00,short,EXECUTE,pullback_recovery,174288.0,3,1937.26,2023-05-30 10:00:00+00:00
2023-05-30 10:00:00+00:00,short,EXECUTE,pullback_recovery,174293.0,4,1943.08,2023-05-30 11:15:00+00:00
2023-05-30 11:00:00+00:00,short,EXECUTE,pullback_recovery,174296.0,3,1944.92,2023-05-30 12:00:00+00:00
2023-05-30 12:00:00+00:00,short,EXECUTE,pullback_recovery,174302.0,5,1953.24,2023-05-30 13:30:00+00:00
2023-05-30 13:00:00+00:00,short,EXECUTE,pullback_recovery,174302.0,1,1953.24,2023-05-30 13:30:00+00:00
2023-05-30 14:00:00+00:00,short,EXECUTE,pullback_recovery,174308.0,3,1960.09,2023-05-30 15:00:00+00:00
2023-05-31 12:00:00+00:00,short,EXECUTE,pullback_recovery,174391.0,2,1957.69,2023-05-31 12:45:00+00:00
2023-05-31 13:00:00+00:00,short,EXECUTE,pullback_recovery,174396.0,3,1957.17,2023-05-31 14:00:00+00:00
2023-05-31 14:00:00+00:00,short,EXECUTE,pullback_recovery,174400.0,3,1960.28,2023-05-31 15:00:00+00:00
2023-06-01 08:00:00+00:00,long,EXECUTE,pullback_recovery,174471.0,6,1961.86,2023-06-01 09:45:00+00:00
2023-06-01 09:00:00+00:00,long,EXECUTE,pullback_recovery,174470.0,1,1961.56,2023-06-01 09:30:00+00:00
2023-06-01 13:00:00+00:00,short,EXECUTE,pullback_recovery,174488.0,3,1966.67,2023-06-01 14:00:00+00:00
2023-06-02 08:00:00+00:00,short,EXECUTE,pullback_recovery,174559.0,2,1980.98,2023-06-02 08:45:00+00:00
2023-06-02 09:00:00+00:00,short,EXECUTE,pullback_recovery,174562.0,1,1977.72,2023-06-02 09:30:00+00:00
2023-06-02 10:00:00+00:00,short,EXECUTE,pullback_recovery,174567.0,2,1976.98,2023-06-02 10:45:00+00:00
2023-06-02 11:00:00+00:00,short,EXECUTE,pullback_recovery,174572.0,3,1979.1,2023-06-02 12:00:00+00:00
2023-06-02 12:00:00+00:00,short,EXECUTE,pullback_recovery,174575.0,2,1980.68,2023-06-02 12:45:00+00:00
2023-06-02 13:00:00+00:00,short,EXECUTE,pullback_recovery,174578.0,1,1979.14,2023-06-02 13:30:00+00:00
2023-06-02 14:00:00+00:00,short,EXECUTE,pullback_recovery,174583.0,2,1979.42,2023-06-02 14:45:00+00:00
2023-06-02 15:00:00+00:00,short,INVALIDATE,adverse_move_limit,,0,,
2023-06-05 09:00:00+00:00,long,EXECUTE,pullback_recovery,174654.0,1,1942.85,2023-06-05 09:30:00+00:00
2023-06-06 09:00:00+00:00,long,EXECUTE,pullback_recovery,174748.0,3,1959.24,2023-06-06 10:00:00+00:00
2023-06-06 10:00:00+00:00,long,EXECUTE,pullback_recovery,174751.0,2,1957.91,2023-06-06 10:45:00+00:00
2023-06-06 12:00:00+00:00,short,EXECUTE,pullback_recovery,174759.0,2,1961.82,2023-06-06 12:45:00+00:00
2023-06-07 07:00:00+00:00,short,EXECUTE,pullback_recovery,174835.0,6,1964.41,2023-06-07 08:45:00+00:00
2023-06-07 08:00:00+00:00,long,EXECUTE,pullback_recovery,174834.0,1,1963.03,2023-06-07 08:30:00+00:00
2023-06-07 09:00:00+00:00,long,EXECUTE,pullback_recovery,174840.0,3,1957.47,2023-06-07 10:00:00+00:00
2023-06-07 10:00:00+00:00,long,EXECUTE,pullback_recovery,174842.0,1,1956.33,2023-06-07 10:30:00+00:00
2023-06-07 11:00:00+00:00,long,EXECUTE,pullback_recovery,174848.0,3,1961.7,2023-06-07 12:00:00+00:00
2023-06-07 14:00:00+00:00,long,EXECUTE,pullback_recovery,174860.0,3,1961.26,2023-06-07 15:00:00+00:00
2023-06-08 08:00:00+00:00,short,EXECUTE,pullback_recovery,174928.0,3,1945.95,2023-06-08 09:00:00+00:00
2023-06-08 10:00:00+00:00,short,EXECUTE,pullback_recovery,174936.0,3,1947.16,2023-06-08 11:00:00+00:00
2023-06-08 11:00:00+00:00,short,EXECUTE,pullback_recovery,174939.0,2,1948.34,2023-06-08 11:45:00+00:00
2023-06-08 12:00:00+00:00,short,EXECUTE,pullback_recovery,174942.0,1,1946.83,2023-06-08 12:30:00+00:00
2023-06-08 13:00:00+00:00,long,EXECUTE,pullback_recovery,174946.0,1,1946.29,2023-06-08 13:30:00+00:00
2023-06-08 14:00:00+00:00,long,EXECUTE,pullback_recovery,174951.0,2,1946.37,2023-06-08 14:45:00+00:00
2023-06-09 08:00:00+00:00,long,EXECUTE,pullback_recovery,175019.0,2,1964.34,2023-06-09 08:45:00+00:00
2023-06-09 09:00:00+00:00,long,EXECUTE,pullback_recovery,175022.0,1,1965.07,2023-06-09 09:30:00+00:00
2023-06-09 10:00:00+00:00,long,EXECUTE,pullback_recovery,175028.0,3,1963.14,2023-06-09 11:00:00+00:00
2023-06-09 11:00:00+00:00,long,EXECUTE,pullback_recovery,175030.0,1,1961.66,2023-06-09 11:30:00+00:00
2023-06-09 12:00:00+00:00,long,EXECUTE,pullback_recovery,175037.0,4,1962.47,2023-06-09 13:15:00+00:00
2023-06-09 13:00:00+00:00,long,EXECUTE,pullback_recovery,175038.0,1,1964.01,2023-06-09 13:30:00+00:00
2023-06-09 14:00:00+00:00,long,EXECUTE,pullback_recovery,175042.0,1,1966.27,2023-06-09 14:30:00+00:00
2023-06-12 10:00:00+00:00,long,EXECUTE,pullback_recovery,175118.0,1,1960.08,2023-06-12 10:30:00+00:00
2023-06-12 11:00:00+00:00,long,EXECUTE,pullback_recovery,175122.0,1,1964.17,2023-06-12 11:30:00+00:00
2023-06-12 12:00:00+00:00,long,EXECUTE,pullback_recovery,175126.0,1,1964.96,2023-06-12 12:30:00+00:00
2023-06-12 13:00:00+00:00,long,EXECUTE,pullback_recovery,175133.0,4,1964.51,2023-06-12 14:15:00+00:00
2023-06-12 14:00:00+00:00,long,EXECUTE,pullback_recovery,175134.0,1,1963.33,2023-06-12 14:30:00+00:00
2023-06-13 08:00:00+00:00,short,EXECUTE,pullback_recovery,175204.0,3,1958.47,2023-06-13 09:00:00+00:00
2023-06-13 09:00:00+00:00,short,EXECUTE,pullback_recovery,175208.0,3,1962.5,2023-06-13 10:00:00+00:00
2023-06-13 10:00:00+00:00,short,EXECUTE,pullback_recovery,175211.0,2,1962.83,2023-06-13 10:45:00+00:00
2023-06-13 11:00:00+00:00,short,EXECUTE,pullback_recovery,175216.0,3,1964.22,2023-06-13 12:00:00+00:00
2023-06-13 13:00:00+00:00,short,EXECUTE,pullback_recovery,175225.0,4,1965.23,2023-06-13 14:15:00+00:00
2023-06-15 12:00:00+00:00,short,EXECUTE,pullback_recovery,175405.0,4,1935.01,2023-06-15 13:15:00+00:00
2023-06-15 13:00:00+00:00,short,EXECUTE,pullback_recovery,175406.0,1,1933.63,2023-06-15 13:30:00+00:00
2023-06-15 14:00:00+00:00,short,EXECUTE,pullback_recovery,175411.0,2,1929.27,2023-06-15 14:45:00+00:00
2023-06-16 14:00:00+00:00,short,EXECUTE,pullback_recovery,175503.0,2,1965.21,2023-06-16 14:45:00+00:00
2023-06-19 07:00:00+00:00,long,EXECUTE,pullback_recovery,175566.0,1,1956.03,2023-06-19 07:30:00+00:00
2023-06-20 08:00:00+00:00,long,EXECUTE,pullback_recovery,175648.0,2,1948.97,2023-06-20 08:45:00+00:00
2023-06-20 09:00:00+00:00,long,EXECUTE,pullback_recovery,175651.0,1,1951.32,2023-06-20 09:30:00+00:00
2023-06-20 10:00:00+00:00,short,EXECUTE,pullback_recovery,175656.0,2,1955.03,2023-06-20 10:45:00+00:00
2023-06-20 11:00:00+00:00,long,EXECUTE,pullback_recovery,175660.0,2,1953.24,2023-06-20 11:45:00+00:00
2023-06-20 12:00:00+00:00,long,EXECUTE,pullback_recovery,175663.0,1,1953.47,2023-06-20 12:30:00+00:00
2023-06-20 13:00:00+00:00,long,EXECUTE,pullback_recovery,175668.0,2,1951.55,2023-06-20 13:45:00+00:00
2023-06-20 14:00:00+00:00,long,EXECUTE,pullback_recovery,175673.0,3,1951.34,2023-06-20 15:00:00+00:00
2023-06-21 08:00:00+00:00,long,EXECUTE,pullback_recovery,175739.0,1,1935.54,2023-06-21 08:30:00+00:00
2023-06-21 11:00:00+00:00,long,EXECUTE,pullback_recovery,175751.0,1,1935.07,2023-06-21 11:30:00+00:00
2023-06-21 14:00:00+00:00,long,EXECUTE,pullback_recovery,175764.0,2,1934.53,2023-06-21 14:45:00+00:00
2023-06-21 15:00:00+00:00,short,EXECUTE,pullback_recovery,175767.0,1,1929.71,2023-06-21 15:30:00+00:00
2023-06-22 07:00:00+00:00,long,EXECUTE,pullback_recovery,175830.0,4,1928.96,2023-06-22 08:15:00+00:00
2023-06-22 08:00:00+00:00,long,EXECUTE,pullback_recovery,175831.0,1,1929.43,2023-06-22 08:30:00+00:00
2023-06-22 09:00:00+00:00,long,EXECUTE,pullback_recovery,175837.0,3,1927.99,2023-06-22 10:00:00+00:00
2023-06-22 10:00:00+00:00,long,EXECUTE,pullback_recovery,175839.0,1,1929.15,2023-06-22 10:30:00+00:00
2023-06-22 11:00:00+00:00,short,EXECUTE,pullback_recovery,175843.0,1,1928.09,2023-06-22 11:30:00+00:00
2023-06-22 12:00:00+00:00,short,EXECUTE,pullback_recovery,175848.0,2,1928.68,2023-06-22 12:45:00+00:00
2023-06-22 13:00:00+00:00,short,EXECUTE,pullback_recovery,175854.0,4,1928.73,2023-06-22 14:15:00+00:00
2023-06-22 14:00:00+00:00,short,EXECUTE,pullback_recovery,175855.0,1,1927.51,2023-06-22 14:30:00+00:00
2023-06-22 15:00:00+00:00,short,INVALIDATE,adverse_move_limit,,1,,
2023-06-23 07:00:00+00:00,short,EXECUTE,pullback_recovery,175921.0,3,1916.42,2023-06-23 08:00:00+00:00
2023-06-23 08:00:00+00:00,short,EXECUTE,pullback_recovery,175923.0,1,1916.18,2023-06-23 08:30:00+00:00
2023-06-23 09:00:00+00:00,short,EXECUTE,pullback_recovery,175928.0,2,1914.1,2023-06-23 09:45:00+00:00
2023-06-23 10:00:00+00:00,short,EXECUTE,pullback_recovery,175932.0,2,1917.3,2023-06-23 10:45:00+00:00
2023-06-23 11:00:00+00:00,short,EXECUTE,pullback_recovery,175937.0,3,1917.65,2023-06-23 12:00:00+00:00
2023-06-23 12:00:00+00:00,short,EXECUTE,pullback_recovery,175940.0,2,1918.56,2023-06-23 12:45:00+00:00
2023-06-23 13:00:00+00:00,short,EXECUTE,pullback_recovery,175943.0,1,1917.2,2023-06-23 13:30:00+00:00
2023-06-23 14:00:00+00:00,short,EXECUTE,pullback_recovery,175948.0,2,1919.45,2023-06-23 14:45:00+00:00
2023-06-26 07:00:00+00:00,short,EXECUTE,pullback_recovery,176013.0,3,1924.94,2023-06-26 08:00:00+00:00
2023-06-26 08:00:00+00:00,short,EXECUTE,pullback_recovery,176017.0,3,1926.7,2023-06-26 09:00:00+00:00
2023-06-26 09:00:00+00:00,short,EXECUTE,pullback_recovery,176019.0,1,1923.81,2023-06-26 09:30:00+00:00
2023-06-26 14:00:00+00:00,short,EXECUTE,pullback_recovery,176039.0,1,1931.39,2023-06-26 14:30:00+00:00
2023-06-27 07:00:00+00:00,long,EXECUTE,pullback_recovery,176107.0,5,1928.5,2023-06-27 08:30:00+00:00
2023-06-27 10:00:00+00:00,long,EXECUTE,pullback_recovery,176116.0,2,1928.14,2023-06-27 10:45:00+00:00
2023-06-27 11:00:00+00:00,long,EXECUTE,pullback_recovery,176121.0,3,1925.46,2023-06-27 12:00:00+00:00
2023-06-27 12:00:00+00:00,long,EXECUTE,pullback_recovery,176124.0,2,1924.36,2023-06-27 12:45:00+00:00
2023-06-27 13:00:00+00:00,long,EXECUTE,pullback_recovery,176127.0,1,1924.08,2023-06-27 13:30:00+00:00
2023-06-27 14:00:00+00:00,long,EXECUTE,pullback_recovery,176132.0,2,1921.88,2023-06-27 14:45:00+00:00
2023-06-28 08:00:00+00:00,short,EXECUTE,pullback_recovery,176200.0,2,1915.48,2023-06-28 08:45:00+00:00
2023-06-28 15:00:00+00:00,long,EXECUTE,pullback_recovery,176227.0,1,1906.67,2023-06-28 15:30:00+00:00
2023-06-29 08:00:00+00:00,short,EXECUTE,pullback_recovery,176292.0,2,1903.88,2023-06-29 08:45:00+00:00
2023-06-29 09:00:00+00:00,long,EXECUTE,pullback_recovery,176296.0,2,1904.08,2023-06-29 09:45:00+00:00
2023-06-29 10:00:00+00:00,long,EXECUTE,pullback_recovery,176300.0,2,1905.39,2023-06-29 10:45:00+00:00
2023-06-29 11:00:00+00:00,long,EXECUTE,pullback_recovery,176303.0,1,1906.13,2023-06-29 11:30:00+00:00
2023-06-29 12:00:00+00:00,long,EXECUTE,pullback_recovery,176307.0,1,1905.67,2023-06-29 12:30:00+00:00
2023-06-29 14:00:00+00:00,long,EXECUTE,pullback_recovery,176315.0,1,1910.08,2023-06-29 14:30:00+00:00
2023-06-30 07:00:00+00:00,short,EXECUTE,pullback_recovery,176379.0,1,1907.61,2023-06-30 07:30:00+00:00
2023-06-30 08:00:00+00:00,short,EXECUTE,pullback_recovery,176385.0,3,1906.88,2023-06-30 09:00:00+00:00
2023-06-30 09:00:00+00:00,short,EXECUTE,pullback_recovery,176388.0,2,1906.75,2023-06-30 09:45:00+00:00
2023-06-30 10:00:00+00:00,short,EXECUTE,pullback_recovery,176392.0,2,1905.59,2023-06-30 10:45:00+00:00
2023-06-30 11:00:00+00:00,short,EXECUTE,pullback_recovery,176395.0,1,1902.3,2023-06-30 11:30:00+00:00
2023-06-30 12:00:00+00:00,short,EXECUTE,pullback_recovery,176401.0,3,1905.11,2023-06-30 13:00:00+00:00
2023-06-30 13:00:00+00:00,short,EXECUTE,pullback_recovery,176406.0,4,1906.3,2023-06-30 14:15:00+00:00
2023-06-30 14:00:00+00:00,short,EXECUTE,pullback_recovery,176407.0,1,1905.9,2023-06-30 14:30:00+00:00
2023-06-30 15:00:00+00:00,short,EXECUTE,pullback_recovery,176413.0,3,1910.98,2023-06-30 16:00:00+00:00
2023-07-03 10:00:00+00:00,short,EXECUTE,pullback_recovery,176484.0,2,1913.03,2023-07-03 10:45:00+00:00
2023-07-03 11:00:00+00:00,short,EXECUTE,pullback_recovery,176489.0,3,1911.93,2023-07-03 12:00:00+00:00
2023-07-03 14:00:00+00:00,long,EXECUTE,pullback_recovery,176499.0,1,1912.5,2023-07-03 14:30:00+00:00
2023-07-04 07:00:00+00:00,short,EXECUTE,pullback_recovery,176565.0,3,1924.14,2023-07-04 08:00:00+00:00
2023-07-04 08:00:00+00:00,long,EXECUTE,pullback_recovery,176567.0,1,1923.69,2023-07-04 08:30:00+00:00
2023-07-04 09:00:00+00:00,long,EXECUTE,pullback_recovery,176573.0,3,1927.42,2023-07-04 10:00:00+00:00
2023-07-04 10:00:00+00:00,long,EXECUTE,pullback_recovery,176577.0,3,1927.99,2023-07-04 11:00:00+00:00
2023-07-04 11:00:00+00:00,long,EXECUTE,pullback_recovery,176580.0,2,1927.34,2023-07-04 11:45:00+00:00
2023-07-04 12:00:00+00:00,short,EXECUTE,pullback_recovery,176583.0,1,1929.64,2023-07-04 12:30:00+00:00
2023-07-04 13:00:00+00:00,short,EXECUTE,pullback_recovery,176587.0,1,1929.18,2023-07-04 13:30:00+00:00
2023-07-04 14:00:00+00:00,short,EXECUTE,pullback_recovery,176591.0,1,1928.73,2023-07-04 14:30:00+00:00
2023-07-05 02:00:00+00:00,short,EXECUTE,pullback_recovery,176627.0,4,1925.84,2023-07-05 03:15:00+00:00
2023-07-05 03:00:00+00:00,short,EXECUTE,pullback_recovery,176629.0,2,1926.67,2023-07-05 03:45:00+00:00
2023-07-05 04:00:00+00:00,short,EXECUTE,pullback_recovery,176633.0,2,1925.24,2023-07-05 04:45:00+00:00
2023-07-05 05:00:00+00:00,short,EXECUTE,pullback_recovery,176640.0,5,1924.38,2023-07-05 06:30:00+00:00
2023-07-05 06:00:00+00:00,short,EXECUTE,pullback_recovery,176640.0,1,1924.38,2023-07-05 06:30:00+00:00
2023-07-05 07:00:00+00:00,short,EXECUTE,pullback_recovery,176646.0,3,1925.5,2023-07-05 08:00:00+00:00
2023-07-05 08:00:00+00:00,short,EXECUTE,pullback_recovery,176649.0,2,1925.26,2023-07-05 08:45:00+00:00
2023-07-05 09:00:00+00:00,short,EXECUTE,pullback_recovery,176652.0,1,1922.38,2023-07-05 09:30:00+00:00
2023-07-05 10:00:00+00:00,long,INVALIDATE,adverse_move_limit,,0,,
2023-07-05 11:00:00+00:00,long,EXECUTE,pullback_recovery,176660.0,1,1926.23,2023-07-05 11:30:00+00:00
2023-07-05 12:00:00+00:00,long,EXECUTE,pullback_recovery,176664.0,1,1928.63,2023-07-05 12:30:00+00:00
2023-07-05 13:00:00+00:00,long,EXECUTE,pullback_recovery,176670.0,3,1927.29,2023-07-05 14:00:00+00:00
2023-07-05 14:00:00+00:00,short,EXECUTE,pullback_recovery,176672.0,1,1926.66,2023-07-05 14:30:00+00:00
2023-07-05 15:00:00+00:00,short,EXECUTE,pullback_recovery,176678.0,3,1929.28,2023-07-05 16:00:00+00:00
2023-07-06 08:00:00+00:00,long,EXECUTE,pullback_recovery,176740.0,1,1919.78,2023-07-06 08:30:00+00:00
2023-07-06 09:00:00+00:00,long,EXECUTE,pullback_recovery,176744.0,1,1921.01,2023-07-06 09:30:00+00:00
2023-07-06 10:00:00+00:00,long,EXECUTE,pullback_recovery,176752.0,5,1917.96,2023-07-06 11:30:00+00:00
2023-07-06 11:00:00+00:00,long,EXECUTE,pullback_recovery,176752.0,1,1917.96,2023-07-06 11:30:00+00:00
2023-07-06 12:00:00+00:00,long,EXECUTE,pullback_recovery,176758.0,3,1917.27,2023-07-06 13:00:00+00:00
2023-07-06 13:00:00+00:00,long,INVALIDATE,adverse_move_limit,,0,,
2023-07-06 14:00:00+00:00,long,EXECUTE,pullback_recovery,176765.0,2,1927.03,2023-07-06 14:45:00+00:00
2023-07-07 11:00:00+00:00,long,EXECUTE,pullback_recovery,176846.0,3,1915.59,2023-07-07 12:00:00+00:00
2023-07-07 12:00:00+00:00,long,EXECUTE,pullback_recovery,176849.0,2,1915.96,2023-07-07 12:45:00+00:00
2023-07-07 13:00:00+00:00,long,EXECUTE,pullback_recovery,176852.0,1,1916.03,2023-07-07 13:30:00+00:00
2023-07-07 14:00:00+00:00,long,EXECUTE,pullback_recovery,176856.0,1,1917.68,2023-07-07 14:30:00+00:00
2023-07-11 08:00:00+00:00,long,EXECUTE,pullback_recovery,177018.0,3,1928.88,2023-07-11 09:00:00+00:00
2023-07-12 08:00:00+00:00,long,EXECUTE,pullback_recovery,177109.0,2,1938.28,2023-07-12 08:45:00+00:00
2023-07-12 09:00:00+00:00,long,EXECUTE,pullback_recovery,177114.0,3,1934.78,2023-07-12 10:00:00+00:00
2023-07-12 10:00:00+00:00,short,EXECUTE,pullback_recovery,177117.0,2,1934.4,2023-07-12 10:45:00+00:00
2023-07-12 11:00:00+00:00,short,EXECUTE,pullback_recovery,177120.0,1,1935.01,2023-07-12 11:30:00+00:00
2023-07-12 12:00:00+00:00,short,EXECUTE,pullback_recovery,177124.0,1,1935.62,2023-07-12 12:30:00+00:00
2023-07-12 13:00:00+00:00,short,EXECUTE,pullback_recovery,177128.0,1,1934.29,2023-07-12 13:30:00+00:00
2023-07-12 14:00:00+00:00,long,EXECUTE,pullback_recovery,177132.0,1,1934.09,2023-07-12 14:30:00+00:00
2023-07-13 08:00:00+00:00,short,EXECUTE,pullback_recovery,177202.0,3,1955.38,2023-07-13 09:00:00+00:00
2023-07-13 12:00:00+00:00,short,EXECUTE,pullback_recovery,177216.0,1,1959.94,2023-07-13 12:30:00+00:00
2023-07-13 13:00:00+00:00,short,EXECUTE,pullback_recovery,177228.0,9,1958.85,2023-07-13 15:30:00+00:00
2023-07-14 07:00:00+00:00,short,EXECUTE,pullback_recovery,177290.0,3,1960.36,2023-07-14 08:00:00+00:00
2023-07-14 08:00:00+00:00,short,EXECUTE,pullback_recovery,177293.0,2,1958.95,2023-07-14 08:45:00+00:00
2023-07-14 09:00:00+00:00,short,EXECUTE,pullback_recovery,177296.0,1,1957.49,2023-07-14 09:30:00+00:00
2023-07-14 10:00:00+00:00,short,EXECUTE,pullback_recovery,177302.0,3,1956.8,2023-07-14 11:00:00+00:00
2023-07-14 11:00:00+00:00,short,EXECUTE,pullback_recovery,177305.0,2,1956.67,2023-07-14 11:45:00+00:00
2023-07-14 12:00:00+00:00,short,EXECUTE,pullback_recovery,177309.0,2,1956.55,2023-07-14 12:45:00+00:00
2023-07-14 13:00:00+00:00,long,EXECUTE,pullback_recovery,177314.0,3,1956.15,2023-07-14 14:00:00+00:00
2023-07-14 14:00:00+00:00,long,EXECUTE,pullback_recovery,177316.0,1,1959.58,2023-07-14 14:30:00+00:00
2023-07-14 15:00:00+00:00,long,EXECUTE,pullback_recovery,177321.0,2,1957.8,2023-07-14 15:45:00+00:00
2023-07-17 03:00:00+00:00,short,EXECUTE,pullback_recovery,177367.0,4,1953.73,2023-07-17 04:15:00+00:00
2023-07-17 04:00:00+00:00,short,EXECUTE,pullback_recovery,177369.0,2,1953.09,2023-07-17 04:45:00+00:00
2023-07-17 05:00:00+00:00,short,EXECUTE,pullback_recovery,177374.0,3,1953.53,2023-07-17 06:00:00+00:00
2023-07-17 06:00:00+00:00,short,EXECUTE,pullback_recovery,177376.0,1,1951.74,2023-07-17 06:30:00+00:00
2023-07-17 07:00:00+00:00,short,EXECUTE,pullback_recovery,177386.0,7,1953.96,2023-07-17 09:00:00+00:00
2023-07-17 09:00:00+00:00,short,EXECUTE,pullback_recovery,177389.0,2,1953.91,2023-07-17 09:45:00+00:00
2023-07-17 14:00:00+00:00,long,EXECUTE,pullback_recovery,177409.0,2,1957.56,2023-07-17 14:45:00+00:00
2023-07-18 08:00:00+00:00,long,EXECUTE,pullback_recovery,177478.0,3,1959.18,2023-07-18 09:00:00+00:00
2023-07-18 09:00:00+00:00,long,EXECUTE,pullback_recovery,177480.0,1,1959.78,2023-07-18 09:30:00+00:00
2023-07-18 10:00:00+00:00,long,EXECUTE,pullback_recovery,177485.0,2,1961.38,2023-07-18 10:45:00+00:00
2023-07-18 11:00:00+00:00,long,EXECUTE,pullback_recovery,177489.0,2,1961.64,2023-07-18 11:45:00+00:00
2023-07-18 12:00:00+00:00,long,EXECUTE,pullback_recovery,177493.0,2,1962.6,2023-07-18 12:45:00+00:00
2023-07-18 13:00:00+00:00,long,EXECUTE,pullback_recovery,177496.0,1,1963.48,2023-07-18 13:30:00+00:00
2023-07-20 08:00:00+00:00,long,EXECUTE,pullback_recovery,177662.0,3,1980.63,2023-07-20 09:00:00+00:00
2023-07-20 09:00:00+00:00,long,EXECUTE,pullback_recovery,177664.0,1,1981.51,2023-07-20 09:30:00+00:00
2023-07-20 10:00:00+00:00,short,EXECUTE,pullback_recovery,177668.0,1,1980.63,2023-07-20 10:30:00+00:00
2023-07-20 11:00:00+00:00,short,EXECUTE,pullback_recovery,177674.0,3,1981.57,2023-07-20 12:00:00+00:00
2023-07-20 12:00:00+00:00,short,EXECUTE,pullback_recovery,177677.0,2,1981.27,2023-07-20 12:45:00+00:00
2023-07-20 13:00:00+00:00,short,EXECUTE,pullback_recovery,177682.0,3,1980.51,2023-07-20 14:00:00+00:00
2023-07-20 14:00:00+00:00,short,EXECUTE,pullback_recovery,177684.0,1,1981.39,2023-07-20 14:30:00+00:00
2023-07-20 15:00:00+00:00,short,INVALIDATE,adverse_move_limit,,0,,
2023-07-21 07:00:00+00:00,long,EXECUTE,pullback_recovery,177750.0,3,1969.93,2023-07-21 08:00:00+00:00
2023-07-21 08:00:00+00:00,long,EXECUTE,pullback_recovery,177753.0,2,1969.07,2023-07-21 08:45:00+00:00
2023-07-21 09:00:00+00:00,long,EXECUTE,pullback_recovery,177758.0,3,1970.66,2023-07-21 10:00:00+00:00
2023-07-21 10:00:00+00:00,long,EXECUTE,pullback_recovery,177763.0,4,1963.61,2023-07-21 11:15:00+00:00
2023-07-21 11:00:00+00:00,long,EXECUTE,pullback_recovery,177766.0,3,1961.43,2023-07-21 12:00:00+00:00
2023-07-24 07:00:00+00:00,short,EXECUTE,pullback_recovery,177844.0,5,1960.96,2023-07-24 08:30:00+00:00
2023-07-24 08:00:00+00:00,short,EXECUTE,pullback_recovery,177844.0,1,1960.96,2023-07-24 08:30:00+00:00
2023-07-24 09:00:00+00:00,short,EXECUTE,pullback_recovery,177850.0,3,1961.73,2023-07-24 10:00:00+00:00
2023-07-24 10:00:00+00:00,long,EXECUTE,pullback_recovery,177853.0,2,1964.65,2023-07-24 10:45:00+00:00
2023-07-24 11:00:00+00:00,long,INVALIDATE,max_wait_exceeded,,16,,
2023-07-25 08:00:00+00:00,long,EXECUTE,pullback_recovery,177937.0,2,1962.54,2023-07-25 08:45:00+00:00
2023-07-25 09:00:00+00:00,long,EXECUTE,pullback_recovery,177940.0,1,1962.66,2023-07-25 09:30:00+00:00
2023-07-25 10:00:00+00:00,long,EXECUTE,pullback_recovery,177944.0,1,1961.29,2023-07-25 10:30:00+00:00
2023-07-25 11:00:00+00:00,long,EXECUTE,pullback_recovery,177948.0,1,1962.17,2023-07-25 11:30:00+00:00
2023-07-25 12:00:00+00:00,long,EXECUTE,pullback_recovery,177954.0,3,1962.18,2023-07-25 13:00:00+00:00
2023-07-25 13:00:00+00:00,long,INVALIDATE,adverse_move_limit,,4,,
2023-07-25 14:00:00+00:00,short,EXECUTE,pullback_recovery,177963.0,4,1960.55,2023-07-25 15:15:00+00:00
2023-07-26 07:00:00+00:00,long,EXECUTE,pullback_recovery,178027.0,4,1962.89,2023-07-26 08:15:00+00:00
2023-07-26 08:00:00+00:00,long,EXECUTE,pullback_recovery,178029.0,2,1964.03,2023-07-26 08:45:00+00:00
2023-07-26 09:00:00+00:00,long,EXECUTE,pullback_recovery,178032.0,1,1969.83,2023-07-26 09:30:00+00:00
2023-07-26 10:00:00+00:00,long,EXECUTE,pullback_recovery,178037.0,2,1969.37,2023-07-26 10:45:00+00:00
2023-07-26 11:00:00+00:00,long,EXECUTE,pullback_recovery,178040.0,1,1971.47,2023-07-26 11:30:00+00:00
2023-07-26 12:00:00+00:00,long,EXECUTE,pullback_recovery,178045.0,2,1971.39,2023-07-26 12:45:00+00:00
2023-07-26 13:00:00+00:00,long,EXECUTE,pullback_recovery,178050.0,3,1971.71,2023-07-26 14:00:00+00:00
2023-07-26 14:00:00+00:00,long,EXECUTE,pullback_recovery,178052.0,1,1973.0,2023-07-26 14:30:00+00:00
2023-07-31 08:00:00+00:00,long,EXECUTE,pullback_recovery,178306.0,3,1955.03,2023-07-31 09:00:00+00:00
2023-08-01 10:00:00+00:00,long,EXECUTE,pullback_recovery,178404.0,1,1956.25,2023-08-01 10:30:00+00:00
2023-08-01 11:00:00+00:00,long,EXECUTE,pullback_recovery,178408.0,1,1955.8,2023-08-01 11:30:00+00:00
2023-08-01 12:00:00+00:00,long,EXECUTE,pullback_recovery,178412.0,1,1956.63,2023-08-01 12:30:00+00:00
2023-08-01 13:00:00+00:00,long,EXECUTE,pullback_recovery,178418.0,3,1956.29,2023-08-01 14:00:00+00:00
2023-08-01 14:00:00+00:00,long,EXECUTE,pullback_recovery,178420.0,1,1955.88,2023-08-01 14:30:00+00:00
2023-08-03 08:00:00+00:00,long,EXECUTE,pullback_recovery,178580.0,1,1934.55,2023-08-03 08:30:00+00:00
2023-08-03 09:00:00+00:00,long,EXECUTE,pullback_recovery,178584.0,1,1934.05,2023-08-03 09:30:00+00:00
2023-08-04 07:00:00+00:00,short,EXECUTE,pullback_recovery,178668.0,1,1933.56,2023-08-04 07:30:00+00:00
2023-08-04 08:00:00+00:00,short,EXECUTE,pullback_recovery,178674.0,3,1936.09,2023-08-04 09:00:00+00:00
2023-08-04 09:00:00+00:00,short,EXECUTE,pullback_recovery,178676.0,1,1933.68,2023-08-04 09:30:00+00:00
2023-08-04 10:00:00+00:00,short,EXECUTE,pullback_recovery,178680.0,1,1932.73,2023-08-04 10:30:00+00:00
2023-08-04 11:00:00+00:00,short,EXECUTE,pullback_recovery,178685.0,2,1933.04,2023-08-04 11:45:00+00:00
2023-08-04 12:00:00+00:00,short,EXECUTE,pullback_recovery,178689.0,2,1933.75,2023-08-04 12:45:00+00:00
2023-08-04 13:00:00+00:00,short,EXECUTE,pullback_recovery,178694.0,3,1932.77,2023-08-04 14:00:00+00:00
2023-08-04 14:00:00+00:00,short,EXECUTE,pullback_recovery,178697.0,2,1932.28,2023-08-04 14:45:00+00:00
2023-08-07 08:00:00+00:00,long,EXECUTE,pullback_recovery,178766.0,3,1936.55,2023-08-07 09:00:00+00:00
2023-08-07 10:00:00+00:00,long,EXECUTE,pullback_recovery,178772.0,1,1936.67,2023-08-07 10:30:00+00:00
2023-08-07 11:00:00+00:00,long,EXECUTE,pullback_recovery,178777.0,2,1936.17,2023-08-07 11:45:00+00:00
2023-08-07 12:00:00+00:00,long,EXECUTE,pullback_recovery,178784.0,5,1934.53,2023-08-07 13:30:00+00:00
2023-08-07 13:00:00+00:00,long,EXECUTE,pullback_recovery,178786.0,3,1935.28,2023-08-07 14:00:00+00:00
2023-08-07 14:00:00+00:00,long,EXECUTE,pullback_recovery,178789.0,2,1936.27,2023-08-07 14:45:00+00:00
2023-08-08 08:00:00+00:00,long,EXECUTE,pullback_recovery,178857.0,2,1933.74,2023-08-08 08:45:00+00:00
2023-08-08 09:00:00+00:00,long,EXECUTE,pullback_recovery,178862.0,3,1933.12,2023-08-08 10:00:00+00:00
2023-08-08 10:00:00+00:00,long,EXECUTE,pullback_recovery,178866.0,3,1930.58,2023-08-08 11:00:00+00:00
2023-08-08 11:00:00+00:00,long,EXECUTE,pullback_recovery,178870.0,3,1935.04,2023-08-08 12:00:00+00:00
2023-08-08 12:00:00+00:00,long,EXECUTE,pullback_recovery,178874.0,3,1934.95,2023-08-08 13:00:00+00:00
2023-08-08 13:00:00+00:00,long,EXECUTE,pullback_recovery,178878.0,3,1930.73,2023-08-08 14:00:00+00:00
2023-08-09 08:00:00+00:00,long,EXECUTE,pullback_recovery,178949.0,2,1931.09,2023-08-09 08:45:00+00:00
2023-08-09 09:00:00+00:00,long,EXECUTE,pullback_recovery,178952.0,1,1929.73,2023-08-09 09:30:00+00:00
2023-08-09 10:00:00+00:00,long,EXECUTE,pullback_recovery,178958.0,3,1930.52,2023-08-09 11:00:00+00:00
2023-08-09 11:00:00+00:00,long,EXECUTE,pullback_recovery,178962.0,3,1928.01,2023-08-09 12:00:00+00:00
2023-08-09 12:00:00+00:00,long,EXECUTE,pullback_recovery,178966.0,3,1926.2,2023-08-09 13:00:00+00:00
2023-08-09 13:00:00+00:00,short,EXECUTE,pullback_recovery,178970.0,3,1925.12,2023-08-09 14:00:00+00:00
2023-08-09 14:00:00+00:00,short,EXECUTE,pullback_recovery,178972.0,1,1924.65,2023-08-09 14:30:00+00:00
2023-08-09 15:00:00+00:00,short,EXECUTE,pullback_recovery,178977.0,2,1924.05,2023-08-09 15:45:00+00:00
2023-08-10 03:00:00+00:00,long,EXECUTE,pullback_recovery,179022.0,3,1917.0,2023-08-10 04:00:00+00:00
2023-08-10 04:00:00+00:00,long,EXECUTE,pullback_recovery,179024.0,1,1917.23,2023-08-10 04:30:00+00:00
2023-08-10 05:00:00+00:00,long,EXECUTE,pullback_recovery,179037.0,10,1917.4,2023-08-10 07:45:00+00:00
2023-08-10 06:00:00+00:00,long,EXECUTE,pullback_recovery,179034.0,3,1918.66,2023-08-10 07:00:00+00:00
2023-08-10 07:00:00+00:00,short,EXECUTE,pullback_recovery,179037.0,2,1917.4,2023-08-10 07:45:00+00:00
2023-08-10 08:00:00+00:00,short,EXECUTE,pullback_recovery,179042.0,3,1918.51,2023-08-10 09:00:00+00:00
2023-08-10 09:00:00+00:00,short,EXECUTE,pullback_recovery,179045.0,2,1918.01,2023-08-10 09:45:00+00:00
2023-08-10 10:00:00+00:00,short,EXECUTE,pullback_recovery,179048.0,1,1919.89,2023-08-10 10:30:00+00:00
2023-08-10 11:00:00+00:00,short,EXECUTE,pullback_recovery,179053.0,2,1919.94,2023-08-10 11:45:00+00:00
2023-08-10 12:00:00+00:00,short,EXECUTE,pullback_recovery,179058.0,3,1920.89,2023-08-10 13:00:00+00:00
2023-08-10 13:00:00+00:00,short,EXECUTE,pullback_recovery,179062.0,3,1921.76,2023-08-10 14:00:00+00:00
2023-08-10 14:00:00+00:00,short,EXECUTE,pullback_recovery,179064.0,1,1921.55,2023-08-10 14:30:00+00:00
2023-08-11 07:00:00+00:00,short,EXECUTE,pullback_recovery,179128.0,1,1913.6,2023-08-11 07:30:00+00:00
2023-08-11 08:00:00+00:00,short,EXECUTE,pullback_recovery,179134.0,3,1915.56,2023-08-11 09:00:00+00:00
2023-08-11 09:00:00+00:00,short,EXECUTE,pullback_recovery,179138.0,3,1916.2,2023-08-11 10:00:00+00:00
2023-08-11 10:00:00+00:00,short,EXECUTE,pullback_recovery,179147.0,8,1918.56,2023-08-11 12:15:00+00:00
2023-08-11 11:00:00+00:00,short,EXECUTE,pullback_recovery,179146.0,3,1918.99,2023-08-11 12:00:00+00:00
2023-08-11 12:00:00+00:00,short,EXECUTE,pullback_recovery,179148.0,1,1917.46,2023-08-11 12:30:00+00:00
2023-08-11 13:00:00+00:00,short,EXECUTE,pullback_recovery,179154.0,3,1917.92,2023-08-11 14:00:00+00:00
2023-08-11 14:00:00+00:00,short,EXECUTE,pullback_recovery,179161.0,6,1915.24,2023-08-11 15:45:00+00:00
2023-08-11 15:00:00+00:00,short,INVALIDATE,adverse_move_limit,,0,,
2023-08-14 08:00:00+00:00,short,EXECUTE,pullback_recovery,179225.0,2,1913.34,2023-08-14 08:45:00+00:00
2023-08-14 09:00:00+00:00,short,EXECUTE,pullback_recovery,179229.0,2,1912.64,2023-08-14 09:45:00+00:00
2023-08-14 12:00:00+00:00,short,EXECUTE,pullback_recovery,179240.0,1,1913.41,2023-08-14 12:30:00+00:00
2023-08-14 13:00:00+00:00,short,EXECUTE,pullback_recovery,179245.0,2,1914.13,2023-08-14 13:45:00+00:00
2023-08-14 14:00:00+00:00,short,EXECUTE,pullback_recovery,179248.0,1,1913.76,2023-08-14 14:30:00+00:00
2023-08-14 15:00:00+00:00,long,EXECUTE,pullback_recovery,179253.0,2,1908.38,2023-08-14 15:45:00+00:00
2023-08-15 02:00:00+00:00,short,EXECUTE,pullback_recovery,179294.0,3,1907.57,2023-08-15 03:00:00+00:00
2023-08-15 07:00:00+00:00,long,EXECUTE,pullback_recovery,179315.0,4,1906.48,2023-08-15 08:15:00+00:00
2023-08-15 08:00:00+00:00,long,EXECUTE,pullback_recovery,179318.0,3,1905.06,2023-08-15 09:00:00+00:00
2023-08-15 09:00:00+00:00,long,EXECUTE,pullback_recovery,179320.0,1,1905.22,2023-08-15 09:30:00+00:00
2023-08-15 10:00:00+00:00,long,EXECUTE,pullback_recovery,179324.0,1,1904.63,2023-08-15 10:30:00+00:00
2023-08-15 11:00:00+00:00,long,EXECUTE,pullback_recovery,179328.0,1,1903.8,2023-08-15 11:30:00+00:00
2023-08-15 12:00:00+00:00,long,EXECUTE,pullback_recovery,179332.0,1,1903.86,2023-08-15 12:30:00+00:00
2023-08-15 13:00:00+00:00,long,EXECUTE,pullback_recovery,179338.0,3,1903.82,2023-08-15 14:00:00+00:00
2023-08-15 14:00:00+00:00,long,EXECUTE,pullback_recovery,179340.0,1,1903.43,2023-08-15 14:30:00+00:00
2023-08-15 15:00:00+00:00,long,EXECUTE,pullback_recovery,179344.0,1,1903.04,2023-08-15 15:30:00+00:00
2023-08-16 07:00:00+00:00,long,EXECUTE,pullback_recovery,179406.0,3,1903.99,2023-08-16 08:00:00+00:00
2023-08-16 08:00:00+00:00,long,EXECUTE,pullback_recovery,179409.0,2,1905.07,2023-08-16 08:45:00+00:00
2023-08-16 09:00:00+00:00,short,EXECUTE,pullback_recovery,179414.0,3,1905.54,2023-08-16 10:00:00+00:00
2023-08-16 10:00:00+00:00,short,EXECUTE,pullback_recovery,179416.0,1,1903.5,2023-08-16 10:30:00+00:00
2023-08-16 11:00:00+00:00,short,EXECUTE,pullback_recovery,179421.0,2,1904.98,2023-08-16 11:45:00+00:00
2023-08-16 15:00:00+00:00,short,EXECUTE,pullback_recovery,179436.0,1,1901.84,2023-08-16 15:30:00+00:00
2023-08-17 08:00:00+00:00,short,EXECUTE,pullback_recovery,179500.0,1,1893.41,2023-08-17 08:30:00+00:00
2023-08-17 09:00:00+00:00,long,EXECUTE,pullback_recovery,179505.0,2,1896.42,2023-08-17 09:45:00+00:00
2023-08-17 10:00:00+00:00,long,EXECUTE,pullback_recovery,179509.0,2,1896.07,2023-08-17 10:45:00+00:00
2023-08-17 11:00:00+00:00,long,EXECUTE,pullback_recovery,179514.0,3,1893.96,2023-08-17 12:00:00+00:00
2023-08-17 12:00:00+00:00,short,EXECUTE,pullback_recovery,179520.0,5,1897.1,2023-08-17 13:30:00+00:00
2023-08-17 15:00:00+00:00,short,EXECUTE,pullback_recovery,179528.0,1,1899.49,2023-08-17 15:30:00+00:00
2023-08-18 11:00:00+00:00,short,EXECUTE,pullback_recovery,179604.0,1,1892.4,2023-08-18 11:30:00+00:00
2023-08-18 12:00:00+00:00,short,EXECUTE,pullback_recovery,179618.0,11,1893.76,2023-08-18 15:00:00+00:00
2023-08-18 15:00:00+00:00,short,EXECUTE,pullback_recovery,179620.0,1,1889.96,2023-08-18 15:30:00+00:00
2023-08-21 09:00:00+00:00,long,EXECUTE,pullback_recovery,179688.0,1,1889.31,2023-08-21 09:30:00+00:00
2023-08-21 10:00:00+00:00,long,EXECUTE,pullback_recovery,179695.0,4,1889.11,2023-08-21 11:15:00+00:00
2023-08-21 11:00:00+00:00,long,EXECUTE,pullback_recovery,179697.0,2,1888.75,2023-08-21 11:45:00+00:00
2023-08-21 12:00:00+00:00,long,EXECUTE,pullback_recovery,179700.0,1,1889.59,2023-08-21 12:30:00+00:00
2023-08-21 13:00:00+00:00,long,EXECUTE,pullback_recovery,179705.0,2,1888.14,2023-08-21 13:45:00+00:00
2023-08-21 14:00:00+00:00,long,EXECUTE,pullback_recovery,179709.0,2,1892.52,2023-08-21 14:45:00+00:00
2023-08-21 17:00:00+00:00,long,EXECUTE,pullback_recovery,179721.0,2,1886.27,2023-08-21 17:45:00+00:00
2023-08-21 18:00:00+00:00,long,EXECUTE,pullback_recovery,179724.0,1,1889.41,2023-08-21 18:30:00+00:00
2023-08-21 19:00:00+00:00,long,EXECUTE,pullback_recovery,179730.0,3,1892.65,2023-08-21 20:00:00+00:00
2023-08-21 20:00:00+00:00,long,EXECUTE,pullback_recovery,179732.0,1,1894.26,2023-08-21 20:30:00+00:00
2023-08-21 21:00:00+00:00,long,EXECUTE,pullback_recovery,179736.0,1,1894.52,2023-08-21 21:30:00+00:00
2023-08-22 08:00:00+00:00,short,EXECUTE,pullback_recovery,179778.0,3,1895.41,2023-08-22 09:00:00+00:00
2023-08-23 07:00:00+00:00,long,EXECUTE,pullback_recovery,179865.0,2,1902.61,2023-08-23 07:45:00+00:00
2023-08-23 08:00:00+00:00,long,EXECUTE,pullback_recovery,179868.0,1,1902.88,2023-08-23 08:30:00+00:00
2023-08-23 09:00:00+00:00,long,EXECUTE,pullback_recovery,179872.0,1,1903.94,2023-08-23 09:30:00+00:00
2023-08-23 10:00:00+00:00,long,EXECUTE,pullback_recovery,179876.0,1,1904.04,2023-08-23 10:30:00+00:00
2023-08-23 11:00:00+00:00,long,EXECUTE,pullback_recovery,179881.0,2,1904.97,2023-08-23 11:45:00+00:00
2023-08-23 12:00:00+00:00,long,EXECUTE,pullback_recovery,179886.0,3,1902.64,2023-08-23 13:00:00+00:00
2023-08-23 13:00:00+00:00,long,EXECUTE,pullback_recovery,179890.0,3,1903.3,2023-08-23 14:00:00+00:00
2023-08-23 14:00:00+00:00,long,EXECUTE,pullback_recovery,179894.0,3,1903.31,2023-08-23 15:00:00+00:00
2023-08-24 07:00:00+00:00,long,EXECUTE,pullback_recovery,179957.0,2,1920.85,2023-08-24 07:45:00+00:00
2023-08-24 08:00:00+00:00,long,EXECUTE,pullback_recovery,179961.0,2,1921.28,2023-08-24 08:45:00+00:00
2023-08-24 09:00:00+00:00,long,EXECUTE,pullback_recovery,179965.0,2,1922.03,2023-08-24 09:45:00+00:00
2023-08-24 10:00:00+00:00,long,EXECUTE,pullback_recovery,179979.0,12,1919.76,2023-08-24 13:15:00+00:00
2023-08-24 11:00:00+00:00,long,EXECUTE,pullback_recovery,179972.0,1,1921.74,2023-08-24 11:30:00+00:00
2023-08-24 12:00:00+00:00,short,EXECUTE,pullback_recovery,179976.0,1,1920.07,2023-08-24 12:30:00+00:00
2023-08-24 13:00:00+00:00,short,EXECUTE,pullback_recovery,179981.0,2,1919.62,2023-08-24 13:45:00+00:00
2023-08-24 14:00:00+00:00,short,EXECUTE,pullback_recovery,179984.0,1,1917.85,2023-08-24 14:30:00+00:00
2023-08-25 07:00:00+00:00,short,EXECUTE,pullback_recovery,180049.0,2,1913.87,2023-08-25 07:45:00+00:00
2023-08-25 08:00:00+00:00,short,EXECUTE,pullback_recovery,180054.0,3,1914.44,2023-08-25 09:00:00+00:00
2023-08-25 09:00:00+00:00,short,EXECUTE,pullback_recovery,180058.0,3,1913.11,2023-08-25 10:00:00+00:00
2023-08-25 10:00:00+00:00,short,EXECUTE,pullback_recovery,180060.0,1,1913.73,2023-08-25 10:30:00+00:00
2023-08-25 11:00:00+00:00,short,EXECUTE,pullback_recovery,180069.0,6,1916.57,2023-08-25 12:45:00+00:00
2023-08-25 12:00:00+00:00,short,EXECUTE,pullback_recovery,180069.0,2,1916.57,2023-08-25 12:45:00+00:00
2023-08-25 13:00:00+00:00,short,EXECUTE,pullback_recovery,180080.0,9,1918.29,2023-08-25 15:30:00+00:00
2023-08-25 14:00:00+00:00,short,EXECUTE,pullback_recovery,180080.0,5,1918.29,2023-08-25 15:30:00+00:00
2023-08-28 07:00:00+00:00,short,EXECUTE,pullback_recovery,180140.0,1,1915.2,2023-08-28 07:30:00+00:00
2023-08-28 08:00:00+00:00,short,EXECUTE,pullback_recovery,180145.0,2,1916.03,2023-08-28 08:45:00+00:00
2023-08-28 09:00:00+00:00,short,EXECUTE,pullback_recovery,180149.0,2,1916.58,2023-08-28 09:45:00+00:00
2023-08-28 10:00:00+00:00,short,EXECUTE,pullback_recovery,180152.0,1,1915.18,2023-08-28 10:30:00+00:00
2023-08-28 11:00:00+00:00,short,EXECUTE,pullback_recovery,180157.0,2,1914.82,2023-08-28 11:45:00+00:00
2023-08-28 12:00:00+00:00,short,EXECUTE,pullback_recovery,180161.0,2,1914.17,2023-08-28 12:45:00+00:00
2023-08-28 14:00:00+00:00,short,EXECUTE,pullback_recovery,180168.0,1,1914.71,2023-08-28 14:30:00+00:00
2023-08-29 10:00:00+00:00,short,EXECUTE,pullback_recovery,180244.0,1,1923.26,2023-08-29 10:30:00+00:00
2023-08-29 11:00:00+00:00,short,EXECUTE,pullback_recovery,180248.0,1,1922.72,2023-08-29 11:30:00+00:00
2023-08-29 13:00:00+00:00,short,EXECUTE,pullback_recovery,180256.0,1,1921.12,2023-08-29 13:30:00+00:00
2023-08-29 14:00:00+00:00,short,EXECUTE,pullback_recovery,180262.0,3,1917.22,2023-08-29 15:00:00+00:00
2023-08-29 15:00:00+00:00,long,EXECUTE,pullback_recovery,180266.0,3,1917.02,2023-08-29 16:00:00+00:00
2023-08-30 02:00:00+00:00,short,EXECUTE,pullback_recovery,180304.0,1,1936.2,2023-08-30 02:30:00+00:00
2023-08-30 03:00:00+00:00,short,EXECUTE,pullback_recovery,180308.0,1,1936.21,2023-08-30 03:30:00+00:00
2023-08-30 11:00:00+00:00,long,EXECUTE,pullback_recovery,180340.0,1,1936.03,2023-08-30 11:30:00+00:00
2023-08-30 13:00:00+00:00,long,EXECUTE,pullback_recovery,180349.0,2,1937.5,2023-08-30 13:45:00+00:00
2023-08-30 14:00:00+00:00,long,EXECUTE,pullback_recovery,180352.0,1,1938.72,2023-08-30 14:30:00+00:00
2023-08-30 15:00:00+00:00,short,EXECUTE,pullback_recovery,180357.0,2,1944.13,2023-08-30 15:45:00+00:00
2023-08-31 07:00:00+00:00,long,EXECUTE,pullback_recovery,180417.0,2,1945.53,2023-08-31 07:45:00+00:00
2023-08-31 08:00:00+00:00,long,EXECUTE,pullback_recovery,180422.0,3,1945.28,2023-08-31 09:00:00+00:00
2023-08-31 09:00:00+00:00,long,EXECUTE,pullback_recovery,180425.0,2,1943.37,2023-08-31 09:45:00+00:00
2023-08-31 10:00:00+00:00,long,EXECUTE,pullback_recovery,180428.0,1,1945.66,2023-08-31 10:30:00+00:00
2023-08-31 11:00:00+00:00,long,EXECUTE,pullback_recovery,180435.0,4,1944.4,2023-08-31 12:15:00+00:00
2023-08-31 12:00:00+00:00,long,EXECUTE,pullback_recovery,180437.0,2,1944.79,2023-08-31 12:45:00+00:00
2023-08-31 13:00:00+00:00,short,EXECUTE,pullback_recovery,180441.0,2,1944.69,2023-08-31 13:45:00+00:00
2023-08-31 14:00:00+00:00,long,EXECUTE,pullback_recovery,180446.0,3,1945.68,2023-08-31 15:00:00+00:00
2023-08-31 15:00:00+00:00,long,EXECUTE,pullback_recovery,180450.0,3,1945.84,2023-08-31 16:00:00+00:00
2023-09-01 08:00:00+00:00,long,EXECUTE,pullback_recovery,180512.0,1,1939.62,2023-09-01 08:30:00+00:00
2023-09-01 09:00:00+00:00,long,EXECUTE,pullback_recovery,180517.0,2,1939.65,2023-09-01 09:45:00+00:00
2023-09-01 10:00:00+00:00,long,EXECUTE,pullback_recovery,180520.0,1,1942.78,2023-09-01 10:30:00+00:00
2023-09-01 11:00:00+00:00,long,EXECUTE,pullback_recovery,180525.0,2,1942.74,2023-09-01 11:45:00+00:00
2023-09-01 12:00:00+00:00,long,EXECUTE,pullback_recovery,180528.0,1,1944.19,2023-09-01 12:30:00+00:00
2023-09-01 13:00:00+00:00,long,EXECUTE,pullback_recovery,180533.0,2,1943.96,2023-09-01 13:45:00+00:00
2023-09-01 14:00:00+00:00,long,EXECUTE,pullback_recovery,180538.0,3,1944.5,2023-09-01 15:00:00+00:00
2023-09-04 08:00:00+00:00,short,EXECUTE,pullback_recovery,180605.0,2,1945.02,2023-09-04 08:45:00+00:00
2023-09-04 12:00:00+00:00,long,EXECUTE,pullback_recovery,180622.0,3,1940.97,2023-09-04 13:00:00+00:00
2023-09-04 13:00:00+00:00,long,EXECUTE,pullback_recovery,180626.0,3,1940.38,2023-09-04 14:00:00+00:00
2023-09-04 17:00:00+00:00,long,EXECUTE,pullback_recovery,180641.0,2,1938.07,2023-09-04 17:45:00+00:00
2023-09-05 07:00:00+00:00,short,EXECUTE,pullback_recovery,180684.0,3,1938.61,2023-09-05 08:00:00+00:00
2023-09-05 08:00:00+00:00,short,EXECUTE,pullback_recovery,180687.0,2,1937.02,2023-09-05 08:45:00+00:00
2023-09-05 09:00:00+00:00,long,EXECUTE,pullback_recovery,180691.0,2,1936.1,2023-09-05 09:45:00+00:00
2023-09-05 10:00:00+00:00,short,EXECUTE,pullback_recovery,180694.0,1,1936.4,2023-09-05 10:30:00+00:00
2023-09-05 11:00:00+00:00,long,EXECUTE,pullback_recovery,180699.0,2,1933.05,2023-09-05 11:45:00+00:00
2023-09-05 12:00:00+00:00,short,EXECUTE,pullback_recovery,180702.0,1,1931.09,2023-09-05 12:30:00+00:00
2023-09-05 13:00:00+00:00,short,EXECUTE,pullback_recovery,180706.0,1,1931.12,2023-09-05 13:30:00+00:00
2023-09-05 14:00:00+00:00,short,EXECUTE,pullback_recovery,180710.0,1,1930.24,2023-09-05 14:30:00+00:00
2023-09-05 15:00:00+00:00,long,INVALIDATE,adverse_move_limit,,0,,
2023-09-06 04:00:00+00:00,long,EXECUTE,pullback_recovery,180762.0,1,1924.9,2023-09-06 04:30:00+00:00
2023-09-06 05:00:00+00:00,long,EXECUTE,pullback_recovery,180767.0,2,1926.12,2023-09-06 05:45:00+00:00
2023-09-06 06:00:00+00:00,long,EXECUTE,pullback_recovery,180770.0,1,1926.18,2023-09-06 06:30:00+00:00
2023-09-06 07:00:00+00:00,long,EXECUTE,pullback_recovery,180776.0,3,1927.21,2023-09-06 08:00:00+00:00
2023-09-06 08:00:00+00:00,long,EXECUTE,pullback_recovery,180780.0,3,1928.17,2023-09-06 09:00:00+00:00
2023-09-06 09:00:00+00:00,long,EXECUTE,pullback_recovery,180783.0,2,1926.06,2023-09-06 09:45:00+00:00
2023-09-06 10:00:00+00:00,long,EXECUTE,pullback_recovery,180789.0,4,1923.26,2023-09-06 11:15:00+00:00
2023-09-06 11:00:00+00:00,long,EXECUTE,pullback_recovery,180792.0,3,1924.64,2023-09-06 12:00:00+00:00
2023-09-06 12:00:00+00:00,long,EXECUTE,pullback_recovery,180796.0,3,1925.33,2023-09-06 13:00:00+00:00
2023-09-06 13:00:00+00:00,long,EXECUTE,pullback_recovery,180800.0,3,1926.46,2023-09-06 14:00:00+00:00
2023-09-06 14:00:00+00:00,long,EXECUTE,pullback_recovery,180806.0,5,1925.39,2023-09-06 15:30:00+00:00
2023-09-07 08:00:00+00:00,long,EXECUTE,pullback_recovery,180879.0,10,1917.58,2023-09-07 10:45:00+00:00
2023-09-07 09:00:00+00:00,long,EXECUTE,pullback_recovery,180876.0,3,1918.48,2023-09-07 10:00:00+00:00
2023-09-07 10:00:00+00:00,long,EXECUTE,pullback_recovery,180878.0,1,1918.29,2023-09-07 10:30:00+00:00
2023-09-07 11:00:00+00:00,long,EXECUTE,pullback_recovery,180883.0,2,1918.38,2023-09-07 11:45:00+00:00
2023-09-07 12:00:00+00:00,long,EXECUTE,pullback_recovery,180888.0,3,1920.18,2023-09-07 13:00:00+00:00
2023-09-07 13:00:00+00:00,long,EXECUTE,pullback_recovery,180890.0,1,1920.16,2023-09-07 13:30:00+00:00
2023-09-07 14:00:00+00:00,long,EXECUTE,pullback_recovery,180895.0,2,1921.64,2023-09-07 14:45:00+00:00
2023-09-08 08:00:00+00:00,short,EXECUTE,pullback_recovery,180964.0,3,1925.6,2023-09-08 09:00:00+00:00
2023-09-08 09:00:00+00:00,short,EXECUTE,pullback_recovery,180966.0,1,1925.82,2023-09-08 09:30:00+00:00
2023-09-08 10:00:00+00:00,short,EXECUTE,pullback_recovery,180970.0,1,1924.68,2023-09-08 10:30:00+00:00
2023-09-08 11:00:00+00:00,short,EXECUTE,pullback_recovery,180978.0,5,1925.07,2023-09-08 12:30:00+00:00
2023-09-08 12:00:00+00:00,short,EXECUTE,pullback_recovery,180978.0,1,1925.07,2023-09-08 12:30:00+00:00
2023-09-08 13:00:00+00:00,short,EXECUTE,pullback_recovery,180983.0,2,1923.57,2023-09-08 13:45:00+00:00
2023-09-08 14:00:00+00:00,long,EXECUTE,pullback_recovery,180988.0,3,1922.98,2023-09-08 15:00:00+00:00
2023-09-11 07:00:00+00:00,long,EXECUTE,pullback_recovery,181052.0,3,1926.48,2023-09-11 08:00:00+00:00
2023-09-11 08:00:00+00:00,long,EXECUTE,pullback_recovery,181054.0,1,1927.44,2023-09-11 08:30:00+00:00
2023-09-11 10:00:00+00:00,long,EXECUTE,pullback_recovery,181064.0,3,1926.47,2023-09-11 11:00:00+00:00
2023-09-11 11:00:00+00:00,long,EXECUTE,pullback_recovery,181066.0,1,1927.1,2023-09-11 11:30:00+00:00
2023-09-11 12:00:00+00:00,long,EXECUTE,pullback_recovery,181073.0,4,1925.35,2023-09-11 13:15:00+00:00
2023-09-12 08:00:00+00:00,long,EXECUTE,pullback_recovery,181148.0,3,1920.22,2023-09-12 09:00:00+00:00
2023-09-12 09:00:00+00:00,long,EXECUTE,pullback_recovery,181151.0,2,1920.06,2023-09-12 09:45:00+00:00
2023-09-12 10:00:00+00:00,long,EXECUTE,pullback_recovery,181156.0,3,1919.02,2023-09-12 11:00:00+00:00
2023-09-12 11:00:00+00:00,long,EXECUTE,pullback_recovery,181161.0,4,1919.6,2023-09-12 12:15:00+00:00
2023-09-12 12:00:00+00:00,long,EXECUTE,pullback_recovery,181163.0,2,1919.08,2023-09-12 12:45:00+00:00
2023-09-12 13:00:00+00:00,long,EXECUTE,pullback_recovery,181167.0,2,1916.06,2023-09-12 13:45:00+00:00
2023-09-12 14:00:00+00:00,long,EXECUTE,pullback_recovery,181171.0,2,1912.47,2023-09-12 14:45:00+00:00
2023-09-12 15:00:00+00:00,long,EXECUTE,pullback_recovery,181174.0,1,1909.94,2023-09-12 15:30:00+00:00
2023-09-13 08:00:00+00:00,long,EXECUTE,pullback_recovery,181240.0,3,1910.22,2023-09-13 09:00:00+00:00
2023-09-13 09:00:00+00:00,long,EXECUTE,pullback_recovery,181243.0,2,1910.17,2023-09-13 09:45:00+00:00
2023-09-13 10:00:00+00:00,long,EXECUTE,pullback_recovery,181248.0,3,1911.99,2023-09-13 11:00:00+00:00
2023-09-13 11:00:00+00:00,long,EXECUTE,pullback_recovery,181250.0,1,1912.08,2023-09-13 11:30:00+00:00
2023-09-13 12:00:00+00:00,long,EXECUTE,pullback_recovery,181254.0,1,1911.66,2023-09-13 12:30:00+00:00
2023-09-13 13:00:00+00:00,long,EXECUTE,pullback_recovery,181260.0,3,1912.59,2023-09-13 14:00:00+00:00
2023-09-13 14:00:00+00:00,long,EXECUTE,pullback_recovery,181262.0,1,1912.05,2023-09-13 14:30:00+00:00
2023-09-13 15:00:00+00:00,long,EXECUTE,pullback_recovery,181266.0,1,1911.0,2023-09-13 15:30:00+00:00
2023-09-14 09:00:00+00:00,long,EXECUTE,pullback_recovery,181334.0,1,1907.53,2023-09-14 09:30:00+00:00
2023-09-14 10:00:00+00:00,long,EXECUTE,pullback_recovery,181339.0,2,1905.74,2023-09-14 10:45:00+00:00
2023-09-14 11:00:00+00:00,long,EXECUTE,pullback_recovery,181343.0,2,1906.71,2023-09-14 11:45:00+00:00
2023-09-14 12:00:00+00:00,long,EXECUTE,pullback_recovery,181348.0,3,1906.3,2023-09-14 13:00:00+00:00
2023-09-14 13:00:00+00:00,long,EXECUTE,pullback_recovery,181351.0,2,1907.99,2023-09-14 13:45:00+00:00
2023-09-14 14:00:00+00:00,long,EXECUTE,pullback_recovery,181355.0,2,1907.82,2023-09-14 14:45:00+00:00
2023-09-15 08:00:00+00:00,long,EXECUTE,pullback_recovery,181422.0,1,1915.8,2023-09-15 08:30:00+00:00
2023-09-15 09:00:00+00:00,long,EXECUTE,pullback_recovery,181426.0,1,1918.98,2023-09-15 09:30:00+00:00
2023-09-15 10:00:00+00:00,long,EXECUTE,pullback_recovery,181430.0,1,1917.92,2023-09-15 10:30:00+00:00
2023-09-15 11:00:00+00:00,long,EXECUTE,pullback_recovery,181434.0,1,1917.91,2023-09-15 11:30:00+00:00
2023-09-15 12:00:00+00:00,long,EXECUTE,pullback_recovery,181438.0,1,1918.78,2023-09-15 12:30:00+00:00
2023-09-15 14:00:00+00:00,long,EXECUTE,pullback_recovery,181446.0,1,1918.53,2023-09-15 14:30:00+00:00
2023-09-18 08:00:00+00:00,long,EXECUTE,pullback_recovery,181515.0,2,1929.98,2023-09-18 08:45:00+00:00
2023-09-18 09:00:00+00:00,long,EXECUTE,pullback_recovery,181518.0,1,1929.09,2023-09-18 09:30:00+00:00
2023-09-18 10:00:00+00:00,long,EXECUTE,pullback_recovery,181526.0,5,1926.0,2023-09-18 11:30:00+00:00
2023-09-18 11:00:00+00:00,long,EXECUTE,pullback_recovery,181526.0,1,1926.0,2023-09-18 11:30:00+00:00
2023-09-18 12:00:00+00:00,long,EXECUTE,pullback_recovery,181532.0,3,1926.95,2023-09-18 13:00:00+00:00
2023-09-18 13:00:00+00:00,long,EXECUTE,pullback_recovery,181534.0,1,1927.2,2023-09-18 13:30:00+00:00
2023-09-18 14:00:00+00:00,long,EXECUTE,pullback_recovery,181539.0,2,1926.73,2023-09-18 14:45:00+00:00
2023-09-19 05:00:00+00:00,long,EXECUTE,pullback_recovery,181595.0,2,1933.2,2023-09-19 05:45:00+00:00
2023-09-19 06:00:00+00:00,long,EXECUTE,pullback_recovery,181598.0,1,1932.6,2023-09-19 06:30:00+00:00
2023-09-19 07:00:00+00:00,long,EXECUTE,pullback_recovery,181605.0,4,1931.34,2023-09-19 08:15:00+00:00
2023-09-19 08:00:00+00:00,long,EXECUTE,pullback_recovery,181606.0,1,1931.28,2023-09-19 08:30:00+00:00
2023-09-19 09:00:00+00:00,long,EXECUTE,pullback_recovery,181610.0,1,1930.69,2023-09-19 09:30:00+00:00
2023-09-19 14:00:00+00:00,long,EXECUTE,pullback_recovery,181631.0,2,1935.21,2023-09-19 14:45:00+00:00
2023-09-19 16:00:00+00:00,long,EXECUTE,pullback_recovery,181638.0,1,1935.0,2023-09-19 16:30:00+00:00
2023-09-19 17:00:00+00:00,long,INVALIDATE,adverse_move_limit,,0,,
2023-09-20 01:00:00+00:00,long,EXECUTE,pullback_recovery,181672.0,3,1931.72,2023-09-20 02:00:00+00:00
2023-09-20 02:00:00+00:00,long,EXECUTE,pullback_recovery,181676.0,3,1931.35,2023-09-20 03:00:00+00:00
2023-09-20 03:00:00+00:00,long,EXECUTE,pullback_recovery,181678.0,1,1930.95,2023-09-20 03:30:00+00:00
2023-09-20 04:00:00+00:00,long,EXECUTE,pullback_recovery,181682.0,1,1929.52,2023-09-20 04:30:00+00:00
2023-09-20 05:00:00+00:00,long,EXECUTE,pullback_recovery,181686.0,1,1930.58,2023-09-20 05:30:00+00:00
2023-09-20 06:00:00+00:00,long,EXECUTE,pullback_recovery,181692.0,3,1930.56,2023-09-20 07:00:00+00:00
2023-09-20 07:00:00+00:00,long,EXECUTE,pullback_recovery,181696.0,3,1929.74,2023-09-20 08:00:00+00:00
2023-09-20 08:00:00+00:00,short,EXECUTE,pullback_recovery,181700.0,3,1931.1,2023-09-20 09:00:00+00:00
2023-09-20 09:00:00+00:00,short,EXECUTE,pullback_recovery,181704.0,3,1930.33,2023-09-20 10:00:00+00:00
2023-09-20 10:00:00+00:00,short,EXECUTE,pullback_recovery,181706.0,1,1928.94,2023-09-20 10:30:00+00:00
2023-09-20 11:00:00+00:00,short,EXECUTE,pullback_recovery,181712.0,3,1929.11,2023-09-20 12:00:00+00:00
2023-09-20 12:00:00+00:00,short,EXECUTE,pullback_recovery,181718.0,5,1931.91,2023-09-20 13:30:00+00:00
2023-09-20 13:00:00+00:00,short,EXECUTE,pullback_recovery,181720.0,3,1932.53,2023-09-20 14:00:00+00:00
2023-09-21 14:00:00+00:00,long,EXECUTE,pullback_recovery,181816.0,3,1920.73,2023-09-21 15:00:00+00:00
2023-09-22 08:00:00+00:00,long,EXECUTE,pullback_recovery,181883.0,2,1924.6,2023-09-22 08:45:00+00:00
2023-09-22 09:00:00+00:00,long,EXECUTE,pullback_recovery,181886.0,1,1925.53,2023-09-22 09:30:00+00:00
2023-09-22 10:00:00+00:00,long,EXECUTE,pullback_recovery,181891.0,2,1927.58,2023-09-22 10:45:00+00:00
2023-09-22 11:00:00+00:00,long,EXECUTE,pullback_recovery,181895.0,2,1927.09,2023-09-22 11:45:00+00:00
2023-09-22 12:00:00+00:00,long,EXECUTE,pullback_recovery,181900.0,3,1925.34,2023-09-22 13:00:00+00:00
2023-09-22 13:00:00+00:00,long,EXECUTE,pullback_recovery,181904.0,3,1924.55,2023-09-22 14:00:00+00:00
2023-09-22 14:00:00+00:00,long,EXECUTE,pullback_recovery,181906.0,1,1925.62,2023-09-22 14:30:00+00:00
2023-09-25 05:00:00+00:00,long,EXECUTE,pullback_recovery,181963.0,2,1923.27,2023-09-25 05:45:00+00:00
2023-09-25 06:00:00+00:00,long,EXECUTE,pullback_recovery,181966.0,1,1923.31,2023-09-25 06:30:00+00:00
2023-09-25 07:00:00+00:00,long,EXECUTE,pullback_recovery,181970.0,1,1923.02,2023-09-25 07:30:00+00:00
2023-09-25 10:00:00+00:00,long,EXECUTE,pullback_recovery,181984.0,3,1923.38,2023-09-25 11:00:00+00:00
2023-09-25 11:00:00+00:00,long,EXECUTE,pullback_recovery,181986.0,1,1921.45,2023-09-25 11:30:00+00:00
2023-09-25 12:00:00+00:00,long,EXECUTE,pullback_recovery,181990.0,1,1922.39,2023-09-25 12:30:00+00:00
2023-09-25 13:00:00+00:00,long,EXECUTE,pullback_recovery,181994.0,1,1924.46,2023-09-25 13:30:00+00:00
2023-09-25 14:00:00+00:00,long,EXECUTE,pullback_recovery,181999.0,2,1924.52,2023-09-25 14:45:00+00:00
2023-09-25 15:00:00+00:00,long,EXECUTE,pullback_recovery,182003.0,2,1926.41,2023-09-25 15:45:00+00:00
2023-09-26 06:00:00+00:00,long,EXECUTE,pullback_recovery,182060.0,3,1913.51,2023-09-26 07:00:00+00:00
2023-09-26 07:00:00+00:00,short,EXECUTE,pullback_recovery,182066.0,5,1913.92,2023-09-26 08:30:00+00:00
2023-09-26 08:00:00+00:00,short,EXECUTE,pullback_recovery,182066.0,1,1913.92,2023-09-26 08:30:00+00:00
2023-09-26 09:00:00+00:00,short,EXECUTE,pullback_recovery,182072.0,3,1910.44,2023-09-26 10:00:00+00:00
2023-09-26 10:00:00+00:00,short,EXECUTE,pullback_recovery,182079.0,6,1913.44,2023-09-26 11:45:00+00:00
2023-09-26 11:00:00+00:00,short,EXECUTE,pullback_recovery,182079.0,2,1913.44,2023-09-26 11:45:00+00:00
2023-09-26 12:00:00+00:00,short,EXECUTE,pullback_recovery,182083.0,2,1912.9,2023-09-26 12:45:00+00:00
2023-09-26 13:00:00+00:00,short,EXECUTE,pullback_recovery,182087.0,2,1912.51,2023-09-26 13:45:00+00:00
2023-09-26 14:00:00+00:00,long,EXECUTE,pullback_recovery,182090.0,1,1912.95,2023-09-26 14:30:00+00:00
2023-09-27 08:00:00+00:00,long,EXECUTE,pullback_recovery,182158.0,1,1896.5,2023-09-27 08:30:00+00:00
2023-09-27 09:00:00+00:00,short,EXECUTE,pullback_recovery,182164.0,3,1898.04,2023-09-27 10:00:00+00:00
2023-09-27 10:00:00+00:00,short,EXECUTE,pullback_recovery,182166.0,1,1897.3,2023-09-27 10:30:00+00:00
2023-09-27 11:00:00+00:00,short,EXECUTE,pullback_recovery,182172.0,3,1896.56,2023-09-27 12:00:00+00:00
2023-09-27 12:00:00+00:00,long,EXECUTE,pullback_recovery,182176.0,3,1895.55,2023-09-27 13:00:00+00:00
2023-09-27 13:00:00+00:00,long,EXECUTE,pullback_recovery,182183.0,6,1894.07,2023-09-27 14:45:00+00:00
2023-09-27 14:00:00+00:00,long,EXECUTE,pullback_recovery,182182.0,1,1892.89,2023-09-27 14:30:00+00:00
2023-09-27 15:00:00+00:00,long,EXECUTE,pullback_recovery,182186.0,1,1891.11,2023-09-27 15:30:00+00:00
2023-09-28 12:00:00+00:00,long,EXECUTE,pullback_recovery,182267.0,2,1876.12,2023-09-28 12:45:00+00:00
2023-09-28 13:00:00+00:00,long,EXECUTE,pullback_recovery,182271.0,2,1874.81,2023-09-28 13:45:00+00:00
2023-10-02 12:00:00+00:00,short,EXECUTE,pullback_recovery,182450.0,1,1834.0,2023-10-02 12:30:00+00:00
2023-10-02 13:00:00+00:00,short,EXECUTE,pullback_recovery,182455.0,2,1834.57,2023-10-02 13:45:00+00:00
2023-10-02 14:00:00+00:00,short,EXECUTE,pullback_recovery,182460.0,3,1837.3,2023-10-02 15:00:00+00:00
2023-10-03 03:00:00+00:00,long,EXECUTE,pullback_recovery,182507.0,2,1824.07,2023-10-03 03:45:00+00:00
2023-10-03 04:00:00+00:00,long,EXECUTE,pullback_recovery,182511.0,2,1823.48,2023-10-03 04:45:00+00:00
2023-10-03 05:00:00+00:00,long,EXECUTE,pullback_recovery,182514.0,1,1817.22,2023-10-03 05:30:00+00:00
2023-10-03 06:00:00+00:00,long,EXECUTE,pullback_recovery,182519.0,2,1819.46,2023-10-03 06:45:00+00:00
2023-10-04 03:00:00+00:00,long,EXECUTE,pullback_recovery,182599.0,2,1824.9,2023-10-04 03:45:00+00:00
2023-10-05 12:00:00+00:00,short,EXECUTE,pullback_recovery,182727.0,2,1822.36,2023-10-05 12:45:00+00:00
2023-10-05 13:00:00+00:00,short,EXECUTE,pullback_recovery,182730.0,1,1823.27,2023-10-05 13:30:00+00:00
2023-10-05 14:00:00+00:00,short,EXECUTE,pullback_recovery,182737.0,4,1822.64,2023-10-05 15:15:00+00:00
2023-10-05 18:00:00+00:00,long,EXECUTE,pullback_recovery,182752.0,3,1815.5,2023-10-05 19:00:00+00:00
2023-10-05 19:00:00+00:00,long,EXECUTE,pullback_recovery,182754.0,1,1817.78,2023-10-05 19:30:00+00:00
2023-10-05 20:00:00+00:00,long,EXECUTE,pullback_recovery,182758.0,1,1818.29,2023-10-05 20:30:00+00:00
2023-10-06 07:00:00+00:00,short,EXECUTE,pullback_recovery,182799.0,2,1823.5,2023-10-06 07:45:00+00:00
2023-10-06 08:00:00+00:00,short,EXECUTE,pullback_recovery,182802.0,1,1821.53,2023-10-06 08:30:00+00:00
2023-10-06 09:00:00+00:00,short,EXECUTE,pullback_recovery,182806.0,1,1818.6,2023-10-06 09:30:00+00:00
2023-10-06 10:00:00+00:00,short,EXECUTE,pullback_recovery,182812.0,3,1821.36,2023-10-06 11:00:00+00:00
2023-10-06 11:00:00+00:00,short,EXECUTE,pullback_recovery,182817.0,4,1821.8,2023-10-06 12:15:00+00:00
2023-10-06 12:00:00+00:00,short,EXECUTE,pullback_recovery,182818.0,1,1820.78,2023-10-06 12:30:00+00:00
2023-10-06 13:00:00+00:00,short,EXECUTE,pullback_recovery,182824.0,3,1822.57,2023-10-06 14:00:00+00:00
2023-10-06 14:00:00+00:00,short,EXECUTE,pullback_recovery,182826.0,1,1821.73,2023-10-06 14:30:00+00:00
2023-10-06 15:00:00+00:00,short,INVALIDATE,adverse_move_limit,,0,,
2023-10-06 17:00:00+00:00,long,EXECUTE,pullback_recovery,182840.0,3,1823.58,2023-10-06 18:00:00+00:00
2023-10-06 18:00:00+00:00,long,EXECUTE,pullback_recovery,182842.0,1,1833.31,2023-10-06 18:30:00+00:00
2023-10-06 19:00:00+00:00,long,INVALIDATE,max_wait_exceeded,,16,,
2023-10-09 14:00:00+00:00,short,EXECUTE,pullback_recovery,182920.0,3,1849.96,2023-10-09 15:00:00+00:00
2023-10-10 11:00:00+00:00,long,EXECUTE,pullback_recovery,182998.0,1,1857.85,2023-10-10 11:30:00+00:00
2023-10-10 12:00:00+00:00,long,EXECUTE,pullback_recovery,183002.0,1,1859.42,2023-10-10 12:30:00+00:00
2023-10-10 13:00:00+00:00,long,EXECUTE,pullback_recovery,183008.0,3,1856.76,2023-10-10 14:00:00+00:00
2023-10-11 08:00:00+00:00,long,EXECUTE,pullback_recovery,183080.0,3,1859.38,2023-10-11 09:00:00+00:00
2023-10-11 09:00:00+00:00,short,EXECUTE,pullback_recovery,183084.0,3,1862.48,2023-10-11 10:00:00+00:00
2023-10-11 10:00:00+00:00,long,INVALIDATE,adverse_move_limit,,0,,
2023-10-11 11:00:00+00:00,long,EXECUTE,pullback_recovery,183090.0,1,1869.03,2023-10-11 11:30:00+00:00
2023-10-11 12:00:00+00:00,long,EXECUTE,pullback_recovery,183095.0,2,1870.72,2023-10-11 12:45:00+00:00
2023-10-11 13:00:00+00:00,short,EXECUTE,pullback_recovery,183100.0,3,1873.91,2023-10-11 14:00:00+00:00
2023-10-11 14:00:00+00:00,short,EXECUTE,pullback_recovery,183102.0,1,1872.35,2023-10-11 14:30:00+00:00
2023-10-11 15:00:00+00:00,short,EXECUTE,pullback_recovery,183109.0,4,1871.65,2023-10-11 16:15:00+00:00
2023-10-12 06:00:00+00:00,short,EXECUTE,pullback_recovery,183163.0,2,1877.71,2023-10-12 06:45:00+00:00
2023-10-12 07:00:00+00:00,short,EXECUTE,pullback_recovery,183168.0,3,1878.87,2023-10-12 08:00:00+00:00
2023-10-12 08:00:00+00:00,short,EXECUTE,pullback_recovery,183177.0,8,1880.8,2023-10-12 10:15:00+00:00
2023-10-12 09:00:00+00:00,short,EXECUTE,pullback_recovery,183175.0,2,1882.16,2023-10-12 09:45:00+00:00
2023-10-12 10:00:00+00:00,short,EXECUTE,pullback_recovery,183180.0,3,1878.84,2023-10-12 11:00:00+00:00
2023-10-12 11:00:00+00:00,short,EXECUTE,pullback_recovery,183182.0,1,1880.46,2023-10-12 11:30:00+00:00
2023-10-12 12:00:00+00:00,short,EXECUTE,pullback_recovery,183188.0,3,1880.93,2023-10-12 13:00:00+00:00
2023-10-12 13:00:00+00:00,short,EXECUTE,pullback_recovery,183190.0,1,1881.28,2023-10-12 13:30:00+00:00
2023-10-12 14:00:00+00:00,short,EXECUTE,pullback_recovery,183196.0,3,1883.57,2023-10-12 15:00:00+00:00
2023-10-12 15:00:00+00:00,short,INVALIDATE,adverse_move_limit,,0,,
2023-10-13 10:00:00+00:00,short,EXECUTE,pullback_recovery,183271.0,2,1882.01,2023-10-13 10:45:00+00:00
2023-10-13 11:00:00+00:00,short,EXECUTE,pullback_recovery,183276.0,3,1883.78,2023-10-13 12:00:00+00:00
2023-10-13 12:00:00+00:00,short,EXECUTE,pullback_recovery,183279.0,2,1886.83,2023-10-13 12:45:00+00:00
2023-10-13 13:00:00+00:00,short,EXECUTE,pullback_recovery,183282.0,1,1887.53,2023-10-13 13:30:00+00:00
2023-10-16 08:00:00+00:00,long,EXECUTE,pullback_recovery,183356.0,3,1914.94,2023-10-16 09:00:00+00:00
2023-10-16 11:00:00+00:00,long,EXECUTE,pullback_recovery,183367.0,2,1912.85,2023-10-16 11:45:00+00:00
2023-10-16 12:00:00+00:00,long,EXECUTE,pullback_recovery,183371.0,2,1915.68,2023-10-16 12:45:00+00:00
2023-10-16 13:00:00+00:00,long,EXECUTE,pullback_recovery,183374.0,1,1917.28,2023-10-16 13:30:00+00:00
2023-10-16 14:00:00+00:00,long,EXECUTE,pullback_recovery,183378.0,1,1916.15,2023-10-16 14:30:00+00:00
2023-10-17 07:00:00+00:00,short,EXECUTE,pullback_recovery,183442.0,1,1915.01,2023-10-17 07:30:00+00:00
2023-10-17 08:00:00+00:00,short,EXECUTE,pullback_recovery,183448.0,3,1916.45,2023-10-17 09:00:00+00:00
2023-10-17 09:00:00+00:00,long,EXECUTE,pullback_recovery,183450.0,1,1917.43,2023-10-17 09:30:00+00:00
2023-10-17 10:00:00+00:00,long,EXECUTE,pullback_recovery,183455.0,2,1919.52,2023-10-17 10:45:00+00:00
2023-10-17 11:00:00+00:00,long,EXECUTE,pullback_recovery,183458.0,1,1919.79,2023-10-17 11:30:00+00:00
2023-10-17 12:00:00+00:00,long,EXECUTE,pullback_recovery,183462.0,1,1922.76,2023-10-17 12:30:00+00:00
2023-10-17 13:00:00+00:00,long,EXECUTE,pullback_recovery,183469.0,4,1923.29,2023-10-17 14:15:00+00:00
2023-10-17 14:00:00+00:00,long,EXECUTE,pullback_recovery,183470.0,1,1923.6,2023-10-17 14:30:00+00:00
2023-10-19 05:00:00+00:00,long,EXECUTE,pullback_recovery,183618.0,1,1948.96,2023-10-19 05:30:00+00:00
2023-10-19 06:00:00+00:00,long,EXECUTE,pullback_recovery,183624.0,3,1946.32,2023-10-19 07:00:00+00:00
2023-10-19 13:00:00+00:00,long,EXECUTE,pullback_recovery,183651.0,2,1950.87,2023-10-19 13:45:00+00:00
2023-10-19 14:00:00+00:00,long,EXECUTE,pullback_recovery,183656.0,3,1952.09,2023-10-19 15:00:00+00:00
2023-10-20 04:00:00+00:00,long,EXECUTE,pullback_recovery,183707.0,2,1976.43,2023-10-20 04:45:00+00:00
2023-10-23 03:00:00+00:00,long,EXECUTE,pullback_recovery,183796.0,3,1966.26,2023-10-23 04:00:00+00:00
2023-10-23 04:00:00+00:00,long,EXECUTE,pullback_recovery,183798.0,1,1966.63,2023-10-23 04:30:00+00:00
2023-10-23 05:00:00+00:00,long,EXECUTE,pullback_recovery,183803.0,2,1972.29,2023-10-23 05:45:00+00:00
2023-10-23 06:00:00+00:00,long,EXECUTE,pullback_recovery,183808.0,3,1973.71,2023-10-23 07:00:00+00:00
2023-10-23 13:00:00+00:00,long,EXECUTE,pullback_recovery,183836.0,3,1977.45,2023-10-23 14:00:00+00:00
2023-10-23 14:00:00+00:00,long,EXECUTE,pullback_recovery,183839.0,2,1979.02,2023-10-23 14:45:00+00:00
2023-10-23 17:00:00+00:00,long,EXECUTE,pullback_recovery,183850.0,1,1976.02,2023-10-23 17:30:00+00:00
2023-10-23 18:00:00+00:00,long,EXECUTE,pullback_recovery,183856.0,3,1975.38,2023-10-23 19:00:00+00:00
2023-10-23 19:00:00+00:00,long,EXECUTE,pullback_recovery,183861.0,4,1976.08,2023-10-23 20:15:00+00:00
2023-10-23 20:00:00+00:00,long,EXECUTE,pullback_recovery,183862.0,1,1976.09,2023-10-23 20:30:00+00:00
2023-10-23 21:00:00+00:00,long,EXECUTE,pullback_recovery,183866.0,1,1977.04,2023-10-23 21:30:00+00:00
2023-10-23 22:00:00+00:00,long,EXECUTE,pullback_recovery,183872.0,3,1973.21,2023-10-23 23:00:00+00:00
2023-10-24 02:00:00+00:00,long,EXECUTE,pullback_recovery,183882.0,1,1973.58,2023-10-24 02:30:00+00:00
2023-10-24 03:00:00+00:00,long,EXECUTE,pullback_recovery,183886.0,1,1975.06,2023-10-24 03:30:00+00:00
2023-10-24 04:00:00+00:00,long,EXECUTE,pullback_recovery,183892.0,3,1976.59,2023-10-24 05:00:00+00:00
2023-10-24 05:00:00+00:00,long,EXECUTE,pullback_recovery,183898.0,5,1977.33,2023-10-24 06:30:00+00:00
2023-10-24 06:00:00+00:00,long,EXECUTE,pullback_recovery,183898.0,1,1977.33,2023-10-24 06:30:00+00:00
2023-10-24 08:00:00+00:00,short,EXECUTE,pullback_recovery,183910.0,5,1977.2,2023-10-24 09:30:00+00:00
2023-10-24 09:00:00+00:00,short,EXECUTE,pullback_recovery,183910.0,1,1977.2,2023-10-24 09:30:00+00:00
2023-10-24 10:00:00+00:00,short,EXECUTE,pullback_recovery,183914.0,1,1976.33,2023-10-24 10:30:00+00:00
2023-10-24 12:00:00+00:00,long,EXECUTE,pullback_recovery,183922.0,1,1967.39,2023-10-24 12:30:00+00:00
2023-10-24 13:00:00+00:00,long,EXECUTE,pullback_recovery,183928.0,3,1961.87,2023-10-24 14:00:00+00:00
2023-10-24 14:00:00+00:00,long,EXECUTE,pullback_recovery,183932.0,3,1963.76,2023-10-24 15:00:00+00:00
2023-10-30 07:00:00+00:00,short,EXECUTE,pullback_recovery,184276.0,3,1999.72,2023-10-30 08:00:00+00:00
2023-10-30 08:00:00+00:00,short,EXECUTE,pullback_recovery,184280.0,3,1995.57,2023-10-30 09:00:00+00:00
2023-10-30 09:00:00+00:00,short,EXECUTE,pullback_recovery,184283.0,2,1995.51,2023-10-30 09:45:00+00:00
2023-10-30 10:00:00+00:00,short,EXECUTE,pullback_recovery,184286.0,1,1993.35,2023-10-30 10:30:00+00:00
2023-10-30 11:00:00+00:00,short,EXECUTE,pullback_recovery,184292.0,3,1996.58,2023-10-30 12:00:00+00:00
2023-10-30 12:00:00+00:00,short,EXECUTE,pullback_recovery,184296.0,3,1994.42,2023-10-30 13:00:00+00:00
2023-10-30 13:00:00+00:00,short,EXECUTE,pullback_recovery,184303.0,6,1996.59,2023-10-30 14:45:00+00:00
2023-10-30 14:00:00+00:00,short,EXECUTE,pullback_recovery,184303.0,2,1996.59,2023-10-30 14:45:00+00:00
2023-10-31 07:00:00+00:00,short,EXECUTE,pullback_recovery,184368.0,3,1993.16,2023-10-31 08:00:00+00:00
2023-10-31 08:00:00+00:00,short,EXECUTE,pullback_recovery,184372.0,3,1994.95,2023-10-31 09:00:00+00:00
2023-10-31 09:00:00+00:00,short,EXECUTE,pullback_recovery,184376.0,3,1996.29,2023-10-31 10:00:00+00:00
2023-10-31 10:00:00+00:00,short,EXECUTE,pullback_recovery,184378.0,1,1996.01,2023-10-31 10:30:00+00:00
2023-10-31 11:00:00+00:00,short,EXECUTE,pullback_recovery,184384.0,3,1997.47,2023-10-31 12:00:00+00:00
2023-10-31 12:00:00+00:00,short,EXECUTE,pullback_recovery,184392.0,7,1999.94,2023-10-31 14:00:00+00:00
2023-10-31 13:00:00+00:00,short,EXECUTE,pullback_recovery,184392.0,3,1999.94,2023-10-31 14:00:00+00:00
2023-10-31 14:00:00+00:00,short,INVALIDATE,adverse_move_limit,,0,,
2023-10-31 15:00:00+00:00,short,EXECUTE,pullback_recovery,184400.0,3,2002.61,2023-10-31 16:00:00+00:00
2023-10-31 16:00:00+00:00,short,INVALIDATE,adverse_move_limit,,0,,
2023-11-01 07:00:00+00:00,long,EXECUTE,pullback_recovery,184458.0,1,1978.52,2023-11-01 07:30:00+00:00
2023-11-01 12:00:00+00:00,short,EXECUTE,pullback_recovery,184478.0,1,1983.01,2023-11-01 12:30:00+00:00
2023-11-01 13:00:00+00:00,short,EXECUTE,pullback_recovery,184482.0,1,1983.47,2023-11-01 13:30:00+00:00
2023-11-02 09:00:00+00:00,short,EXECUTE,pullback_recovery,184559.0,2,1984.7,2023-11-02 09:45:00+00:00
2023-11-02 10:00:00+00:00,short,EXECUTE,pullback_recovery,184564.0,3,1986.83,2023-11-02 11:00:00+00:00
2023-11-02 12:00:00+00:00,long,EXECUTE,pullback_recovery,184571.0,2,1988.86,2023-11-02 12:45:00+00:00
2023-11-02 13:00:00+00:00,short,EXECUTE,pullback_recovery,184574.0,1,1988.19,2023-11-02 13:30:00+00:00
2023-11-02 14:00:00+00:00,short,EXECUTE,pullback_recovery,184579.0,2,1989.54,2023-11-02 14:45:00+00:00
2023-11-03 06:00:00+00:00,short,EXECUTE,pullback_recovery,184638.0,1,1985.8,2023-11-03 06:30:00+00:00
2023-11-03 07:00:00+00:00,short,EXECUTE,pullback_recovery,184644.0,3,1987.1,2023-11-03 08:00:00+00:00
2023-11-03 08:00:00+00:00,short,EXECUTE,pullback_recovery,184648.0,3,1987.67,2023-11-03 09:00:00+00:00
2023-11-03 09:00:00+00:00,long,EXECUTE,pullback_recovery,184652.0,3,1986.49,2023-11-03 10:00:00+00:00
2023-11-03 10:00:00+00:00,long,EXECUTE,pullback_recovery,184655.0,2,1987.96,2023-11-03 10:45:00+00:00
2023-11-03 11:00:00+00:00,long,EXECUTE,pullback_recovery,184658.0,1,1989.38,2023-11-03 11:30:00+00:00
2023-11-03 12:00:00+00:00,long,EXECUTE,pullback_recovery,184664.0,3,1988.3,2023-11-03 13:00:00+00:00
2023-11-03 13:00:00+00:00,long,EXECUTE,pullback_recovery,184666.0,1,1988.33,2023-11-03 13:30:00+00:00
2023-11-03 14:00:00+00:00,long,INVALIDATE,adverse_move_limit,,0,,
2023-11-06 12:00:00+00:00,long,EXECUTE,pullback_recovery,184751.0,2,1987.17,2023-11-06 12:45:00+00:00
2023-11-06 13:00:00+00:00,long,EXECUTE,pullback_recovery,184754.0,1,1987.13,2023-11-06 13:30:00+00:00
2023-11-06 14:00:00+00:00,long,EXECUTE,pullback_recovery,184759.0,2,1985.69,2023-11-06 14:45:00+00:00
2023-11-07 07:00:00+00:00,short,EXECUTE,pullback_recovery,184824.0,3,1973.7,2023-11-07 08:00:00+00:00
2023-11-07 08:00:00+00:00,short,EXECUTE,pullback_recovery,184826.0,1,1971.93,2023-11-07 08:30:00+00:00
2023-11-07 09:00:00+00:00,long,EXECUTE,pullback_recovery,184830.0,1,1968.41,2023-11-07 09:30:00+00:00
2023-11-07 10:00:00+00:00,long,EXECUTE,pullback_recovery,184836.0,3,1966.73,2023-11-07 11:00:00+00:00
2023-11-07 11:00:00+00:00,long,EXECUTE,pullback_recovery,184838.0,1,1967.76,2023-11-07 11:30:00+00:00
2023-11-07 12:00:00+00:00,long,EXECUTE,pullback_recovery,184842.0,1,1965.92,2023-11-07 12:30:00+00:00
2023-11-07 13:00:00+00:00,long,EXECUTE,pullback_recovery,184847.0,2,1963.52,2023-11-07 13:45:00+00:00
2023-11-08 08:00:00+00:00,long,EXECUTE,pullback_recovery,184918.0,1,1968.47,2023-11-08 08:30:00+00:00
2023-11-08 09:00:00+00:00,long,EXECUTE,pullback_recovery,184922.0,1,1966.98,2023-11-08 09:30:00+00:00
2023-11-08 10:00:00+00:00,long,EXECUTE,pullback_recovery,184926.0,1,1968.18,2023-11-08 10:30:00+00:00
2023-11-08 11:00:00+00:00,long,INVALIDATE,adverse_move_limit,,4,,
2023-11-08 12:00:00+00:00,long,EXECUTE,pullback_recovery,184936.0,3,1962.04,2023-11-08 13:00:00+00:00
2023-11-08 13:00:00+00:00,long,EXECUTE,pullback_recovery,184938.0,1,1964.17,2023-11-08 13:30:00+00:00
2023-11-08 14:00:00+00:00,long,EXECUTE,pullback_recovery,184942.0,1,1963.36,2023-11-08 14:30:00+00:00
2023-11-09 07:00:00+00:00,short,EXECUTE,pullback_recovery,185010.0,5,1949.95,2023-11-09 08:30:00+00:00
2023-11-09 08:00:00+00:00,short,EXECUTE,pullback_recovery,185012.0,3,1949.27,2023-11-09 09:00:00+00:00
2023-11-09 09:00:00+00:00,short,EXECUTE,pullback_recovery,185015.0,2,1949.92,2023-11-09 09:45:00+00:00
2023-11-09 10:00:00+00:00,short,EXECUTE,pullback_recovery,185020.0,3,1948.48,2023-11-09 11:00:00+00:00
2023-11-09 11:00:00+00:00,short,EXECUTE,pullback_recovery,185022.0,1,1948.11,2023-11-09 11:30:00+00:00
2023-11-09 12:00:00+00:00,short,EXECUTE,pullback_recovery,185028.0,3,1947.1,2023-11-09 13:00:00+00:00
2023-11-09 13:00:00+00:00,short,EXECUTE,pullback_recovery,185032.0,3,1948.81,2023-11-09 14:00:00+00:00
2023-11-09 14:00:00+00:00,short,EXECUTE,pullback_recovery,185035.0,2,1946.6,2023-11-09 14:45:00+00:00
2023-11-09 15:00:00+00:00,short,EXECUTE,pullback_recovery,185040.0,3,1950.58,2023-11-09 16:00:00+00:00
2023-11-10 07:00:00+00:00,short,EXECUTE,pullback_recovery,185098.0,1,1957.21,2023-11-10 07:30:00+00:00
2023-11-10 08:00:00+00:00,short,EXECUTE,pullback_recovery,185102.0,1,1957.58,2023-11-10 08:30:00+00:00
2023-11-10 09:00:00+00:00,short,EXECUTE,pullback_recovery,185106.0,1,1954.86,2023-11-10 09:30:00+00:00
2023-11-10 10:00:00+00:00,short,EXECUTE,pullback_recovery,185112.0,3,1954.94,2023-11-10 11:00:00+00:00
2023-11-10 11:00:00+00:00,short,EXECUTE,pullback_recovery,185116.0,3,1953.94,2023-11-10 12:00:00+00:00
2023-11-10 12:00:00+00:00,short,EXECUTE,pullback_recovery,185120.0,3,1954.14,2023-11-10 13:00:00+00:00
2023-11-10 13:00:00+00:00,short,EXECUTE,pullback_recovery,185122.0,1,1948.65,2023-11-10 13:30:00+00:00
2023-11-10 14:00:00+00:00,short,EXECUTE,pullback_recovery,185126.0,1,1946.9,2023-11-10 14:30:00+00:00
2023-11-10 15:00:00+00:00,short,EXECUTE,pullback_recovery,185130.0,1,1945.32,2023-11-10 15:30:00+00:00
2023-11-13 11:00:00+00:00,short,EXECUTE,pullback_recovery,185207.0,2,1938.79,2023-11-13 11:45:00+00:00
2023-11-13 12:00:00+00:00,short,INVALIDATE,max_wait_exceeded,,16,,
2023-11-13 13:00:00+00:00,short,EXECUTE,pullback_recovery,185214.0,1,1938.1,2023-11-13 13:30:00+00:00
2023-11-13 14:00:00+00:00,short,EXECUTE,pullback_recovery,185220.0,3,1936.26,2023-11-13 15:00:00+00:00
2023-11-14 08:00:00+00:00,short,EXECUTE,pullback_recovery,185286.0,1,1944.96,2023-11-14 08:30:00+00:00
2023-11-14 09:00:00+00:00,short,EXECUTE,pullback_recovery,185290.0,1,1945.84,2023-11-14 09:30:00+00:00
2023-11-14 10:00:00+00:00,short,EXECUTE,pullback_recovery,185295.0,2,1944.58,2023-11-14 10:45:00+00:00
2023-11-14 14:00:00+00:00,short,EXECUTE,pullback_recovery,185310.0,1,1945.87,2023-11-14 14:30:00+00:00
2023-11-15 08:00:00+00:00,long,EXECUTE,pullback_recovery,185378.0,1,1969.59,2023-11-15 08:30:00+00:00
2023-11-15 09:00:00+00:00,long,EXECUTE,pullback_recovery,185382.0,1,1969.27,2023-11-15 09:30:00+00:00
2023-11-15 10:00:00+00:00,long,EXECUTE,pullback_recovery,185386.0,1,1972.05,2023-11-15 10:30:00+00:00
2023-11-15 11:00:00+00:00,long,EXECUTE,pullback_recovery,185392.0,3,1971.5,2023-11-15 12:00:00+00:00
2023-11-15 12:00:00+00:00,long,EXECUTE,pullback_recovery,185394.0,1,1973.21,2023-11-15 12:30:00+00:00
2023-11-15 13:00:00+00:00,long,EXECUTE,pullback_recovery,185398.0,1,1972.88,2023-11-15 13:30:00+00:00
2023-11-16 08:00:00+00:00,long,EXECUTE,pullback_recovery,185471.0,2,1966.71,2023-11-16 08:45:00+00:00
2023-11-16 09:00:00+00:00,long,EXECUTE,pullback_recovery,185474.0,1,1966.64,2023-11-16 09:30:00+00:00
2023-11-16 10:00:00+00:00,long,EXECUTE,pullback_recovery,185478.0,1,1966.88,2023-11-16 10:30:00+00:00
2023-11-16 11:00:00+00:00,long,EXECUTE,pullback_recovery,185484.0,3,1966.25,2023-11-16 12:00:00+00:00
2023-11-16 12:00:00+00:00,long,EXECUTE,pullback_recovery,185487.0,2,1965.44,2023-11-16 12:45:00+00:00
2023-11-16 13:00:00+00:00,long,EXECUTE,pullback_recovery,185492.0,3,1965.6,2023-11-16 14:00:00+00:00
2023-11-16 14:00:00+00:00,long,EXECUTE,pullback_recovery,185494.0,1,1963.52,2023-11-16 14:30:00+00:00
2023-11-17 08:00:00+00:00,short,EXECUTE,pullback_recovery,185563.0,2,1982.77,2023-11-17 08:45:00+00:00
2023-11-17 09:00:00+00:00,short,EXECUTE,pullback_recovery,185571.0,6,1986.72,2023-11-17 10:45:00+00:00
2023-11-17 10:00:00+00:00,short,EXECUTE,pullback_recovery,185572.0,3,1988.7,2023-11-17 11:00:00+00:00
2023-11-17 11:00:00+00:00,short,EXECUTE,pullback_recovery,185574.0,1,1990.96,2023-11-17 11:30:00+00:00
2023-11-17 12:00:00+00:00,short,EXECUTE,pullback_recovery,185579.0,2,1992.01,2023-11-17 12:45:00+00:00
2023-11-17 13:00:00+00:00,short,EXECUTE,pullback_recovery,185583.0,2,1987.99,2023-11-17 13:45:00+00:00
2023-11-17 14:00:00+00:00,short,EXECUTE,pullback_recovery,185587.0,2,1989.61,2023-11-17 14:45:00+00:00
2023-11-17 15:00:00+00:00,short,INVALIDATE,adverse_move_limit,,0,,
2023-11-20 08:00:00+00:00,short,EXECUTE,pullback_recovery,185654.0,1,1980.76,2023-11-20 08:30:00+00:00
2023-11-20 09:00:00+00:00,short,EXECUTE,pullback_recovery,185658.0,1,1979.62,2023-11-20 09:30:00+00:00
2023-11-20 10:00:00+00:00,short,EXECUTE,pullback_recovery,185662.0,1,1977.23,2023-11-20 10:30:00+00:00
2023-11-20 11:00:00+00:00,short,EXECUTE,pullback_recovery,185667.0,2,1978.3,2023-11-20 11:45:00+00:00
2023-11-20 12:00:00+00:00,short,EXECUTE,pullback_recovery,185670.0,1,1976.36,2023-11-20 12:30:00+00:00
2023-11-20 13:00:00+00:00,short,EXECUTE,pullback_recovery,185675.0,2,1973.07,2023-11-20 13:45:00+00:00
2023-11-22 08:00:00+00:00,short,EXECUTE,pullback_recovery,185838.0,1,1999.21,2023-11-22 08:30:00+00:00
2023-11-22 09:00:00+00:00,short,EXECUTE,pullback_recovery,185844.0,3,2003.74,2023-11-22 10:00:00+00:00
2023-11-23 08:00:00+00:00,short,EXECUTE,pullback_recovery,185930.0,1,1995.73,2023-11-23 08:30:00+00:00
2023-11-23 09:00:00+00:00,short,EXECUTE,pullback_recovery,185935.0,2,1997.09,2023-11-23 09:45:00+00:00
2023-11-23 10:00:00+00:00,short,EXECUTE,pullback_recovery,185938.0,1,1994.59,2023-11-23 10:30:00+00:00
2023-11-23 12:00:00+00:00,short,EXECUTE,pullback_recovery,185946.0,1,1993.11,2023-11-23 12:30:00+00:00
2023-11-23 13:00:00+00:00,long,EXECUTE,pullback_recovery,185950.0,1,1993.84,2023-11-23 13:30:00+00:00
2023-11-23 14:00:00+00:00,long,EXECUTE,pullback_recovery,185955.0,2,1992.56,2023-11-23 14:45:00+00:00
2023-11-24 07:00:00+00:00,short,EXECUTE,pullback_recovery,186004.0,1,1993.92,2023-11-24 07:30:00+00:00
2023-11-24 08:00:00+00:00,short,EXECUTE,pullback_recovery,186010.0,3,1993.65,2023-11-24 09:00:00+00:00
2023-11-24 09:00:00+00:00,short,EXECUTE,pullback_recovery,186013.0,2,1993.64,2023-11-24 09:45:00+00:00
2023-11-24 10:00:00+00:00,short,EXECUTE,pullback_recovery,186016.0,1,1993.34,2023-11-24 10:30:00+00:00
2023-11-24 11:00:00+00:00,short,EXECUTE,pullback_recovery,186020.0,1,1994.55,2023-11-24 11:30:00+00:00
2023-11-24 12:00:00+00:00,short,EXECUTE,pullback_recovery,186024.0,1,1995.42,2023-11-24 12:30:00+00:00
2023-11-24 13:00:00+00:00,short,EXECUTE,pullback_recovery,186028.0,1,1995.41,2023-11-24 13:30:00+00:00
2023-11-24 14:00:00+00:00,short,EXECUTE,pullback_recovery,186033.0,2,1995.34,2023-11-24 14:45:00+00:00
2023-11-24 15:00:00+00:00,short,EXECUTE,pullback_recovery,186038.0,3,1999.59,2023-11-24 16:00:00+00:00
2023-11-27 09:00:00+00:00,short,EXECUTE,pullback_recovery,186093.0,3,2010.93,2023-11-27 10:00:00+00:00
2023-11-27 10:00:00+00:00,short,EXECUTE,pullback_recovery,186100.0,6,2014.3,2023-11-27 11:45:00+00:00
2023-11-27 11:00:00+00:00,short,EXECUTE,pullback_recovery,186101.0,3,2013.41,2023-11-27 12:00:00+00:00
2023-11-27 12:00:00+00:00,short,EXECUTE,pullback_recovery,186104.0,2,2014.61,2023-11-27 12:45:00+00:00
2023-11-27 13:00:00+00:00,short,EXECUTE,pullback_recovery,186108.0,2,2011.96,2023-11-27 13:45:00+00:00
2023-11-27 14:00:00+00:00,short,EXECUTE,pullback_recovery,186111.0,1,2012.06,2023-11-27 14:30:00+00:00
2023-11-28 07:00:00+00:00,short,EXECUTE,pullback_recovery,186175.0,1,2015.34,2023-11-28 07:30:00+00:00
2023-11-28 08:00:00+00:00,short,EXECUTE,pullback_recovery,186179.0,1,2015.27,2023-11-28 08:30:00+00:00
2023-11-28 09:00:00+00:00,short,EXECUTE,pullback_recovery,186183.0,1,2014.86,2023-11-28 09:30:00+00:00
2023-11-28 10:00:00+00:00,short,EXECUTE,pullback_recovery,186189.0,3,2015.42,2023-11-28 11:00:00+00:00
2023-11-28 11:00:00+00:00,short,EXECUTE,pullback_recovery,186191.0,1,2015.77,2023-11-28 11:30:00+00:00
2023-11-28 12:00:00+00:00,short,EXECUTE,pullback_recovery,186195.0,1,2014.6,2023-11-28 12:30:00+00:00
2023-11-28 13:00:00+00:00,short,EXECUTE,pullback_recovery,186199.0,1,2015.36,2023-11-28 13:30:00+00:00
2023-11-28 14:00:00+00:00,short,EXECUTE,pullback_recovery,186205.0,3,2014.36,2023-11-28 15:00:00+00:00
2023-11-29 09:00:00+00:00,long,EXECUTE,pullback_recovery,186277.0,3,2042.32,2023-11-29 10:00:00+00:00
2023-11-29 10:00:00+00:00,long,EXECUTE,pullback_recovery,186279.0,1,2042.06,2023-11-29 10:30:00+00:00
2023-11-30 14:00:00+00:00,long,EXECUTE,pullback_recovery,186387.0,1,2038.04,2023-11-30 14:30:00+00:00
2023-12-01 06:00:00+00:00,long,EXECUTE,pullback_recovery,186447.0,1,2039.89,2023-12-01 06:30:00+00:00
2023-12-01 07:00:00+00:00,long,EXECUTE,pullback_recovery,186452.0,2,2040.59,2023-12-01 07:45:00+00:00
2023-12-01 08:00:00+00:00,long,EXECUTE,pullback_recovery,186457.0,3,2040.53,2023-12-01 09:00:00+00:00
2023-12-01 09:00:00+00:00,long,EXECUTE,pullback_recovery,186461.0,3,2039.55,2023-12-01 10:00:00+00:00
2023-12-01 10:00:00+00:00,long,INVALIDATE,adverse_move_limit,,0,,
2023-12-01 11:00:00+00:00,long,EXECUTE,pullback_recovery,186467.0,1,2047.53,2023-12-01 11:30:00+00:00
2023-12-01 12:00:00+00:00,long,EXECUTE,pullback_recovery,186473.0,3,2043.76,2023-12-01 13:00:00+00:00
2023-12-04 02:00:00+00:00,short,EXECUTE,pullback_recovery,186523.0,1,2102.82,2023-12-04 02:30:00+00:00
2023-12-04 03:00:00+00:00,short,EXECUTE,pullback_recovery,186528.0,2,2086.75,2023-12-04 03:45:00+00:00
2023-12-04 04:00:00+00:00,short,EXECUTE,pullback_recovery,186534.0,4,2086.39,2023-12-04 05:15:00+00:00
2023-12-04 05:00:00+00:00,short,EXECUTE,pullback_recovery,186536.0,2,2086.37,2023-12-04 05:45:00+00:00
2023-12-04 06:00:00+00:00,short,EXECUTE,pullback_recovery,186545.0,7,2086.03,2023-12-04 08:00:00+00:00
2023-12-04 12:00:00+00:00,short,EXECUTE,pullback_recovery,186564.0,2,2067.4,2023-12-04 12:45:00+00:00
2023-12-04 13:00:00+00:00,short,EXECUTE,pullback_recovery,186568.0,2,2070.86,2023-12-04 13:45:00+00:00
2023-12-04 14:00:00+00:00,short,EXECUTE,pullback_recovery,186571.0,1,2069.28,2023-12-04 14:30:00+00:00
2023-12-04 15:00:00+00:00,short,EXECUTE,pullback_recovery,186577.0,3,2057.67,2023-12-04 16:00:00+00:00
2023-12-07 12:00:00+00:00,short,EXECUTE,pullback_recovery,186839.0,1,2033.34,2023-12-07 12:30:00+00:00
2023-12-07 13:00:00+00:00,short,EXECUTE,pullback_recovery,186843.0,1,2031.55,2023-12-07 13:30:00+00:00
2023-12-07 14:00:00+00:00,short,EXECUTE,pullback_recovery,186850.0,4,2032.06,2023-12-07 15:15:00+00:00
2023-12-12 08:00:00+00:00,long,EXECUTE,pullback_recovery,187099.0,1,1987.71,2023-12-12 08:30:00+00:00
2023-12-12 09:00:00+00:00,long,EXECUTE,pullback_recovery,187104.0,2,1987.09,2023-12-12 09:45:00+00:00
2023-12-12 10:00:00+00:00,long,EXECUTE,pullback_recovery,187110.0,4,1983.78,2023-12-12 11:15:00+00:00
2023-12-12 11:00:00+00:00,long,EXECUTE,pullback_recovery,187112.0,2,1984.52,2023-12-12 11:45:00+00:00
2023-12-12 12:00:00+00:00,long,EXECUTE,pullback_recovery,187115.0,1,1986.66,2023-12-12 12:30:00+00:00
2023-12-12 13:00:00+00:00,short,EXECUTE,pullback_recovery,187122.0,4,1988.6,2023-12-12 14:15:00+00:00
2023-12-12 14:00:00+00:00,short,EXECUTE,pullback_recovery,187123.0,1,1988.05,2023-12-12 14:30:00+00:00
2023-12-13 03:00:00+00:00,short,EXECUTE,pullback_recovery,187171.0,1,1980.63,2023-12-13 03:30:00+00:00
2023-12-13 05:00:00+00:00,short,EXECUTE,pullback_recovery,187180.0,2,1978.64,2023-12-13 05:45:00+00:00
2023-12-13 07:00:00+00:00,short,EXECUTE,pullback_recovery,187187.0,1,1978.92,2023-12-13 07:30:00+00:00
2023-12-13 08:00:00+00:00,short,EXECUTE,pullback_recovery,187191.0,1,1973.76,2023-12-13 08:30:00+00:00
2023-12-13 09:00:00+00:00,short,EXECUTE,pullback_recovery,187197.0,3,1979.25,2023-12-13 10:00:00+00:00
2023-12-13 10:00:00+00:00,short,EXECUTE,pullback_recovery,187199.0,1,1980.29,2023-12-13 10:30:00+00:00
2023-12-13 11:00:00+00:00,short,EXECUTE,pullback_recovery,187206.0,4,1982.68,2023-12-13 12:15:00+00:00
2023-12-13 12:00:00+00:00,short,EXECUTE,pullback_recovery,187210.0,4,1982.33,2023-12-13 13:15:00+00:00
2023-12-13 13:00:00+00:00,short,EXECUTE,pullback_recovery,187212.0,2,1982.9,2023-12-13 13:45:00+00:00
2023-12-13 14:00:00+00:00,short,EXECUTE,pullback_recovery,187216.0,2,1981.88,2023-12-13 14:45:00+00:00
2023-12-13 15:00:00+00:00,short,EXECUTE,pullback_recovery,187220.0,2,1983.39,2023-12-13 15:45:00+00:00
2023-12-18 08:00:00+00:00,long,EXECUTE,pullback_recovery,187467.0,1,2023.25,2023-12-18 08:30:00+00:00
2023-12-18 09:00:00+00:00,long,EXECUTE,pullback_recovery,187473.0,3,2023.14,2023-12-18 10:00:00+00:00
2023-12-18 10:00:00+00:00,long,EXECUTE,pullback_recovery,187476.0,2,2024.32,2023-12-18 10:45:00+00:00
2023-12-18 11:00:00+00:00,long,EXECUTE,pullback_recovery,187481.0,3,2022.94,2023-12-18 12:00:00+00:00
2023-12-18 12:00:00+00:00,long,EXECUTE,pullback_recovery,187486.0,4,2020.69,2023-12-18 13:15:00+00:00
2023-12-18 13:00:00+00:00,long,EXECUTE,pullback_recovery,187487.0,1,2021.5,2023-12-18 13:30:00+00:00
2023-12-18 14:00:00+00:00,long,EXECUTE,pullback_recovery,187491.0,1,2023.1,2023-12-18 14:30:00+00:00
2023-12-19 11:00:00+00:00,short,EXECUTE,pullback_recovery,187571.0,1,2026.0,2023-12-19 11:30:00+00:00
2023-12-19 12:00:00+00:00,short,EXECUTE,pullback_recovery,187575.0,1,2026.03,2023-12-19 12:30:00+00:00
2023-12-19 13:00:00+00:00,long,EXECUTE,pullback_recovery,187581.0,3,2026.53,2023-12-19 14:00:00+00:00
2023-12-19 14:00:00+00:00,long,EXECUTE,pullback_recovery,187584.0,2,2028.35,2023-12-19 14:45:00+00:00
2023-12-20 07:00:00+00:00,short,EXECUTE,pullback_recovery,187651.0,5,2040.6,2023-12-20 08:30:00+00:00
2023-12-20 08:00:00+00:00,long,EXECUTE,pullback_recovery,187652.0,2,2041.16,2023-12-20 08:45:00+00:00
2023-12-20 09:00:00+00:00,short,EXECUTE,pullback_recovery,187655.0,1,2042.61,2023-12-20 09:30:00+00:00
2023-12-20 10:00:00+00:00,short,EXECUTE,pullback_recovery,187660.0,2,2041.05,2023-12-20 10:45:00+00:00
2023-12-20 11:00:00+00:00,short,EXECUTE,pullback_recovery,187664.0,2,2040.16,2023-12-20 11:45:00+00:00
2023-12-20 12:00:00+00:00,long,EXECUTE,pullback_recovery,187669.0,3,2036.02,2023-12-20 13:00:00+00:00
2023-12-20 13:00:00+00:00,short,EXECUTE,pullback_recovery,187671.0,1,2033.48,2023-12-20 13:30:00+00:00
2023-12-20 14:00:00+00:00,short,EXECUTE,pullback_recovery,187675.0,1,2033.45,2023-12-20 14:30:00+00:00
2023-12-21 07:00:00+00:00,short,EXECUTE,pullback_recovery,187739.0,1,2037.02,2023-12-21 07:30:00+00:00
2023-12-21 08:00:00+00:00,long,EXECUTE,pullback_recovery,187745.0,3,2036.94,2023-12-21 09:00:00+00:00
2023-12-21 09:00:00+00:00,long,EXECUTE,pullback_recovery,187747.0,1,2035.49,2023-12-21 09:30:00+00:00
2023-12-21 10:00:00+00:00,short,EXECUTE,pullback_recovery,187751.0,1,2035.87,2023-12-21 10:30:00+00:00
2023-12-21 11:00:00+00:00,short,EXECUTE,pullback_recovery,187756.0,2,2035.22,2023-12-21 11:45:00+00:00
2023-12-21 12:00:00+00:00,short,EXECUTE,pullback_recovery,187759.0,1,2034.5,2023-12-21 12:30:00+00:00
2023-12-21 13:00:00+00:00,short,EXECUTE,pullback_recovery,187764.0,2,2034.07,2023-12-21 13:45:00+00:00
2023-12-21 14:00:00+00:00,short,EXECUTE,pullback_recovery,187768.0,2,2037.79,2023-12-21 14:45:00+00:00
2023-12-21 15:00:00+00:00,short,EXECUTE,pullback_recovery,187772.0,2,2043.28,2023-12-21 15:45:00+00:00
2023-12-22 07:00:00+00:00,short,EXECUTE,pullback_recovery,187832.0,2,2048.33,2023-12-22 07:45:00+00:00
2023-12-22 08:00:00+00:00,short,EXECUTE,pullback_recovery,187836.0,2,2047.23,2023-12-22 08:45:00+00:00
2023-12-22 09:00:00+00:00,short,EXECUTE,pullback_recovery,187841.0,3,2050.11,2023-12-22 10:00:00+00:00
2023-12-22 10:00:00+00:00,short,EXECUTE,pullback_recovery,187845.0,3,2051.45,2023-12-22 11:00:00+00:00
2023-12-22 11:00:00+00:00,short,EXECUTE,pullback_recovery,187849.0,3,2053.51,2023-12-22 12:00:00+00:00
2023-12-22 12:00:00+00:00,short,EXECUTE,pullback_recovery,187851.0,1,2056.28,2023-12-22 12:30:00+00:00
2023-12-22 13:00:00+00:00,short,EXECUTE,pullback_recovery,187856.0,2,2061.79,2023-12-22 13:45:00+00:00
2023-12-26 08:00:00+00:00,short,EXECUTE,pullback_recovery,187929.0,3,2064.09,2023-12-26 09:00:00+00:00
2023-12-26 09:00:00+00:00,short,EXECUTE,pullback_recovery,187933.0,3,2064.27,2023-12-26 10:00:00+00:00
2023-12-26 10:00:00+00:00,short,EXECUTE,pullback_recovery,187937.0,3,2061.45,2023-12-26 11:00:00+00:00
2023-12-26 11:00:00+00:00,short,EXECUTE,pullback_recovery,187939.0,1,2061.99,2023-12-26 11:30:00+00:00
2023-12-26 12:00:00+00:00,short,EXECUTE,pullback_recovery,187947.0,5,2063.71,2023-12-26 13:30:00+00:00
2023-12-26 13:00:00+00:00,short,EXECUTE,pullback_recovery,187947.0,1,2063.71,2023-12-26 13:30:00+00:00
2023-12-26 14:00:00+00:00,long,EXECUTE,pullback_recovery,187953.0,3,2061.86,2023-12-26 15:00:00+00:00
2023-12-27 02:00:00+00:00,short,EXECUTE,pullback_recovery,187997.0,3,2065.58,2023-12-27 03:00:00+00:00
2023-12-27 03:00:00+00:00,short,EXECUTE,pullback_recovery,187999.0,1,2066.51,2023-12-27 03:30:00+00:00
2023-12-27 04:00:00+00:00,short,EXECUTE,pullback_recovery,188003.0,1,2065.39,2023-12-27 04:30:00+00:00
2023-12-27 05:00:00+00:00,short,EXECUTE,pullback_recovery,188008.0,2,2065.51,2023-12-27 05:45:00+00:00
2023-12-27 06:00:00+00:00,short,EXECUTE,pullback_recovery,188014.0,4,2065.98,2023-12-27 07:15:00+00:00
2023-12-27 07:00:00+00:00,short,EXECUTE,pullback_recovery,188016.0,2,2064.7,2023-12-27 07:45:00+00:00
2023-12-27 08:00:00+00:00,short,EXECUTE,pullback_recovery,188020.0,2,2065.93,2023-12-27 08:45:00+00:00
2023-12-27 12:00:00+00:00,long,EXECUTE,pullback_recovery,188036.0,2,2064.37,2023-12-27 12:45:00+00:00
2023-12-28 07:00:00+00:00,long,EXECUTE,pullback_recovery,188109.0,3,2085.84,2023-12-28 08:00:00+00:00
2023-12-28 08:00:00+00:00,long,EXECUTE,pullback_recovery,188112.0,2,2085.98,2023-12-28 08:45:00+00:00
2023-12-28 09:00:00+00:00,long,EXECUTE,pullback_recovery,188116.0,2,2085.84,2023-12-28 09:45:00+00:00
2023-12-28 10:00:00+00:00,long,EXECUTE,pullback_recovery,188120.0,2,2077.89,2023-12-28 10:45:00+00:00
2023-12-28 11:00:00+00:00,long,EXECUTE,pullback_recovery,188124.0,2,2076.27,2023-12-28 11:45:00+00:00
2023-12-28 12:00:00+00:00,long,EXECUTE,pullback_recovery,188129.0,3,2077.24,2023-12-28 13:00:00+00:00
2023-12-28 13:00:00+00:00,long,EXECUTE,pullback_recovery,188133.0,3,2075.52,2023-12-28 14:00:00+00:00
2023-12-29 05:00:00+00:00,long,EXECUTE,pullback_recovery,188192.0,2,2070.15,2023-12-29 05:45:00+00:00
2023-12-29 06:00:00+00:00,long,EXECUTE,pullback_recovery,188196.0,2,2069.67,2023-12-29 06:45:00+00:00
2023-12-29 07:00:00+00:00,long,EXECUTE,pullback_recovery,188201.0,3,2072.24,2023-12-29 08:00:00+00:00
2023-12-29 08:00:00+00:00,long,EXECUTE,pullback_recovery,188203.0,1,2072.38,2023-12-29 08:30:00+00:00
2023-12-29 09:00:00+00:00,long,EXECUTE,pullback_recovery,188210.0,4,2073.32,2023-12-29 10:15:00+00:00
2023-12-29 10:00:00+00:00,long,EXECUTE,pullback_recovery,188214.0,4,2068.64,2023-12-29 11:15:00+00:00
2024-01-02 08:00:00+00:00,short,EXECUTE,pullback_recovery,188296.0,2,2075.15,2024-01-02 08:45:00+00:00
2024-01-02 09:00:00+00:00,short,EXECUTE,pullback_recovery,188301.0,3,2073.18,2024-01-02 10:00:00+00:00
2024-01-02 11:00:00+00:00,short,EXECUTE,pullback_recovery,188309.0,3,2077.06,2024-01-02 12:00:00+00:00
2024-01-02 12:00:00+00:00,short,EXECUTE,pullback_recovery,188313.0,3,2076.02,2024-01-02 13:00:00+00:00
2024-01-02 14:00:00+00:00,short,EXECUTE,pullback_recovery,188320.0,2,2067.21,2024-01-02 14:45:00+00:00
2024-01-02 15:00:00+00:00,short,EXECUTE,pullback_recovery,188323.0,1,2067.18,2024-01-02 15:30:00+00:00
2024-01-03 08:00:00+00:00,short,EXECUTE,pullback_recovery,188387.0,1,2064.66,2024-01-03 08:30:00+00:00
2024-01-03 09:00:00+00:00,short,EXECUTE,pullback_recovery,188393.0,3,2062.99,2024-01-03 10:00:00+00:00
2024-01-03 10:00:00+00:00,short,EXECUTE,pullback_recovery,188395.0,1,2060.74,2024-01-03 10:30:00+00:00
2024-01-03 13:00:00+00:00,short,EXECUTE,pullback_recovery,188408.0,2,2049.19,2024-01-03 13:45:00+00:00
2024-01-03 14:00:00+00:00,short,EXECUTE,pullback_recovery,188411.0,1,2043.55,2024-01-03 14:30:00+00:00
2024-01-03 15:00:00+00:00,short,EXECUTE,pullback_recovery,188415.0,1,2042.8,2024-01-03 15:30:00+00:00
2024-01-04 11:00:00+00:00,short,EXECUTE,pullback_recovery,188491.0,1,2047.23,2024-01-04 11:30:00+00:00
2024-01-04 12:00:00+00:00,short,EXECUTE,pullback_recovery,188495.0,1,2049.39,2024-01-04 12:30:00+00:00
2024-01-04 13:00:00+00:00,short,EXECUTE,pullback_recovery,188501.0,3,2045.16,2024-01-04 14:00:00+00:00
2024-01-04 14:00:00+00:00,short,EXECUTE,pullback_recovery,188506.0,4,2046.52,2024-01-04 15:15:00+00:00
2024-01-04 15:00:00+00:00,short,EXECUTE,pullback_recovery,188508.0,2,2039.44,2024-01-04 15:45:00+00:00
2024-01-05 08:00:00+00:00,short,EXECUTE,pullback_recovery,188571.0,1,2042.57,2024-01-05 08:30:00+00:00
2024-01-05 09:00:00+00:00,short,EXECUTE,pullback_recovery,188575.0,1,2044.76,2024-01-05 09:30:00+00:00
2024-01-05 10:00:00+00:00,short,EXECUTE,pullback_recovery,188579.0,1,2042.83,2024-01-05 10:30:00+00:00
2024-01-05 11:00:00+00:00,short,EXECUTE,pullback_recovery,188585.0,3,2038.88,2024-01-05 12:00:00+00:00
2024-01-05 12:00:00+00:00,short,EXECUTE,pullback_recovery,188589.0,3,2040.09,2024-01-05 13:00:00+00:00
2024-01-05 13:00:00+00:00,short,EXECUTE,pullback_recovery,188594.0,4,2039.9,2024-01-05 14:15:00+00:00
2024-01-05 14:00:00+00:00,short,EXECUTE,pullback_recovery,188596.0,2,2040.06,2024-01-05 14:45:00+00:00
2024-01-05 15:00:00+00:00,short,EXECUTE,pullback_recovery,188599.0,1,2037.53,2024-01-05 15:30:00+00:00
2024-01-08 12:00:00+00:00,short,EXECUTE,pullback_recovery,188679.0,1,2028.14,2024-01-08 12:30:00+00:00
2024-01-09 14:00:00+00:00,short,EXECUTE,pullback_recovery,188784.0,6,2037.02,2024-01-09 15:45:00+00:00
2024-01-10 07:00:00+00:00,short,EXECUTE,pullback_recovery,188844.0,2,2028.09,2024-01-10 07:45:00+00:00
2024-01-10 08:00:00+00:00,short,EXECUTE,pullback_recovery,188848.0,2,2025.37,2024-01-10 08:45:00+00:00
2024-01-10 09:00:00+00:00,short,EXECUTE,pullback_recovery,188852.0,2,2031.06,2024-01-10 09:45:00+00:00
2024-01-10 10:00:00+00:00,short,EXECUTE,pullback_recovery,188855.0,1,2034.63,2024-01-10 10:30:00+00:00
2024-01-10 11:00:00+00:00,short,EXECUTE,pullback_recovery,188861.0,3,2035.71,2024-01-10 12:00:00+00:00
2024-01-10 12:00:00+00:00,short,EXECUTE,pullback_recovery,188865.0,3,2034.81,2024-01-10 13:00:00+00:00
2024-01-10 13:00:00+00:00,short,EXECUTE,pullback_recovery,188867.0,1,2033.08,2024-01-10 13:30:00+00:00
2024-01-10 14:00:00+00:00,short,EXECUTE,pullback_recovery,188872.0,2,2032.73,2024-01-10 14:45:00+00:00
2024-01-10 15:00:00+00:00,short,EXECUTE,pullback_recovery,188876.0,2,2030.73,2024-01-10 15:45:00+00:00
2024-01-11 02:00:00+00:00,short,EXECUTE,pullback_recovery,188916.0,2,2027.75,2024-01-11 02:45:00+00:00
2024-01-11 03:00:00+00:00,short,EXECUTE,pullback_recovery,188921.0,3,2029.73,2024-01-11 04:00:00+00:00
2024-01-11 04:00:00+00:00,short,EXECUTE,pullback_recovery,188924.0,2,2029.98,2024-01-11 04:45:00+00:00
2024-01-11 05:00:00+00:00,short,EXECUTE,pullback_recovery,188934.0,8,2031.48,2024-01-11 07:15:00+00:00
2024-01-11 06:00:00+00:00,short,EXECUTE,pullback_recovery,188933.0,3,2032.07,2024-01-11 07:00:00+00:00
2024-01-11 07:00:00+00:00,short,EXECUTE,pullback_recovery,188936.0,2,2033.08,2024-01-11 07:45:00+00:00
2024-01-11 08:00:00+00:00,short,EXECUTE,pullback_recovery,188940.0,2,2034.18,2024-01-11 08:45:00+00:00
2024-01-11 09:00:00+00:00,short,EXECUTE,pullback_recovery,188945.0,3,2033.88,2024-01-11 10:00:00+00:00
2024-01-11 10:00:00+00:00,short,EXECUTE,pullback_recovery,188948.0,2,2032.22,2024-01-11 10:45:00+00:00
2024-01-11 11:00:00+00:00,short,EXECUTE,pullback_recovery,188951.0,1,2030.88,2024-01-11 11:30:00+00:00
2024-01-11 12:00:00+00:00,short,EXECUTE,pullback_recovery,188956.0,2,2031.77,2024-01-11 12:45:00+00:00
2024-01-11 13:00:00+00:00,short,EXECUTE,pullback_recovery,188962.0,4,2033.38,2024-01-11 14:15:00+00:00
2024-01-11 14:00:00+00:00,short,EXECUTE,pullback_recovery,188965.0,3,2032.43,2024-01-11 15:00:00+00:00
2024-01-11 15:00:00+00:00,short,INVALIDATE,adverse_move_limit,,0,,
2024-01-12 10:00:00+00:00,short,EXECUTE,pullback_recovery,189039.0,1,2038.6,2024-01-12 10:30:00+00:00
2024-01-12 11:00:00+00:00,short,EXECUTE,pullback_recovery,189045.0,3,2038.14,2024-01-12 12:00:00+00:00
2024-01-15 09:00:00+00:00,short,EXECUTE,pullback_recovery,189127.0,1,2054.42,2024-01-15 09:30:00+00:00
2024-01-15 11:00:00+00:00,short,EXECUTE,pullback_recovery,189136.0,2,2054.26,2024-01-15 11:45:00+00:00
2024-01-15 15:00:00+00:00,short,EXECUTE,pullback_recovery,189154.0,4,2053.62,2024-01-15 16:15:00+00:00
2024-01-16 07:00:00+00:00,short,EXECUTE,pullback_recovery,189202.0,2,2047.9,2024-01-16 07:45:00+00:00
2024-01-16 08:00:00+00:00,short,EXECUTE,pullback_recovery,189208.0,4,2049.46,2024-01-16 09:15:00+00:00
2024-01-16 09:00:00+00:00,short,EXECUTE,pullback_recovery,189210.0,2,2049.48,2024-01-16 09:45:00+00:00
2024-01-16 10:00:00+00:00,short,INVALIDATE,adverse_move_limit,,0,,
2024-01-16 11:00:00+00:00,short,EXECUTE,pullback_recovery,189218.0,2,2039.16,2024-01-16 11:45:00+00:00
2024-01-16 12:00:00+00:00,short,EXECUTE,pullback_recovery,189221.0,1,2039.93,2024-01-16 12:30:00+00:00
2024-01-16 13:00:00+00:00,short,EXECUTE,pullback_recovery,189225.0,1,2039.49,2024-01-16 13:30:00+00:00
2024-01-17 08:00:00+00:00,long,EXECUTE,pullback_recovery,189298.0,2,2018.71,2024-01-17 08:45:00+00:00
2024-01-18 13:00:00+00:00,short,EXECUTE,pullback_recovery,189411.0,3,2012.61,2024-01-18 14:00:00+00:00
2024-01-18 15:00:00+00:00,short,EXECUTE,pullback_recovery,189417.0,1,2011.35,2024-01-18 15:30:00+00:00
2024-01-19 06:00:00+00:00,short,EXECUTE,pullback_recovery,189473.0,1,2020.88,2024-01-19 06:30:00+00:00
2024-01-19 07:00:00+00:00,short,EXECUTE,pullback_recovery,189479.0,3,2021.63,2024-01-19 08:00:00+00:00
2024-01-19 08:00:00+00:00,short,EXECUTE,pullback_recovery,189483.0,3,2023.88,2024-01-19 09:00:00+00:00
2024-01-19 09:00:00+00:00,short,EXECUTE,pullback_recovery,189487.0,3,2028.04,2024-01-19 10:00:00+00:00
2024-01-19 10:00:00+00:00,short,EXECUTE,pullback_recovery,189491.0,3,2029.71,2024-01-19 11:00:00+00:00
2024-01-19 11:00:00+00:00,short,EXECUTE,pullback_recovery,189494.0,2,2028.33,2024-01-19 11:45:00+00:00
2024-01-19 12:00:00+00:00,short,EXECUTE,pullback_recovery,189497.0,1,2029.61,2024-01-19 12:30:00+00:00
2024-01-19 13:00:00+00:00,short,EXECUTE,pullback_recovery,189503.0,3,2031.69,2024-01-19 14:00:00+00:00
2024-01-19 14:00:00+00:00,short,EXECUTE,pullback_recovery,189505.0,1,2033.16,2024-01-19 14:30:00+00:00
2024-01-22 06:00:00+00:00,short,EXECUTE,pullback_recovery,189565.0,2,2025.41,2024-01-22 06:45:00+00:00
2024-01-22 07:00:00+00:00,short,EXECUTE,pullback_recovery,189568.0,1,2023.19,2024-01-22 07:30:00+00:00
2024-01-22 08:00:00+00:00,short,EXECUTE,pullback_recovery,189573.0,2,2022.01,2024-01-22 08:45:00+00:00
2024-01-22 09:00:00+00:00,short,EXECUTE,pullback_recovery,189576.0,1,2022.55,2024-01-22 09:30:00+00:00
2024-01-22 10:00:00+00:00,short,EXECUTE,pullback_recovery,189581.0,2,2022.64,2024-01-22 10:45:00+00:00
2024-01-22 11:00:00+00:00,short,EXECUTE,pullback_recovery,189584.0,1,2022.36,2024-01-22 11:30:00+00:00
2024-01-22 12:00:00+00:00,short,EXECUTE,pullback_recovery,189590.0,3,2022.83,2024-01-22 13:00:00+00:00
2024-01-22 13:00:00+00:00,short,EXECUTE,pullback_recovery,189594.0,3,2026.15,2024-01-22 14:00:00+00:00
2024-01-22 14:00:00+00:00,long,EXECUTE,pullback_recovery,189596.0,1,2028.04,2024-01-22 14:30:00+00:00
2024-01-23 07:00:00+00:00,short,EXECUTE,pullback_recovery,189662.0,3,2030.82,2024-01-23 08:00:00+00:00
2024-01-23 08:00:00+00:00,short,EXECUTE,pullback_recovery,189666.0,3,2035.1,2024-01-23 09:00:00+00:00
2024-01-23 10:00:00+00:00,short,EXECUTE,pullback_recovery,189672.0,1,2030.09,2024-01-23 10:30:00+00:00
2024-01-23 12:00:00+00:00,short,EXECUTE,pullback_recovery,189681.0,2,2026.11,2024-01-23 12:45:00+00:00
2024-01-23 13:00:00+00:00,short,EXECUTE,pullback_recovery,189684.0,1,2023.48,2024-01-23 13:30:00+00:00
2024-01-24 06:00:00+00:00,short,EXECUTE,pullback_recovery,189748.0,1,2024.21,2024-01-24 06:30:00+00:00
2024-01-24 07:00:00+00:00,short,EXECUTE,pullback_recovery,189753.0,2,2024.2,2024-01-24 07:45:00+00:00
2024-01-24 08:00:00+00:00,short,EXECUTE,pullback_recovery,189758.0,3,2026.02,2024-01-24 09:00:00+00:00
2024-01-24 09:00:00+00:00,short,EXECUTE,pullback_recovery,189762.0,3,2029.58,2024-01-24 10:00:00+00:00
2024-01-24 10:00:00+00:00,short,EXECUTE,pullback_recovery,189765.0,2,2030.62,2024-01-24 10:45:00+00:00
2024-01-24 11:00:00+00:00,short,EXECUTE,pullback_recovery,189769.0,2,2032.35,2024-01-24 11:45:00+00:00
2024-01-24 12:00:00+00:00,short,EXECUTE,pullback_recovery,189775.0,4,2031.96,2024-01-24 13:15:00+00:00
2024-01-24 13:00:00+00:00,short,EXECUTE,pullback_recovery,189778.0,3,2033.49,2024-01-24 14:00:00+00:00
2024-01-24 14:00:00+00:00,short,EXECUTE,pullback_recovery,189782.0,3,2032.71,2024-01-24 15:00:00+00:00
2024-01-24 15:00:00+00:00,short,EXECUTE,pullback_recovery,189785.0,2,2032.55,2024-01-24 15:45:00+00:00
2024-01-25 07:00:00+00:00,short,EXECUTE,pullback_recovery,189845.0,2,2015.23,2024-01-25 07:45:00+00:00
2024-01-25 08:00:00+00:00,short,EXECUTE,pullback_recovery,189849.0,2,2015.65,2024-01-25 08:45:00+00:00
2024-01-25 09:00:00+00:00,short,EXECUTE,pullback_recovery,189853.0,2,2016.42,2024-01-25 09:45:00+00:00
2024-01-25 10:00:00+00:00,short,EXECUTE,pullback_recovery,189856.0,1,2013.45,2024-01-25 10:30:00+00:00
2024-01-25 11:00:00+00:00,short,EXECUTE,pullback_recovery,189864.0,5,2018.12,2024-01-25 12:30:00+00:00
2024-01-25 12:00:00+00:00,short,EXECUTE,pullback_recovery,189866.0,3,2019.18,2024-01-25 13:00:00+00:00
2024-01-25 13:00:00+00:00,short,EXECUTE,pullback_recovery,189869.0,2,2017.27,2024-01-25 13:45:00+00:00
2024-01-25 14:00:00+00:00,short,EXECUTE,pullback_recovery,189872.0,1,2014.55,2024-01-25 14:30:00+00:00
2024-01-25 15:00:00+00:00,short,EXECUTE,pullback_recovery,189877.0,2,2019.16,2024-01-25 15:45:00+00:00
2024-01-26 07:00:00+00:00,short,EXECUTE,pullback_recovery,189938.0,3,2023.09,2024-01-26 08:00:00+00:00
2024-01-26 08:00:00+00:00,short,EXECUTE,pullback_recovery,189941.0,2,2021.75,2024-01-26 08:45:00+00:00
2024-01-26 09:00:00+00:00,short,EXECUTE,pullback_recovery,189945.0,2,2020.49,2024-01-26 09:45:00+00:00
2024-01-26 10:00:00+00:00,short,EXECUTE,pullback_recovery,189949.0,2,2020.81,2024-01-26 10:45:00+00:00
2024-01-26 11:00:00+00:00,short,EXECUTE,pullback_recovery,189953.0,2,2020.77,2024-01-26 11:45:00+00:00
2024-01-26 12:00:00+00:00,short,EXECUTE,pullback_recovery,189958.0,3,2023.48,2024-01-26 13:00:00+00:00
2024-01-26 13:00:00+00:00,short,EXECUTE,pullback_recovery,189960.0,1,2023.65,2024-01-26 13:30:00+00:00
2024-01-26 14:00:00+00:00,short,EXECUTE,pullback_recovery,189964.0,1,2022.24,2024-01-26 14:30:00+00:00
2024-01-29 08:00:00+00:00,short,EXECUTE,pullback_recovery,190043.0,12,2030.19,2024-01-29 11:15:00+00:00
2024-01-29 09:00:00+00:00,short,EXECUTE,pullback_recovery,190038.0,3,2031.33,2024-01-29 10:00:00+00:00
2024-01-29 10:00:00+00:00,short,EXECUTE,pullback_recovery,190040.0,1,2031.9,2024-01-29 10:30:00+00:00
2024-01-29 11:00:00+00:00,short,EXECUTE,pullback_recovery,190045.0,2,2028.97,2024-01-29 11:45:00+00:00
2024-01-29 12:00:00+00:00,short,EXECUTE,pullback_recovery,190048.0,1,2027.68,2024-01-29 12:30:00+00:00
2024-01-29 13:00:00+00:00,short,EXECUTE,pullback_recovery,190058.0,7,2028.55,2024-01-29 15:00:00+00:00
2024-01-29 14:00:00+00:00,short,EXECUTE,pullback_recovery,190058.0,3,2028.55,2024-01-29 15:00:00+00:00
2024-01-30 07:00:00+00:00,short,EXECUTE,pullback_recovery,190122.0,3,2032.13,2024-01-30 08:00:00+00:00
2024-01-30 08:00:00+00:00,short,EXECUTE,pullback_recovery,190125.0,2,2034.94,2024-01-30 08:45:00+00:00
2024-01-30 12:00:00+00:00,short,EXECUTE,pullback_recovery,190140.0,1,2036.03,2024-01-30 12:30:00+00:00
2024-01-30 13:00:00+00:00,short,EXECUTE,pullback_recovery,190144.0,1,2033.13,2024-01-30 13:30:00+00:00
2024-01-30 14:00:00+00:00,short,EXECUTE,pullback_recovery,190148.0,1,2035.51,2024-01-30 14:30:00+00:00
2024-01-31 08:00:00+00:00,short,EXECUTE,pullback_recovery,190216.0,1,2034.54,2024-01-31 08:30:00+00:00
2024-01-31 09:00:00+00:00,short,EXECUTE,pullback_recovery,190221.0,2,2036.69,2024-01-31 09:45:00+00:00
2024-01-31 10:00:00+00:00,short,EXECUTE,pullback_recovery,190224.0,1,2038.51,2024-01-31 10:30:00+00:00
2024-01-31 11:00:00+00:00,short,EXECUTE,pullback_recovery,190230.0,3,2038.2,2024-01-31 12:00:00+00:00
2024-01-31 12:00:00+00:00,short,EXECUTE,pullback_recovery,190233.0,2,2037.02,2024-01-31 12:45:00+00:00
2024-01-31 13:00:00+00:00,short,EXECUTE,pullback_recovery,190237.0,2,2037.61,2024-01-31 13:45:00+00:00
2024-01-31 14:00:00+00:00,short,EXECUTE,pullback_recovery,190240.0,1,2038.25,2024-01-31 14:30:00+00:00
2024-01-31 15:00:00+00:00,short,EXECUTE,pullback_recovery,190246.0,3,2041.94,2024-01-31 16:00:00+00:00
2024-02-01 09:00:00+00:00,short,EXECUTE,pullback_recovery,190312.0,1,2042.72,2024-02-01 09:30:00+00:00
2024-02-01 10:00:00+00:00,short,EXECUTE,pullback_recovery,190317.0,2,2042.22,2024-02-01 10:45:00+00:00
2024-02-01 11:00:00+00:00,short,EXECUTE,pullback_recovery,190321.0,2,2040.74,2024-02-01 11:45:00+00:00
2024-02-01 12:00:00+00:00,short,INVALIDATE,adverse_move_limit,,0,,
2024-02-01 13:00:00+00:00,short,EXECUTE,pullback_recovery,190328.0,1,2032.82,2024-02-01 13:30:00+00:00
2024-02-01 14:00:00+00:00,short,EXECUTE,pullback_recovery,190335.0,4,2033.72,2024-02-01 15:15:00+00:00
2024-02-02 08:00:00+00:00,short,EXECUTE,pullback_recovery,190400.0,1,2055.6,2024-02-02 08:30:00+00:00
2024-02-02 09:00:00+00:00,short,EXECUTE,pullback_recovery,190404.0,1,2055.73,2024-02-02 09:30:00+00:00
2024-02-02 10:00:00+00:00,short,EXECUTE,pullback_recovery,190408.0,1,2055.28,2024-02-02 10:30:00+00:00
2024-02-02 11:00:00+00:00,short,EXECUTE,pullback_recovery,190414.0,3,2053.03,2024-02-02 12:00:00+00:00
2024-02-02 12:00:00+00:00,short,EXECUTE,pullback_recovery,190417.0,2,2053.84,2024-02-02 12:45:00+00:00
2024-02-02 13:00:00+00:00,short,EXECUTE,pullback_recovery,190427.0,8,2056.42,2024-02-02 15:15:00+00:00
2024-02-02 14:00:00+00:00,short,EXECUTE,pullback_recovery,190425.0,2,2055.22,2024-02-02 14:45:00+00:00
2024-02-02 15:00:00+00:00,short,INVALIDATE,adverse_move_limit,,0,,
2024-02-05 09:00:00+00:00,short,EXECUTE,pullback_recovery,190496.0,1,2027.95,2024-02-05 09:30:00+00:00
2024-02-05 12:00:00+00:00,short,EXECUTE,pullback_recovery,190509.0,2,2024.61,2024-02-05 12:45:00+00:00
2024-02-05 13:00:00+00:00,short,EXECUTE,pullback_recovery,190514.0,3,2027.63,2024-02-05 14:00:00+00:00
2024-02-05 14:00:00+00:00,short,EXECUTE,pullback_recovery,190517.0,2,2023.21,2024-02-05 14:45:00+00:00
2024-02-05 15:00:00+00:00,short,EXECUTE,pullback_recovery,190520.0,1,2017.37,2024-02-05 15:30:00+00:00
2024-02-06 08:00:00+00:00,short,EXECUTE,pullback_recovery,190584.0,1,2027.17,2024-02-06 08:30:00+00:00
2024-02-06 09:00:00+00:00,short,EXECUTE,pullback_recovery,190588.0,1,2027.07,2024-02-06 09:30:00+00:00
2024-02-06 10:00:00+00:00,short,EXECUTE,pullback_recovery,190594.0,3,2023.83,2024-02-06 11:00:00+00:00
2024-02-06 11:00:00+00:00,short,EXECUTE,pullback_recovery,190596.0,1,2024.43,2024-02-06 11:30:00+00:00
2024-02-06 12:00:00+00:00,short,EXECUTE,pullback_recovery,190600.0,1,2024.41,2024-02-06 12:30:00+00:00
2024-02-06 13:00:00+00:00,short,EXECUTE,pullback_recovery,190605.0,2,2026.6,2024-02-06 13:45:00+00:00
2024-02-06 14:00:00+00:00,short,EXECUTE,pullback_recovery,190611.0,4,2029.15,2024-02-06 15:15:00+00:00
2024-02-06 15:00:00+00:00,short,EXECUTE,pullback_recovery,190612.0,1,2027.2,2024-02-06 15:30:00+00:00
2024-02-07 05:00:00+00:00,short,EXECUTE,pullback_recovery,190664.0,1,2034.85,2024-02-07 05:30:00+00:00
2024-02-07 06:00:00+00:00,short,EXECUTE,pullback_recovery,190670.0,3,2035.24,2024-02-07 07:00:00+00:00
2024-02-07 07:00:00+00:00,short,EXECUTE,pullback_recovery,190673.0,2,2033.99,2024-02-07 07:45:00+00:00
2024-02-07 08:00:00+00:00,short,EXECUTE,pullback_recovery,190676.0,1,2032.63,2024-02-07 08:30:00+00:00
2024-02-07 09:00:00+00:00,short,EXECUTE,pullback_recovery,190681.0,2,2035.36,2024-02-07 09:45:00+00:00
2024-02-07 10:00:00+00:00,short,EXECUTE,pullback_recovery,190684.0,1,2032.77,2024-02-07 10:30:00+00:00
2024-02-07 11:00:00+00:00,short,EXECUTE,pullback_recovery,190690.0,3,2034.36,2024-02-07 12:00:00+00:00
2024-02-07 12:00:00+00:00,short,EXECUTE,pullback_recovery,190692.0,1,2033.28,2024-02-07 12:30:00+00:00
2024-02-07 13:00:00+00:00,short,EXECUTE,pullback_recovery,190697.0,2,2034.08,2024-02-07 13:45:00+00:00
2024-02-07 14:00:00+00:00,short,EXECUTE,pullback_recovery,190702.0,3,2033.55,2024-02-07 15:00:00+00:00
2024-02-08 06:00:00+00:00,short,EXECUTE,pullback_recovery,190761.0,2,2032.72,2024-02-08 06:45:00+00:00
2024-02-08 07:00:00+00:00,short,EXECUTE,pullback_recovery,190766.0,3,2033.52,2024-02-08 08:00:00+00:00
2024-02-08 08:00:00+00:00,short,EXECUTE,pullback_recovery,190770.0,3,2033.27,2024-02-08 09:00:00+00:00
2024-02-08 09:00:00+00:00,short,EXECUTE,pullback_recovery,190772.0,1,2033.81,2024-02-08 09:30:00+00:00
2024-02-08 10:00:00+00:00,short,EXECUTE,pullback_recovery,190776.0,1,2030.44,2024-02-08 10:30:00+00:00
2024-02-08 11:00:00+00:00,short,EXECUTE,pullback_recovery,190782.0,3,2035.36,2024-02-08 12:00:00+00:00
2024-02-08 12:00:00+00:00,short,EXECUTE,pullback_recovery,190785.0,2,2036.73,2024-02-08 12:45:00+00:00
2024-02-08 13:00:00+00:00,short,EXECUTE,pullback_recovery,190788.0,1,2029.91,2024-02-08 13:30:00+00:00
2024-02-08 14:00:00+00:00,short,EXECUTE,pullback_recovery,190793.0,2,2024.7,2024-02-08 14:45:00+00:00
2024-02-09 07:00:00+00:00,short,EXECUTE,pullback_recovery,190857.0,2,2033.33,2024-02-09 07:45:00+00:00
2024-02-09 08:00:00+00:00,short,EXECUTE,pullback_recovery,190862.0,3,2033.88,2024-02-09 09:00:00+00:00
2024-02-09 09:00:00+00:00,short,EXECUTE,pullback_recovery,190864.0,1,2033.88,2024-02-09 09:30:00+00:00
2024-02-09 10:00:00+00:00,short,EXECUTE,pullback_recovery,190869.0,2,2032.45,2024-02-09 10:45:00+00:00
2024-02-09 11:00:00+00:00,short,EXECUTE,pullback_recovery,190873.0,2,2032.54,2024-02-09 11:45:00+00:00
2024-02-09 12:00:00+00:00,short,EXECUTE,pullback_recovery,190877.0,2,2031.99,2024-02-09 12:45:00+00:00
2024-02-09 13:00:00+00:00,short,EXECUTE,pullback_recovery,190881.0,2,2032.22,2024-02-09 13:45:00+00:00
2024-02-09 14:00:00+00:00,short,EXECUTE,pullback_recovery,190886.0,3,2028.75,2024-02-09 15:00:00+00:00
2024-02-12 07:00:00+00:00,short,EXECUTE,pullback_recovery,190950.0,3,2023.86,2024-02-12 08:00:00+00:00
2024-02-12 08:00:00+00:00,short,EXECUTE,pullback_recovery,190953.0,2,2023.98,2024-02-12 08:45:00+00:00
2024-02-12 09:00:00+00:00,short,EXECUTE,pullback_recovery,190958.0,3,2025.59,2024-02-12 10:00:00+00:00
2024-02-12 10:00:00+00:00,short,EXECUTE,pullback_recovery,190961.0,2,2025.33,2024-02-12 10:45:00+00:00
2024-02-12 11:00:00+00:00,short,EXECUTE,pullback_recovery,190965.0,2,2021.53,2024-02-12 11:45:00+00:00
2024-02-12 12:00:00+00:00,short,EXECUTE,pullback_recovery,190969.0,2,2020.89,2024-02-12 12:45:00+00:00
2024-02-12 13:00:00+00:00,short,EXECUTE,pullback_recovery,190972.0,1,2021.73,2024-02-12 13:30:00+00:00
2024-02-12 14:00:00+00:00,short,EXECUTE,pullback_recovery,190976.0,1,2021.51,2024-02-12 14:30:00+00:00
2024-02-12 15:00:00+00:00,short,INVALIDATE,adverse_move_limit,,0,,
2024-02-13 05:00:00+00:00,short,EXECUTE,pullback_recovery,191034.0,3,2018.53,2024-02-13 06:00:00+00:00
2024-02-13 06:00:00+00:00,short,EXECUTE,pullback_recovery,191036.0,1,2019.24,2024-02-13 06:30:00+00:00
2024-02-13 07:00:00+00:00,short,EXECUTE,pullback_recovery,191041.0,2,2020.78,2024-02-13 07:45:00+00:00
2024-02-13 08:00:00+00:00,short,EXECUTE,pullback_recovery,191046.0,3,2023.71,2024-02-13 09:00:00+00:00
2024-02-13 09:00:00+00:00,short,EXECUTE,pullback_recovery,191050.0,3,2025.27,2024-02-13 10:00:00+00:00
2024-02-13 10:00:00+00:00,short,EXECUTE,pullback_recovery,191055.0,4,2025.21,2024-02-13 11:15:00+00:00
2024-02-13 11:00:00+00:00,short,EXECUTE,pullback_recovery,191058.0,3,2026.68,2024-02-13 12:00:00+00:00
2024-02-13 12:00:00+00:00,short,EXECUTE,pullback_recovery,191060.0,1,2026.75,2024-02-13 12:30:00+00:00
2024-02-13 13:00:00+00:00,short,EXECUTE,pullback_recovery,191065.0,2,2028.23,2024-02-13 13:45:00+00:00
2024-02-13 14:00:00+00:00,short,EXECUTE,pullback_recovery,191068.0,1,2027.97,2024-02-13 14:30:00+00:00
2024-02-13 15:00:00+00:00,short,INVALIDATE,adverse_move_limit,,0,,
2024-02-14 06:00:00+00:00,short,EXECUTE,pullback_recovery,191128.0,1,1992.52,2024-02-14 06:30:00+00:00
2024-02-14 07:00:00+00:00,short,EXECUTE,pullback_recovery,191133.0,2,1993.07,2024-02-14 07:45:00+00:00
2024-02-14 08:00:00+00:00,short,EXECUTE,pullback_recovery,191139.0,4,1991.34,2024-02-14 09:15:00+00:00
2024-02-14 09:00:00+00:00,short,EXECUTE,pullback_recovery,191141.0,2,1990.27,2024-02-14 09:45:00+00:00
2024-02-14 10:00:00+00:00,short,EXECUTE,pullback_recovery,191144.0,1,1987.39,2024-02-14 10:30:00+00:00
2024-02-14 11:00:00+00:00,short,EXECUTE,pullback_recovery,191150.0,3,1991.2,2024-02-14 12:00:00+00:00
2024-02-14 12:00:00+00:00,short,EXECUTE,pullback_recovery,191154.0,3,1992.89,2024-02-14 13:00:00+00:00
2024-02-14 13:00:00+00:00,short,EXECUTE,pullback_recovery,191156.0,1,1991.66,2024-02-14 13:30:00+00:00
2024-02-14 14:00:00+00:00,short,EXECUTE,pullback_recovery,191160.0,1,1990.61,2024-02-14 14:30:00+00:00
2024-02-14 15:00:00+00:00,short,EXECUTE,pullback_recovery,191164.0,1,1990.69,2024-02-14 15:30:00+00:00
2024-02-15 07:00:00+00:00,short,EXECUTE,pullback_recovery,191225.0,2,1992.24,2024-02-15 07:45:00+00:00
2024-02-15 08:00:00+00:00,short,EXECUTE,pullback_recovery,191230.0,3,1993.27,2024-02-15 09:00:00+00:00
2024-02-15 10:00:00+00:00,short,EXECUTE,pullback_recovery,191236.0,1,1995.44,2024-02-15 10:30:00+00:00
2024-02-15 11:00:00+00:00,short,EXECUTE,pullback_recovery,191242.0,3,1996.39,2024-02-15 12:00:00+00:00
2024-02-15 12:00:00+00:00,short,EXECUTE,pullback_recovery,191246.0,3,1995.97,2024-02-15 13:00:00+00:00
2024-02-15 13:00:00+00:00,short,EXECUTE,pullback_recovery,191250.0,3,1997.52,2024-02-15 14:00:00+00:00
2024-02-15 14:00:00+00:00,short,EXECUTE,pullback_recovery,191252.0,1,1997.59,2024-02-15 14:30:00+00:00
2024-02-15 15:00:00+00:00,short,EXECUTE,pullback_recovery,191257.0,2,2003.37,2024-02-15 15:45:00+00:00
2024-02-16 07:00:00+00:00,short,EXECUTE,pullback_recovery,191318.0,3,2004.49,2024-02-16 08:00:00+00:00
2024-02-16 08:00:00+00:00,short,EXECUTE,pullback_recovery,191320.0,1,2003.09,2024-02-16 08:30:00+00:00
2024-02-16 09:00:00+00:00,short,EXECUTE,pullback_recovery,191326.0,3,2005.16,2024-02-16 10:00:00+00:00
2024-02-16 10:00:00+00:00,short,EXECUTE,pullback_recovery,191328.0,1,2004.99,2024-02-16 10:30:00+00:00
2024-02-16 11:00:00+00:00,short,EXECUTE,pullback_recovery,191333.0,2,2005.45,2024-02-16 11:45:00+00:00
2024-02-16 12:00:00+00:00,short,EXECUTE,pullback_recovery,191338.0,3,2007.15,2024-02-16 13:00:00+00:00
2024-02-16 13:00:00+00:00,short,EXECUTE,pullback_recovery,191340.0,1,2006.86,2024-02-16 13:30:00+00:00
2024-02-16 14:00:00+00:00,short,EXECUTE,pullback_recovery,191344.0,1,2007.39,2024-02-16 14:30:00+00:00
2024-02-19 07:00:00+00:00,short,EXECUTE,pullback_recovery,191408.0,3,2020.71,2024-02-19 08:00:00+00:00
2024-02-19 08:00:00+00:00,short,EXECUTE,pullback_recovery,191410.0,1,2021.64,2024-02-19 08:30:00+00:00
2024-02-19 10:00:00+00:00,short,EXECUTE,pullback_recovery,191418.0,1,2020.22,2024-02-19 10:30:00+00:00
2024-02-19 11:00:00+00:00,short,EXECUTE,pullback_recovery,191422.0,1,2019.53,2024-02-19 11:30:00+00:00
2024-02-19 12:00:00+00:00,short,EXECUTE,pullback_recovery,191427.0,2,2018.73,2024-02-19 12:45:00+00:00
2024-02-19 13:00:00+00:00,short,EXECUTE,pullback_recovery,191432.0,3,2018.36,2024-02-19 14:00:00+00:00
2024-02-19 14:00:00+00:00,short,EXECUTE,pullback_recovery,191435.0,2,2017.22,2024-02-19 14:45:00+00:00
2024-02-19 15:00:00+00:00,short,EXECUTE,pullback_recovery,191440.0,3,2016.88,2024-02-19 16:00:00+00:00
2024-02-20 05:00:00+00:00,short,EXECUTE,pullback_recovery,191482.0,2,2018.26,2024-02-20 05:45:00+00:00
2024-02-20 07:00:00+00:00,short,EXECUTE,pullback_recovery,191490.0,2,2018.74,2024-02-20 07:45:00+00:00
2024-02-20 08:00:00+00:00,short,EXECUTE,pullback_recovery,191495.0,3,2019.45,2024-02-20 09:00:00+00:00
2024-02-20 09:00:00+00:00,short,EXECUTE,pullback_recovery,191498.0,2,2021.93,2024-02-20 09:45:00+00:00
2024-02-20 10:00:00+00:00,short,EXECUTE,pullback_recovery,191504.0,4,2023.13,2024-02-20 11:15:00+00:00
2024-02-20 11:00:00+00:00,short,EXECUTE,pullback_recovery,191507.0,3,2024.05,2024-02-20 12:00:00+00:00
2024-02-20 12:00:00+00:00,short,EXECUTE,pullback_recovery,191511.0,3,2026.13,2024-02-20 13:00:00+00:00
2024-02-20 13:00:00+00:00,short,EXECUTE,pullback_recovery,191514.0,2,2025.8,2024-02-20 13:45:00+00:00
2024-02-20 14:00:00+00:00,short,EXECUTE,pullback_recovery,191517.0,1,2027.18,2024-02-20 14:30:00+00:00
2024-02-20 15:00:00+00:00,short,EXECUTE,pullback_recovery,191523.0,3,2030.05,2024-02-20 16:00:00+00:00
2024-02-21 03:00:00+00:00,short,EXECUTE,pullback_recovery,191567.0,3,2025.44,2024-02-21 04:00:00+00:00
2024-02-21 04:00:00+00:00,short,EXECUTE,pullback_recovery,191571.0,3,2027.87,2024-02-21 05:00:00+00:00
2024-02-21 05:00:00+00:00,short,EXECUTE,pullback_recovery,191575.0,3,2030.51,2024-02-21 06:00:00+00:00
2024-02-21 06:00:00+00:00,short,EXECUTE,pullback_recovery,191577.0,1,2030.98,2024-02-21 06:30:00+00:00
2024-02-21 07:00:00+00:00,short,EXECUTE,pullback_recovery,191583.0,3,2030.96,2024-02-21 08:00:00+00:00
2024-02-21 08:00:00+00:00,short,EXECUTE,pullback_recovery,191586.0,2,2029.67,2024-02-21 08:45:00+00:00
2024-02-21 09:00:00+00:00,short,EXECUTE,pullback_recovery,191589.0,1,2028.78,2024-02-21 09:30:00+00:00
2024-02-21 10:00:00+00:00,short,EXECUTE,pullback_recovery,191593.0,1,2027.72,2024-02-21 10:30:00+00:00
2024-02-21 11:00:00+00:00,short,EXECUTE,pullback_recovery,191598.0,2,2028.24,2024-02-21 11:45:00+00:00
2024-02-21 12:00:00+00:00,short,EXECUTE,pullback_recovery,191613.0,13,2028.75,2024-02-21 15:30:00+00:00
2024-02-21 13:00:00+00:00,short,EXECUTE,pullback_recovery,191606.0,2,2027.52,2024-02-21 13:45:00+00:00
2024-02-21 14:00:00+00:00,short,EXECUTE,pullback_recovery,191609.0,1,2029.03,2024-02-21 14:30:00+00:00
2024-02-21 15:00:00+00:00,short,EXECUTE,pullback_recovery,191613.0,1,2028.75,2024-02-21 15:30:00+00:00
2024-02-22 06:00:00+00:00,short,EXECUTE,pullback_recovery,191673.0,5,2029.08,2024-02-22 07:30:00+00:00
2024-02-22 07:00:00+00:00,short,EXECUTE,pullback_recovery,191673.0,1,2029.08,2024-02-22 07:30:00+00:00
2024-02-22 08:00:00+00:00,short,EXECUTE,pullback_recovery,191678.0,2,2028.76,2024-02-22 08:45:00+00:00
2024-02-22 09:00:00+00:00,short,EXECUTE,pullback_recovery,191683.0,3,2031.44,2024-02-22 10:00:00+00:00
2024-02-22 10:00:00+00:00,short,EXECUTE,pullback_recovery,191685.0,1,2033.75,2024-02-22 10:30:00+00:00
2024-02-22 11:00:00+00:00,short,EXECUTE,pullback_recovery,191689.0,1,2029.95,2024-02-22 11:30:00+00:00
2024-02-22 12:00:00+00:00,short,EXECUTE,pullback_recovery,191694.0,2,2030.04,2024-02-22 12:45:00+00:00
2024-02-22 13:00:00+00:00,short,EXECUTE,pullback_recovery,191699.0,3,2029.02,2024-02-22 14:00:00+00:00
2024-02-22 14:00:00+00:00,short,EXECUTE,pullback_recovery,191702.0,2,2028.37,2024-02-22 14:45:00+00:00
2024-02-23 06:00:00+00:00,short,EXECUTE,pullback_recovery,191761.0,1,2026.21,2024-02-23 06:30:00+00:00
2024-02-23 09:00:00+00:00,short,EXECUTE,pullback_recovery,191775.0,3,2021.86,2024-02-23 10:00:00+00:00
2024-02-23 10:00:00+00:00,short,EXECUTE,pullback_recovery,191777.0,1,2020.17,2024-02-23 10:30:00+00:00
2024-02-23 11:00:00+00:00,short,EXECUTE,pullback_recovery,191781.0,1,2017.6,2024-02-23 11:30:00+00:00
2024-02-23 12:00:00+00:00,short,EXECUTE,pullback_recovery,191787.0,3,2022.92,2024-02-23 13:00:00+00:00
2024-02-23 13:00:00+00:00,short,EXECUTE,pullback_recovery,191792.0,4,2023.46,2024-02-23 14:15:00+00:00
2024-02-23 14:00:00+00:00,short,EXECUTE,pullback_recovery,191794.0,2,2027.71,2024-02-23 14:45:00+00:00
2024-02-26 09:00:00+00:00,short,EXECUTE,pullback_recovery,191866.0,2,2033.79,2024-02-26 09:45:00+00:00
2024-02-26 10:00:00+00:00,short,EXECUTE,pullback_recovery,191870.0,2,2034.63,2024-02-26 10:45:00+00:00
2024-02-26 11:00:00+00:00,short,EXECUTE,pullback_recovery,191873.0,1,2033.25,2024-02-26 11:30:00+00:00
2024-02-26 12:00:00+00:00,short,EXECUTE,pullback_recovery,191878.0,2,2033.19,2024-02-26 12:45:00+00:00
2024-02-26 13:00:00+00:00,short,EXECUTE,pullback_recovery,191882.0,2,2031.76,2024-02-26 13:45:00+00:00
2024-02-26 14:00:00+00:00,short,EXECUTE,pullback_recovery,191887.0,3,2032.9,2024-02-26 15:00:00+00:00
2024-02-27 05:00:00+00:00,short,EXECUTE,pullback_recovery,191947.0,7,2033.78,2024-02-27 07:00:00+00:00
2024-02-27 06:00:00+00:00,short,EXECUTE,pullback_recovery,191945.0,1,2034.04,2024-02-27 06:30:00+00:00
2024-02-27 07:00:00+00:00,short,EXECUTE,pullback_recovery,191951.0,3,2033.61,2024-02-27 08:00:00+00:00
2024-02-27 08:00:00+00:00,short,EXECUTE,pullback_recovery,191954.0,2,2033.76,2024-02-27 08:45:00+00:00
2024-02-27 09:00:00+00:00,short,EXECUTE,pullback_recovery,191957.0,1,2034.87,2024-02-27 09:30:00+00:00
2024-02-27 10:00:00+00:00,short,EXECUTE,pullback_recovery,191963.0,3,2038.06,2024-02-27 11:00:00+00:00
2024-02-27 13:00:00+00:00,short,EXECUTE,pullback_recovery,191975.0,3,2038.28,2024-02-27 14:00:00+00:00
2024-02-28 08:00:00+00:00,short,EXECUTE,pullback_recovery,192047.0,3,2029.31,2024-02-28 09:00:00+00:00
2024-02-28 09:00:00+00:00,short,EXECUTE,pullback_recovery,192050.0,2,2028.19,2024-02-28 09:45:00+00:00
2024-02-28 10:00:00+00:00,short,EXECUTE,pullback_recovery,192055.0,3,2026.81,2024-02-28 11:00:00+00:00
2024-02-28 11:00:00+00:00,short,EXECUTE,pullback_recovery,192059.0,3,2024.93,2024-02-28 12:00:00+00:00
2024-02-28 12:00:00+00:00,short,EXECUTE,pullback_recovery,192063.0,3,2027.33,2024-02-28 13:00:00+00:00
2024-02-28 13:00:00+00:00,short,EXECUTE,pullback_recovery,192065.0,1,2027.37,2024-02-28 13:30:00+00:00
2024-02-28 14:00:00+00:00,short,EXECUTE,pullback_recovery,192070.0,2,2029.61,2024-02-28 14:45:00+00:00
2024-02-29 05:00:00+00:00,short,EXECUTE,pullback_recovery,192138.0,14,2036.64,2024-02-29 08:45:00+00:00
2024-02-29 06:00:00+00:00,short,EXECUTE,pullback_recovery,192130.0,2,2035.52,2024-02-29 06:45:00+00:00
2024-02-29 07:00:00+00:00,short,EXECUTE,pullback_recovery,192135.0,3,2035.67,2024-02-29 08:00:00+00:00
2024-02-29 08:00:00+00:00,short,EXECUTE,pullback_recovery,192138.0,2,2036.64,2024-02-29 08:45:00+00:00
2024-02-29 09:00:00+00:00,short,EXECUTE,pullback_recovery,192142.0,2,2037.48,2024-02-29 09:45:00+00:00
2024-02-29 10:00:00+00:00,short,EXECUTE,pullback_recovery,192147.0,3,2037.28,2024-02-29 11:00:00+00:00
2024-02-29 11:00:00+00:00,short,EXECUTE,pullback_recovery,192150.0,2,2035.25,2024-02-29 11:45:00+00:00
2024-02-29 12:00:00+00:00,short,EXECUTE,pullback_recovery,192154.0,2,2031.57,2024-02-29 12:45:00+00:00
2024-02-29 13:00:00+00:00,short,EXECUTE,pullback_recovery,192157.0,1,2031.02,2024-02-29 13:30:00+00:00
2024-02-29 14:00:00+00:00,short,EXECUTE,pullback_recovery,192162.0,2,2030.25,2024-02-29 14:45:00+00:00
2024-03-01 08:00:00+00:00,short,EXECUTE,pullback_recovery,192230.0,2,2046.89,2024-03-01 08:45:00+00:00
2024-03-01 09:00:00+00:00,short,EXECUTE,pullback_recovery,192233.0,1,2046.7,2024-03-01 09:30:00+00:00
2024-03-01 10:00:00+00:00,short,EXECUTE,pullback_recovery,192238.0,2,2040.55,2024-03-01 10:45:00+00:00
2024-03-01 11:00:00+00:00,short,EXECUTE,pullback_recovery,192242.0,2,2046.43,2024-03-01 11:45:00+00:00
2024-03-01 15:00:00+00:00,short,EXECUTE,pullback_recovery,192257.0,1,2051.8,2024-03-01 15:30:00+00:00
2024-03-04 12:00:00+00:00,short,EXECUTE,pullback_recovery,192337.0,1,2083.54,2024-03-04 12:30:00+00:00
2024-03-04 13:00:00+00:00,short,EXECUTE,pullback_recovery,192341.0,1,2083.12,2024-03-04 13:30:00+00:00
2024-03-04 14:00:00+00:00,short,EXECUTE,pullback_recovery,192346.0,2,2082.81,2024-03-04 14:45:00+00:00
2024-03-04 15:00:00+00:00,short,EXECUTE,pullback_recovery,192351.0,3,2091.64,2024-03-04 16:00:00+00:00
2024-03-05 14:00:00+00:00,short,INVALIDATE,adverse_move_limit,,4,,
2024-03-06 12:00:00+00:00,short,EXECUTE,pullback_recovery,192522.0,2,2125.35,2024-03-06 12:45:00+00:00
2024-03-06 13:00:00+00:00,short,EXECUTE,pullback_recovery,192528.0,4,2131.91,2024-03-06 14:15:00+00:00
2024-03-06 14:00:00+00:00,short,EXECUTE,pullback_recovery,192531.0,3,2134.23,2024-03-06 15:00:00+00:00
2024-03-07 08:00:00+00:00,long,EXECUTE,pullback_recovery,192599.0,3,2155.41,2024-03-07 09:00:00+00:00
2024-03-07 09:00:00+00:00,long,EXECUTE,pullback_recovery,192601.0,1,2155.34,2024-03-07 09:30:00+00:00
2024-03-11 08:00:00+00:00,long,EXECUTE,pullback_recovery,192785.0,1,2178.9,2024-03-11 08:30:00+00:00
2024-03-11 09:00:00+00:00,long,EXECUTE,pullback_recovery,192789.0,1,2180.69,2024-03-11 09:30:00+00:00
2024-03-11 10:00:00+00:00,long,EXECUTE,pullback_recovery,192795.0,3,2177.45,2024-03-11 11:00:00+00:00
2024-03-11 18:00:00+00:00,long,EXECUTE,pullback_recovery,192827.0,3,2180.82,2024-03-11 19:00:00+00:00
2024-03-11 19:00:00+00:00,long,EXECUTE,pullback_recovery,192831.0,3,2179.77,2024-03-11 20:00:00+00:00
2024-03-12 08:00:00+00:00,short,EXECUTE,pullback_recovery,192877.0,1,2175.95,2024-03-12 08:30:00+00:00
2024-03-12 09:00:00+00:00,short,EXECUTE,pullback_recovery,192882.0,2,2176.79,2024-03-12 09:45:00+00:00
2024-03-12 10:00:00+00:00,short,EXECUTE,pullback_recovery,192887.0,3,2177.85,2024-03-12 11:00:00+00:00
2024-03-12 11:00:00+00:00,short,EXECUTE,pullback_recovery,192891.0,3,2176.98,2024-03-12 12:00:00+00:00
2024-03-12 12:00:00+00:00,short,EXECUTE,pullback_recovery,192894.0,2,2176.14,2024-03-12 12:45:00+00:00
2024-03-12 13:00:00+00:00,short,EXECUTE,pullback_recovery,192897.0,1,2172.85,2024-03-12 13:30:00+00:00
2024-03-12 14:00:00+00:00,short,EXECUTE,pullback_recovery,192901.0,1,2169.85,2024-03-12 14:30:00+00:00
2024-03-13 12:00:00+00:00,short,EXECUTE,pullback_recovery,192986.0,2,2162.98,2024-03-13 12:45:00+00:00
2024-03-13 15:00:00+00:00,short,EXECUTE,pullback_recovery,192998.0,2,2168.19,2024-03-13 15:45:00+00:00
2024-03-14 08:00:00+00:00,short,EXECUTE,pullback_recovery,193061.0,1,2168.69,2024-03-14 08:30:00+00:00
2024-03-14 09:00:00+00:00,short,EXECUTE,pullback_recovery,193065.0,1,2167.75,2024-03-14 09:30:00+00:00
2024-03-14 10:00:00+00:00,short,EXECUTE,pullback_recovery,193069.0,1,2169.71,2024-03-14 10:30:00+00:00
2024-03-14 11:00:00+00:00,short,EXECUTE,pullback_recovery,193075.0,3,2170.03,2024-03-14 12:00:00+00:00
2024-03-14 12:00:00+00:00,short,EXECUTE,pullback_recovery,193078.0,2,2170.45,2024-03-14 12:45:00+00:00
2024-03-14 13:00:00+00:00,short,EXECUTE,pullback_recovery,193081.0,1,2169.25,2024-03-14 13:30:00+00:00
2024-03-14 14:00:00+00:00,short,INVALIDATE,adverse_move_limit,,1,,
2024-03-15 08:00:00+00:00,short,EXECUTE,pullback_recovery,193153.0,1,2168.2,2024-03-15 08:30:00+00:00
2024-03-15 09:00:00+00:00,short,EXECUTE,pullback_recovery,193157.0,1,2168.12,2024-03-15 09:30:00+00:00
2024-03-15 10:00:00+00:00,short,EXECUTE,pullback_recovery,193163.0,3,2169.09,2024-03-15 11:00:00+00:00
2024-03-15 11:00:00+00:00,short,EXECUTE,pullback_recovery,193167.0,3,2171.86,2024-03-15 12:00:00+00:00
2024-03-15 12:00:00+00:00,short,EXECUTE,pullback_recovery,193170.0,2,2168.72,2024-03-15 12:45:00+00:00
2024-03-15 13:00:00+00:00,short,EXECUTE,pullback_recovery,193173.0,1,2166.83,2024-03-15 13:30:00+00:00
2024-03-15 14:00:00+00:00,short,EXECUTE,pullback_recovery,193177.0,1,2162.99,2024-03-15 14:30:00+00:00
2024-03-18 08:00:00+00:00,long,EXECUTE,pullback_recovery,193247.0,3,2148.13,2024-03-18 09:00:00+00:00
2024-03-18 09:00:00+00:00,short,EXECUTE,pullback_recovery,193253.0,5,2152.74,2024-03-18 10:30:00+00:00
2024-03-18 10:00:00+00:00,short,EXECUTE,pullback_recovery,193253.0,1,2152.74,2024-03-18 10:30:00+00:00
2024-03-18 11:00:00+00:00,short,EXECUTE,pullback_recovery,193257.0,1,2154.32,2024-03-18 11:30:00+00:00
2024-03-18 12:00:00+00:00,short,EXECUTE,pullback_recovery,193271.0,11,2159.07,2024-03-18 15:00:00+00:00
2024-03-18 13:00:00+00:00,short,EXECUTE,pullback_recovery,193268.0,4,2160.27,2024-03-18 14:15:00+00:00
2024-03-18 14:00:00+00:00,short,EXECUTE,pullback_recovery,193271.0,3,2159.07,2024-03-18 15:00:00+00:00
2024-03-18 15:00:00+00:00,short,EXECUTE,pullback_recovery,193273.0,1,2156.49,2024-03-18 15:30:00+00:00
2024-03-19 02:00:00+00:00,short,EXECUTE,pullback_recovery,193315.0,3,2160.61,2024-03-19 03:00:00+00:00
2024-03-19 03:00:00+00:00,short,EXECUTE,pullback_recovery,193317.0,1,2160.7,2024-03-19 03:30:00+00:00
2024-03-19 04:00:00+00:00,short,EXECUTE,pullback_recovery,193321.0,1,2161.59,2024-03-19 04:30:00+00:00
2024-03-19 05:00:00+00:00,short,EXECUTE,pullback_recovery,193325.0,1,2161.67,2024-03-19 05:30:00+00:00
2024-03-19 06:00:00+00:00,short,EXECUTE,pullback_recovery,193330.0,2,2159.84,2024-03-19 06:45:00+00:00
2024-03-19 07:00:00+00:00,short,EXECUTE,pullback_recovery,193333.0,1,2158.52,2024-03-19 07:30:00+00:00
2024-03-19 08:00:00+00:00,short,EXECUTE,pullback_recovery,193337.0,1,2155.81,2024-03-19 08:30:00+00:00
2024-03-19 09:00:00+00:00,short,EXECUTE,pullback_recovery,193341.0,1,2155.68,2024-03-19 09:30:00+00:00
2024-03-19 10:00:00+00:00,short,EXECUTE,pullback_recovery,193347.0,3,2153.11,2024-03-19 11:00:00+00:00
2024-03-19 11:00:00+00:00,short,EXECUTE,pullback_recovery,193349.0,1,2151.91,2024-03-19 11:30:00+00:00
2024-03-19 12:00:00+00:00,short,EXECUTE,pullback_recovery,193353.0,1,2153.89,2024-03-19 12:30:00+00:00
2024-03-19 13:00:00+00:00,short,EXECUTE,pullback_recovery,193359.0,3,2155.68,2024-03-19 14:00:00+00:00
2024-03-19 14:00:00+00:00,short,EXECUTE,pullback_recovery,193363.0,3,2156.96,2024-03-19 15:00:00+00:00
2024-03-19 15:00:00+00:00,short,EXECUTE,pullback_recovery,193366.0,2,2151.69,2024-03-19 15:45:00+00:00
2024-03-20 03:00:00+00:00,short,EXECUTE,pullback_recovery,193409.0,1,2159.28,2024-03-20 03:30:00+00:00
2024-03-20 04:00:00+00:00,short,EXECUTE,pullback_recovery,193415.0,3,2158.91,2024-03-20 05:00:00+00:00
2024-03-20 05:00:00+00:00,short,EXECUTE,pullback_recovery,193420.0,4,2159.37,2024-03-20 06:15:00+00:00
2024-03-20 06:00:00+00:00,short,EXECUTE,pullback_recovery,193423.0,3,2156.89,2024-03-20 07:00:00+00:00
2024-03-20 07:00:00+00:00,short,EXECUTE,pullback_recovery,193427.0,3,2157.43,2024-03-20 08:00:00+00:00
2024-03-20 08:00:00+00:00,short,EXECUTE,pullback_recovery,193429.0,1,2156.63,2024-03-20 08:30:00+00:00
2024-03-20 09:00:00+00:00,short,EXECUTE,pullback_recovery,193434.0,2,2157.91,2024-03-20 09:45:00+00:00
2024-03-20 10:00:00+00:00,short,EXECUTE,pullback_recovery,193437.0,1,2156.32,2024-03-20 10:30:00+00:00
2024-03-20 11:00:00+00:00,short,EXECUTE,pullback_recovery,193443.0,3,2154.75,2024-03-20 12:00:00+00:00
2024-03-20 12:00:00+00:00,short,EXECUTE,pullback_recovery,193447.0,3,2154.33,2024-03-20 13:00:00+00:00
2024-03-20 13:00:00+00:00,short,EXECUTE,pullback_recovery,193451.0,3,2154.01,2024-03-20 14:00:00+00:00
2024-03-20 14:00:00+00:00,short,EXECUTE,pullback_recovery,193454.0,2,2149.89,2024-03-20 14:45:00+00:00
2024-03-20 15:00:00+00:00,short,EXECUTE,pullback_recovery,193459.0,3,2157.93,2024-03-20 16:00:00+00:00
2024-03-22 09:00:00+00:00,short,EXECUTE,pullback_recovery,193618.0,2,2167.2,2024-03-22 09:45:00+00:00
2024-03-22 12:00:00+00:00,short,EXECUTE,pullback_recovery,193630.0,2,2167.39,2024-03-22 12:45:00+00:00
2024-03-22 13:00:00+00:00,short,EXECUTE,pullback_recovery,193634.0,2,2165.9,2024-03-22 13:45:00+00:00
2024-03-26 08:00:00+00:00,short,EXECUTE,pullback_recovery,193797.0,1,2172.06,2024-03-26 08:30:00+00:00
2024-03-26 09:00:00+00:00,short,EXECUTE,pullback_recovery,193803.0,3,2173.02,2024-03-26 10:00:00+00:00
2024-03-26 10:00:00+00:00,short,EXECUTE,pullback_recovery,193806.0,2,2178.15,2024-03-26 10:45:00+00:00
2024-03-26 12:00:00+00:00,short,EXECUTE,pullback_recovery,193815.0,3,2197.76,2024-03-26 13:00:00+00:00
2024-03-26 13:00:00+00:00,short,EXECUTE,pullback_recovery,193817.0,1,2195.59,2024-03-26 13:30:00+00:00
2024-03-27 09:00:00+00:00,short,EXECUTE,pullback_recovery,193897.0,5,2179.54,2024-03-27 10:30:00+00:00
2024-03-27 10:00:00+00:00,short,EXECUTE,pullback_recovery,193897.0,1,2179.54,2024-03-27 10:30:00+00:00
2024-03-28 09:00:00+00:00,short,EXECUTE,pullback_recovery,193985.0,1,2194.51,2024-03-28 09:30:00+00:00
2024-03-28 10:00:00+00:00,short,EXECUTE,pullback_recovery,193989.0,1,2194.13,2024-03-28 10:30:00+00:00
2024-04-04 09:00:00+00:00,short,EXECUTE,pullback_recovery,194350.0,2,2295.75,2024-04-04 09:45:00+00:00
2024-04-04 10:00:00+00:00,short,EXECUTE,pullback_recovery,194354.0,2,2294.83,2024-04-04 10:45:00+00:00
2024-04-04 11:00:00+00:00,short,EXECUTE,pullback_recovery,194357.0,1,2291.81,2024-04-04 11:30:00+00:00
2024-04-04 12:00:00+00:00,short,EXECUTE,pullback_recovery,194361.0,1,2293.36,2024-04-04 12:30:00+00:00
2024-04-04 13:00:00+00:00,short,EXECUTE,pullback_recovery,194365.0,1,2294.07,2024-04-04 13:30:00+00:00
2024-04-04 14:00:00+00:00,short,EXECUTE,pullback_recovery,194371.0,3,2289.38,2024-04-04 15:00:00+00:00
2024-04-04 15:00:00+00:00,short,EXECUTE,pullback_recovery,194375.0,3,2288.2,2024-04-04 16:00:00+00:00
2024-04-08 02:00:00+00:00,short,EXECUTE,pullback_recovery,194505.0,1,2311.58,2024-04-08 02:30:00+00:00
2024-04-08 03:00:00+00:00,short,EXECUTE,pullback_recovery,194510.0,2,2306.9,2024-04-08 03:45:00+00:00
2024-04-08 04:00:00+00:00,short,EXECUTE,pullback_recovery,194515.0,3,2324.27,2024-04-08 05:00:00+00:00
2024-04-08 05:00:00+00:00,short,EXECUTE,pullback_recovery,194518.0,2,2344.68,2024-04-08 05:45:00+00:00
2024-04-08 06:00:00+00:00,short,EXECUTE,pullback_recovery,194521.0,1,2343.41,2024-04-08 06:30:00+00:00
2024-04-08 10:00:00+00:00,short,EXECUTE,pullback_recovery,194537.0,1,2336.12,2024-04-08 10:30:00+00:00
2024-04-08 11:00:00+00:00,short,EXECUTE,pullback_recovery,194541.0,1,2335.4,2024-04-08 11:30:00+00:00
2024-04-08 12:00:00+00:00,short,EXECUTE,pullback_recovery,194548.0,4,2337.21,2024-04-08 13:15:00+00:00
2024-04-08 13:00:00+00:00,short,EXECUTE,pullback_recovery,194549.0,1,2340.22,2024-04-08 13:30:00+00:00
2024-04-09 09:00:00+00:00,short,EXECUTE,pullback_recovery,194627.0,3,2344.54,2024-04-09 10:00:00+00:00
2024-04-09 10:00:00+00:00,short,EXECUTE,pullback_recovery,194629.0,1,2352.32,2024-04-09 10:30:00+00:00
2024-04-09 12:00:00+00:00,short,EXECUTE,pullback_recovery,194639.0,3,2363.28,2024-04-09 13:00:00+00:00
2024-04-09 13:00:00+00:00,short,EXECUTE,pullback_recovery,194641.0,1,2357.4,2024-04-09 13:30:00+00:00
2024-04-09 14:00:00+00:00,short,EXECUTE,pullback_recovery,194645.0,1,2354.89,2024-04-09 14:30:00+00:00
2024-04-10 11:00:00+00:00,short,EXECUTE,pullback_recovery,194726.0,2,2353.97,2024-04-10 11:45:00+00:00
2024-04-10 15:00:00+00:00,short,INVALIDATE,adverse_move_limit,,0,,
2024-04-11 02:00:00+00:00,short,EXECUTE,pullback_recovery,194781.0,1,2335.57,2024-04-11 02:30:00+00:00
2024-04-16 10:00:00+00:00,short,EXECUTE,pullback_recovery,195091.0,3,2365.52,2024-04-16 11:00:00+00:00
2024-04-17 08:00:00+00:00,short,EXECUTE,pullback_recovery,195174.0,2,2377.41,2024-04-17 08:45:00+00:00
2024-04-17 09:00:00+00:00,short,EXECUTE,pullback_recovery,195179.0,3,2381.08,2024-04-17 10:00:00+00:00
2024-04-17 10:00:00+00:00,short,EXECUTE,pullback_recovery,195183.0,3,2382.55,2024-04-17 11:00:00+00:00
2024-04-17 11:00:00+00:00,short,EXECUTE,pullback_recovery,195187.0,3,2392.99,2024-04-17 12:00:00+00:00
2024-04-17 12:00:00+00:00,short,EXECUTE,pullback_recovery,195190.0,2,2391.29,2024-04-17 12:45:00+00:00
2024-04-17 13:00:00+00:00,short,EXECUTE,pullback_recovery,195194.0,2,2386.31,2024-04-17 13:45:00+00:00
2024-04-17 14:00:00+00:00,short,EXECUTE,pullback_recovery,195197.0,1,2387.77,2024-04-17 14:30:00+00:00
2024-04-17 15:00:00+00:00,short,EXECUTE,pullback_recovery,195201.0,1,2384.38,2024-04-17 15:30:00+00:00
2024-04-18 02:00:00+00:00,short,EXECUTE,pullback_recovery,195244.0,4,2367.25,2024-04-18 03:15:00+00:00
2024-04-19 06:00:00+00:00,short,EXECUTE,pullback_recovery,195349.0,1,2385.83,2024-04-19 06:30:00+00:00
2024-04-19 12:00:00+00:00,short,EXECUTE,pullback_recovery,195375.0,3,2381.0,2024-04-19 13:00:00+00:00
2024-04-19 13:00:00+00:00,short,EXECUTE,pullback_recovery,195378.0,2,2380.33,2024-04-19 13:45:00+00:00
2024-04-19 14:00:00+00:00,short,EXECUTE,pullback_recovery,195383.0,3,2376.83,2024-04-19 15:00:00+00:00
2024-04-19 15:00:00+00:00,short,EXECUTE,pullback_recovery,195386.0,2,2382.71,2024-04-19 15:45:00+00:00
2024-04-24 08:00:00+00:00,short,EXECUTE,pullback_recovery,195634.0,2,2327.95,2024-04-24 08:45:00+00:00
2024-04-24 09:00:00+00:00,short,EXECUTE,pullback_recovery,195637.0,1,2326.1,2024-04-24 09:30:00+00:00
2024-04-24 10:00:00+00:00,short,EXECUTE,pullback_recovery,195641.0,1,2322.19,2024-04-24 10:30:00+00:00
2024-04-24 11:00:00+00:00,short,INVALIDATE,max_wait_exceeded,,16,,
2024-04-24 12:00:00+00:00,short,EXECUTE,pullback_recovery,195649.0,1,2312.88,2024-04-24 12:30:00+00:00
2024-04-24 13:00:00+00:00,short,EXECUTE,pullback_recovery,195653.0,1,2317.04,2024-04-24 13:30:00+00:00
2024-04-24 14:00:00+00:00,short,EXECUTE,pullback_recovery,195659.0,3,2316.19,2024-04-24 15:00:00+00:00
2024-04-25 03:00:00+00:00,short,EXECUTE,pullback_recovery,195710.0,6,2319.56,2024-04-25 04:45:00+00:00
2024-04-25 04:00:00+00:00,short,EXECUTE,pullback_recovery,195710.0,2,2319.56,2024-04-25 04:45:00+00:00
2024-04-25 06:00:00+00:00,short,EXECUTE,pullback_recovery,195719.0,3,2313.23,2024-04-25 07:00:00+00:00
2024-04-25 07:00:00+00:00,short,EXECUTE,pullback_recovery,195723.0,3,2315.47,2024-04-25 08:00:00+00:00
2024-04-25 08:00:00+00:00,short,EXECUTE,pullback_recovery,195727.0,3,2319.54,2024-04-25 09:00:00+00:00
2024-04-25 09:00:00+00:00,short,EXECUTE,pullback_recovery,195731.0,3,2322.67,2024-04-25 10:00:00+00:00
2024-04-25 10:00:00+00:00,short,EXECUTE,pullback_recovery,195736.0,4,2326.29,2024-04-25 11:15:00+00:00
2024-04-25 11:00:00+00:00,short,EXECUTE,pullback_recovery,195739.0,3,2326.91,2024-04-25 12:00:00+00:00
2024-04-25 12:00:00+00:00,short,EXECUTE,pullback_recovery,195741.0,1,2325.82,2024-04-25 12:30:00+00:00
2024-04-25 13:00:00+00:00,short,EXECUTE,pullback_recovery,195747.0,3,2328.2,2024-04-25 14:00:00+00:00
2024-04-25 14:00:00+00:00,short,EXECUTE,pullback_recovery,195749.0,1,2327.04,2024-04-25 14:30:00+00:00
2024-04-25 15:00:00+00:00,short,EXECUTE,pullback_recovery,195754.0,2,2329.62,2024-04-25 15:45:00+00:00
2024-04-26 07:00:00+00:00,short,EXECUTE,pullback_recovery,195814.0,2,2335.1,2024-04-26 07:45:00+00:00
2024-04-26 10:00:00+00:00,short,EXECUTE,pullback_recovery,195825.0,1,2344.19,2024-04-26 10:30:00+00:00
2024-04-26 11:00:00+00:00,short,EXECUTE,pullback_recovery,195829.0,1,2346.74,2024-04-26 11:30:00+00:00
2024-04-26 12:00:00+00:00,short,EXECUTE,pullback_recovery,195833.0,1,2348.79,2024-04-26 12:30:00+00:00
2024-04-26 13:00:00+00:00,short,EXECUTE,pullback_recovery,195837.0,1,2346.59,2024-04-26 13:30:00+00:00
2024-04-26 15:00:00+00:00,short,EXECUTE,pullback_recovery,195847.0,3,2344.85,2024-04-26 16:00:00+00:00
2024-04-29 08:00:00+00:00,short,EXECUTE,pullback_recovery,195910.0,2,2330.54,2024-04-29 08:45:00+00:00
2024-04-29 09:00:00+00:00,short,EXECUTE,pullback_recovery,195913.0,1,2330.83,2024-04-29 09:30:00+00:00
2024-04-29 11:00:00+00:00,short,EXECUTE,pullback_recovery,195922.0,2,2339.56,2024-04-29 11:45:00+00:00
2024-04-29 13:00:00+00:00,short,EXECUTE,pullback_recovery,195930.0,2,2340.78,2024-04-29 13:45:00+00:00
2024-04-29 14:00:00+00:00,short,EXECUTE,pullback_recovery,195934.0,2,2338.48,2024-04-29 14:45:00+00:00
2024-04-30 08:00:00+00:00,short,EXECUTE,pullback_recovery,196002.0,2,2322.46,2024-04-30 08:45:00+00:00
2024-04-30 09:00:00+00:00,short,EXECUTE,pullback_recovery,196005.0,1,2320.45,2024-04-30 09:30:00+00:00
2024-04-30 10:00:00+00:00,short,EXECUTE,pullback_recovery,196009.0,1,2317.06,2024-04-30 10:30:00+00:00
2024-04-30 11:00:00+00:00,short,EXECUTE,pullback_recovery,196013.0,1,2313.38,2024-04-30 11:30:00+00:00
2024-04-30 12:00:00+00:00,short,EXECUTE,pullback_recovery,196017.0,1,2314.92,2024-04-30 12:30:00+00:00
2024-04-30 13:00:00+00:00,short,EXECUTE,pullback_recovery,196022.0,2,2315.7,2024-04-30 13:45:00+00:00
2024-04-30 14:00:00+00:00,short,EXECUTE,pullback_recovery,196025.0,1,2313.94,2024-04-30 14:30:00+00:00
2024-04-30 15:00:00+00:00,short,EXECUTE,pullback_recovery,196031.0,3,2306.01,2024-04-30 16:00:00+00:00
2024-05-01 07:00:00+00:00,short,EXECUTE,pullback_recovery,196090.0,2,2284.28,2024-05-01 07:45:00+00:00
2024-05-01 08:00:00+00:00,short,EXECUTE,pullback_recovery,196095.0,3,2287.41,2024-05-01 09:00:00+00:00
2024-05-01 09:00:00+00:00,short,EXECUTE,pullback_recovery,196099.0,3,2286.84,2024-05-01 10:00:00+00:00
2024-05-01 10:00:00+00:00,short,EXECUTE,pullback_recovery,196102.0,2,2283.96,2024-05-01 10:45:00+00:00
2024-05-01 11:00:00+00:00,short,EXECUTE,pullback_recovery,196106.0,2,2284.72,2024-05-01 11:45:00+00:00
2024-05-01 12:00:00+00:00,short,EXECUTE,pullback_recovery,196111.0,3,2291.96,2024-05-01 13:00:00+00:00
2024-05-01 13:00:00+00:00,short,EXECUTE,pullback_recovery,196115.0,3,2293.11,2024-05-01 14:00:00+00:00
2024-05-01 14:00:00+00:00,short,EXECUTE,pullback_recovery,196118.0,2,2294.58,2024-05-01 14:45:00+00:00
2024-05-01 15:00:00+00:00,short,EXECUTE,pullback_recovery,196123.0,3,2298.26,2024-05-01 16:00:00+00:00
2024-05-02 15:00:00+00:00,short,EXECUTE,pullback_recovery,196215.0,3,2294.42,2024-05-02 16:00:00+00:00
2024-05-03 07:00:00+00:00,short,EXECUTE,pullback_recovery,196275.0,3,2307.37,2024-05-03 08:00:00+00:00
2024-05-03 08:00:00+00:00,short,EXECUTE,pullback_recovery,196277.0,1,2306.4,2024-05-03 08:30:00+00:00
2024-05-03 09:00:00+00:00,short,EXECUTE,pullback_recovery,196283.0,3,2298.36,2024-05-03 10:00:00+00:00
2024-05-03 10:00:00+00:00,short,EXECUTE,pullback_recovery,196285.0,1,2299.39,2024-05-03 10:30:00+00:00
2024-05-03 11:00:00+00:00,short,EXECUTE,pullback_recovery,196291.0,3,2301.2,2024-05-03 12:00:00+00:00
2024-05-03 12:00:00+00:00,short,EXECUTE,pullback_recovery,196294.0,2,2302.11,2024-05-03 12:45:00+00:00
2024-05-03 13:00:00+00:00,short,EXECUTE,pullback_recovery,196297.0,1,2299.65,2024-05-03 13:30:00+00:00
2024-05-03 14:00:00+00:00,short,EXECUTE,pullback_recovery,196301.0,1,2298.82,2024-05-03 14:30:00+00:00
2024-05-03 15:00:00+00:00,short,INVALIDATE,adverse_move_limit,,1,,
2024-05-07 08:00:00+00:00,short,EXECUTE,pullback_recovery,196462.0,2,2321.06,2024-05-07 08:45:00+00:00
2024-05-07 09:00:00+00:00,short,EXECUTE,pullback_recovery,196466.0,2,2320.78,2024-05-07 09:45:00+00:00
2024-05-07 10:00:00+00:00,short,EXECUTE,pullback_recovery,196471.0,3,2319.39,2024-05-07 11:00:00+00:00
2024-05-07 11:00:00+00:00,short,EXECUTE,pullback_recovery,196474.0,2,2315.95,2024-05-07 11:45:00+00:00
2024-05-07 12:00:00+00:00,short,EXECUTE,pullback_recovery,196477.0,1,2315.14,2024-05-07 12:30:00+00:00
2024-05-07 13:00:00+00:00,short,EXECUTE,pullback_recovery,196483.0,3,2315.37,2024-05-07 14:00:00+00:00
2024-05-07 14:00:00+00:00,short,EXECUTE,pullback_recovery,196486.0,2,2313.81,2024-05-07 14:45:00+00:00
2024-05-07 15:00:00+00:00,short,EXECUTE,pullback_recovery,196491.0,3,2316.01,2024-05-07 16:00:00+00:00
2024-05-08 08:00:00+00:00,short,EXECUTE,pullback_recovery,196555.0,3,2317.64,2024-05-08 09:00:00+00:00
2024-05-08 09:00:00+00:00,short,EXECUTE,pullback_recovery,196557.0,1,2315.66,2024-05-08 09:30:00+00:00
2024-05-08 11:00:00+00:00,short,EXECUTE,pullback_recovery,196567.0,3,2307.26,2024-05-08 12:00:00+00:00
2024-05-08 12:00:00+00:00,short,EXECUTE,pullback_recovery,196571.0,3,2310.84,2024-05-08 13:00:00+00:00
2024-05-08 13:00:00+00:00,short,EXECUTE,pullback_recovery,196573.0,1,2315.56,2024-05-08 13:30:00+00:00
2024-05-08 14:00:00+00:00,short,EXECUTE,pullback_recovery,196577.0,1,2315.43,2024-05-08 14:30:00+00:00
2024-05-08 15:00:00+00:00,short,EXECUTE,pullback_recovery,196582.0,2,2316.07,2024-05-08 15:45:00+00:00
2024-05-09 08:00:00+00:00,short,EXECUTE,pullback_recovery,196646.0,2,2317.28,2024-05-09 08:45:00+00:00
2024-05-09 09:00:00+00:00,short,EXECUTE,pullback_recovery,196650.0,2,2314.05,2024-05-09 09:45:00+00:00
2024-05-09 10:00:00+00:00,short,EXECUTE,pullback_recovery,196653.0,1,2311.16,2024-05-09 10:30:00+00:00
2024-05-09 11:00:00+00:00,short,EXECUTE,pullback_recovery,196657.0,1,2311.6,2024-05-09 11:30:00+00:00
2024-05-09 12:00:00+00:00,short,EXECUTE,pullback_recovery,196663.0,3,2307.55,2024-05-09 13:00:00+00:00
2024-05-09 13:00:00+00:00,short,EXECUTE,pullback_recovery,196667.0,3,2311.66,2024-05-09 14:00:00+00:00
2024-05-09 14:00:00+00:00,short,EXECUTE,pullback_recovery,196671.0,3,2315.92,2024-05-09 15:00:00+00:00
2024-05-10 08:00:00+00:00,long,EXECUTE,pullback_recovery,196738.0,2,2357.08,2024-05-10 08:45:00+00:00
2024-05-10 09:00:00+00:00,long,EXECUTE,pullback_recovery,196742.0,2,2365.92,2024-05-10 09:45:00+00:00
2024-05-10 10:00:00+00:00,long,EXECUTE,pullback_recovery,196746.0,2,2366.86,2024-05-10 10:45:00+00:00
2024-05-10 11:00:00+00:00,long,EXECUTE,pullback_recovery,196751.0,3,2369.64,2024-05-10 12:00:00+00:00
2024-05-13 10:00:00+00:00,short,EXECUTE,pullback_recovery,196837.0,1,2349.97,2024-05-13 10:30:00+00:00
2024-05-13 11:00:00+00:00,short,EXECUTE,pullback_recovery,196841.0,1,2343.69,2024-05-13 11:30:00+00:00
2024-05-13 12:00:00+00:00,short,EXECUTE,pullback_recovery,196845.0,1,2341.37,2024-05-13 12:30:00+00:00
2024-05-13 13:00:00+00:00,short,EXECUTE,pullback_recovery,196850.0,2,2343.02,2024-05-13 13:45:00+00:00
2024-05-13 14:00:00+00:00,short,EXECUTE,pullback_recovery,196854.0,2,2342.33,2024-05-13 14:45:00+00:00
2024-05-13 15:00:00+00:00,short,EXECUTE,pullback_recovery,196857.0,1,2345.62,2024-05-13 15:30:00+00:00
2024-05-15 07:00:00+00:00,short,EXECUTE,pullback_recovery,197010.0,2,2358.23,2024-05-15 07:45:00+00:00
2024-05-15 08:00:00+00:00,short,EXECUTE,pullback_recovery,197015.0,3,2358.48,2024-05-15 09:00:00+00:00
2024-05-15 09:00:00+00:00,short,EXECUTE,pullback_recovery,197017.0,1,2358.4,2024-05-15 09:30:00+00:00
2024-05-15 10:00:00+00:00,short,EXECUTE,pullback_recovery,197022.0,2,2362.76,2024-05-15 10:45:00+00:00
2024-05-17 08:00:00+00:00,short,EXECUTE,pullback_recovery,197198.0,2,2381.01,2024-05-17 08:45:00+00:00
2024-05-17 09:00:00+00:00,short,EXECUTE,pullback_recovery,197203.0,3,2385.94,2024-05-17 10:00:00+00:00
2024-05-17 10:00:00+00:00,short,EXECUTE,pullback_recovery,197206.0,2,2383.36,2024-05-17 10:45:00+00:00
2024-05-17 11:00:00+00:00,short,EXECUTE,pullback_recovery,197209.0,1,2384.02,2024-05-17 11:30:00+00:00
2024-05-17 12:00:00+00:00,short,EXECUTE,pullback_recovery,197213.0,1,2382.04,2024-05-17 12:30:00+00:00
2024-05-17 13:00:00+00:00,short,EXECUTE,pullback_recovery,197222.0,6,2387.69,2024-05-17 14:45:00+00:00
2024-05-17 14:00:00+00:00,short,EXECUTE,pullback_recovery,197223.0,3,2389.75,2024-05-17 15:00:00+00:00
2024-05-17 15:00:00+00:00,short,EXECUTE,pullback_recovery,197227.0,3,2393.32,2024-05-17 16:00:00+00:00
2024-05-22 10:00:00+00:00,short,EXECUTE,pullback_recovery,197481.0,1,2412.91,2024-05-22 10:30:00+00:00
2024-05-22 13:00:00+00:00,short,EXECUTE,pullback_recovery,197493.0,1,2415.86,2024-05-22 13:30:00+00:00
2024-05-22 14:00:00+00:00,long,EXECUTE,pullback_recovery,197498.0,2,2407.91,2024-05-22 14:45:00+00:00
2024-05-22 15:00:00+00:00,short,EXECUTE,pullback_recovery,197502.0,2,2412.06,2024-05-22 15:45:00+00:00
2024-05-24 09:00:00+00:00,short,EXECUTE,pullback_recovery,197661.0,1,2336.83,2024-05-24 09:30:00+00:00
2024-05-24 10:00:00+00:00,short,EXECUTE,pullback_recovery,197666.0,2,2338.33,2024-05-24 10:45:00+00:00
2024-05-27 07:00:00+00:00,short,EXECUTE,pullback_recovery,197745.0,1,2343.08,2024-05-27 07:30:00+00:00
2024-05-27 08:00:00+00:00,short,EXECUTE,pullback_recovery,197750.0,2,2342.69,2024-05-27 08:45:00+00:00
2024-05-27 09:00:00+00:00,short,EXECUTE,pullback_recovery,197755.0,3,2341.49,2024-05-27 10:00:00+00:00
2024-05-27 10:00:00+00:00,short,EXECUTE,pullback_recovery,197758.0,2,2338.63,2024-05-27 10:45:00+00:00
2024-05-27 11:00:00+00:00,short,EXECUTE,pullback_recovery,197762.0,2,2344.15,2024-05-27 11:45:00+00:00
2024-05-27 12:00:00+00:00,short,EXECUTE,pullback_recovery,197766.0,2,2343.8,2024-05-27 12:45:00+00:00
2024-05-27 13:00:00+00:00,short,EXECUTE,pullback_recovery,197771.0,3,2344.86,2024-05-27 14:00:00+00:00
2024-05-27 14:00:00+00:00,short,EXECUTE,pullback_recovery,197773.0,1,2344.6,2024-05-27 14:30:00+00:00
2024-05-27 15:00:00+00:00,short,EXECUTE,pullback_recovery,197778.0,2,2347.88,2024-05-27 15:45:00+00:00
2024-05-28 03:00:00+00:00,short,EXECUTE,pullback_recovery,197807.0,1,2351.48,2024-05-28 03:30:00+00:00
2024-05-28 04:00:00+00:00,short,EXECUTE,pullback_recovery,197812.0,2,2354.46,2024-05-28 04:45:00+00:00
2024-05-28 05:00:00+00:00,short,EXECUTE,pullback_recovery,197817.0,3,2354.07,2024-05-28 06:00:00+00:00
2024-05-28 06:00:00+00:00,short,EXECUTE,pullback_recovery,197819.0,1,2351.41,2024-05-28 06:30:00+00:00
2024-05-28 07:00:00+00:00,short,EXECUTE,pullback_recovery,197824.0,2,2351.29,2024-05-28 07:45:00+00:00
2024-05-28 08:00:00+00:00,short,EXECUTE,pullback_recovery,197829.0,3,2350.36,2024-05-28 09:00:00+00:00
2024-05-28 09:00:00+00:00,short,EXECUTE,pullback_recovery,197831.0,1,2342.64,2024-05-28 09:30:00+00:00
2024-05-28 10:00:00+00:00,short,EXECUTE,pullback_recovery,197835.0,1,2343.56,2024-05-28 10:30:00+00:00
2024-05-28 11:00:00+00:00,short,EXECUTE,pullback_recovery,197847.0,9,2344.69,2024-05-28 13:30:00+00:00
2024-05-28 12:00:00+00:00,short,EXECUTE,pullback_recovery,197844.0,2,2344.33,2024-05-28 12:45:00+00:00
2024-05-28 13:00:00+00:00,short,EXECUTE,pullback_recovery,197849.0,3,2345.68,2024-05-28 14:00:00+00:00
2024-05-28 14:00:00+00:00,short,EXECUTE,pullback_recovery,197853.0,3,2347.38,2024-05-28 15:00:00+00:00
2024-05-28 15:00:00+00:00,short,EXECUTE,pullback_recovery,197855.0,1,2354.34,2024-05-28 15:30:00+00:00
2024-05-29 15:00:00+00:00,short,EXECUTE,pullback_recovery,197949.0,3,2337.59,2024-05-29 16:00:00+00:00
2024-05-30 13:00:00+00:00,short,EXECUTE,pullback_recovery,198039.0,9,2336.71,2024-05-30 15:30:00+00:00
2024-05-30 14:00:00+00:00,short,EXECUTE,pullback_recovery,198035.0,1,2337.47,2024-05-30 14:30:00+00:00
2024-05-31 14:00:00+00:00,short,EXECUTE,pullback_recovery,198127.0,1,2343.65,2024-05-31 14:30:00+00:00
2024-06-04 12:00:00+00:00,short,EXECUTE,pullback_recovery,198303.0,1,2329.23,2024-06-04 12:30:00+00:00
2024-06-04 13:00:00+00:00,short,EXECUTE,pullback_recovery,198308.0,2,2331.3,2024-06-04 13:45:00+00:00
2024-06-04 14:00:00+00:00,short,EXECUTE,pullback_recovery,198314.0,4,2328.22,2024-06-04 15:15:00+00:00
2024-06-04 15:00:00+00:00,short,EXECUTE,pullback_recovery,198317.0,3,2335.07,2024-06-04 16:00:00+00:00
2024-06-11 14:00:00+00:00,short,INVALIDATE,adverse_move_limit,,4,,
2024-06-11 15:00:00+00:00,short,EXECUTE,pullback_recovery,198776.0,2,2318.45,2024-06-11 15:45:00+00:00
2024-06-12 03:00:00+00:00,short,EXECUTE,pullback_recovery,198819.0,1,2314.63,2024-06-12 03:30:00+00:00
2024-06-12 04:00:00+00:00,short,EXECUTE,pullback_recovery,198825.0,3,2314.38,2024-06-12 05:00:00+00:00
2024-06-12 05:00:00+00:00,short,EXECUTE,pullback_recovery,198828.0,2,2312.35,2024-06-12 05:45:00+00:00
2024-06-12 06:00:00+00:00,short,EXECUTE,pullback_recovery,198833.0,3,2313.96,2024-06-12 07:00:00+00:00
2024-06-12 07:00:00+00:00,short,EXECUTE,pullback_recovery,198836.0,2,2313.36,2024-06-12 07:45:00+00:00
2024-06-12 08:00:00+00:00,short,EXECUTE,pullback_recovery,198841.0,3,2314.94,2024-06-12 09:00:00+00:00
2024-06-12 09:00:00+00:00,short,EXECUTE,pullback_recovery,198843.0,1,2315.88,2024-06-12 09:30:00+00:00
2024-06-12 10:00:00+00:00,short,EXECUTE,pullback_recovery,198850.0,4,2314.11,2024-06-12 11:15:00+00:00
2024-06-12 11:00:00+00:00,short,EXECUTE,pullback_recovery,198851.0,1,2312.88,2024-06-12 11:30:00+00:00
2024-06-12 12:00:00+00:00,short,EXECUTE,pullback_recovery,198856.0,2,2312.74,2024-06-12 12:45:00+00:00
2024-06-12 13:00:00+00:00,short,EXECUTE,pullback_recovery,198860.0,2,2313.47,2024-06-12 13:45:00+00:00
2024-06-12 14:00:00+00:00,short,EXECUTE,pullback_recovery,198864.0,2,2312.82,2024-06-12 14:45:00+00:00
2024-06-13 12:00:00+00:00,short,EXECUTE,pullback_recovery,198947.0,1,2316.18,2024-06-13 12:30:00+00:00
2024-06-13 13:00:00+00:00,short,EXECUTE,pullback_recovery,198953.0,3,2316.34,2024-06-13 14:00:00+00:00
2024-06-17 10:00:00+00:00,long,EXECUTE,pullback_recovery,199123.0,1,2319.47,2024-06-17 10:30:00+00:00
2024-06-17 11:00:00+00:00,long,EXECUTE,pullback_recovery,199127.0,1,2320.77,2024-06-17 11:30:00+00:00
2024-06-17 12:00:00+00:00,long,EXECUTE,pullback_recovery,199133.0,3,2319.95,2024-06-17 13:00:00+00:00
2024-06-17 13:00:00+00:00,short,EXECUTE,pullback_recovery,199136.0,2,2320.12,2024-06-17 13:45:00+00:00
2024-06-17 14:00:00+00:00,short,EXECUTE,pullback_recovery,199140.0,2,2319.54,2024-06-17 14:45:00+00:00
2024-06-17 15:00:00+00:00,short,EXECUTE,pullback_recovery,199143.0,1,2318.32,2024-06-17 15:30:00+00:00
2024-06-17 16:00:00+00:00,short,EXECUTE,pullback_recovery,199147.0,1,2323.54,2024-06-17 16:30:00+00:00
2024-06-18 07:00:00+00:00,short,EXECUTE,pullback_recovery,199204.0,2,2322.72,2024-06-18 07:45:00+00:00
2024-06-18 08:00:00+00:00,short,EXECUTE,pullback_recovery,199208.0,2,2321.64,2024-06-18 08:45:00+00:00
2024-06-18 09:00:00+00:00,short,EXECUTE,pullback_recovery,199212.0,2,2319.93,2024-06-18 09:45:00+00:00
2024-06-18 10:00:00+00:00,short,EXECUTE,pullback_recovery,199216.0,2,2316.58,2024-06-18 10:45:00+00:00
2024-06-18 12:00:00+00:00,short,EXECUTE,pullback_recovery,199223.0,1,2312.11,2024-06-18 12:30:00+00:00
2024-06-19 07:00:00+00:00,short,EXECUTE,pullback_recovery,199297.0,3,2327.91,2024-06-19 08:00:00+00:00
2024-06-19 08:00:00+00:00,short,EXECUTE,pullback_recovery,199301.0,3,2329.23,2024-06-19 09:00:00+00:00
2024-06-19 09:00:00+00:00,short,EXECUTE,pullback_recovery,199305.0,3,2330.16,2024-06-19 10:00:00+00:00
2024-06-19 10:00:00+00:00,short,EXECUTE,pullback_recovery,199307.0,1,2331.08,2024-06-19 10:30:00+00:00
2024-06-19 11:00:00+00:00,short,EXECUTE,pullback_recovery,199312.0,2,2332.7,2024-06-19 11:45:00+00:00
2024-06-19 12:00:00+00:00,short,EXECUTE,pullback_recovery,199315.0,1,2329.46,2024-06-19 12:30:00+00:00
2024-06-19 13:00:00+00:00,short,EXECUTE,pullback_recovery,199319.0,1,2328.63,2024-06-19 13:30:00+00:00
2024-06-19 14:00:00+00:00,short,EXECUTE,pullback_recovery,199325.0,3,2330.45,2024-06-19 15:00:00+00:00
2024-06-20 03:00:00+00:00,short,INVALIDATE,adverse_move_limit,,5,,
2024-06-20 05:00:00+00:00,short,EXECUTE,pullback_recovery,199366.0,2,2333.66,2024-06-20 05:45:00+00:00
2024-06-20 06:00:00+00:00,short,EXECUTE,pullback_recovery,199369.0,1,2334.06,2024-06-20 06:30:00+00:00
2024-06-20 07:00:00+00:00,short,EXECUTE,pullback_recovery,199375.0,3,2340.48,2024-06-20 08:00:00+00:00
2024-06-20 08:00:00+00:00,short,EXECUTE,pullback_recovery,199379.0,3,2340.24,2024-06-20 09:00:00+00:00
2024-06-20 09:00:00+00:00,short,EXECUTE,pullback_recovery,199381.0,1,2344.32,2024-06-20 09:30:00+00:00
2024-06-21 07:00:00+00:00,short,EXECUTE,pullback_recovery,199468.0,4,2362.58,2024-06-21 08:15:00+00:00
2024-06-21 08:00:00+00:00,short,EXECUTE,pullback_recovery,199471.0,3,2364.41,2024-06-21 09:00:00+00:00
2024-06-21 09:00:00+00:00,short,EXECUTE,pullback_recovery,199474.0,2,2358.47,2024-06-21 09:45:00+00:00
2024-06-21 10:00:00+00:00,short,EXECUTE,pullback_recovery,199479.0,3,2362.93,2024-06-21 11:00:00+00:00
2024-06-21 11:00:00+00:00,short,EXECUTE,pullback_recovery,199482.0,2,2364.91,2024-06-21 11:45:00+00:00
2024-06-21 12:00:00+00:00,short,EXECUTE,pullback_recovery,199485.0,1,2364.18,2024-06-21 12:30:00+00:00
2024-06-21 13:00:00+00:00,short,EXECUTE,pullback_recovery,199494.0,6,2365.36,2024-06-21 14:45:00+00:00
2024-06-21 14:00:00+00:00,short,EXECUTE,pullback_recovery,199494.0,2,2365.36,2024-06-21 14:45:00+00:00
2024-06-21 15:00:00+00:00,short,EXECUTE,pullback_recovery,199499.0,3,2360.55,2024-06-21 16:00:00+00:00
2024-06-24 10:00:00+00:00,short,EXECUTE,pullback_recovery,199571.0,3,2330.69,2024-06-24 11:00:00+00:00
2024-06-24 12:00:00+00:00,short,EXECUTE,pullback_recovery,199577.0,1,2327.45,2024-06-24 12:30:00+00:00
2024-06-24 13:00:00+00:00,short,EXECUTE,pullback_recovery,199581.0,1,2324.56,2024-06-24 13:30:00+00:00
2024-06-24 15:00:00+00:00,short,EXECUTE,pullback_recovery,199595.0,7,2328.0,2024-06-24 17:00:00+00:00
2024-06-26 10:00:00+00:00,short,EXECUTE,pullback_recovery,199753.0,1,2315.03,2024-06-26 10:30:00+00:00
2024-06-26 11:00:00+00:00,short,EXECUTE,pullback_recovery,199758.0,2,2316.18,2024-06-26 11:45:00+00:00
2024-06-26 12:00:00+00:00,short,EXECUTE,pullback_recovery,199763.0,3,2316.27,2024-06-26 13:00:00+00:00
2024-06-26 13:00:00+00:00,short,EXECUTE,pullback_recovery,199765.0,1,2308.29,2024-06-26 13:30:00+00:00
2024-06-26 14:00:00+00:00,short,EXECUTE,pullback_recovery,199771.0,3,2312.94,2024-06-26 15:00:00+00:00
2024-06-26 15:00:00+00:00,short,EXECUTE,pullback_recovery,199775.0,3,2310.1,2024-06-26 16:00:00+00:00
2024-06-27 07:00:00+00:00,short,EXECUTE,pullback_recovery,199833.0,1,2299.96,2024-06-27 07:30:00+00:00
2024-06-27 08:00:00+00:00,short,EXECUTE,pullback_recovery,199837.0,1,2298.5,2024-06-27 08:30:00+00:00
2024-06-27 09:00:00+00:00,short,EXECUTE,pullback_recovery,199842.0,2,2300.33,2024-06-27 09:45:00+00:00
2024-06-27 10:00:00+00:00,short,INVALIDATE,adverse_move_limit,,7,,
2024-06-27 11:00:00+00:00,short,EXECUTE,pullback_recovery,199851.0,3,2307.5,2024-06-27 12:00:00+00:00
2024-06-27 12:00:00+00:00,short,EXECUTE,pullback_recovery,199853.0,1,2311.92,2024-06-27 12:30:00+00:00
2024-06-27 13:00:00+00:00,short,EXECUTE,pullback_recovery,199860.0,4,2314.57,2024-06-27 14:15:00+00:00
2024-06-27 14:00:00+00:00,short,EXECUTE,pullback_recovery,199862.0,2,2315.7,2024-06-27 14:45:00+00:00
2024-06-27 15:00:00+00:00,short,EXECUTE,pullback_recovery,199866.0,2,2322.87,2024-06-27 15:45:00+00:00
2024-06-28 09:00:00+00:00,short,EXECUTE,pullback_recovery,199934.0,2,2325.84,2024-06-28 09:45:00+00:00
2024-06-28 10:00:00+00:00,short,EXECUTE,pullback_recovery,199937.0,1,2326.22,2024-06-28 10:30:00+00:00
2024-06-28 11:00:00+00:00,short,EXECUTE,pullback_recovery,199941.0,1,2329.25,2024-06-28 11:30:00+00:00
2024-06-28 12:00:00+00:00,short,INVALIDATE,adverse_move_limit,,5,,
2024-06-28 13:00:00+00:00,short,EXECUTE,pullback_recovery,199950.0,2,2335.59,2024-06-28 13:45:00+00:00
2024-06-28 14:00:00+00:00,short,EXECUTE,pullback_recovery,199953.0,1,2334.76,2024-06-28 14:30:00+00:00
2024-07-01 09:00:00+00:00,short,EXECUTE,pullback_recovery,200026.0,2,2326.13,2024-07-01 09:45:00+00:00
2024-07-01 10:00:00+00:00,short,EXECUTE,pullback_recovery,200029.0,1,2324.64,2024-07-01 10:30:00+00:00
2024-07-01 15:00:00+00:00,short,INVALIDATE,adverse_move_limit,,0,,
2024-07-02 04:00:00+00:00,short,EXECUTE,pullback_recovery,200100.0,4,2333.16,2024-07-02 05:15:00+00:00
2024-07-02 05:00:00+00:00,short,EXECUTE,pullback_recovery,200101.0,1,2332.28,2024-07-02 05:30:00+00:00
2024-07-02 08:00:00+00:00,long,EXECUTE,pullback_recovery,200114.0,2,2329.84,2024-07-02 08:45:00+00:00
2024-07-02 09:00:00+00:00,short,EXECUTE,pullback_recovery,200119.0,3,2330.59,2024-07-02 10:00:00+00:00
2024-07-02 10:00:00+00:00,short,EXECUTE,pullback_recovery,200125.0,5,2330.27,2024-07-02 11:30:00+00:00
2024-07-02 11:00:00+00:00,short,EXECUTE,pullback_recovery,200125.0,1,2330.27,2024-07-02 11:30:00+00:00
2024-07-02 12:00:00+00:00,short,EXECUTE,pullback_recovery,200130.0,2,2326.61,2024-07-02 12:45:00+00:00
2024-07-02 13:00:00+00:00,short,EXECUTE,pullback_recovery,200133.0,1,2324.56,2024-07-02 13:30:00+00:00
2024-07-02 14:00:00+00:00,short,EXECUTE,pullback_recovery,200138.0,2,2321.2,2024-07-02 14:45:00+00:00
2024-07-02 15:00:00+00:00,short,EXECUTE,pullback_recovery,200143.0,3,2327.41,2024-07-02 16:00:00+00:00
2024-07-03 07:00:00+00:00,short,EXECUTE,pullback_recovery,200203.0,3,2334.37,2024-07-03 08:00:00+00:00
2024-07-03 08:00:00+00:00,short,EXECUTE,pullback_recovery,200205.0,1,2334.4,2024-07-03 08:30:00+00:00
2024-07-03 09:00:00+00:00,short,EXECUTE,pullback_recovery,200211.0,3,2340.12,2024-07-03 10:00:00+00:00
2024-07-03 13:00:00+00:00,short,EXECUTE,pullback_recovery,200226.0,2,2348.01,2024-07-03 13:45:00+00:00
2024-07-03 14:00:00+00:00,short,EXECUTE,pullback_recovery,200229.0,1,2344.63,2024-07-03 14:30:00+00:00
2024-07-04 07:00:00+00:00,short,EXECUTE,pullback_recovery,200294.0,2,2358.27,2024-07-04 07:45:00+00:00
2024-07-04 08:00:00+00:00,short,EXECUTE,pullback_recovery,200297.0,1,2356.1,2024-07-04 08:30:00+00:00
2024-07-04 09:00:00+00:00,short,EXECUTE,pullback_recovery,200303.0,3,2356.24,2024-07-04 10:00:00+00:00
2024-07-04 10:00:00+00:00,short,EXECUTE,pullback_recovery,200309.0,5,2357.38,2024-07-04 11:30:00+00:00
2024-07-04 11:00:00+00:00,short,EXECUTE,pullback_recovery,200311.0,3,2358.8,2024-07-04 12:00:00+00:00
2024-07-04 12:00:00+00:00,short,EXECUTE,pullback_recovery,200315.0,3,2357.67,2024-07-04 13:00:00+00:00
2024-07-04 13:00:00+00:00,short,EXECUTE,pullback_recovery,200318.0,2,2358.35,2024-07-04 13:45:00+00:00
2024-07-04 14:00:00+00:00,short,EXECUTE,pullback_recovery,200321.0,1,2358.43,2024-07-04 14:30:00+00:00
2024-07-05 10:00:00+00:00,short,EXECUTE,pullback_recovery,200385.0,3,2365.18,2024-07-05 11:00:00+00:00
2024-07-05 11:00:00+00:00,short,EXECUTE,pullback_recovery,200387.0,1,2366.79,2024-07-05 11:30:00+00:00
2024-07-05 12:00:00+00:00,short,EXECUTE,pullback_recovery,200393.0,3,2362.4,2024-07-05 13:00:00+00:00
2024-07-05 13:00:00+00:00,short,EXECUTE,pullback_recovery,200396.0,2,2364.2,2024-07-05 13:45:00+00:00
2024-07-05 14:00:00+00:00,short,EXECUTE,pullback_recovery,200403.0,5,2366.14,2024-07-05 15:30:00+00:00
2024-07-08 14:00:00+00:00,short,EXECUTE,pullback_recovery,200494.0,4,2374.94,2024-07-08 15:15:00+00:00
2024-07-09 10:00:00+00:00,short,EXECUTE,pullback_recovery,200567.0,1,2359.34,2024-07-09 10:30:00+00:00
2024-07-10 08:00:00+00:00,short,EXECUTE,pullback_recovery,200651.0,1,2367.98,2024-07-10 08:30:00+00:00
2024-07-10 09:00:00+00:00,short,EXECUTE,pullback_recovery,200657.0,3,2371.91,2024-07-10 10:00:00+00:00
2024-07-10 10:00:00+00:00,short,EXECUTE,pullback_recovery,200660.0,2,2373.22,2024-07-10 10:45:00+00:00
2024-07-10 11:00:00+00:00,short,EXECUTE,pullback_recovery,200663.0,1,2373.18,2024-07-10 11:30:00+00:00
2024-07-10 12:00:00+00:00,short,EXECUTE,pullback_recovery,200667.0,1,2371.72,2024-07-10 12:30:00+00:00
2024-07-10 13:00:00+00:00,short,EXECUTE,pullback_recovery,200672.0,2,2373.57,2024-07-10 13:45:00+00:00
2024-07-10 14:00:00+00:00,short,EXECUTE,pullback_recovery,200678.0,4,2377.72,2024-07-10 15:15:00+00:00
2024-07-10 15:00:00+00:00,short,EXECUTE,pullback_recovery,200681.0,3,2377.78,2024-07-10 16:00:00+00:00
2024-07-11 06:00:00+00:00,short,EXECUTE,pullback_recovery,200737.0,3,2378.68,2024-07-11 07:00:00+00:00
2024-07-11 07:00:00+00:00,short,EXECUTE,pullback_recovery,200741.0,3,2381.92,2024-07-11 08:00:00+00:00
2024-07-11 08:00:00+00:00,short,EXECUTE,pullback_recovery,200744.0,2,2381.94,2024-07-11 08:45:00+00:00
2024-07-11 09:00:00+00:00,short,EXECUTE,pullback_recovery,200749.0,3,2381.73,2024-07-11 10:00:00+00:00
2024-07-11 10:00:00+00:00,short,EXECUTE,pullback_recovery,200752.0,2,2379.06,2024-07-11 10:45:00+00:00
2024-07-11 11:00:00+00:00,short,EXECUTE,pullback_recovery,200755.0,1,2380.7,2024-07-11 11:30:00+00:00
2024-07-11 12:00:00+00:00,short,EXECUTE,pullback_recovery,200759.0,1,2382.87,2024-07-11 12:30:00+00:00
2024-07-11 13:00:00+00:00,short,EXECUTE,pullback_recovery,200763.0,1,2382.51,2024-07-11 13:30:00+00:00
2024-07-11 14:00:00+00:00,short,EXECUTE,pullback_recovery,200768.0,2,2381.25,2024-07-11 14:45:00+00:00
2024-07-12 09:00:00+00:00,short,EXECUTE,pullback_recovery,200839.0,1,2405.25,2024-07-12 09:30:00+00:00
2024-07-12 10:00:00+00:00,short,EXECUTE,pullback_recovery,200844.0,2,2404.09,2024-07-12 10:45:00+00:00
2024-07-12 12:00:00+00:00,short,EXECUTE,pullback_recovery,200851.0,1,2405.15,2024-07-12 12:30:00+00:00
2024-07-12 13:00:00+00:00,short,EXECUTE,pullback_recovery,200855.0,1,2401.01,2024-07-12 13:30:00+00:00
2024-07-12 14:00:00+00:00,short,EXECUTE,pullback_recovery,200859.0,1,2401.84,2024-07-12 14:30:00+00:00
2024-07-15 07:00:00+00:00,short,EXECUTE,pullback_recovery,200923.0,1,2411.88,2024-07-15 07:30:00+00:00
2024-07-15 08:00:00+00:00,short,EXECUTE,pullback_recovery,200928.0,2,2410.55,2024-07-15 08:45:00+00:00
2024-07-15 09:00:00+00:00,short,EXECUTE,pullback_recovery,200932.0,2,2404.42,2024-07-15 09:45:00+00:00
2024-07-15 10:00:00+00:00,short,EXECUTE,pullback_recovery,200939.0,5,2408.26,2024-07-15 11:30:00+00:00
2024-07-15 15:00:00+00:00,short,EXECUTE,pullback_recovery,200955.0,1,2417.11,2024-07-15 15:30:00+00:00
2024-07-16 14:00:00+00:00,short,EXECUTE,pullback_recovery,201044.0,2,2439.61,2024-07-16 14:45:00+00:00
2024-07-19 07:00:00+00:00,short,EXECUTE,pullback_recovery,201291.0,1,2426.19,2024-07-19 07:30:00+00:00
2024-07-19 08:00:00+00:00,short,EXECUTE,pullback_recovery,201296.0,2,2423.63,2024-07-19 08:45:00+00:00
2024-07-19 09:00:00+00:00,short,EXECUTE,pullback_recovery,201300.0,2,2417.88,2024-07-19 09:45:00+00:00
2024-07-19 10:00:00+00:00,short,EXECUTE,pullback_recovery,201308.0,6,2418.58,2024-07-19 11:45:00+00:00
2024-07-19 13:00:00+00:00,short,EXECUTE,pullback_recovery,201316.0,2,2412.49,2024-07-19 13:45:00+00:00
2024-07-19 14:00:00+00:00,short,EXECUTE,pullback_recovery,201321.0,3,2410.0,2024-07-19 15:00:00+00:00
2024-07-19 15:00:00+00:00,short,EXECUTE,pullback_recovery,201324.0,2,2403.17,2024-07-19 15:45:00+00:00
2024-07-22 08:00:00+00:00,short,EXECUTE,pullback_recovery,201387.0,1,2404.0,2024-07-22 08:30:00+00:00
2024-07-22 09:00:00+00:00,short,EXECUTE,pullback_recovery,201391.0,1,2402.14,2024-07-22 09:30:00+00:00
2024-07-22 10:00:00+00:00,short,EXECUTE,pullback_recovery,201395.0,1,2403.01,2024-07-22 10:30:00+00:00
2024-07-22 11:00:00+00:00,short,EXECUTE,pullback_recovery,201401.0,3,2400.83,2024-07-22 12:00:00+00:00
2024-07-22 12:00:00+00:00,short,EXECUTE,pullback_recovery,201405.0,3,2404.35,2024-07-22 13:00:00+00:00
2024-07-22 13:00:00+00:00,short,EXECUTE,pullback_recovery,201409.0,3,2406.77,2024-07-22 14:00:00+00:00
2024-07-22 14:00:00+00:00,short,EXECUTE,pullback_recovery,201412.0,2,2401.05,2024-07-22 14:45:00+00:00
2024-07-22 15:00:00+00:00,short,EXECUTE,pullback_recovery,201415.0,1,2396.82,2024-07-22 15:30:00+00:00
2024-07-23 08:00:00+00:00,short,EXECUTE,pullback_recovery,201479.0,1,2393.73,2024-07-23 08:30:00+00:00
2024-07-23 09:00:00+00:00,short,EXECUTE,pullback_recovery,201485.0,3,2390.33,2024-07-23 10:00:00+00:00
2024-07-23 10:00:00+00:00,short,EXECUTE,pullback_recovery,201489.0,3,2397.86,2024-07-23 11:00:00+00:00
2024-07-25 12:00:00+00:00,short,EXECUTE,pullback_recovery,201681.0,3,2373.64,2024-07-25 13:00:00+00:00
2024-07-25 13:00:00+00:00,short,EXECUTE,pullback_recovery,201685.0,3,2381.19,2024-07-25 14:00:00+00:00
2024-07-25 14:00:00+00:00,short,EXECUTE,pullback_recovery,201688.0,2,2369.18,2024-07-25 14:45:00+00:00
2024-07-26 09:00:00+00:00,short,EXECUTE,pullback_recovery,201759.0,1,2367.71,2024-07-26 09:30:00+00:00
2024-07-26 12:00:00+00:00,short,EXECUTE,pullback_recovery,201771.0,1,2373.39,2024-07-26 12:30:00+00:00
2024-07-26 13:00:00+00:00,short,EXECUTE,pullback_recovery,201777.0,3,2372.72,2024-07-26 14:00:00+00:00
2024-07-26 14:00:00+00:00,short,EXECUTE,pullback_recovery,201779.0,1,2373.22,2024-07-26 14:30:00+00:00
2024-07-26 15:00:00+00:00,short,EXECUTE,pullback_recovery,201784.0,2,2375.32,2024-07-26 15:45:00+00:00
2024-07-30 09:00:00+00:00,short,EXECUTE,pullback_recovery,201945.0,3,2390.36,2024-07-30 10:00:00+00:00
2024-07-30 10:00:00+00:00,short,EXECUTE,pullback_recovery,201947.0,1,2389.81,2024-07-30 10:30:00+00:00
2024-07-30 11:00:00+00:00,short,EXECUTE,pullback_recovery,201953.0,3,2389.39,2024-07-30 12:00:00+00:00
2024-07-30 13:00:00+00:00,short,EXECUTE,pullback_recovery,201961.0,3,2391.62,2024-07-30 14:00:00+00:00
2024-07-30 14:00:00+00:00,short,EXECUTE,pullback_recovery,201965.0,3,2387.06,2024-07-30 15:00:00+00:00
2024-07-30 15:00:00+00:00,short,EXECUTE,pullback_recovery,201967.0,1,2386.9,2024-07-30 15:30:00+00:00
2024-07-31 08:00:00+00:00,long,EXECUTE,pullback_recovery,202034.0,4,2418.39,2024-07-31 09:15:00+00:00
2024-07-31 09:00:00+00:00,long,EXECUTE,pullback_recovery,202035.0,1,2423.89,2024-07-31 09:30:00+00:00
2024-07-31 10:00:00+00:00,long,EXECUTE,pullback_recovery,202039.0,1,2417.21,2024-07-31 10:30:00+00:00
2024-07-31 11:00:00+00:00,long,EXECUTE,pullback_recovery,202044.0,2,2418.97,2024-07-31 11:45:00+00:00
2024-07-31 12:00:00+00:00,long,EXECUTE,pullback_recovery,202048.0,2,2420.24,2024-07-31 12:45:00+00:00
2024-07-31 13:00:00+00:00,long,EXECUTE,pullback_recovery,202052.0,2,2418.47,2024-07-31 13:45:00+00:00
2024-07-31 14:00:00+00:00,long,EXECUTE,pullback_recovery,202055.0,1,2419.63,2024-07-31 14:30:00+00:00
2024-08-08 08:00:00+00:00,short,EXECUTE,pullback_recovery,202586.0,4,2394.69,2024-08-08 09:15:00+00:00
2024-08-08 10:00:00+00:00,short,EXECUTE,pullback_recovery,202591.0,1,2395.81,2024-08-08 10:30:00+00:00
2024-08-08 11:00:00+00:00,short,EXECUTE,pullback_recovery,202595.0,1,2394.61,2024-08-08 11:30:00+00:00
2024-08-08 12:00:00+00:00,short,EXECUTE,pullback_recovery,202599.0,1,2395.93,2024-08-08 12:30:00+00:00
2024-08-09 08:00:00+00:00,long,INVALIDATE,max_wait_exceeded,,16,,
2024-08-09 09:00:00+00:00,long,EXECUTE,pullback_recovery,202680.0,2,2419.98,2024-08-09 09:45:00+00:00
2024-08-12 08:00:00+00:00,short,EXECUTE,pullback_recovery,202769.0,3,2434.6,2024-08-12 09:00:00+00:00
2024-08-12 09:00:00+00:00,short,EXECUTE,pullback_recovery,202773.0,3,2436.79,2024-08-12 10:00:00+00:00
2024-08-12 10:00:00+00:00,short,EXECUTE,pullback_recovery,202777.0,3,2441.56,2024-08-12 11:00:00+00:00
2024-08-12 11:00:00+00:00,short,EXECUTE,pullback_recovery,202781.0,3,2442.0,2024-08-12 12:00:00+00:00
2024-08-12 13:00:00+00:00,short,EXECUTE,pullback_recovery,202789.0,3,2443.87,2024-08-12 14:00:00+00:00
2024-08-12 14:00:00+00:00,short,EXECUTE,pullback_recovery,202791.0,1,2441.85,2024-08-12 14:30:00+00:00
2024-08-12 15:00:00+00:00,short,EXECUTE,pullback_recovery,202797.0,3,2444.47,2024-08-12 16:00:00+00:00
2024-08-13 08:00:00+00:00,short,EXECUTE,pullback_recovery,202861.0,3,2462.66,2024-08-13 09:00:00+00:00
2024-08-13 09:00:00+00:00,short,EXECUTE,pullback_recovery,202864.0,2,2463.5,2024-08-13 09:45:00+00:00
2024-08-13 10:00:00+00:00,short,EXECUTE,pullback_recovery,202867.0,1,2464.66,2024-08-13 10:30:00+00:00
2024-08-13 11:00:00+00:00,short,EXECUTE,pullback_recovery,202872.0,2,2459.29,2024-08-13 11:45:00+00:00
2024-08-13 12:00:00+00:00,short,EXECUTE,pullback_recovery,202875.0,1,2460.18,2024-08-13 12:30:00+00:00
2024-08-13 13:00:00+00:00,short,EXECUTE,pullback_recovery,202879.0,1,2461.6,2024-08-13 13:30:00+00:00
2024-08-13 14:00:00+00:00,short,EXECUTE,pullback_recovery,202883.0,1,2464.44,2024-08-13 14:30:00+00:00
2024-08-13 15:00:00+00:00,short,EXECUTE,pullback_recovery,202889.0,3,2467.69,2024-08-13 16:00:00+00:00
2024-08-14 07:00:00+00:00,short,EXECUTE,pullback_recovery,202947.0,1,2461.29,2024-08-14 07:30:00+00:00
2024-08-14 08:00:00+00:00,short,EXECUTE,pullback_recovery,202953.0,3,2461.96,2024-08-14 09:00:00+00:00
2024-08-14 09:00:00+00:00,short,EXECUTE,pullback_recovery,202962.0,8,2468.89,2024-08-14 11:15:00+00:00
2024-08-14 10:00:00+00:00,short,EXECUTE,pullback_recovery,202961.0,3,2470.88,2024-08-14 11:00:00+00:00
2024-08-14 11:00:00+00:00,short,EXECUTE,pullback_recovery,202965.0,3,2474.34,2024-08-14 12:00:00+00:00
2024-08-14 12:00:00+00:00,short,EXECUTE,pullback_recovery,202967.0,1,2472.12,2024-08-14 12:30:00+00:00
2024-08-14 13:00:00+00:00,short,EXECUTE,pullback_recovery,202973.0,3,2474.94,2024-08-14 14:00:00+00:00
2024-08-14 14:00:00+00:00,short,EXECUTE,pullback_recovery,202977.0,3,2474.68,2024-08-14 15:00:00+00:00
2024-08-14 15:00:00+00:00,short,INVALIDATE,adverse_move_limit,,1,,
2024-08-15 13:00:00+00:00,long,EXECUTE,pullback_recovery,203064.0,2,2458.31,2024-08-15 13:45:00+00:00
2024-08-15 14:00:00+00:00,long,EXECUTE,pullback_recovery,203069.0,3,2463.52,2024-08-15 15:00:00+00:00
2024-08-16 08:00:00+00:00,short,EXECUTE,pullback_recovery,203137.0,3,2455.6,2024-08-16 09:00:00+00:00
2024-08-16 09:00:00+00:00,short,EXECUTE,pullback_recovery,203140.0,2,2455.58,2024-08-16 09:45:00+00:00
2024-08-19 08:00:00+00:00,long,EXECUTE,pullback_recovery,203227.0,1,2500.91,2024-08-19 08:30:00+00:00
2024-08-19 09:00:00+00:00,long,EXECUTE,pullback_recovery,203231.0,1,2504.15,2024-08-19 09:30:00+00:00
2024-08-19 10:00:00+00:00,long,EXECUTE,pullback_recovery,203237.0,3,2502.91,2024-08-19 11:00:00+00:00
2024-08-19 11:00:00+00:00,long,EXECUTE,pullback_recovery,203241.0,3,2503.01,2024-08-19 12:00:00+00:00
2024-08-20 08:00:00+00:00,short,EXECUTE,pullback_recovery,203321.0,3,2499.4,2024-08-20 09:00:00+00:00
2024-08-20 13:00:00+00:00,short,EXECUTE,pullback_recovery,203340.0,2,2522.62,2024-08-20 13:45:00+00:00
2024-08-20 14:00:00+00:00,short,EXECUTE,pullback_recovery,203345.0,3,2526.3,2024-08-20 15:00:00+00:00
2024-08-20 15:00:00+00:00,short,EXECUTE,pullback_recovery,203347.0,1,2526.57,2024-08-20 15:30:00+00:00
2024-08-21 07:00:00+00:00,short,EXECUTE,pullback_recovery,203407.0,1,2516.05,2024-08-21 07:30:00+00:00
2024-08-21 08:00:00+00:00,short,EXECUTE,pullback_recovery,203411.0,1,2515.91,2024-08-21 08:30:00+00:00
2024-08-21 09:00:00+00:00,short,EXECUTE,pullback_recovery,203416.0,2,2515.14,2024-08-21 09:45:00+00:00
2024-08-21 10:00:00+00:00,short,EXECUTE,pullback_recovery,203420.0,2,2509.03,2024-08-21 10:45:00+00:00
2024-08-21 11:00:00+00:00,short,EXECUTE,pullback_recovery,203425.0,3,2507.24,2024-08-21 12:00:00+00:00
2024-08-21 12:00:00+00:00,short,EXECUTE,pullback_recovery,203428.0,2,2506.03,2024-08-21 12:45:00+00:00
2024-08-21 13:00:00+00:00,short,EXECUTE,pullback_recovery,203435.0,5,2508.94,2024-08-21 14:30:00+00:00
2024-08-21 14:00:00+00:00,short,EXECUTE,pullback_recovery,203437.0,3,2511.73,2024-08-21 15:00:00+00:00
2024-08-21 15:00:00+00:00,short,EXECUTE,pullback_recovery,203439.0,1,2510.69,2024-08-21 15:30:00+00:00
2024-08-22 07:00:00+00:00,short,EXECUTE,pullback_recovery,203501.0,3,2501.89,2024-08-22 08:00:00+00:00
2024-08-22 08:00:00+00:00,short,EXECUTE,pullback_recovery,203505.0,3,2505.44,2024-08-22 09:00:00+00:00
2024-08-22 09:00:00+00:00,short,EXECUTE,pullback_recovery,203508.0,2,2505.59,2024-08-22 09:45:00+00:00
2024-08-22 10:00:00+00:00,short,EXECUTE,pullback_recovery,203511.0,1,2505.85,2024-08-22 10:30:00+00:00
2024-08-22 11:00:00+00:00,short,EXECUTE,pullback_recovery,203515.0,1,2504.06,2024-08-22 11:30:00+00:00
2024-08-22 12:00:00+00:00,short,EXECUTE,pullback_recovery,203520.0,2,2507.28,2024-08-22 12:45:00+00:00
2024-08-22 13:00:00+00:00,short,EXECUTE,pullback_recovery,203525.0,3,2505.24,2024-08-22 14:00:00+00:00
2024-08-23 09:00:00+00:00,short,EXECUTE,pullback_recovery,203600.0,2,2492.81,2024-08-23 09:45:00+00:00
2024-08-23 10:00:00+00:00,short,EXECUTE,pullback_recovery,203604.0,2,2492.32,2024-08-23 10:45:00+00:00
2024-08-23 12:00:00+00:00,short,EXECUTE,pullback_recovery,203612.0,2,2500.06,2024-08-23 12:45:00+00:00
2024-08-23 13:00:00+00:00,short,EXECUTE,pullback_recovery,203618.0,4,2499.3,2024-08-23 14:15:00+00:00
2024-08-23 14:00:00+00:00,short,EXECUTE,pullback_recovery,203621.0,3,2501.5,2024-08-23 15:00:00+00:00
2024-08-23 15:00:00+00:00,short,EXECUTE,pullback_recovery,203625.0,3,2501.19,2024-08-23 16:00:00+00:00
2024-08-26 08:00:00+00:00,short,EXECUTE,pullback_recovery,203687.0,1,2510.15,2024-08-26 08:30:00+00:00
2024-08-26 09:00:00+00:00,short,INVALIDATE,adverse_move_limit,,7,,
2024-08-26 11:00:00+00:00,short,EXECUTE,pullback_recovery,203699.0,1,2523.56,2024-08-26 11:30:00+00:00
2024-08-26 12:00:00+00:00,short,EXECUTE,pullback_recovery,203703.0,1,2525.02,2024-08-26 12:30:00+00:00
2024-08-26 13:00:00+00:00,short,EXECUTE,pullback_recovery,203707.0,1,2525.28,2024-08-26 13:30:00+00:00
2024-08-26 14:00:00+00:00,short,INVALIDATE,max_wait_exceeded,,16,,
2024-08-26 15:00:00+00:00,short,EXECUTE,pullback_recovery,203715.0,1,2524.4,2024-08-26 15:30:00+00:00
2024-08-27 06:00:00+00:00,short,EXECUTE,pullback_recovery,203774.0,4,2508.19,2024-08-27 07:15:00+00:00
2024-08-27 07:00:00+00:00,short,EXECUTE,pullback_recovery,203775.0,1,2506.89,2024-08-27 07:30:00+00:00
2024-08-27 08:00:00+00:00,short,EXECUTE,pullback_recovery,203784.0,6,2513.39,2024-08-27 09:45:00+00:00
2024-08-27 09:00:00+00:00,short,EXECUTE,pullback_recovery,203784.0,2,2513.39,2024-08-27 09:45:00+00:00
2024-08-27 10:00:00+00:00,short,INVALIDATE,adverse_move_limit,,0,,
2024-08-27 11:00:00+00:00,short,EXECUTE,pullback_recovery,203791.0,1,2511.18,2024-08-27 11:30:00+00:00
2024-08-27 12:00:00+00:00,short,EXECUTE,pullback_recovery,203796.0,2,2509.82,2024-08-27 12:45:00+00:00
2024-08-27 13:00:00+00:00,short,EXECUTE,pullback_recovery,203799.0,1,2508.11,2024-08-27 13:30:00+00:00
2024-08-27 14:00:00+00:00,short,EXECUTE,pullback_recovery,203803.0,1,2511.62,2024-08-27 14:30:00+00:00
2024-08-27 15:00:00+00:00,short,EXECUTE,pullback_recovery,203807.0,1,2510.67,2024-08-27 15:30:00+00:00
2024-08-28 08:00:00+00:00,short,EXECUTE,pullback_recovery,203872.0,2,2507.68,2024-08-28 08:45:00+00:00
2024-08-28 09:00:00+00:00,short,EXECUTE,pullback_recovery,203876.0,2,2505.81,2024-08-28 09:45:00+00:00
2024-08-28 10:00:00+00:00,short,EXECUTE,pullback_recovery,203880.0,2,2509.7,2024-08-28 10:45:00+00:00
2024-08-28 11:00:00+00:00,short,EXECUTE,pullback_recovery,203890.0,8,2507.09,2024-08-28 13:15:00+00:00
2024-08-28 12:00:00+00:00,short,EXECUTE,pullback_recovery,203888.0,2,2510.45,2024-08-28 12:45:00+00:00
2024-08-29 08:00:00+00:00,short,EXECUTE,pullback_recovery,203965.0,3,2518.71,2024-08-29 09:00:00+00:00
2024-08-29 09:00:00+00:00,short,EXECUTE,pullback_recovery,203968.0,2,2517.32,2024-08-29 09:45:00+00:00
2024-08-29 10:00:00+00:00,short,EXECUTE,pullback_recovery,203975.0,5,2515.74,2024-08-29 11:30:00+00:00
2024-08-29 11:00:00+00:00,short,EXECUTE,pullback_recovery,203975.0,1,2515.74,2024-08-29 11:30:00+00:00
2024-08-29 14:00:00+00:00,short,EXECUTE,pullback_recovery,203989.0,3,2519.83,2024-08-29 15:00:00+00:00
2024-08-30 08:00:00+00:00,short,EXECUTE,pullback_recovery,204055.0,1,2513.54,2024-08-30 08:30:00+00:00
2024-09-02 13:00:00+00:00,short,EXECUTE,pullback_recovery,204167.0,1,2499.62,2024-09-02 13:30:00+00:00
2024-09-03 03:00:00+00:00,short,EXECUTE,pullback_recovery,204206.0,1,2496.41,2024-09-03 03:30:00+00:00
2024-09-03 05:00:00+00:00,short,EXECUTE,pullback_recovery,204215.0,2,2495.38,2024-09-03 05:45:00+00:00
2024-09-03 06:00:00+00:00,short,EXECUTE,pullback_recovery,204219.0,2,2493.28,2024-09-03 06:45:00+00:00
2024-09-03 07:00:00+00:00,short,EXECUTE,pullback_recovery,204223.0,2,2495.46,2024-09-03 07:45:00+00:00
2024-09-03 08:00:00+00:00,short,EXECUTE,pullback_recovery,204226.0,1,2494.51,2024-09-03 08:30:00+00:00
2024-09-03 09:00:00+00:00,short,EXECUTE,pullback_recovery,204232.0,3,2497.81,2024-09-03 10:00:00+00:00
2024-09-03 10:00:00+00:00,short,EXECUTE,pullback_recovery,204235.0,2,2500.01,2024-09-03 10:45:00+00:00
2024-09-03 11:00:00+00:00,short,EXECUTE,pullback_recovery,204239.0,2,2504.96,2024-09-03 11:45:00+00:00
2024-09-03 12:00:00+00:00,short,EXECUTE,pullback_recovery,204244.0,3,2500.85,2024-09-03 13:00:00+00:00
2024-09-03 13:00:00+00:00,short,EXECUTE,pullback_recovery,204246.0,1,2495.49,2024-09-03 13:30:00+00:00
2024-09-03 14:00:00+00:00,short,INVALIDATE,adverse_move_limit,,0,,
2024-09-03 15:00:00+00:00,short,EXECUTE,pullback_recovery,204254.0,1,2493.27,2024-09-03 15:30:00+00:00
2024-09-04 08:00:00+00:00,short,EXECUTE,pullback_recovery,204319.0,2,2494.69,2024-09-04 08:45:00+00:00
2024-09-04 09:00:00+00:00,short,EXECUTE,pullback_recovery,204324.0,3,2484.28,2024-09-04 10:00:00+00:00
2024-09-04 10:00:00+00:00,short,EXECUTE,pullback_recovery,204326.0,1,2483.7,2024-09-04 10:30:00+00:00
2024-09-04 11:00:00+00:00,short,EXECUTE,pullback_recovery,204331.0,2,2477.45,2024-09-04 11:45:00+00:00
2024-09-04 12:00:00+00:00,short,EXECUTE,pullback_recovery,204336.0,3,2481.55,2024-09-04 13:00:00+00:00
2024-09-04 15:00:00+00:00,short,EXECUTE,pullback_recovery,204346.0,1,2486.69,2024-09-04 15:30:00+00:00
2024-09-05 07:00:00+00:00,short,EXECUTE,pullback_recovery,204406.0,1,2494.45,2024-09-05 07:30:00+00:00
2024-09-06 06:00:00+00:00,short,EXECUTE,pullback_recovery,204499.0,6,2518.52,2024-09-06 07:45:00+00:00
2024-09-06 07:00:00+00:00,short,EXECUTE,pullback_recovery,204499.0,2,2518.52,2024-09-06 07:45:00+00:00
2024-09-06 08:00:00+00:00,short,EXECUTE,pullback_recovery,204503.0,2,2520.08,2024-09-06 08:45:00+00:00
2024-09-06 09:00:00+00:00,short,EXECUTE,pullback_recovery,204506.0,1,2519.99,2024-09-06 09:30:00+00:00
2024-09-06 10:00:00+00:00,short,EXECUTE,pullback_recovery,204512.0,3,2516.47,2024-09-06 11:00:00+00:00
2024-09-06 11:00:00+00:00,short,EXECUTE,pullback_recovery,204514.0,1,2516.84,2024-09-06 11:30:00+00:00
2024-09-06 12:00:00+00:00,short,EXECUTE,pullback_recovery,204520.0,3,2519.11,2024-09-06 13:00:00+00:00
2024-09-06 13:00:00+00:00,short,EXECUTE,pullback_recovery,204522.0,1,2519.14,2024-09-06 13:30:00+00:00
2024-09-06 14:00:00+00:00,short,EXECUTE,pullback_recovery,204527.0,2,2515.98,2024-09-06 14:45:00+00:00
2024-09-09 09:00:00+00:00,short,EXECUTE,pullback_recovery,204600.0,3,2489.69,2024-09-09 10:00:00+00:00
2024-09-09 12:00:00+00:00,short,EXECUTE,pullback_recovery,204611.0,2,2495.78,2024-09-09 12:45:00+00:00
2024-09-09 13:00:00+00:00,short,EXECUTE,pullback_recovery,204614.0,1,2494.96,2024-09-09 13:30:00+00:00
2024-09-10 07:00:00+00:00,short,EXECUTE,pullback_recovery,204682.0,1,2501.5,2024-09-10 07:30:00+00:00
2024-09-10 08:00:00+00:00,short,EXECUTE,pullback_recovery,204688.0,3,2503.78,2024-09-10 09:00:00+00:00
2024-09-10 09:00:00+00:00,short,EXECUTE,pullback_recovery,204690.0,1,2504.85,2024-09-10 09:30:00+00:00
2024-09-10 11:00:00+00:00,short,EXECUTE,pullback_recovery,204698.0,1,2501.81,2024-09-10 11:30:00+00:00
2024-09-10 12:00:00+00:00,short,EXECUTE,pullback_recovery,204707.0,6,2506.02,2024-09-10 13:45:00+00:00
2024-09-10 13:00:00+00:00,short,EXECUTE,pullback_recovery,204707.0,2,2506.02,2024-09-10 13:45:00+00:00
2024-09-10 14:00:00+00:00,short,EXECUTE,pullback_recovery,204710.0,1,2504.92,2024-09-10 14:30:00+00:00
2024-09-10 15:00:00+00:00,short,EXECUTE,pullback_recovery,204717.0,4,2513.09,2024-09-10 16:15:00+00:00
2024-09-11 06:00:00+00:00,short,EXECUTE,pullback_recovery,204771.0,2,2519.19,2024-09-11 06:45:00+00:00
2024-09-11 07:00:00+00:00,short,EXECUTE,pullback_recovery,204774.0,1,2519.29,2024-09-11 07:30:00+00:00
2024-09-11 08:00:00+00:00,short,EXECUTE,pullback_recovery,204778.0,1,2521.25,2024-09-11 08:30:00+00:00
2024-09-11 09:00:00+00:00,short,EXECUTE,pullback_recovery,204783.0,2,2525.08,2024-09-11 09:45:00+00:00
2024-09-11 10:00:00+00:00,short,EXECUTE,pullback_recovery,204787.0,2,2523.47,2024-09-11 10:45:00+00:00
2024-09-11 11:00:00+00:00,short,EXECUTE,pullback_recovery,204792.0,3,2524.36,2024-09-11 12:00:00+00:00
2024-09-11 12:00:00+00:00,short,EXECUTE,pullback_recovery,204794.0,1,2522.36,2024-09-11 12:30:00+00:00
2024-09-11 13:00:00+00:00,short,EXECUTE,pullback_recovery,204799.0,2,2521.18,2024-09-11 13:45:00+00:00
2024-09-11 14:00:00+00:00,short,EXECUTE,pullback_recovery,204802.0,1,2521.49,2024-09-11 14:30:00+00:00
2024-09-12 08:00:00+00:00,short,EXECUTE,pullback_recovery,204872.0,3,2519.35,2024-09-12 09:00:00+00:00
2024-09-12 09:00:00+00:00,short,EXECUTE,pullback_recovery,204875.0,2,2518.53,2024-09-12 09:45:00+00:00
2024-09-12 10:00:00+00:00,short,EXECUTE,pullback_recovery,204879.0,2,2516.19,2024-09-12 10:45:00+00:00
2024-09-12 11:00:00+00:00,short,EXECUTE,pullback_recovery,204883.0,2,2516.71,2024-09-12 11:45:00+00:00
2024-09-12 12:00:00+00:00,short,EXECUTE,pullback_recovery,204888.0,3,2518.73,2024-09-12 13:00:00+00:00
2024-09-12 13:00:00+00:00,short,INVALIDATE,adverse_move_limit,,0,,
2024-09-12 14:00:00+00:00,long,EXECUTE,pullback_recovery,204895.0,2,2519.01,2024-09-12 14:45:00+00:00
2024-09-12 15:00:00+00:00,short,EXECUTE,pullback_recovery,204899.0,2,2527.51,2024-09-12 15:45:00+00:00
2024-09-13 13:00:00+00:00,short,EXECUTE,pullback_recovery,204982.0,1,2566.57,2024-09-13 13:30:00+00:00
2024-09-13 14:00:00+00:00,short,EXECUTE,pullback_recovery,204986.0,1,2566.22,2024-09-13 14:30:00+00:00
2024-09-13 15:00:00+00:00,short,EXECUTE,pullback_recovery,204993.0,4,2576.44,2024-09-13 16:15:00+00:00
2024-09-16 07:00:00+00:00,short,EXECUTE,pullback_recovery,205050.0,1,2585.62,2024-09-16 07:30:00+00:00
2024-09-16 08:00:00+00:00,short,EXECUTE,pullback_recovery,205056.0,3,2588.76,2024-09-16 09:00:00+00:00
2024-09-16 09:00:00+00:00,short,EXECUTE,pullback_recovery,205060.0,3,2585.21,2024-09-16 10:00:00+00:00
2024-09-16 10:00:00+00:00,short,EXECUTE,pullback_recovery,205062.0,1,2580.97,2024-09-16 10:30:00+00:00
2024-09-16 11:00:00+00:00,short,EXECUTE,pullback_recovery,205067.0,2,2587.05,2024-09-16 11:45:00+00:00
2024-09-16 12:00:00+00:00,short,EXECUTE,pullback_recovery,205071.0,2,2585.53,2024-09-16 12:45:00+00:00
2024-09-16 13:00:00+00:00,short,EXECUTE,pullback_recovery,205074.0,1,2582.02,2024-09-16 13:30:00+00:00
2024-09-16 14:00:00+00:00,short,EXECUTE,pullback_recovery,205086.0,9,2583.39,2024-09-16 16:30:00+00:00
2024-09-16 15:00:00+00:00,short,EXECUTE,pullback_recovery,205086.0,5,2583.39,2024-09-16 16:30:00+00:00
2024-09-17 02:00:00+00:00,short,EXECUTE,pullback_recovery,205124.0,3,2583.62,2024-09-17 03:00:00+00:00
2024-09-17 03:00:00+00:00,short,EXECUTE,pullback_recovery,205128.0,3,2580.23,2024-09-17 04:00:00+00:00
2024-09-17 04:00:00+00:00,short,EXECUTE,pullback_recovery,205135.0,6,2583.67,2024-09-17 05:45:00+00:00
2024-09-17 05:00:00+00:00,short,EXECUTE,pullback_recovery,205135.0,2,2583.67,2024-09-17 05:45:00+00:00
2024-09-17 06:00:00+00:00,short,EXECUTE,pullback_recovery,205139.0,2,2577.84,2024-09-17 06:45:00+00:00
2024-09-17 07:00:00+00:00,short,EXECUTE,pullback_recovery,205143.0,2,2576.62,2024-09-17 07:45:00+00:00
2024-09-17 08:00:00+00:00,short,INVALIDATE,adverse_move_limit,,6,,
2024-09-17 09:00:00+00:00,short,EXECUTE,pullback_recovery,205152.0,3,2584.29,2024-09-17 10:00:00+00:00
2024-09-17 10:00:00+00:00,short,EXECUTE,pullback_recovery,205156.0,3,2583.73,2024-09-17 11:00:00+00:00
2024-09-17 11:00:00+00:00,short,EXECUTE,pullback_recovery,205158.0,1,2580.96,2024-09-17 11:30:00+00:00
2024-09-17 12:00:00+00:00,short,EXECUTE,pullback_recovery,205163.0,2,2574.23,2024-09-17 12:45:00+00:00
2024-09-17 13:00:00+00:00,short,EXECUTE,pullback_recovery,205166.0,1,2573.05,2024-09-17 13:30:00+00:00
2024-09-17 14:00:00+00:00,short,EXECUTE,pullback_recovery,205172.0,3,2579.73,2024-09-17 15:00:00+00:00
2024-09-17 15:00:00+00:00,short,EXECUTE,pullback_recovery,205174.0,1,2576.79,2024-09-17 15:30:00+00:00
2024-09-18 09:00:00+00:00,short,EXECUTE,pullback_recovery,205243.0,2,2568.34,2024-09-18 09:45:00+00:00
2024-09-23 10:00:00+00:00,short,EXECUTE,pullback_recovery,205523.0,2,2616.42,2024-09-23 10:45:00+00:00
2024-09-23 11:00:00+00:00,short,EXECUTE,pullback_recovery,205526.0,1,2616.67,2024-09-23 11:30:00+00:00
2024-09-23 14:00:00+00:00,short,EXECUTE,pullback_recovery,205539.0,2,2623.17,2024-09-23 14:45:00+00:00
2024-09-23 15:00:00+00:00,short,EXECUTE,pullback_recovery,205544.0,3,2627.04,2024-09-23 16:00:00+00:00
2024-09-24 03:00:00+00:00,short,EXECUTE,pullback_recovery,205586.0,1,2625.67,2024-09-24 03:30:00+00:00
2024-09-24 04:00:00+00:00,short,EXECUTE,pullback_recovery,205590.0,1,2627.95,2024-09-24 04:30:00+00:00
2024-09-24 05:00:00+00:00,short,EXECUTE,pullback_recovery,205596.0,3,2628.96,2024-09-24 06:00:00+00:00
2024-09-24 07:00:00+00:00,short,EXECUTE,pullback_recovery,205605.0,4,2638.17,2024-09-24 08:15:00+00:00
2024-09-24 09:00:00+00:00,short,EXECUTE,pullback_recovery,205610.0,1,2627.1,2024-09-24 09:30:00+00:00
2024-09-24 12:00:00+00:00,short,EXECUTE,pullback_recovery,205625.0,4,2631.87,2024-09-24 13:15:00+00:00
2024-09-24 13:00:00+00:00,short,EXECUTE,pullback_recovery,205628.0,3,2633.35,2024-09-24 14:00:00+00:00
2024-09-24 14:00:00+00:00,short,EXECUTE,pullback_recovery,205631.0,2,2625.1,2024-09-24 14:45:00+00:00
2024-09-26 07:00:00+00:00,short,EXECUTE,pullback_recovery,205787.0,2,2660.85,2024-09-26 07:45:00+00:00
2024-09-26 08:00:00+00:00,short,EXECUTE,pullback_recovery,205792.0,3,2661.33,2024-09-26 09:00:00+00:00
2024-09-26 09:00:00+00:00,short,EXECUTE,pullback_recovery,205796.0,3,2661.65,2024-09-26 10:00:00+00:00
2024-09-26 10:00:00+00:00,short,EXECUTE,pullback_recovery,205800.0,3,2664.56,2024-09-26 11:00:00+00:00
2024-09-26 11:00:00+00:00,short,EXECUTE,pullback_recovery,205802.0,1,2668.94,2024-09-26 11:30:00+00:00
2024-09-26 12:00:00+00:00,short,EXECUTE,pullback_recovery,205806.0,1,2668.77,2024-09-26 12:30:00+00:00
2024-09-26 13:00:00+00:00,short,EXECUTE,pullback_recovery,205810.0,1,2670.1,2024-09-26 13:30:00+00:00
2024-09-27 08:00:00+00:00,long,EXECUTE,pullback_recovery,205884.0,3,2664.78,2024-09-27 09:00:00+00:00
2024-09-27 09:00:00+00:00,long,EXECUTE,pullback_recovery,205888.0,3,2665.73,2024-09-27 10:00:00+00:00
2024-09-27 14:00:00+00:00,short,EXECUTE,pullback_recovery,205906.0,1,2667.09,2024-09-27 14:30:00+00:00
2024-10-02 15:00:00+00:00,short,EXECUTE,pullback_recovery,206186.0,1,2645.31,2024-10-02 15:30:00+00:00
2024-10-03 08:00:00+00:00,short,EXECUTE,pullback_recovery,206250.0,1,2652.57,2024-10-03 08:30:00+00:00
2024-10-03 09:00:00+00:00,short,EXECUTE,pullback_recovery,206254.0,1,2655.6,2024-10-03 09:30:00+00:00
2024-10-04 08:00:00+00:00,short,EXECUTE,pullback_recovery,206344.0,3,2667.31,2024-10-04 09:00:00+00:00
2024-10-04 10:00:00+00:00,short,EXECUTE,pullback_recovery,206352.0,3,2660.94,2024-10-04 11:00:00+00:00
2024-10-04 11:00:00+00:00,short,EXECUTE,pullback_recovery,206356.0,3,2658.97,2024-10-04 12:00:00+00:00
2024-10-04 12:00:00+00:00,short,EXECUTE,pullback_recovery,206358.0,1,2657.62,2024-10-04 12:30:00+00:00
2024-10-04 13:00:00+00:00,short,EXECUTE,pullback_recovery,206364.0,3,2658.15,2024-10-04 14:00:00+00:00
2024-10-04 14:00:00+00:00,short,EXECUTE,pullback_recovery,206368.0,3,2661.36,2024-10-04 15:00:00+00:00
2024-10-09 10:00:00+00:00,short,EXECUTE,pullback_recovery,206627.0,2,2612.14,2024-10-09 10:45:00+00:00
2024-10-09 11:00:00+00:00,short,EXECUTE,pullback_recovery,206631.0,2,2615.52,2024-10-09 11:45:00+00:00
2024-10-09 12:00:00+00:00,short,EXECUTE,pullback_recovery,206634.0,1,2616.95,2024-10-09 12:30:00+00:00
2024-10-09 13:00:00+00:00,short,EXECUTE,pullback_recovery,206641.0,4,2620.91,2024-10-09 14:15:00+00:00
2024-10-09 14:00:00+00:00,short,EXECUTE,pullback_recovery,206643.0,2,2618.08,2024-10-09 14:45:00+00:00
2024-10-10 07:00:00+00:00,short,EXECUTE,pullback_recovery,206708.0,3,2613.78,2024-10-10 08:00:00+00:00
2024-10-10 08:00:00+00:00,short,EXECUTE,pullback_recovery,206710.0,1,2613.36,2024-10-10 08:30:00+00:00
2024-10-10 09:00:00+00:00,short,EXECUTE,pullback_recovery,206715.0,2,2611.64,2024-10-10 09:45:00+00:00
2024-10-10 10:00:00+00:00,short,EXECUTE,pullback_recovery,206722.0,5,2615.57,2024-10-10 11:30:00+00:00
2024-10-10 11:00:00+00:00,short,EXECUTE,pullback_recovery,206722.0,1,2615.57,2024-10-10 11:30:00+00:00
2024-10-10 12:00:00+00:00,short,EXECUTE,pullback_recovery,206726.0,1,2616.79,2024-10-10 12:30:00+00:00
2024-10-10 13:00:00+00:00,short,EXECUTE,pullback_recovery,206732.0,3,2617.89,2024-10-10 14:00:00+00:00
2024-10-10 14:00:00+00:00,short,EXECUTE,pullback_recovery,206734.0,1,2614.08,2024-10-10 14:30:00+00:00
2024-10-10 15:00:00+00:00,short,EXECUTE,pullback_recovery,206740.0,3,2625.05,2024-10-10 16:00:00+00:00
2024-10-11 10:00:00+00:00,long,EXECUTE,pullback_recovery,206810.0,1,2642.52,2024-10-11 10:30:00+00:00
2024-10-11 11:00:00+00:00,long,EXECUTE,pullback_recovery,206819.0,6,2637.93,2024-10-11 12:45:00+00:00
2024-10-14 14:00:00+00:00,short,EXECUTE,pullback_recovery,206920.0,3,2652.05,2024-10-14 15:00:00+00:00
2024-10-14 15:00:00+00:00,short,EXECUTE,pullback_recovery,206923.0,2,2649.85,2024-10-14 15:45:00+00:00
2024-10-15 07:00:00+00:00,short,EXECUTE,pullback_recovery,206982.0,1,2644.36,2024-10-15 07:30:00+00:00
2024-10-15 08:00:00+00:00,short,EXECUTE,pullback_recovery,206987.0,2,2640.78,2024-10-15 08:45:00+00:00
2024-10-15 09:00:00+00:00,short,EXECUTE,pullback_recovery,206992.0,3,2648.61,2024-10-15 10:00:00+00:00
2024-10-15 10:00:00+00:00,short,EXECUTE,pullback_recovery,206995.0,2,2651.89,2024-10-15 10:45:00+00:00
2024-10-15 11:00:00+00:00,short,EXECUTE,pullback_recovery,206999.0,2,2654.76,2024-10-15 11:45:00+00:00
2024-10-15 12:00:00+00:00,short,EXECUTE,pullback_recovery,207002.0,1,2653.17,2024-10-15 12:30:00+00:00
2024-10-15 13:00:00+00:00,short,EXECUTE,pullback_recovery,207007.0,2,2653.55,2024-10-15 13:45:00+00:00
2024-10-15 14:00:00+00:00,short,EXECUTE,pullback_recovery,207011.0,2,2650.05,2024-10-15 14:45:00+00:00
2024-10-15 15:00:00+00:00,short,INVALIDATE,adverse_move_limit,,1,,
2024-10-16 07:00:00+00:00,short,EXECUTE,pullback_recovery,207074.0,1,2666.63,2024-10-16 07:30:00+00:00
2024-10-16 08:00:00+00:00,short,EXECUTE,pullback_recovery,207080.0,3,2669.37,2024-10-16 09:00:00+00:00
2024-10-16 09:00:00+00:00,short,EXECUTE,pullback_recovery,207082.0,1,2676.88,2024-10-16 09:30:00+00:00
2024-10-16 10:00:00+00:00,short,EXECUTE,pullback_recovery,207088.0,3,2675.94,2024-10-16 11:00:00+00:00
2024-10-16 11:00:00+00:00,short,EXECUTE,pullback_recovery,207092.0,3,2679.43,2024-10-16 12:00:00+00:00
2024-10-16 12:00:00+00:00,short,EXECUTE,pullback_recovery,207096.0,3,2680.09,2024-10-16 13:00:00+00:00
2024-10-16 13:00:00+00:00,short,EXECUTE,pullback_recovery,207098.0,1,2675.61,2024-10-16 13:30:00+00:00
2024-10-16 14:00:00+00:00,short,EXECUTE,pullback_recovery,207104.0,3,2678.3,2024-10-16 15:00:00+00:00
2024-10-16 15:00:00+00:00,short,EXECUTE,pullback_recovery,207109.0,4,2681.81,2024-10-16 16:15:00+00:00
2024-10-17 02:00:00+00:00,short,EXECUTE,pullback_recovery,207146.0,1,2674.13,2024-10-17 02:30:00+00:00
2024-10-17 07:00:00+00:00,short,EXECUTE,pullback_recovery,207166.0,1,2677.8,2024-10-17 07:30:00+00:00
2024-10-17 08:00:00+00:00,short,EXECUTE,pullback_recovery,207171.0,2,2681.74,2024-10-17 08:45:00+00:00
2024-10-17 09:00:00+00:00,short,EXECUTE,pullback_recovery,207176.0,3,2681.04,2024-10-17 10:00:00+00:00
2024-10-17 10:00:00+00:00,short,EXECUTE,pullback_recovery,207178.0,1,2680.0,2024-10-17 10:30:00+00:00
2024-10-17 11:00:00+00:00,short,EXECUTE,pullback_recovery,207183.0,2,2682.0,2024-10-17 11:45:00+00:00
2024-10-17 12:00:00+00:00,short,EXECUTE,pullback_recovery,207186.0,1,2677.33,2024-10-17 12:30:00+00:00
2024-10-17 13:00:00+00:00,short,EXECUTE,pullback_recovery,207191.0,2,2686.82,2024-10-17 13:45:00+00:00
2024-10-17 14:00:00+00:00,short,EXECUTE,pullback_recovery,207196.0,3,2681.19,2024-10-17 15:00:00+00:00
2024-10-17 15:00:00+00:00,short,EXECUTE,pullback_recovery,207198.0,1,2679.42,2024-10-17 15:30:00+00:00
2024-10-18 07:00:00+00:00,short,EXECUTE,pullback_recovery,207258.0,1,2709.19,2024-10-18 07:30:00+00:00
2024-10-18 08:00:00+00:00,short,EXECUTE,pullback_recovery,207264.0,3,2711.39,2024-10-18 09:00:00+00:00
2024-10-18 09:00:00+00:00,short,EXECUTE,pullback_recovery,207266.0,1,2703.77,2024-10-18 09:30:00+00:00
2024-10-18 10:00:00+00:00,short,EXECUTE,pullback_recovery,207270.0,1,2705.47,2024-10-18 10:30:00+00:00
2024-10-18 11:00:00+00:00,short,EXECUTE,pullback_recovery,207286.0,13,2708.71,2024-10-18 14:30:00+00:00
2024-10-18 12:00:00+00:00,short,EXECUTE,pullback_recovery,207279.0,2,2711.79,2024-10-18 12:45:00+00:00
2024-10-18 13:00:00+00:00,short,EXECUTE,pullback_recovery,207282.0,1,2711.93,2024-10-18 13:30:00+00:00
2024-10-18 14:00:00+00:00,short,EXECUTE,pullback_recovery,207286.0,1,2708.71,2024-10-18 14:30:00+00:00
2024-10-18 15:00:00+00:00,short,EXECUTE,pullback_recovery,207292.0,3,2709.38,2024-10-18 16:00:00+00:00
2024-10-21 07:00:00+00:00,short,EXECUTE,pullback_recovery,207350.0,1,2729.53,2024-10-21 07:30:00+00:00
2024-10-21 08:00:00+00:00,short,EXECUTE,pullback_recovery,207356.0,3,2724.76,2024-10-21 09:00:00+00:00
2024-10-21 09:00:00+00:00,short,EXECUTE,pullback_recovery,207361.0,4,2730.9,2024-10-21 10:15:00+00:00
2024-10-21 10:00:00+00:00,short,EXECUTE,pullback_recovery,207362.0,1,2727.31,2024-10-21 10:30:00+00:00
2024-10-21 11:00:00+00:00,short,EXECUTE,pullback_recovery,207367.0,2,2732.17,2024-10-21 11:45:00+00:00
2024-10-21 12:00:00+00:00,short,EXECUTE,pullback_recovery,207372.0,3,2734.5,2024-10-21 13:00:00+00:00
2024-10-21 13:00:00+00:00,short,EXECUTE,pullback_recovery,207380.0,7,2734.36,2024-10-21 15:00:00+00:00
2024-10-21 14:00:00+00:00,short,EXECUTE,pullback_recovery,207380.0,3,2734.36,2024-10-21 15:00:00+00:00
2024-10-21 15:00:00+00:00,short,EXECUTE,pullback_recovery,207383.0,2,2738.29,2024-10-21 15:45:00+00:00
2024-10-22 03:00:00+00:00,long,EXECUTE,pullback_recovery,207428.0,3,2724.68,2024-10-22 04:00:00+00:00
2024-10-22 04:00:00+00:00,long,EXECUTE,pullback_recovery,207430.0,1,2728.3,2024-10-22 04:30:00+00:00
2024-10-22 05:00:00+00:00,long,EXECUTE,pullback_recovery,207435.0,2,2729.21,2024-10-22 05:45:00+00:00
2024-10-22 06:00:00+00:00,long,EXECUTE,pullback_recovery,207438.0,1,2732.08,2024-10-22 06:30:00+00:00
2024-10-22 07:00:00+00:00,short,EXECUTE,pullback_recovery,207442.0,1,2733.75,2024-10-22 07:30:00+00:00
2024-10-22 08:00:00+00:00,short,EXECUTE,pullback_recovery,207448.0,3,2730.37,2024-10-22 09:00:00+00:00
2024-10-22 09:00:00+00:00,short,EXECUTE,pullback_recovery,207450.0,1,2735.51,2024-10-22 09:30:00+00:00
2024-10-22 10:00:00+00:00,short,EXECUTE,pullback_recovery,207454.0,1,2733.91,2024-10-22 10:30:00+00:00
2024-10-22 11:00:00+00:00,short,EXECUTE,pullback_recovery,207458.0,1,2736.55,2024-10-22 11:30:00+00:00
2024-10-22 12:00:00+00:00,short,EXECUTE,pullback_recovery,207462.0,1,2732.76,2024-10-22 12:30:00+00:00
2024-10-22 13:00:00+00:00,short,EXECUTE,pullback_recovery,207468.0,3,2738.84,2024-10-22 14:00:00+00:00
2024-10-22 23:00:00+00:00,long,EXECUTE,pullback_recovery,207506.0,1,2747.89,2024-10-22 23:30:00+00:00
2024-10-23 01:00:00+00:00,long,EXECUTE,pullback_recovery,207510.0,1,2747.47,2024-10-23 01:30:00+00:00
2024-10-23 02:00:00+00:00,long,EXECUTE,pullback_recovery,207516.0,3,2746.51,2024-10-23 03:00:00+00:00
2024-10-23 03:00:00+00:00,long,EXECUTE,pullback_recovery,207518.0,1,2745.18,2024-10-23 03:30:00+00:00
2024-10-23 04:00:00+00:00,long,EXECUTE,pullback_recovery,207523.0,2,2738.94,2024-10-23 04:45:00+00:00
2024-10-23 05:00:00+00:00,long,EXECUTE,pullback_recovery,207527.0,2,2739.52,2024-10-23 05:45:00+00:00
2024-10-23 06:00:00+00:00,long,EXECUTE,pullback_recovery,207531.0,2,2743.79,2024-10-23 06:45:00+00:00
2024-10-23 07:00:00+00:00,short,EXECUTE,pullback_recovery,207535.0,2,2749.97,2024-10-23 07:45:00+00:00
2024-10-23 08:00:00+00:00,short,EXECUTE,pullback_recovery,207540.0,3,2751.46,2024-10-23 09:00:00+00:00
2024-10-23 09:00:00+00:00,short,EXECUTE,pullback_recovery,207542.0,1,2751.72,2024-10-23 09:30:00+00:00
2024-10-23 10:00:00+00:00,short,EXECUTE,pullback_recovery,207547.0,2,2754.62,2024-10-23 10:45:00+00:00
2024-10-23 11:00:00+00:00,short,EXECUTE,pullback_recovery,207552.0,3,2756.94,2024-10-23 12:00:00+00:00
2024-10-23 12:00:00+00:00,short,EXECUTE,pullback_recovery,207555.0,2,2751.43,2024-10-23 12:45:00+00:00
2024-10-23 13:00:00+00:00,short,EXECUTE,pullback_recovery,207559.0,2,2750.78,2024-10-23 13:45:00+00:00
2024-10-23 14:00:00+00:00,short,EXECUTE,pullback_recovery,207562.0,1,2750.52,2024-10-23 14:30:00+00:00
2024-10-23 15:00:00+00:00,short,EXECUTE,pullback_recovery,207566.0,1,2743.72,2024-10-23 15:30:00+00:00
2024-10-24 13:00:00+00:00,short,EXECUTE,pullback_recovery,207650.0,1,2736.88,2024-10-24 13:30:00+00:00
2024-10-24 14:00:00+00:00,short,EXECUTE,pullback_recovery,207655.0,2,2738.59,2024-10-24 14:45:00+00:00
2024-10-24 15:00:00+00:00,short,EXECUTE,pullback_recovery,207660.0,3,2739.03,2024-10-24 16:00:00+00:00
2024-10-25 06:00:00+00:00,short,EXECUTE,pullback_recovery,207715.0,2,2725.62,2024-10-25 06:45:00+00:00
2024-10-25 07:00:00+00:00,short,EXECUTE,pullback_recovery,207718.0,1,2724.39,2024-10-25 07:30:00+00:00
2024-10-25 08:00:00+00:00,short,EXECUTE,pullback_recovery,207722.0,1,2727.69,2024-10-25 08:30:00+00:00
2024-10-25 09:00:00+00:00,short,EXECUTE,pullback_recovery,207728.0,3,2732.08,2024-10-25 10:00:00+00:00
2024-10-25 10:00:00+00:00,short,EXECUTE,pullback_recovery,207731.0,2,2727.55,2024-10-25 10:45:00+00:00
2024-10-25 15:00:00+00:00,short,EXECUTE,pullback_recovery,207752.0,3,2731.46,2024-10-25 16:00:00+00:00
2024-10-28 13:00:00+00:00,short,EXECUTE,pullback_recovery,207838.0,1,2731.83,2024-10-28 13:30:00+00:00
2024-10-28 14:00:00+00:00,short,EXECUTE,pullback_recovery,207844.0,3,2734.12,2024-10-28 15:00:00+00:00
2024-10-29 06:00:00+00:00,short,EXECUTE,pullback_recovery,207902.0,1,2753.47,2024-10-29 06:30:00+00:00
2024-10-29 12:00:00+00:00,short,EXECUTE,pullback_recovery,207926.0,1,2749.21,2024-10-29 12:30:00+00:00
2024-10-29 13:00:00+00:00,short,EXECUTE,pullback_recovery,207932.0,3,2751.75,2024-10-29 14:00:00+00:00
2024-10-29 14:00:00+00:00,short,EXECUTE,pullback_recovery,207936.0,3,2749.05,2024-10-29 15:00:00+00:00
2024-10-30 07:00:00+00:00,short,EXECUTE,pullback_recovery,207999.0,2,2783.43,2024-10-30 07:45:00+00:00
2024-10-30 13:00:00+00:00,short,EXECUTE,pullback_recovery,208024.0,3,2778.51,2024-10-30 14:00:00+00:00
2024-10-31 07:00:00+00:00,short,EXECUTE,pullback_recovery,208090.0,1,2784.98,2024-10-31 07:30:00+00:00
2024-10-31 08:00:00+00:00,short,EXECUTE,pullback_recovery,208096.0,3,2779.82,2024-10-31 09:00:00+00:00
2024-10-31 09:00:00+00:00,short,EXECUTE,pullback_recovery,208100.0,3,2781.99,2024-10-31 10:00:00+00:00
2024-10-31 10:00:00+00:00,short,EXECUTE,pullback_recovery,208102.0,1,2778.42,2024-10-31 10:30:00+00:00
2024-10-31 11:00:00+00:00,short,EXECUTE,pullback_recovery,208108.0,3,2778.14,2024-10-31 12:00:00+00:00
2024-10-31 12:00:00+00:00,short,EXECUTE,pullback_recovery,208113.0,4,2778.7,2024-10-31 13:15:00+00:00
2024-10-31 13:00:00+00:00,short,EXECUTE,pullback_recovery,208116.0,3,2779.49,2024-10-31 14:00:00+00:00
2024-10-31 14:00:00+00:00,short,EXECUTE,pullback_recovery,208118.0,1,2776.73,2024-10-31 14:30:00+00:00
2024-11-04 09:00:00+00:00,short,EXECUTE,pullback_recovery,208280.0,3,2735.74,2024-11-04 10:00:00+00:00
2024-11-04 10:00:00+00:00,short,EXECUTE,pullback_recovery,208284.0,3,2733.26,2024-11-04 11:00:00+00:00
2024-11-04 12:00:00+00:00,short,EXECUTE,pullback_recovery,208292.0,3,2738.5,2024-11-04 13:00:00+00:00
2024-11-04 13:00:00+00:00,short,EXECUTE,pullback_recovery,208297.0,4,2740.76,2024-11-04 14:15:00+00:00
2024-11-04 14:00:00+00:00,short,EXECUTE,pullback_recovery,208300.0,3,2743.31,2024-11-04 15:00:00+00:00
2024-11-04 15:00:00+00:00,short,EXECUTE,pullback_recovery,208305.0,4,2745.89,2024-11-04 16:15:00+00:00
2024-11-05 02:00:00+00:00,short,EXECUTE,pullback_recovery,208344.0,3,2734.99,2024-11-05 03:00:00+00:00
2024-11-05 03:00:00+00:00,short,EXECUTE,pullback_recovery,208346.0,1,2733.67,2024-11-05 03:30:00+00:00
2024-11-05 08:00:00+00:00,short,EXECUTE,pullback_recovery,208367.0,2,2737.63,2024-11-05 08:45:00+00:00
2024-11-05 09:00:00+00:00,short,EXECUTE,pullback_recovery,208371.0,2,2736.39,2024-11-05 09:45:00+00:00
2024-11-05 10:00:00+00:00,short,EXECUTE,pullback_recovery,208376.0,3,2742.46,2024-11-05 11:00:00+00:00
2024-11-05 11:00:00+00:00,short,EXECUTE,pullback_recovery,208380.0,3,2739.83,2024-11-05 12:00:00+00:00
2024-11-05 12:00:00+00:00,long,EXECUTE,pullback_recovery,208382.0,1,2737.53,2024-11-05 12:30:00+00:00
2024-11-05 13:00:00+00:00,short,EXECUTE,pullback_recovery,208387.0,2,2740.27,2024-11-05 13:45:00+00:00
2024-11-05 14:00:00+00:00,short,EXECUTE,pullback_recovery,208392.0,3,2737.93,2024-11-05 15:00:00+00:00
2024-11-06 12:00:00+00:00,short,EXECUTE,pullback_recovery,208475.0,2,2722.26,2024-11-06 12:45:00+00:00
2024-11-06 13:00:00+00:00,short,INVALIDATE,adverse_move_limit,,0,,
2024-11-08 14:00:00+00:00,long,EXECUTE,pullback_recovery,208668.0,3,2691.88,2024-11-08 15:00:00+00:00
2024-11-12 06:00:00+00:00,short,EXECUTE,pullback_recovery,208821.0,4,2616.94,2024-11-12 07:15:00+00:00
2024-11-12 07:00:00+00:00,short,EXECUTE,pullback_recovery,208824.0,3,2606.79,2024-11-12 08:00:00+00:00
2024-11-13 07:00:00+00:00,short,EXECUTE,pullback_recovery,208914.0,1,2606.22,2024-11-13 07:30:00+00:00
2024-11-13 09:00:00+00:00,short,EXECUTE,pullback_recovery,208922.0,1,2606.27,2024-11-13 09:30:00+00:00
2024-11-13 10:00:00+00:00,short,EXECUTE,pullback_recovery,208927.0,2,2608.82,2024-11-13 10:45:00+00:00
2024-11-13 11:00:00+00:00,short,EXECUTE,pullback_recovery,208931.0,2,2609.55,2024-11-13 11:45:00+00:00
2024-11-13 13:00:00+00:00,short,EXECUTE,pullback_recovery,208941.0,4,2611.37,2024-11-13 14:15:00+00:00
2024-11-13 14:00:00+00:00,short,EXECUTE,pullback_recovery,208942.0,1,2610.59,2024-11-13 14:30:00+00:00
2024-11-13 15:00:00+00:00,short,EXECUTE,pullback_recovery,208947.0,2,2609.3,2024-11-13 15:45:00+00:00
2024-11-14 09:00:00+00:00,short,EXECUTE,pullback_recovery,209015.0,2,2556.05,2024-11-14 09:45:00+00:00
2024-11-14 10:00:00+00:00,short,EXECUTE,pullback_recovery,209018.0,1,2555.62,2024-11-14 10:30:00+00:00
2024-11-14 11:00:00+00:00,short,EXECUTE,pullback_recovery,209023.0,2,2543.58,2024-11-14 11:45:00+00:00
2024-11-14 12:00:00+00:00,short,EXECUTE,pullback_recovery,209027.0,2,2544.7,2024-11-14 12:45:00+00:00
2024-11-15 06:00:00+00:00,long,EXECUTE,pullback_recovery,209097.0,4,2566.98,2024-11-15 07:15:00+00:00
2024-11-15 08:00:00+00:00,short,EXECUTE,pullback_recovery,209104.0,3,2561.3,2024-11-15 09:00:00+00:00
2024-11-15 09:00:00+00:00,short,EXECUTE,pullback_recovery,209106.0,1,2561.97,2024-11-15 09:30:00+00:00
2024-11-15 10:00:00+00:00,short,EXECUTE,pullback_recovery,209112.0,3,2566.84,2024-11-15 11:00:00+00:00
2024-11-15 15:00:00+00:00,short,EXECUTE,pullback_recovery,209131.0,2,2568.44,2024-11-15 15:45:00+00:00
2024-11-15 23:00:00+00:00,long,EXECUTE,pullback_recovery,209164.0,3,2566.82,2024-11-18 01:00:00+00:00
2024-11-19 08:00:00+00:00,short,EXECUTE,pullback_recovery,209288.0,3,2625.09,2024-11-19 09:00:00+00:00
2024-11-19 09:00:00+00:00,short,EXECUTE,pullback_recovery,209290.0,1,2618.46,2024-11-19 09:30:00+00:00
2024-11-19 10:00:00+00:00,short,EXECUTE,pullback_recovery,209296.0,3,2626.26,2024-11-19 11:00:00+00:00
2024-11-19 11:00:00+00:00,long,EXECUTE,pullback_recovery,209298.0,1,2630.46,2024-11-19 11:30:00+00:00
2024-11-19 12:00:00+00:00,long,EXECUTE,pullback_recovery,209302.0,1,2634.71,2024-11-19 12:30:00+00:00
2024-11-20 07:00:00+00:00,short,EXECUTE,pullback_recovery,209374.0,1,2636.96,2024-11-20 07:30:00+00:00
2024-11-20 08:00:00+00:00,short,EXECUTE,pullback_recovery,209380.0,3,2629.36,2024-11-20 09:00:00+00:00
2024-11-20 10:00:00+00:00,short,EXECUTE,pullback_recovery,209390.0,5,2621.72,2024-11-20 11:30:00+00:00
2024-11-20 11:00:00+00:00,short,EXECUTE,pullback_recovery,209390.0,1,2621.72,2024-11-20 11:30:00+00:00
2024-11-20 12:00:00+00:00,short,EXECUTE,pullback_recovery,209394.0,1,2624.31,2024-11-20 12:30:00+00:00
2024-11-20 13:00:00+00:00,short,EXECUTE,pullback_recovery,209401.0,4,2628.53,2024-11-20 14:15:00+00:00
2024-11-20 14:00:00+00:00,short,EXECUTE,pullback_recovery,209404.0,3,2631.72,2024-11-20 15:00:00+00:00
2024-11-20 15:00:00+00:00,short,EXECUTE,pullback_recovery,209406.0,1,2637.46,2024-11-20 15:30:00+00:00
2024-11-21 07:00:00+00:00,short,EXECUTE,pullback_recovery,209468.0,3,2656.83,2024-11-21 08:00:00+00:00
2024-11-21 08:00:00+00:00,short,EXECUTE,pullback_recovery,209471.0,2,2661.78,2024-11-21 08:45:00+00:00
2024-11-21 09:00:00+00:00,short,EXECUTE,pullback_recovery,209474.0,1,2663.45,2024-11-21 09:30:00+00:00
2024-11-21 10:00:00+00:00,short,EXECUTE,pullback_recovery,209479.0,2,2668.7,2024-11-21 10:45:00+00:00
2024-11-21 11:00:00+00:00,short,EXECUTE,pullback_recovery,209487.0,6,2668.56,2024-11-21 12:45:00+00:00
2024-11-21 12:00:00+00:00,short,EXECUTE,pullback_recovery,209491.0,6,2670.58,2024-11-21 13:45:00+00:00
2024-11-21 13:00:00+00:00,short,EXECUTE,pullback_recovery,209491.0,2,2670.58,2024-11-21 13:45:00+00:00
2024-11-21 14:00:00+00:00,short,EXECUTE,pullback_recovery,209496.0,3,2663.27,2024-11-21 15:00:00+00:00
2024-11-21 15:00:00+00:00,short,EXECUTE,pullback_recovery,209498.0,1,2664.81,2024-11-21 15:30:00+00:00
2024-11-22 07:00:00+00:00,short,EXECUTE,pullback_recovery,209559.0,2,2685.44,2024-11-22 07:45:00+00:00
2024-11-22 08:00:00+00:00,short,EXECUTE,pullback_recovery,209567.0,6,2693.96,2024-11-22 09:45:00+00:00
2024-11-22 09:00:00+00:00,short,EXECUTE,pullback_recovery,209568.0,3,2696.4,2024-11-22 10:00:00+00:00
2024-11-22 10:00:00+00:00,short,EXECUTE,pullback_recovery,209570.0,1,2696.65,2024-11-22 10:30:00+00:00
2024-11-22 11:00:00+00:00,long,EXECUTE,pullback_recovery,209575.0,2,2704.78,2024-11-22 11:45:00+00:00
2024-11-22 12:00:00+00:00,long,EXECUTE,pullback_recovery,209579.0,2,2707.47,2024-11-22 12:45:00+00:00
2024-11-25 11:00:00+00:00,short,EXECUTE,pullback_recovery,209666.0,1,2671.67,2024-11-25 11:30:00+00:00
2024-11-27 07:00:00+00:00,short,EXECUTE,pullback_recovery,209836.0,3,2642.03,2024-11-27 08:00:00+00:00
2024-11-27 08:00:00+00:00,short,EXECUTE,pullback_recovery,209841.0,4,2647.17,2024-11-27 09:15:00+00:00
2024-12-02 07:00:00+00:00,short,EXECUTE,pullback_recovery,210091.0,1,2624.31,2024-12-02 07:30:00+00:00
2024-12-02 10:00:00+00:00,short,EXECUTE,pullback_recovery,210103.0,1,2630.04,2024-12-02 10:30:00+00:00
2024-12-03 10:00:00+00:00,short,EXECUTE,pullback_recovery,210198.0,4,2646.03,2024-12-03 11:15:00+00:00
2024-12-03 13:00:00+00:00,short,EXECUTE,pullback_recovery,210209.0,3,2643.56,2024-12-03 14:00:00+00:00
2024-12-03 14:00:00+00:00,short,EXECUTE,pullback_recovery,210211.0,1,2638.81,2024-12-03 14:30:00+00:00
2024-12-04 08:00:00+00:00,short,EXECUTE,pullback_recovery,210280.0,2,2649.48,2024-12-04 08:45:00+00:00
2024-12-04 10:00:00+00:00,short,EXECUTE,pullback_recovery,210289.0,3,2641.24,2024-12-04 11:00:00+00:00
2024-12-04 11:00:00+00:00,short,EXECUTE,pullback_recovery,210292.0,2,2640.91,2024-12-04 11:45:00+00:00
2024-12-04 12:00:00+00:00,short,EXECUTE,pullback_recovery,210298.0,4,2645.04,2024-12-04 13:15:00+00:00
2024-12-04 13:00:00+00:00,short,EXECUTE,pullback_recovery,210300.0,2,2645.43,2024-12-04 13:45:00+00:00
2024-12-06 11:00:00+00:00,short,EXECUTE,pullback_recovery,210477.0,3,2640.73,2024-12-06 12:00:00+00:00
2024-12-06 12:00:00+00:00,short,EXECUTE,pullback_recovery,210480.0,2,2634.74,2024-12-06 12:45:00+00:00
2024-12-06 13:00:00+00:00,short,EXECUTE,pullback_recovery,210484.0,2,2637.34,2024-12-06 13:45:00+00:00
2024-12-06 14:00:00+00:00,short,EXECUTE,pullback_recovery,210487.0,1,2639.42,2024-12-06 14:30:00+00:00
2024-12-06 15:00:00+00:00,short,EXECUTE,pullback_recovery,210491.0,1,2634.73,2024-12-06 15:30:00+00:00
2024-12-10 12:00:00+00:00,short,EXECUTE,pullback_recovery,210665.0,3,2675.46,2024-12-10 13:00:00+00:00
2024-12-10 14:00:00+00:00,short,EXECUTE,pullback_recovery,210671.0,1,2677.6,2024-12-10 14:30:00+00:00
2024-12-12 09:00:00+00:00,long,EXECUTE,pullback_recovery,210837.0,3,2716.13,2024-12-12 10:00:00+00:00
2024-12-12 10:00:00+00:00,long,EXECUTE,pullback_recovery,210839.0,1,2718.38,2024-12-12 10:30:00+00:00
2024-12-12 11:00:00+00:00,long,EXECUTE,pullback_recovery,210846.0,4,2713.41,2024-12-12 12:15:00+00:00
2024-12-13 10:00:00+00:00,short,EXECUTE,pullback_recovery,210933.0,3,2674.85,2024-12-13 11:00:00+00:00
2024-12-13 12:00:00+00:00,short,EXECUTE,pullback_recovery,210941.0,3,2666.54,2024-12-13 13:00:00+00:00
2024-12-13 13:00:00+00:00,short,EXECUTE,pullback_recovery,210945.0,3,2664.91,2024-12-13 14:00:00+00:00
2024-12-16 08:00:00+00:00,short,EXECUTE,pullback_recovery,211016.0,2,2653.19,2024-12-16 08:45:00+00:00
2024-12-16 09:00:00+00:00,short,EXECUTE,pullback_recovery,211019.0,1,2653.36,2024-12-16 09:30:00+00:00
2024-12-16 10:00:00+00:00,short,EXECUTE,pullback_recovery,211024.0,2,2658.39,2024-12-16 10:45:00+00:00
2024-12-16 11:00:00+00:00,short,EXECUTE,pullback_recovery,211027.0,1,2658.25,2024-12-16 11:30:00+00:00
2024-12-16 12:00:00+00:00,short,EXECUTE,pullback_recovery,211032.0,2,2659.22,2024-12-16 12:45:00+00:00
2024-12-16 13:00:00+00:00,short,EXECUTE,pullback_recovery,211036.0,2,2662.71,2024-12-16 13:45:00+00:00
2024-12-16 14:00:00+00:00,short,EXECUTE,pullback_recovery,211039.0,1,2661.79,2024-12-16 14:30:00+00:00
2024-12-16 15:00:00+00:00,short,EXECUTE,pullback_recovery,211043.0,1,2661.98,2024-12-16 15:30:00+00:00
2024-12-17 04:00:00+00:00,short,EXECUTE,pullback_recovery,211092.0,2,2655.76,2024-12-17 04:45:00+00:00
2024-12-17 05:00:00+00:00,short,EXECUTE,pullback_recovery,211096.0,2,2654.15,2024-12-17 05:45:00+00:00
2024-12-17 06:00:00+00:00,short,EXECUTE,pullback_recovery,211100.0,2,2652.28,2024-12-17 06:45:00+00:00
2024-12-17 07:00:00+00:00,short,EXECUTE,pullback_recovery,211104.0,2,2654.19,2024-12-17 07:45:00+00:00
2024-12-17 08:00:00+00:00,short,EXECUTE,pullback_recovery,211107.0,1,2647.81,2024-12-17 08:30:00+00:00
2024-12-17 09:00:00+00:00,short,EXECUTE,pullback_recovery,211112.0,2,2654.41,2024-12-17 09:45:00+00:00
2024-12-17 10:00:00+00:00,short,EXECUTE,pullback_recovery,211115.0,1,2647.73,2024-12-17 10:30:00+00:00
2024-12-17 11:00:00+00:00,short,EXECUTE,pullback_recovery,211119.0,1,2641.85,2024-12-17 11:30:00+00:00
2024-12-17 12:00:00+00:00,short,EXECUTE,pullback_recovery,211124.0,2,2640.28,2024-12-17 12:45:00+00:00
2024-12-17 13:00:00+00:00,short,EXECUTE,pullback_recovery,211130.0,4,2641.26,2024-12-17 14:15:00+00:00
2024-12-17 14:00:00+00:00,short,EXECUTE,pullback_recovery,211132.0,2,2643.1,2024-12-17 14:45:00+00:00
2024-12-17 15:00:00+00:00,short,EXECUTE,pullback_recovery,211137.0,3,2636.76,2024-12-17 16:00:00+00:00
2024-12-18 03:00:00+00:00,short,EXECUTE,pullback_recovery,211179.0,1,2649.95,2024-12-18 03:30:00+00:00
2024-12-18 04:00:00+00:00,short,EXECUTE,pullback_recovery,211183.0,1,2648.17,2024-12-18 04:30:00+00:00
2024-12-18 05:00:00+00:00,short,EXECUTE,pullback_recovery,211187.0,1,2646.05,2024-12-18 05:30:00+00:00
2024-12-18 07:00:00+00:00,short,EXECUTE,pullback_recovery,211197.0,3,2647.35,2024-12-18 08:00:00+00:00
2024-12-18 08:00:00+00:00,short,EXECUTE,pullback_recovery,211200.0,2,2646.41,2024-12-18 08:45:00+00:00
2024-12-18 09:00:00+00:00,short,EXECUTE,pullback_recovery,211203.0,1,2645.7,2024-12-18 09:30:00+00:00
2024-12-18 10:00:00+00:00,short,EXECUTE,pullback_recovery,211208.0,2,2647.62,2024-12-18 10:45:00+00:00
2024-12-18 11:00:00+00:00,short,EXECUTE,pullback_recovery,211213.0,3,2646.71,2024-12-18 12:00:00+00:00
2024-12-18 12:00:00+00:00,short,EXECUTE,pullback_recovery,211215.0,1,2647.96,2024-12-18 12:30:00+00:00
2024-12-18 13:00:00+00:00,short,EXECUTE,pullback_recovery,211219.0,1,2647.01,2024-12-18 13:30:00+00:00
2024-12-18 14:00:00+00:00,short,EXECUTE,pullback_recovery,211224.0,2,2645.53,2024-12-18 14:45:00+00:00
2024-12-18 15:00:00+00:00,short,EXECUTE,pullback_recovery,211228.0,2,2643.54,2024-12-18 15:45:00+00:00
2024-12-18 16:00:00+00:00,short,EXECUTE,pullback_recovery,211231.0,1,2638.66,2024-12-18 16:30:00+00:00
2024-12-19 11:00:00+00:00,short,EXECUTE,pullback_recovery,211303.0,1,2619.94,2024-12-19 11:30:00+00:00
2024-12-19 12:00:00+00:00,short,EXECUTE,pullback_recovery,211309.0,3,2619.48,2024-12-19 13:00:00+00:00
2024-12-19 13:00:00+00:00,short,EXECUTE,pullback_recovery,211311.0,1,2618.73,2024-12-19 13:30:00+00:00
2024-12-19 14:00:00+00:00,short,EXECUTE,pullback_recovery,211316.0,2,2608.46,2024-12-19 14:45:00+00:00
2024-12-20 10:00:00+00:00,short,EXECUTE,pullback_recovery,211391.0,1,2605.84,2024-12-20 10:30:00+00:00
2024-12-20 11:00:00+00:00,short,EXECUTE,pullback_recovery,211395.0,1,2604.34,2024-12-20 11:30:00+00:00
2024-12-20 12:00:00+00:00,short,EXECUTE,pullback_recovery,211401.0,3,2604.19,2024-12-20 13:00:00+00:00
2024-12-20 13:00:00+00:00,short,EXECUTE,pullback_recovery,211405.0,3,2603.59,2024-12-20 14:00:00+00:00
2024-12-20 14:00:00+00:00,short,EXECUTE,pullback_recovery,211408.0,2,2603.44,2024-12-20 14:45:00+00:00
2024-12-20 15:00:00+00:00,short,EXECUTE,pullback_recovery,211412.0,2,2608.98,2024-12-20 15:45:00+00:00
2024-12-23 13:00:00+00:00,long,EXECUTE,pullback_recovery,211497.0,3,2616.13,2024-12-23 14:00:00+00:00
2024-12-24 06:00:00+00:00,short,EXECUTE,pullback_recovery,211563.0,5,2618.91,2024-12-24 07:30:00+00:00
2024-12-24 07:00:00+00:00,short,EXECUTE,pullback_recovery,211563.0,1,2618.91,2024-12-24 07:30:00+00:00
2024-12-24 08:00:00+00:00,short,EXECUTE,pullback_recovery,211569.0,3,2618.64,2024-12-24 09:00:00+00:00
2024-12-24 09:00:00+00:00,short,EXECUTE,pullback_recovery,211573.0,3,2618.19,2024-12-24 10:00:00+00:00
2024-12-24 10:00:00+00:00,short,EXECUTE,pullback_recovery,211575.0,1,2618.38,2024-12-24 10:30:00+00:00
2024-12-24 11:00:00+00:00,short,EXECUTE,pullback_recovery,211580.0,2,2614.52,2024-12-24 11:45:00+00:00
2024-12-24 12:00:00+00:00,short,EXECUTE,pullback_recovery,211584.0,2,2615.53,2024-12-24 12:45:00+00:00
2024-12-24 13:00:00+00:00,short,EXECUTE,pullback_recovery,211587.0,1,2612.89,2024-12-24 13:30:00+00:00
2024-12-24 14:00:00+00:00,short,EXECUTE,pullback_recovery,211591.0,1,2614.23,2024-12-24 14:30:00+00:00
2024-12-24 15:00:00+00:00,short,EXECUTE,pullback_recovery,211598.0,4,2614.11,2024-12-24 16:15:00+00:00
2024-12-26 05:00:00+00:00,short,EXECUTE,pullback_recovery,211634.0,1,2626.1,2024-12-26 05:30:00+00:00
2024-12-26 06:00:00+00:00,short,EXECUTE,pullback_recovery,211638.0,1,2626.95,2024-12-26 06:30:00+00:00
2024-12-26 07:00:00+00:00,short,EXECUTE,pullback_recovery,211642.0,1,2626.77,2024-12-26 07:30:00+00:00
2024-12-26 08:00:00+00:00,short,EXECUTE,pullback_recovery,211647.0,2,2625.11,2024-12-26 08:45:00+00:00
2024-12-26 09:00:00+00:00,short,EXECUTE,pullback_recovery,211650.0,1,2624.37,2024-12-26 09:30:00+00:00
2024-12-26 10:00:00+00:00,short,EXECUTE,pullback_recovery,211654.0,1,2627.19,2024-12-26 10:30:00+00:00
2024-12-26 11:00:00+00:00,short,EXECUTE,pullback_recovery,211658.0,1,2625.9,2024-12-26 11:30:00+00:00
2024-12-26 12:00:00+00:00,short,EXECUTE,pullback_recovery,211663.0,2,2628.45,2024-12-26 12:45:00+00:00
2024-12-26 13:00:00+00:00,short,EXECUTE,pullback_recovery,211667.0,2,2628.74,2024-12-26 13:45:00+00:00
2024-12-26 14:00:00+00:00,short,EXECUTE,pullback_recovery,211671.0,2,2625.99,2024-12-26 14:45:00+00:00
2024-12-27 05:00:00+00:00,short,EXECUTE,pullback_recovery,211727.0,2,2634.09,2024-12-27 05:45:00+00:00
2024-12-27 06:00:00+00:00,short,EXECUTE,pullback_recovery,211732.0,3,2633.49,2024-12-27 07:00:00+00:00
2024-12-27 07:00:00+00:00,short,EXECUTE,pullback_recovery,211735.0,2,2632.65,2024-12-27 07:45:00+00:00
2024-12-27 08:00:00+00:00,short,EXECUTE,pullback_recovery,211739.0,2,2634.82,2024-12-27 08:45:00+00:00
2024-12-27 09:00:00+00:00,short,EXECUTE,pullback_recovery,211743.0,2,2635.37,2024-12-27 09:45:00+00:00
2024-12-27 10:00:00+00:00,short,EXECUTE,pullback_recovery,211747.0,2,2628.01,2024-12-27 10:45:00+00:00
2024-12-27 11:00:00+00:00,short,EXECUTE,pullback_recovery,211751.0,2,2624.71,2024-12-27 11:45:00+00:00
2024-12-27 12:00:00+00:00,short,EXECUTE,pullback_recovery,211755.0,2,2625.19,2024-12-27 12:45:00+00:00
2024-12-27 13:00:00+00:00,short,EXECUTE,pullback_recovery,211762.0,5,2628.38,2024-12-27 14:30:00+00:00
2024-12-27 14:00:00+00:00,short,EXECUTE,pullback_recovery,211762.0,1,2628.38,2024-12-27 14:30:00+00:00
2024-12-27 15:00:00+00:00,short,INVALIDATE,adverse_move_limit,,0,,
2024-12-30 09:00:00+00:00,short,EXECUTE,pullback_recovery,211835.0,2,2616.79,2024-12-30 09:45:00+00:00
2024-12-31 14:00:00+00:00,short,EXECUTE,pullback_recovery,211948.0,3,2611.05,2024-12-31 15:00:00+00:00
2024-12-31 15:00:00+00:00,short,EXECUTE,pullback_recovery,211950.0,1,2613.88,2024-12-31 15:30:00+00:00
2025-01-02 07:00:00+00:00,long,EXECUTE,pullback_recovery,212010.0,1,2634.84,2025-01-02 07:30:00+00:00
2025-01-02 08:00:00+00:00,long,EXECUTE,pullback_recovery,212014.0,1,2634.12,2025-01-02 08:30:00+00:00
2025-01-02 09:00:00+00:00,long,EXECUTE,pullback_recovery,212020.0,3,2635.74,2025-01-02 10:00:00+00:00
2025-01-02 10:00:00+00:00,long,EXECUTE,pullback_recovery,212023.0,2,2636.18,2025-01-02 10:45:00+00:00
2025-01-02 11:00:00+00:00,long,EXECUTE,pullback_recovery,212029.0,4,2638.81,2025-01-02 12:15:00+00:00
2025-01-02 12:00:00+00:00,long,EXECUTE,pullback_recovery,212030.0,1,2644.82,2025-01-02 12:30:00+00:00
2025-01-02 13:00:00+00:00,long,EXECUTE,pullback_recovery,212034.0,1,2641.84,2025-01-02 13:30:00+00:00
2025-01-02 14:00:00+00:00,long,EXECUTE,pullback_recovery,212038.0,1,2642.63,2025-01-02 14:30:00+00:00
2025-01-03 08:00:00+00:00,long,EXECUTE,pullback_recovery,212107.0,2,2659.12,2025-01-03 08:45:00+00:00
2025-01-03 11:00:00+00:00,long,EXECUTE,pullback_recovery,212118.0,1,2654.02,2025-01-03 11:30:00+00:00
2025-01-03 12:00:00+00:00,long,EXECUTE,pullback_recovery,212124.0,3,2657.52,2025-01-03 13:00:00+00:00
2025-01-03 13:00:00+00:00,long,EXECUTE,pullback_recovery,212127.0,2,2658.23,2025-01-03 13:45:00+00:00
2025-01-03 14:00:00+00:00,long,EXECUTE,pullback_recovery,212131.0,2,2656.66,2025-01-03 14:45:00+00:00
2025-01-03 15:00:00+00:00,long,EXECUTE,pullback_recovery,212134.0,1,2649.49,2025-01-03 15:30:00+00:00
2025-01-06 08:00:00+00:00,long,EXECUTE,pullback_recovery,212198.0,1,2631.27,2025-01-06 08:30:00+00:00
2025-01-06 09:00:00+00:00,long,EXECUTE,pullback_recovery,212204.0,3,2626.77,2025-01-06 10:00:00+00:00
2025-01-06 10:00:00+00:00,long,EXECUTE,pullback_recovery,212206.0,1,2629.68,2025-01-06 10:30:00+00:00
2025-01-06 11:00:00+00:00,long,EXECUTE,pullback_recovery,212212.0,3,2632.56,2025-01-06 12:00:00+00:00
2025-01-06 12:00:00+00:00,long,EXECUTE,pullback_recovery,212214.0,1,2632.57,2025-01-06 12:30:00+00:00
2025-01-06 14:00:00+00:00,long,EXECUTE,pullback_recovery,212223.0,2,2644.67,2025-01-06 14:45:00+00:00
2025-01-07 12:00:00+00:00,long,EXECUTE,pullback_recovery,212307.0,2,2643.77,2025-01-07 12:45:00+00:00
2025-01-07 13:00:00+00:00,long,EXECUTE,pullback_recovery,212310.0,1,2645.42,2025-01-07 13:30:00+00:00
2025-01-07 14:00:00+00:00,long,EXECUTE,pullback_recovery,212315.0,2,2649.6,2025-01-07 14:45:00+00:00
2025-01-08 09:00:00+00:00,long,EXECUTE,pullback_recovery,212388.0,3,2652.55,2025-01-08 10:00:00+00:00
2025-01-08 10:00:00+00:00,long,EXECUTE,pullback_recovery,212391.0,2,2652.7,2025-01-08 10:45:00+00:00
2025-01-08 11:00:00+00:00,long,EXECUTE,pullback_recovery,212394.0,1,2653.54,2025-01-08 11:30:00+00:00
2025-01-08 12:00:00+00:00,long,EXECUTE,pullback_recovery,212398.0,1,2654.36,2025-01-08 12:30:00+00:00
2025-01-08 13:00:00+00:00,long,EXECUTE,pullback_recovery,212403.0,2,2649.73,2025-01-08 13:45:00+00:00
2025-01-08 14:00:00+00:00,long,EXECUTE,pullback_recovery,212407.0,2,2650.23,2025-01-08 14:45:00+00:00
2025-01-08 15:00:00+00:00,long,INVALIDATE,adverse_move_limit,,0,,
2025-01-09 07:00:00+00:00,long,EXECUTE,pullback_recovery,212471.0,2,2658.14,2025-01-09 07:45:00+00:00
2025-01-09 08:00:00+00:00,long,EXECUTE,pullback_recovery,212475.0,2,2664.03,2025-01-09 08:45:00+00:00
2025-01-09 09:00:00+00:00,long,EXECUTE,pullback_recovery,212481.0,4,2661.76,2025-01-09 10:15:00+00:00
2025-01-09 10:00:00+00:00,long,EXECUTE,pullback_recovery,212482.0,1,2664.87,2025-01-09 10:30:00+00:00
2025-01-09 11:00:00+00:00,long,EXECUTE,pullback_recovery,212487.0,2,2665.77,2025-01-09 11:45:00+00:00
2025-01-09 12:00:00+00:00,long,EXECUTE,pullback_recovery,212491.0,2,2668.31,2025-01-09 12:45:00+00:00
2025-01-10 08:00:00+00:00,short,EXECUTE,pullback_recovery,212568.0,3,2678.02,2025-01-10 09:00:00+00:00
2025-01-10 09:00:00+00:00,short,EXECUTE,pullback_recovery,212571.0,2,2674.58,2025-01-10 09:45:00+00:00
2025-01-10 10:00:00+00:00,short,EXECUTE,pullback_recovery,212578.0,5,2679.93,2025-01-10 11:30:00+00:00
2025-01-10 11:00:00+00:00,long,EXECUTE,pullback_recovery,212589.0,12,2678.23,2025-01-10 14:15:00+00:00
2025-01-10 12:00:00+00:00,short,EXECUTE,pullback_recovery,212582.0,1,2680.98,2025-01-10 12:30:00+00:00
2025-01-10 13:00:00+00:00,short,EXECUTE,pullback_recovery,212587.0,2,2681.55,2025-01-10 13:45:00+00:00
2025-01-10 14:00:00+00:00,short,EXECUTE,pullback_recovery,212590.0,1,2676.77,2025-01-10 14:30:00+00:00
2025-01-13 08:00:00+00:00,long,EXECUTE,pullback_recovery,212658.0,1,2690.16,2025-01-13 08:30:00+00:00
2025-01-13 09:00:00+00:00,long,EXECUTE,pullback_recovery,212663.0,2,2685.64,2025-01-13 09:45:00+00:00
2025-01-13 10:00:00+00:00,long,EXECUTE,pullback_recovery,212666.0,1,2686.46,2025-01-13 10:30:00+00:00
2025-01-13 11:00:00+00:00,long,EXECUTE,pullback_recovery,212670.0,1,2684.93,2025-01-13 11:30:00+00:00
2025-01-13 12:00:00+00:00,long,EXECUTE,pullback_recovery,212674.0,1,2678.43,2025-01-13 12:30:00+00:00
2025-01-13 13:00:00+00:00,long,INVALIDATE,adverse_move_limit,,5,,
2025-01-13 14:00:00+00:00,long,EXECUTE,pullback_recovery,212683.0,2,2671.13,2025-01-13 14:45:00+00:00
2025-01-14 08:00:00+00:00,long,EXECUTE,pullback_recovery,212751.0,2,2668.71,2025-01-14 08:45:00+00:00
2025-01-14 09:00:00+00:00,long,EXECUTE,pullback_recovery,212755.0,2,2669.5,2025-01-14 09:45:00+00:00
2025-01-14 10:00:00+00:00,long,EXECUTE,pullback_recovery,212758.0,1,2673.03,2025-01-14 10:30:00+00:00
2025-01-14 11:00:00+00:00,long,EXECUTE,pullback_recovery,212764.0,3,2667.28,2025-01-14 12:00:00+00:00
2025-01-14 12:00:00+00:00,long,EXECUTE,pullback_recovery,212766.0,1,2665.71,2025-01-14 12:30:00+00:00
2025-01-14 13:00:00+00:00,long,EXECUTE,pullback_recovery,212772.0,3,2669.07,2025-01-14 14:00:00+00:00
2025-01-14 14:00:00+00:00,long,EXECUTE,pullback_recovery,212775.0,2,2669.05,2025-01-14 14:45:00+00:00
2025-01-15 13:00:00+00:00,short,EXECUTE,pullback_recovery,212863.0,2,2687.22,2025-01-15 13:45:00+00:00
2025-01-16 10:00:00+00:00,long,EXECUTE,pullback_recovery,212944.0,3,2698.94,2025-01-16 11:00:00+00:00
2025-01-16 11:00:00+00:00,long,EXECUTE,pullback_recovery,212946.0,1,2704.99,2025-01-16 11:30:00+00:00
2025-01-16 12:00:00+00:00,long,EXECUTE,pullback_recovery,212950.0,1,2707.36,2025-01-16 12:30:00+00:00
2025-01-16 13:00:00+00:00,long,EXECUTE,pullback_recovery,212957.0,4,2705.63,2025-01-16 14:15:00+00:00
2025-01-16 14:00:00+00:00,long,EXECUTE,pullback_recovery,212960.0,3,2703.48,2025-01-16 15:00:00+00:00
2025-01-17 08:00:00+00:00,short,EXECUTE,pullback_recovery,213026.0,1,2711.75,2025-01-17 08:30:00+00:00
2025-01-17 09:00:00+00:00,short,EXECUTE,pullback_recovery,213031.0,2,2710.04,2025-01-17 09:45:00+00:00
2025-01-17 10:00:00+00:00,short,EXECUTE,pullback_recovery,213036.0,3,2711.67,2025-01-17 11:00:00+00:00
2025-01-17 11:00:00+00:00,short,EXECUTE,pullback_recovery,213038.0,1,2706.18,2025-01-17 11:30:00+00:00
2025-01-17 12:00:00+00:00,short,EXECUTE,pullback_recovery,213043.0,2,2704.33,2025-01-17 12:45:00+00:00
2025-01-17 13:00:00+00:00,short,EXECUTE,pullback_recovery,213048.0,3,2708.01,2025-01-17 14:00:00+00:00
2025-01-17 14:00:00+00:00,short,EXECUTE,pullback_recovery,213051.0,2,2710.21,2025-01-17 14:45:00+00:00
2025-01-17 15:00:00+00:00,long,EXECUTE,pullback_recovery,213056.0,3,2704.95,2025-01-17 16:00:00+00:00
2025-01-20 08:00:00+00:00,long,EXECUTE,pullback_recovery,213119.0,2,2710.05,2025-01-20 08:45:00+00:00
2025-01-20 09:00:00+00:00,short,EXECUTE,pullback_recovery,213123.0,2,2704.88,2025-01-20 09:45:00+00:00
2025-01-20 10:00:00+00:00,short,EXECUTE,pullback_recovery,213128.0,3,2706.86,2025-01-20 11:00:00+00:00
2025-01-21 08:00:00+00:00,long,EXECUTE,pullback_recovery,213201.0,2,2725.46,2025-01-21 08:45:00+00:00
2025-01-21 09:00:00+00:00,long,EXECUTE,pullback_recovery,213204.0,1,2728.03,2025-01-21 09:30:00+00:00
2025-01-21 10:00:00+00:00,long,EXECUTE,pullback_recovery,213209.0,2,2722.42,2025-01-21 10:45:00+00:00
2025-01-21 11:00:00+00:00,long,EXECUTE,pullback_recovery,213212.0,1,2722.17,2025-01-21 11:30:00+00:00
2025-01-21 12:00:00+00:00,long,EXECUTE,pullback_recovery,213217.0,2,2719.43,2025-01-21 12:45:00+00:00
2025-01-21 13:00:00+00:00,long,EXECUTE,pullback_recovery,213222.0,3,2723.88,2025-01-21 14:00:00+00:00
2025-01-21 14:00:00+00:00,long,EXECUTE,pullback_recovery,213224.0,1,2725.65,2025-01-21 14:30:00+00:00
2025-01-21 15:00:00+00:00,long,EXECUTE,pullback_recovery,213228.0,1,2727.43,2025-01-21 15:30:00+00:00
2025-01-22 08:00:00+00:00,long,EXECUTE,pullback_recovery,213292.0,1,2746.92,2025-01-22 08:30:00+00:00
2025-01-22 09:00:00+00:00,long,EXECUTE,pullback_recovery,213298.0,3,2748.59,2025-01-22 10:00:00+00:00
2025-01-22 10:00:00+00:00,long,EXECUTE,pullback_recovery,213301.0,2,2752.09,2025-01-22 10:45:00+00:00
2025-01-22 11:00:00+00:00,long,EXECUTE,pullback_recovery,213304.0,1,2761.56,2025-01-22 11:30:00+00:00
2025-01-22 12:00:00+00:00,long,EXECUTE,pullback_recovery,213308.0,1,2761.56,2025-01-22 12:30:00+00:00
2025-01-22 13:00:00+00:00,long,EXECUTE,pullback_recovery,213317.0,6,2756.99,2025-01-22 14:45:00+00:00
2025-01-22 14:00:00+00:00,long,EXECUTE,pullback_recovery,213317.0,2,2756.99,2025-01-22 14:45:00+00:00
2025-01-22 15:00:00+00:00,long,EXECUTE,pullback_recovery,213322.0,3,2757.69,2025-01-22 16:00:00+00:00
2025-01-23 07:00:00+00:00,long,EXECUTE,pullback_recovery,213380.0,1,2751.66,2025-01-23 07:30:00+00:00
2025-01-23 08:00:00+00:00,long,EXECUTE,pullback_recovery,213387.0,4,2752.75,2025-01-23 09:15:00+00:00
2025-01-23 09:00:00+00:00,long,EXECUTE,pullback_recovery,213388.0,1,2752.93,2025-01-23 09:30:00+00:00
2025-01-23 10:00:00+00:00,long,INVALIDATE,adverse_move_limit,,4,,
2025-01-23 11:00:00+00:00,long,EXECUTE,pullback_recovery,213398.0,3,2745.79,2025-01-23 12:00:00+00:00
2025-01-23 12:00:00+00:00,long,EXECUTE,pullback_recovery,213402.0,3,2751.18,2025-01-23 13:00:00+00:00
2025-01-23 13:00:00+00:00,long,EXECUTE,pullback_recovery,213404.0,1,2753.96,2025-01-23 13:30:00+00:00
2025-01-23 14:00:00+00:00,long,EXECUTE,pullback_recovery,213409.0,2,2743.33,2025-01-23 14:45:00+00:00
2025-01-23 15:00:00+00:00,long,EXECUTE,pullback_recovery,213412.0,1,2740.77,2025-01-23 15:30:00+00:00
2025-01-24 02:00:00+00:00,long,EXECUTE,pullback_recovery,213453.0,2,2760.1,2025-01-24 02:45:00+00:00
2025-01-24 03:00:00+00:00,long,EXECUTE,pullback_recovery,213458.0,3,2762.19,2025-01-24 04:00:00+00:00
2025-01-24 14:00:00+00:00,short,EXECUTE,pullback_recovery,213501.0,2,2778.35,2025-01-24 14:45:00+00:00
2025-01-24 15:00:00+00:00,short,EXECUTE,pullback_recovery,213504.0,1,2781.87,2025-01-24 15:30:00+00:00
2025-01-27 02:00:00+00:00,long,EXECUTE,pullback_recovery,213546.0,3,2769.74,2025-01-27 03:00:00+00:00
2025-01-27 07:00:00+00:00,long,EXECUTE,pullback_recovery,213568.0,5,2752.64,2025-01-27 08:30:00+00:00
2025-01-27 08:00:00+00:00,long,EXECUTE,pullback_recovery,213570.0,3,2754.64,2025-01-27 09:00:00+00:00
2025-01-27 09:00:00+00:00,long,EXECUTE,pullback_recovery,213573.0,2,2751.52,2025-01-27 09:45:00+00:00
2025-01-27 10:00:00+00:00,long,EXECUTE,pullback_recovery,213576.0,1,2755.99,2025-01-27 10:30:00+00:00
2025-01-28 08:00:00+00:00,long,EXECUTE,pullback_recovery,213661.0,2,2739.49,2025-01-28 08:45:00+00:00
2025-01-28 09:00:00+00:00,long,EXECUTE,pullback_recovery,213669.0,6,2738.43,2025-01-28 10:45:00+00:00
2025-01-28 10:00:00+00:00,long,EXECUTE,pullback_recovery,213669.0,2,2738.43,2025-01-28 10:45:00+00:00
2025-01-28 11:00:00+00:00,long,EXECUTE,pullback_recovery,213672.0,1,2743.76,2025-01-28 11:30:00+00:00
2025-01-28 12:00:00+00:00,long,EXECUTE,pullback_recovery,213678.0,3,2743.12,2025-01-28 13:00:00+00:00
2025-01-28 13:00:00+00:00,long,EXECUTE,pullback_recovery,213681.0,2,2743.45,2025-01-28 13:45:00+00:00
2025-01-28 14:00:00+00:00,long,EXECUTE,pullback_recovery,213686.0,3,2745.44,2025-01-28 15:00:00+00:00
2025-01-28 15:00:00+00:00,long,EXECUTE,pullback_recovery,213690.0,3,2748.82,2025-01-28 16:00:00+00:00
2025-01-29 07:00:00+00:00,long,EXECUTE,pullback_recovery,213750.0,3,2760.58,2025-01-29 08:00:00+00:00
2025-01-29 08:00:00+00:00,long,EXECUTE,pullback_recovery,213755.0,4,2759.47,2025-01-29 09:15:00+00:00
2025-01-29 09:00:00+00:00,long,EXECUTE,pullback_recovery,213758.0,3,2759.1,2025-01-29 10:00:00+00:00
2025-01-29 10:00:00+00:00,long,EXECUTE,pullback_recovery,213760.0,1,2764.45,2025-01-29 10:30:00+00:00
2025-01-29 11:00:00+00:00,long,EXECUTE,pullback_recovery,213764.0,1,2762.9,2025-01-29 11:30:00+00:00
2025-01-29 12:00:00+00:00,long,EXECUTE,pullback_recovery,213769.0,2,2758.47,2025-01-29 12:45:00+00:00
2025-01-29 13:00:00+00:00,long,EXECUTE,pullback_recovery,213772.0,1,2758.84,2025-01-29 13:30:00+00:00
2025-01-29 14:00:00+00:00,long,EXECUTE,pullback_recovery,213776.0,1,2756.48,2025-01-29 14:30:00+00:00
2025-01-29 15:00:00+00:00,long,INVALIDATE,adverse_move_limit,,0,,
2025-01-30 07:00:00+00:00,long,EXECUTE,pullback_recovery,213840.0,1,2760.24,2025-01-30 07:30:00+00:00
2025-01-30 08:00:00+00:00,long,EXECUTE,pullback_recovery,213846.0,3,2765.49,2025-01-30 09:00:00+00:00
2025-01-30 15:00:00+00:00,long,EXECUTE,pullback_recovery,213873.0,2,2783.74,2025-01-30 15:45:00+00:00
2025-01-31 09:00:00+00:00,short,EXECUTE,pullback_recovery,213941.0,2,2797.89,2025-01-31 09:45:00+00:00
2025-01-31 10:00:00+00:00,short,EXECUTE,pullback_recovery,213944.0,1,2793.59,2025-01-31 10:30:00+00:00
2025-01-31 11:00:00+00:00,short,EXECUTE,pullback_recovery,213949.0,2,2794.34,2025-01-31 11:45:00+00:00
2025-01-31 12:00:00+00:00,short,EXECUTE,pullback_recovery,213952.0,1,2794.09,2025-01-31 12:30:00+00:00
2025-01-31 13:00:00+00:00,long,EXECUTE,pullback_recovery,213958.0,3,2800.01,2025-01-31 14:00:00+00:00
2025-01-31 14:00:00+00:00,long,EXECUTE,pullback_recovery,213960.0,1,2805.08,2025-01-31 14:30:00+00:00
2025-01-31 15:00:00+00:00,short,EXECUTE,pullback_recovery,213965.0,2,2806.96,2025-01-31 15:45:00+00:00
2025-02-03 09:00:00+00:00,long,EXECUTE,pullback_recovery,214033.0,2,2788.6,2025-02-03 09:45:00+00:00
2025-02-03 10:00:00+00:00,long,EXECUTE,pullback_recovery,214036.0,1,2797.84,2025-02-03 10:30:00+00:00
2025-02-04 08:00:00+00:00,long,EXECUTE,pullback_recovery,214121.0,2,2812.61,2025-02-04 08:45:00+00:00
2025-02-04 09:00:00+00:00,long,EXECUTE,pullback_recovery,214125.0,2,2810.79,2025-02-04 09:45:00+00:00
2025-02-04 10:00:00+00:00,long,EXECUTE,pullback_recovery,214128.0,1,2816.73,2025-02-04 10:30:00+00:00
2025-02-04 11:00:00+00:00,long,EXECUTE,pullback_recovery,214133.0,2,2819.18,2025-02-04 11:45:00+00:00
2025-02-04 12:00:00+00:00,long,EXECUTE,pullback_recovery,214137.0,2,2813.96,2025-02-04 12:45:00+00:00
2025-02-04 13:00:00+00:00,long,EXECUTE,pullback_recovery,214140.0,1,2815.18,2025-02-04 13:30:00+00:00
2025-02-04 14:00:00+00:00,long,EXECUTE,pullback_recovery,214144.0,1,2819.16,2025-02-04 14:30:00+00:00
2025-02-04 15:00:00+00:00,long,EXECUTE,pullback_recovery,214148.0,1,2835.05,2025-02-04 15:30:00+00:00
2025-02-05 03:00:00+00:00,long,EXECUTE,pullback_recovery,214192.0,1,2843.35,2025-02-05 03:30:00+00:00
2025-02-05 07:00:00+00:00,long,EXECUTE,pullback_recovery,214209.0,2,2858.09,2025-02-05 07:45:00+00:00
2025-02-05 08:00:00+00:00,long,EXECUTE,pullback_recovery,214212.0,1,2860.77,2025-02-05 08:30:00+00:00
2025-02-05 09:00:00+00:00,long,EXECUTE,pullback_recovery,214218.0,3,2864.14,2025-02-05 10:00:00+00:00
2025-02-05 10:00:00+00:00,long,EXECUTE,pullback_recovery,214221.0,2,2869.43,2025-02-05 10:45:00+00:00
2025-02-05 11:00:00+00:00,long,EXECUTE,pullback_recovery,214224.0,1,2869.29,2025-02-05 11:30:00+00:00
2025-02-05 12:00:00+00:00,long,EXECUTE,pullback_recovery,214230.0,3,2867.59,2025-02-05 13:00:00+00:00
2025-02-05 13:00:00+00:00,long,EXECUTE,pullback_recovery,214232.0,1,2869.33,2025-02-05 13:30:00+00:00
2025-02-05 14:00:00+00:00,long,EXECUTE,pullback_recovery,214236.0,1,2869.04,2025-02-05 14:30:00+00:00
2025-02-05 15:00:00+00:00,long,EXECUTE,pullback_recovery,214241.0,2,2862.02,2025-02-05 15:45:00+00:00
2025-02-06 03:00:00+00:00,long,EXECUTE,pullback_recovery,214285.0,2,2868.98,2025-02-06 03:45:00+00:00
2025-02-06 10:00:00+00:00,long,EXECUTE,pullback_recovery,214313.0,2,2856.11,2025-02-06 10:45:00+00:00
2025-02-06 11:00:00+00:00,long,EXECUTE,pullback_recovery,214317.0,2,2858.02,2025-02-06 11:45:00+00:00
2025-02-06 12:00:00+00:00,long,EXECUTE,pullback_recovery,214320.0,1,2860.35,2025-02-06 12:30:00+00:00
2025-02-06 13:00:00+00:00,long,EXECUTE,pullback_recovery,214325.0,2,2865.35,2025-02-06 13:45:00+00:00
2025-02-06 14:00:00+00:00,long,EXECUTE,pullback_recovery,214330.0,3,2864.26,2025-02-06 15:00:00+00:00
2025-02-07 13:00:00+00:00,long,EXECUTE,pullback_recovery,214418.0,3,2867.69,2025-02-07 14:00:00+00:00
2025-02-07 14:00:00+00:00,long,EXECUTE,pullback_recovery,214424.0,5,2862.83,2025-02-07 15:30:00+00:00
2025-02-07 15:00:00+00:00,long,EXECUTE,pullback_recovery,214424.0,1,2862.83,2025-02-07 15:30:00+00:00
2025-02-07 16:00:00+00:00,long,INVALIDATE,adverse_move_limit,,0,,
2025-02-10 03:00:00+00:00,long,EXECUTE,pullback_recovery,214470.0,3,2871.52,2025-02-10 04:00:00+00:00
2025-02-10 04:00:00+00:00,long,EXECUTE,pullback_recovery,214472.0,1,2873.78,2025-02-10 04:30:00+00:00
2025-02-10 05:00:00+00:00,long,EXECUTE,pullback_recovery,214478.0,3,2875.21,2025-02-10 06:00:00+00:00
2025-02-10 07:00:00+00:00,long,EXECUTE,pullback_recovery,214484.0,1,2878.51,2025-02-10 07:30:00+00:00
2025-02-10 08:00:00+00:00,long,EXECUTE,pullback_recovery,214490.0,3,2888.35,2025-02-10 09:00:00+00:00
2025-02-10 09:00:00+00:00,long,EXECUTE,pullback_recovery,214492.0,1,2891.98,2025-02-10 09:30:00+00:00
2025-02-10 10:00:00+00:00,long,EXECUTE,pullback_recovery,214496.0,1,2894.81,2025-02-10 10:30:00+00:00
2025-02-10 11:00:00+00:00,long,EXECUTE,pullback_recovery,214501.0,2,2901.31,2025-02-10 11:45:00+00:00
2025-02-10 12:00:00+00:00,long,EXECUTE,pullback_recovery,214504.0,1,2901.8,2025-02-10 12:30:00+00:00
2025-02-10 13:00:00+00:00,long,EXECUTE,pullback_recovery,214509.0,2,2903.9,2025-02-10 13:45:00+00:00
2025-02-10 14:00:00+00:00,long,EXECUTE,pullback_recovery,214515.0,4,2904.96,2025-02-10 15:15:00+00:00
2025-02-10 15:00:00+00:00,long,EXECUTE,pullback_recovery,214518.0,3,2900.95,2025-02-10 16:00:00+00:00
2025-02-10 16:00:00+00:00,long,EXECUTE,pullback_recovery,214520.0,1,2904.3,2025-02-10 16:30:00+00:00
2025-02-10 18:00:00+00:00,long,EXECUTE,pullback_recovery,214530.0,3,2900.8,2025-02-10 19:00:00+00:00
2025-02-10 19:00:00+00:00,long,EXECUTE,pullback_recovery,214533.0,2,2901.62,2025-02-10 19:45:00+00:00
2025-02-10 20:00:00+00:00,long,EXECUTE,pullback_recovery,214536.0,1,2906.0,2025-02-10 20:30:00+00:00
2025-02-10 21:00:00+00:00,long,EXECUTE,pullback_recovery,214540.0,1,2904.02,2025-02-10 21:30:00+00:00
2025-02-11 01:00:00+00:00,long,EXECUTE,pullback_recovery,214553.0,2,2920.94,2025-02-11 01:45:00+00:00
2025-02-11 03:00:00+00:00,long,EXECUTE,pullback_recovery,214561.0,2,2931.48,2025-02-11 03:45:00+00:00
2025-02-11 04:00:00+00:00,long,EXECUTE,pullback_recovery,214565.0,2,2916.61,2025-02-11 04:45:00+00:00
2025-02-11 05:00:00+00:00,short,EXECUTE,pullback_recovery,214570.0,3,2919.24,2025-02-11 06:00:00+00:00
2025-02-11 10:00:00+00:00,short,EXECUTE,pullback_recovery,214590.0,3,2907.23,2025-02-11 11:00:00+00:00
2025-02-11 11:00:00+00:00,short,EXECUTE,pullback_recovery,214593.0,2,2904.32,2025-02-11 11:45:00+00:00
2025-02-11 12:00:00+00:00,short,EXECUTE,pullback_recovery,214597.0,2,2903.0,2025-02-11 12:45:00+00:00
2025-02-11 13:00:00+00:00,short,EXECUTE,pullback_recovery,214600.0,1,2904.74,2025-02-11 13:30:00+00:00
2025-02-11 14:00:00+00:00,short,EXECUTE,pullback_recovery,214606.0,3,2889.13,2025-02-11 15:00:00+00:00
2025-02-12 09:00:00+00:00,long,EXECUTE,pullback_recovery,214676.0,1,2894.48,2025-02-12 09:30:00+00:00
2025-02-12 11:00:00+00:00,long,EXECUTE,pullback_recovery,214698.0,15,2885.08,2025-02-12 15:00:00+00:00
2025-02-12 12:00:00+00:00,long,EXECUTE,pullback_recovery,214689.0,2,2880.97,2025-02-12 12:45:00+00:00
2025-02-12 13:00:00+00:00,long,EXECUTE,pullback_recovery,214695.0,4,2881.78,2025-02-12 14:15:00+00:00
2025-02-12 14:00:00+00:00,long,EXECUTE,pullback_recovery,214698.0,3,2885.08,2025-02-12 15:00:00+00:00
2025-02-13 08:00:00+00:00,long,EXECUTE,pullback_recovery,214764.0,1,2915.97,2025-02-13 08:30:00+00:00
2025-02-13 09:00:00+00:00,long,EXECUTE,pullback_recovery,214769.0,2,2915.46,2025-02-13 09:45:00+00:00
2025-02-13 10:00:00+00:00,long,EXECUTE,pullback_recovery,214772.0,1,2912.21,2025-02-13 10:30:00+00:00
2025-02-13 11:00:00+00:00,long,EXECUTE,pullback_recovery,214776.0,1,2913.76,2025-02-13 11:30:00+00:00
2025-02-13 12:00:00+00:00,long,EXECUTE,pullback_recovery,214781.0,2,2918.03,2025-02-13 12:45:00+00:00
2025-02-13 13:00:00+00:00,long,EXECUTE,pullback_recovery,214785.0,2,2917.77,2025-02-13 13:45:00+00:00
2025-02-13 14:00:00+00:00,long,EXECUTE,pullback_recovery,214788.0,1,2917.8,2025-02-13 14:30:00+00:00
2025-02-13 15:00:00+00:00,long,EXECUTE,pullback_recovery,214794.0,3,2908.34,2025-02-13 16:00:00+00:00
2025-02-14 14:00:00+00:00,long,EXECUTE,pullback_recovery,214882.0,3,2930.7,2025-02-14 15:00:00+00:00
2025-02-17 13:00:00+00:00,long,EXECUTE,pullback_recovery,214968.0,1,2899.86,2025-02-17 13:30:00+00:00
2025-02-17 14:00:00+00:00,long,EXECUTE,pullback_recovery,214972.0,1,2896.87,2025-02-17 14:30:00+00:00
2025-02-17 15:00:00+00:00,long,EXECUTE,pullback_recovery,214976.0,1,2897.49,2025-02-17 15:30:00+00:00
2025-02-18 03:00:00+00:00,long,EXECUTE,pullback_recovery,215011.0,2,2895.64,2025-02-18 03:45:00+00:00
2025-02-18 10:00:00+00:00,long,EXECUTE,pullback_recovery,215039.0,2,2911.96,2025-02-18 10:45:00+00:00
2025-02-18 11:00:00+00:00,long,EXECUTE,pullback_recovery,215042.0,1,2912.12,2025-02-18 11:30:00+00:00
2025-02-18 12:00:00+00:00,long,EXECUTE,pullback_recovery,215048.0,3,2911.09,2025-02-18 13:00:00+00:00
2025-02-18 13:00:00+00:00,long,EXECUTE,pullback_recovery,215052.0,3,2914.34,2025-02-18 14:00:00+00:00
2025-02-19 08:00:00+00:00,long,EXECUTE,pullback_recovery,215124.0,3,2931.47,2025-02-19 09:00:00+00:00
2025-02-19 11:00:00+00:00,long,EXECUTE,pullback_recovery,215134.0,1,2945.84,2025-02-19 11:30:00+00:00
2025-02-20 07:00:00+00:00,long,EXECUTE,pullback_recovery,215210.0,1,2944.69,2025-02-20 07:30:00+00:00
2025-02-20 08:00:00+00:00,long,EXECUTE,pullback_recovery,215216.0,3,2947.66,2025-02-20 09:00:00+00:00
2025-02-20 09:00:00+00:00,long,EXECUTE,pullback_recovery,215218.0,1,2949.0,2025-02-20 09:30:00+00:00
2025-02-20 10:00:00+00:00,long,EXECUTE,pullback_recovery,215223.0,2,2953.71,2025-02-20 10:45:00+00:00
2025-02-20 11:00:00+00:00,long,EXECUTE,pullback_recovery,215227.0,2,2950.73,2025-02-20 11:45:00+00:00
2025-02-20 12:00:00+00:00,long,EXECUTE,pullback_recovery,215231.0,2,2952.6,2025-02-20 12:45:00+00:00
2025-02-20 13:00:00+00:00,short,EXECUTE,pullback_recovery,215235.0,2,2949.53,2025-02-20 13:45:00+00:00
2025-02-21 09:00:00+00:00,short,EXECUTE,pullback_recovery,215310.0,1,2930.71,2025-02-21 09:30:00+00:00
2025-02-21 10:00:00+00:00,long,EXECUTE,pullback_recovery,215315.0,2,2921.88,2025-02-21 10:45:00+00:00
2025-02-21 14:00:00+00:00,long,EXECUTE,pullback_recovery,215335.0,6,2929.76,2025-02-21 15:45:00+00:00
2025-02-24 08:00:00+00:00,long,EXECUTE,pullback_recovery,215398.0,1,2939.83,2025-02-24 08:30:00+00:00
2025-02-24 09:00:00+00:00,long,EXECUTE,pullback_recovery,215403.0,2,2943.81,2025-02-24 09:45:00+00:00
2025-02-24 10:00:00+00:00,long,EXECUTE,pullback_recovery,215408.0,3,2946.25,2025-02-24 11:00:00+00:00
2025-02-24 11:00:00+00:00,long,EXECUTE,pullback_recovery,215410.0,1,2946.1,2025-02-24 11:30:00+00:00
2025-02-24 12:00:00+00:00,long,EXECUTE,pullback_recovery,215416.0,3,2938.26,2025-02-24 13:00:00+00:00
2025-02-24 14:00:00+00:00,long,EXECUTE,pullback_recovery,215424.0,3,2946.42,2025-02-24 15:00:00+00:00
2025-02-25 07:00:00+00:00,long,EXECUTE,pullback_recovery,215486.0,1,2938.93,2025-02-25 07:30:00+00:00
2025-02-25 08:00:00+00:00,long,EXECUTE,pullback_recovery,215491.0,2,2935.47,2025-02-25 08:45:00+00:00
2025-02-25 09:00:00+00:00,long,EXECUTE,pullback_recovery,215496.0,3,2931.55,2025-02-25 10:00:00+00:00
2025-02-25 10:00:00+00:00,long,EXECUTE,pullback_recovery,215499.0,2,2940.65,2025-02-25 10:45:00+00:00
2025-02-25 11:00:00+00:00,long,EXECUTE,pullback_recovery,215505.0,4,2939.4,2025-02-25 12:15:00+00:00
2025-02-25 12:00:00+00:00,long,INVALIDATE,adverse_move_limit,,9,,
2025-02-25 13:00:00+00:00,long,EXECUTE,pullback_recovery,215512.0,3,2938.75,2025-02-25 14:00:00+00:00
2025-02-25 14:00:00+00:00,long,EXECUTE,pullback_recovery,215516.0,3,2928.48,2025-02-25 15:00:00+00:00
2025-02-27 08:00:00+00:00,long,EXECUTE,pullback_recovery,215674.0,1,2895.29,2025-02-27 08:30:00+00:00
2025-02-27 09:00:00+00:00,long,EXECUTE,pullback_recovery,215679.0,2,2890.29,2025-02-27 09:45:00+00:00
2025-02-28 09:00:00+00:00,short,EXECUTE,pullback_recovery,215770.0,1,2859.07,2025-02-28 09:30:00+00:00
2025-02-28 10:00:00+00:00,short,EXECUTE,pullback_recovery,215774.0,1,2855.35,2025-02-28 10:30:00+00:00
2025-02-28 11:00:00+00:00,short,EXECUTE,pullback_recovery,215778.0,1,2862.35,2025-02-28 11:30:00+00:00
2025-02-28 12:00:00+00:00,short,EXECUTE,pullback_recovery,215784.0,3,2862.74,2025-02-28 13:00:00+00:00
2025-02-28 14:00:00+00:00,short,EXECUTE,pullback_recovery,215791.0,2,2856.28,2025-02-28 14:45:00+00:00
2025-03-03 09:00:00+00:00,long,EXECUTE,pullback_recovery,215864.0,3,2863.24,2025-03-03 10:00:00+00:00
2025-03-03 12:00:00+00:00,long,EXECUTE,pullback_recovery,215875.0,2,2871.33,2025-03-03 12:45:00+00:00
2025-03-03 13:00:00+00:00,long,EXECUTE,pullback_recovery,215878.0,1,2873.16,2025-03-03 13:30:00+00:00
2025-03-03 14:00:00+00:00,long,EXECUTE,pullback_recovery,215882.0,1,2876.05,2025-03-03 14:30:00+00:00
2025-03-04 08:00:00+00:00,long,EXECUTE,pullback_recovery,215950.0,1,2887.59,2025-03-04 08:30:00+00:00
2025-03-04 09:00:00+00:00,long,EXECUTE,pullback_recovery,215954.0,1,2899.2,2025-03-04 09:30:00+00:00
2025-03-05 08:00:00+00:00,short,EXECUTE,pullback_recovery,216042.0,1,2918.45,2025-03-05 08:30:00+00:00
2025-03-05 09:00:00+00:00,short,EXECUTE,pullback_recovery,216050.0,5,2919.65,2025-03-05 10:30:00+00:00
2025-03-05 10:00:00+00:00,long,EXECUTE,pullback_recovery,216050.0,1,2919.65,2025-03-05 10:30:00+00:00
2025-03-05 13:00:00+00:00,long,EXECUTE,pullback_recovery,216063.0,2,2915.35,2025-03-05 13:45:00+00:00
2025-03-05 14:00:00+00:00,long,EXECUTE,pullback_recovery,216067.0,2,2915.5,2025-03-05 14:45:00+00:00
2025-03-06 07:00:00+00:00,long,EXECUTE,pullback_recovery,216131.0,2,2918.69,2025-03-06 07:45:00+00:00
2025-03-06 08:00:00+00:00,long,EXECUTE,pullback_recovery,216135.0,2,2921.44,2025-03-06 08:45:00+00:00
2025-03-06 09:00:00+00:00,long,EXECUTE,pullback_recovery,216142.0,5,2907.97,2025-03-06 10:30:00+00:00
2025-03-07 08:00:00+00:00,long,EXECUTE,pullback_recovery,216226.0,1,2911.36,2025-03-07 08:30:00+00:00
2025-03-07 09:00:00+00:00,long,EXECUTE,pullback_recovery,216231.0,2,2915.13,2025-03-07 09:45:00+00:00
2025-03-07 10:00:00+00:00,long,EXECUTE,pullback_recovery,216234.0,1,2919.91,2025-03-07 10:30:00+00:00
2025-03-07 11:00:00+00:00,long,EXECUTE,pullback_recovery,216238.0,1,2922.32,2025-03-07 11:30:00+00:00
2025-03-07 12:00:00+00:00,long,EXECUTE,pullback_recovery,216242.0,1,2919.01,2025-03-07 12:30:00+00:00
2025-03-07 13:00:00+00:00,long,EXECUTE,pullback_recovery,216248.0,3,2918.66,2025-03-07 14:00:00+00:00
2025-03-07 14:00:00+00:00,long,EXECUTE,pullback_recovery,216250.0,1,2921.3,2025-03-07 14:30:00+00:00
2025-03-10 07:00:00+00:00,long,EXECUTE,pullback_recovery,216319.0,2,2909.5,2025-03-10 07:45:00+00:00
2025-03-10 08:00:00+00:00,short,EXECUTE,pullback_recovery,216325.0,4,2913.2,2025-03-10 09:15:00+00:00
2025-03-10 09:00:00+00:00,long,EXECUTE,pullback_recovery,216328.0,3,2908.2,2025-03-10 10:00:00+00:00
2025-03-10 10:00:00+00:00,long,EXECUTE,pullback_recovery,216333.0,4,2908.45,2025-03-10 11:15:00+00:00
2025-03-11 12:00:00+00:00,long,EXECUTE,pullback_recovery,216430.0,1,2912.71,2025-03-11 12:30:00+00:00
2025-03-11 13:00:00+00:00,long,EXECUTE,pullback_recovery,216434.0,1,2913.54,2025-03-11 13:30:00+00:00
2025-03-11 14:00:00+00:00,long,EXECUTE,pullback_recovery,216438.0,1,2912.8,2025-03-11 14:30:00+00:00
2025-03-12 07:00:00+00:00,long,EXECUTE,pullback_recovery,216503.0,2,2914.82,2025-03-12 07:45:00+00:00
2025-03-12 08:00:00+00:00,long,EXECUTE,pullback_recovery,216508.0,3,2911.72,2025-03-12 09:00:00+00:00
2025-03-12 09:00:00+00:00,long,EXECUTE,pullback_recovery,216512.0,3,2914.44,2025-03-12 10:00:00+00:00
2025-03-12 10:00:00+00:00,long,EXECUTE,pullback_recovery,216516.0,3,2922.13,2025-03-12 11:00:00+00:00
2025-03-12 11:00:00+00:00,long,EXECUTE,pullback_recovery,216520.0,3,2914.64,2025-03-12 12:00:00+00:00
2025-03-12 12:00:00+00:00,long,EXECUTE,pullback_recovery,216523.0,2,2914.11,2025-03-12 12:45:00+00:00
2025-03-12 13:00:00+00:00,long,EXECUTE,pullback_recovery,216527.0,2,2915.09,2025-03-12 13:45:00+00:00
2025-03-12 14:00:00+00:00,long,EXECUTE,pullback_recovery,216531.0,2,2918.82,2025-03-12 14:45:00+00:00
2025-03-12 15:00:00+00:00,long,EXECUTE,pullback_recovery,216534.0,1,2910.75,2025-03-12 15:30:00+00:00
2025-03-12 16:00:00+00:00,long,EXECUTE,pullback_recovery,216539.0,2,2919.27,2025-03-12 16:45:00+00:00
2025-03-13 10:00:00+00:00,long,EXECUTE,pullback_recovery,216606.0,1,2941.64,2025-03-13 10:30:00+00:00
2025-03-13 11:00:00+00:00,long,EXECUTE,pullback_recovery,216610.0,1,2945.89,2025-03-13 11:30:00+00:00
2025-03-13 12:00:00+00:00,long,EXECUTE,pullback_recovery,216614.0,1,2943.74,2025-03-13 12:30:00+00:00
2025-03-13 13:00:00+00:00,long,EXECUTE,pullback_recovery,216618.0,1,2945.5,2025-03-13 13:30:00+00:00
2025-03-13 14:00:00+00:00,long,EXECUTE,pullback_recovery,216623.0,2,2946.05,2025-03-13 14:45:00+00:00
2025-03-13 15:00:00+00:00,long,EXECUTE,pullback_recovery,216627.0,2,2951.9,2025-03-13 15:45:00+00:00
2025-03-14 07:00:00+00:00,long,EXECUTE,pullback_recovery,216687.0,2,2984.48,2025-03-14 07:45:00+00:00
2025-03-14 08:00:00+00:00,long,EXECUTE,pullback_recovery,216691.0,2,2984.66,2025-03-14 08:45:00+00:00
2025-03-14 09:00:00+00:00,long,EXECUTE,pullback_recovery,216696.0,3,2986.75,2025-03-14 10:00:00+00:00
2025-03-14 10:00:00+00:00,long,EXECUTE,pullback_recovery,216698.0,1,2992.4,2025-03-14 10:30:00+00:00
2025-03-14 11:00:00+00:00,long,EXECUTE,pullback_recovery,216703.0,2,2998.83,2025-03-14 11:45:00+00:00
2025-03-14 12:00:00+00:00,long,EXECUTE,pullback_recovery,216708.0,3,2993.24,2025-03-14 13:00:00+00:00
2025-03-17 07:00:00+00:00,long,EXECUTE,pullback_recovery,216779.0,2,2984.66,2025-03-17 07:45:00+00:00
2025-03-17 08:00:00+00:00,long,EXECUTE,pullback_recovery,216782.0,1,2990.09,2025-03-17 08:30:00+00:00
2025-03-17 09:00:00+00:00,long,EXECUTE,pullback_recovery,216788.0,3,2985.48,2025-03-17 10:00:00+00:00
2025-03-17 10:00:00+00:00,long,EXECUTE,pullback_recovery,216791.0,2,2987.52,2025-03-17 10:45:00+00:00
2025-03-17 11:00:00+00:00,short,EXECUTE,pullback_recovery,216796.0,3,2995.65,2025-03-17 12:00:00+00:00
2025-03-17 12:00:00+00:00,short,EXECUTE,pullback_recovery,216800.0,3,2998.82,2025-03-17 13:00:00+00:00
2025-03-17 13:00:00+00:00,short,EXECUTE,pullback_recovery,216804.0,3,2997.51,2025-03-17 14:00:00+00:00
2025-03-17 14:00:00+00:00,short,EXECUTE,pullback_recovery,216808.0,3,2987.1,2025-03-17 15:00:00+00:00
2025-03-18 02:00:00+00:00,short,EXECUTE,pullback_recovery,216851.0,2,3001.63,2025-03-18 02:45:00+00:00
2025-03-18 03:00:00+00:00,short,EXECUTE,pullback_recovery,216856.0,3,3005.59,2025-03-18 04:00:00+00:00
2025-03-18 04:00:00+00:00,short,EXECUTE,pullback_recovery,216860.0,3,3010.7,2025-03-18 05:00:00+00:00
2025-03-18 05:00:00+00:00,short,EXECUTE,pullback_recovery,216862.0,1,3012.58,2025-03-18 05:30:00+00:00
2025-03-18 06:00:00+00:00,short,EXECUTE,pullback_recovery,216867.0,2,3013.97,2025-03-18 06:45:00+00:00
2025-03-18 09:00:00+00:00,short,EXECUTE,pullback_recovery,216878.0,1,3016.77,2025-03-18 09:30:00+00:00
2025-03-18 10:00:00+00:00,short,EXECUTE,pullback_recovery,216883.0,2,3026.67,2025-03-18 10:45:00+00:00
2025-03-19 02:00:00+00:00,short,EXECUTE,pullback_recovery,216944.0,3,3031.25,2025-03-19 03:00:00+00:00
2025-03-19 03:00:00+00:00,short,EXECUTE,pullback_recovery,216946.0,1,3029.56,2025-03-19 03:30:00+00:00
2025-03-19 04:00:00+00:00,short,EXECUTE,pullback_recovery,216952.0,3,3033.27,2025-03-19 05:00:00+00:00
2025-03-19 05:00:00+00:00,short,EXECUTE,pullback_recovery,216956.0,3,3036.18,2025-03-19 06:00:00+00:00
2025-03-19 06:00:00+00:00,short,EXECUTE,pullback_recovery,216958.0,1,3036.85,2025-03-19 06:30:00+00:00
2025-03-19 07:00:00+00:00,short,EXECUTE,pullback_recovery,216964.0,3,3044.44,2025-03-19 08:00:00+00:00
2025-03-19 15:00:00+00:00,long,EXECUTE,pullback_recovery,216996.0,3,3033.22,2025-03-19 16:00:00+00:00
2025-03-20 05:00:00+00:00,long,EXECUTE,pullback_recovery,217048.0,3,3049.82,2025-03-20 06:00:00+00:00
2025-03-20 06:00:00+00:00,long,EXECUTE,pullback_recovery,217050.0,1,3053.4,2025-03-20 06:30:00+00:00
2025-03-20 07:00:00+00:00,long,EXECUTE,pullback_recovery,217055.0,2,3046.94,2025-03-20 07:45:00+00:00
2025-03-20 08:00:00+00:00,long,EXECUTE,pullback_recovery,217059.0,2,3050.1,2025-03-20 08:45:00+00:00
2025-03-20 09:00:00+00:00,long,EXECUTE,pullback_recovery,217065.0,4,3042.4,2025-03-20 10:15:00+00:00
2025-03-20 10:00:00+00:00,long,EXECUTE,pullback_recovery,217068.0,3,3041.83,2025-03-20 11:00:00+00:00
2025-03-21 07:00:00+00:00,long,EXECUTE,pullback_recovery,217148.0,3,3028.06,2025-03-21 08:00:00+00:00
2025-03-21 08:00:00+00:00,long,EXECUTE,pullback_recovery,217152.0,3,3029.91,2025-03-21 09:00:00+00:00
2025-03-21 09:00:00+00:00,long,EXECUTE,pullback_recovery,217154.0,1,3031.99,2025-03-21 09:30:00+00:00
2025-03-21 10:00:00+00:00,long,EXECUTE,pullback_recovery,217159.0,2,3033.46,2025-03-21 10:45:00+00:00
2025-03-21 11:00:00+00:00,long,EXECUTE,pullback_recovery,217162.0,1,3030.53,2025-03-21 11:30:00+00:00
2025-03-21 12:00:00+00:00,long,EXECUTE,pullback_recovery,217169.0,4,3031.98,2025-03-21 13:15:00+00:00
2025-03-21 13:00:00+00:00,long,EXECUTE,pullback_recovery,217171.0,2,3034.77,2025-03-21 13:45:00+00:00
2025-03-21 14:00:00+00:00,long,EXECUTE,pullback_recovery,217175.0,2,3034.6,2025-03-21 14:45:00+00:00
2025-03-21 15:00:00+00:00,long,EXECUTE,pullback_recovery,217180.0,3,3006.52,2025-03-21 16:00:00+00:00
2025-03-24 07:00:00+00:00,long,EXECUTE,pullback_recovery,217240.0,3,3021.88,2025-03-24 08:00:00+00:00
2025-03-24 08:00:00+00:00,long,EXECUTE,pullback_recovery,217242.0,1,3022.31,2025-03-24 08:30:00+00:00
2025-03-24 09:00:00+00:00,long,EXECUTE,pullback_recovery,217247.0,2,3022.6,2025-03-24 09:45:00+00:00
2025-03-24 10:00:00+00:00,long,EXECUTE,pullback_recovery,217251.0,2,3026.93,2025-03-24 10:45:00+00:00
2025-03-24 11:00:00+00:00,long,EXECUTE,pullback_recovery,217256.0,3,3023.58,2025-03-24 12:00:00+00:00
2025-03-24 12:00:00+00:00,long,EXECUTE,pullback_recovery,217258.0,1,3032.6,2025-03-24 12:30:00+00:00
2025-03-25 07:00:00+00:00,long,EXECUTE,pullback_recovery,217330.0,1,3019.92,2025-03-25 07:30:00+00:00
2025-03-25 08:00:00+00:00,long,EXECUTE,pullback_recovery,217334.0,1,3016.69,2025-03-25 08:30:00+00:00
2025-03-25 09:00:00+00:00,long,EXECUTE,pullback_recovery,217340.0,3,3011.23,2025-03-25 10:00:00+00:00
2025-03-25 10:00:00+00:00,long,EXECUTE,pullback_recovery,217342.0,1,3017.9,2025-03-25 10:30:00+00:00
2025-03-25 11:00:00+00:00,long,EXECUTE,pullback_recovery,217347.0,2,3021.07,2025-03-25 11:45:00+00:00
2025-03-25 12:00:00+00:00,long,EXECUTE,pullback_recovery,217351.0,2,3023.12,2025-03-25 12:45:00+00:00
2025-03-25 13:00:00+00:00,long,EXECUTE,pullback_recovery,217359.0,6,3018.68,2025-03-25 14:45:00+00:00
2025-03-25 14:00:00+00:00,long,EXECUTE,pullback_recovery,217360.0,3,3021.61,2025-03-25 15:00:00+00:00
2025-03-25 15:00:00+00:00,long,EXECUTE,pullback_recovery,217363.0,2,3027.63,2025-03-25 15:45:00+00:00
2025-03-26 03:00:00+00:00,short,EXECUTE,pullback_recovery,217408.0,3,3024.69,2025-03-26 04:00:00+00:00
2025-03-26 07:00:00+00:00,long,EXECUTE,pullback_recovery,217423.0,2,3019.38,2025-03-26 07:45:00+00:00
2025-03-26 08:00:00+00:00,long,EXECUTE,pullback_recovery,217426.0,1,3025.01,2025-03-26 08:30:00+00:00
2025-03-26 10:00:00+00:00,long,EXECUTE,pullback_recovery,217436.0,3,3023.93,2025-03-26 11:00:00+00:00
2025-03-26 11:00:00+00:00,long,EXECUTE,pullback_recovery,217439.0,2,3019.34,2025-03-26 11:45:00+00:00
2025-03-26 12:00:00+00:00,long,EXECUTE,pullback_recovery,217442.0,1,3022.73,2025-03-26 12:30:00+00:00
2025-03-26 13:00:00+00:00,long,EXECUTE,pullback_recovery,217446.0,1,3028.16,2025-03-26 13:30:00+00:00
2025-03-26 14:00:00+00:00,long,EXECUTE,pullback_recovery,217451.0,2,3028.75,2025-03-26 14:45:00+00:00
2025-03-26 15:00:00+00:00,long,EXECUTE,pullback_recovery,217456.0,3,3016.54,2025-03-26 16:00:00+00:00
2025-03-27 08:00:00+00:00,long,EXECUTE,pullback_recovery,217520.0,3,3030.02,2025-03-27 09:00:00+00:00
2025-03-27 09:00:00+00:00,long,EXECUTE,pullback_recovery,217523.0,2,3033.41,2025-03-27 09:45:00+00:00
2025-03-27 11:00:00+00:00,long,EXECUTE,pullback_recovery,217532.0,3,3039.98,2025-03-27 12:00:00+00:00
2025-03-27 12:00:00+00:00,long,EXECUTE,pullback_recovery,217534.0,1,3052.03,2025-03-27 12:30:00+00:00
2025-03-27 13:00:00+00:00,long,EXECUTE,pullback_recovery,217539.0,2,3052.43,2025-03-27 13:45:00+00:00
2025-03-27 14:00:00+00:00,long,EXECUTE,pullback_recovery,217542.0,1,3050.61,2025-03-27 14:30:00+00:00
2025-03-28 08:00:00+00:00,long,EXECUTE,pullback_recovery,217612.0,3,3084.52,2025-03-28 09:00:00+00:00
2025-03-28 09:00:00+00:00,long,EXECUTE,pullback_recovery,217616.0,3,3079.13,2025-03-28 10:00:00+00:00
2025-03-28 10:00:00+00:00,long,EXECUTE,pullback_recovery,217619.0,2,3071.21,2025-03-28 10:45:00+00:00
2025-03-28 11:00:00+00:00,long,EXECUTE,pullback_recovery,217622.0,1,3073.78,2025-03-28 11:30:00+00:00
2025-03-28 12:00:00+00:00,long,EXECUTE,pullback_recovery,217627.0,2,3073.75,2025-03-28 12:45:00+00:00
2025-03-31 08:00:00+00:00,long,EXECUTE,pullback_recovery,217700.0,3,3116.45,2025-03-31 09:00:00+00:00
2025-03-31 09:00:00+00:00,long,EXECUTE,pullback_recovery,217702.0,1,3119.57,2025-03-31 09:30:00+00:00
2025-03-31 10:00:00+00:00,long,EXECUTE,pullback_recovery,217708.0,3,3124.26,2025-03-31 11:00:00+00:00
2025-03-31 12:00:00+00:00,long,EXECUTE,pullback_recovery,217716.0,3,3114.98,2025-03-31 13:00:00+00:00
2025-03-31 13:00:00+00:00,long,EXECUTE,pullback_recovery,217718.0,1,3117.59,2025-03-31 13:30:00+00:00
2025-04-01 08:00:00+00:00,long,EXECUTE,pullback_recovery,217792.0,3,3131.92,2025-04-01 09:00:00+00:00
2025-04-01 15:00:00+00:00,long,EXECUTE,pullback_recovery,217818.0,1,3133.56,2025-04-01 15:30:00+00:00
2025-04-02 08:00:00+00:00,long,EXECUTE,pullback_recovery,217883.0,2,3116.27,2025-04-02 08:45:00+00:00
2025-04-02 09:00:00+00:00,long,EXECUTE,pullback_recovery,217886.0,1,3116.35,2025-04-02 09:30:00+00:00
2025-04-02 10:00:00+00:00,long,EXECUTE,pullback_recovery,217892.0,3,3125.09,2025-04-02 11:00:00+00:00
2025-04-02 12:00:00+00:00,long,EXECUTE,pullback_recovery,217898.0,1,3130.56,2025-04-02 12:30:00+00:00
2025-04-14 09:00:00+00:00,long,EXECUTE,pullback_recovery,218622.0,1,3235.5,2025-04-14 09:30:00+00:00
2025-04-14 10:00:00+00:00,long,EXECUTE,pullback_recovery,218628.0,3,3227.76,2025-04-14 11:00:00+00:00
2025-04-14 11:00:00+00:00,long,EXECUTE,pullback_recovery,218630.0,1,3224.47,2025-04-14 11:30:00+00:00
2025-04-14 13:00:00+00:00,long,EXECUTE,pullback_recovery,218640.0,3,3215.19,2025-04-14 14:00:00+00:00
2025-04-14 14:00:00+00:00,long,EXECUTE,pullback_recovery,218642.0,1,3222.85,2025-04-14 14:30:00+00:00
2025-04-15 07:00:00+00:00,long,EXECUTE,pullback_recovery,218707.0,2,3229.34,2025-04-15 07:45:00+00:00
2025-04-15 08:00:00+00:00,long,EXECUTE,pullback_recovery,218712.0,3,3224.5,2025-04-15 09:00:00+00:00
2025-04-15 09:00:00+00:00,long,EXECUTE,pullback_recovery,218714.0,1,3226.68,2025-04-15 09:30:00+00:00
2025-04-15 10:00:00+00:00,long,EXECUTE,pullback_recovery,218720.0,3,3225.45,2025-04-15 11:00:00+00:00
2025-04-15 11:00:00+00:00,short,EXECUTE,pullback_recovery,218722.0,1,3229.31,2025-04-15 11:30:00+00:00
2025-04-15 12:00:00+00:00,short,EXECUTE,pullback_recovery,218727.0,2,3223.51,2025-04-15 12:45:00+00:00
2025-04-15 13:00:00+00:00,short,EXECUTE,pullback_recovery,218732.0,3,3220.0,2025-04-15 14:00:00+00:00
2025-04-15 14:00:00+00:00,short,EXECUTE,pullback_recovery,218734.0,1,3220.2,2025-04-15 14:30:00+00:00
2025-04-16 13:00:00+00:00,long,EXECUTE,pullback_recovery,218822.0,1,3303.76,2025-04-16 13:30:00+00:00
2025-04-16 14:00:00+00:00,long,EXECUTE,pullback_recovery,218827.0,2,3302.89,2025-04-16 14:45:00+00:00
2025-04-16 15:00:00+00:00,long,EXECUTE,pullback_recovery,218830.0,1,3306.17,2025-04-16 15:30:00+00:00
2025-04-17 07:00:00+00:00,long,EXECUTE,pullback_recovery,218890.0,1,3341.55,2025-04-17 07:30:00+00:00
2025-04-17 08:00:00+00:00,long,EXECUTE,pullback_recovery,218897.0,4,3330.6,2025-04-17 09:15:00+00:00
2025-04-17 09:00:00+00:00,long,EXECUTE,pullback_recovery,218898.0,1,3327.77,2025-04-17 09:30:00+00:00
2025-04-17 10:00:00+00:00,long,EXECUTE,pullback_recovery,218903.0,2,3323.05,2025-04-17 10:45:00+00:00
2025-04-17 11:00:00+00:00,long,EXECUTE,pullback_recovery,218908.0,3,3324.06,2025-04-17 12:00:00+00:00
2025-04-17 12:00:00+00:00,long,INVALIDATE,max_wait_exceeded,,16,,
2025-04-17 13:00:00+00:00,long,EXECUTE,pullback_recovery,218914.0,1,3325.41,2025-04-17 13:30:00+00:00
2025-04-17 14:00:00+00:00,long,EXECUTE,pullback_recovery,218918.0,1,3326.7,2025-04-17 14:30:00+00:00
2025-04-17 15:00:00+00:00,long,EXECUTE,pullback_recovery,218924.0,3,3328.23,2025-04-17 16:00:00+00:00
2025-04-17 16:00:00+00:00,long,EXECUTE,pullback_recovery,218928.0,3,3314.89,2025-04-17 17:00:00+00:00
2025-04-21 07:00:00+00:00,long,EXECUTE,pullback_recovery,218970.0,1,3374.18,2025-04-21 07:30:00+00:00
2025-04-21 08:00:00+00:00,long,EXECUTE,pullback_recovery,218975.0,2,3382.61,2025-04-21 08:45:00+00:00
2025-04-21 09:00:00+00:00,long,EXECUTE,pullback_recovery,218979.0,2,3391.15,2025-04-21 09:45:00+00:00
2025-04-21 10:00:00+00:00,long,EXECUTE,pullback_recovery,218984.0,3,3385.05,2025-04-21 11:00:00+00:00
2025-04-21 11:00:00+00:00,long,EXECUTE,pullback_recovery,218986.0,1,3389.13,2025-04-21 11:30:00+00:00
2025-04-21 12:00:00+00:00,long,EXECUTE,pullback_recovery,218990.0,1,3395.59,2025-04-21 12:30:00+00:00
2025-04-21 13:00:00+00:00,long,EXECUTE,pullback_recovery,218996.0,3,3394.79,2025-04-21 14:00:00+00:00
2025-04-21 14:00:00+00:00,long,EXECUTE,pullback_recovery,218999.0,2,3403.55,2025-04-21 14:45:00+00:00
2025-04-21 22:00:00+00:00,long,EXECUTE,pullback_recovery,219032.0,3,3423.28,2025-04-21 23:00:00+00:00
2025-04-21 23:00:00+00:00,long,EXECUTE,pullback_recovery,219035.0,2,3423.93,2025-04-21 23:45:00+00:00
2025-04-22 01:00:00+00:00,long,EXECUTE,pullback_recovery,219039.0,2,3430.11,2025-04-22 01:45:00+00:00
2025-04-22 02:00:00+00:00,long,EXECUTE,pullback_recovery,219044.0,3,3434.22,2025-04-22 03:00:00+00:00
2025-04-22 03:00:00+00:00,long,EXECUTE,pullback_recovery,219046.0,1,3427.53,2025-04-22 03:30:00+00:00
2025-04-22 04:00:00+00:00,short,EXECUTE,pullback_recovery,219052.0,3,3452.79,2025-04-22 05:00:00+00:00
2025-04-22 05:00:00+00:00,short,EXECUTE,pullback_recovery,219056.0,3,3472.99,2025-04-22 06:00:00+00:00
2025-04-28 11:00:00+00:00,long,EXECUTE,pullback_recovery,219447.0,2,3282.38,2025-04-28 11:45:00+00:00
2025-04-29 07:00:00+00:00,long,EXECUTE,pullback_recovery,219524.0,3,3309.07,2025-04-29 08:00:00+00:00
2025-04-29 08:00:00+00:00,long,EXECUTE,pullback_recovery,219526.0,1,3309.16,2025-04-29 08:30:00+00:00
2025-04-29 09:00:00+00:00,long,EXECUTE,pullback_recovery,219530.0,1,3321.03,2025-04-29 09:30:00+00:00
2025-04-29 10:00:00+00:00,long,EXECUTE,pullback_recovery,219536.0,3,3322.77,2025-04-29 11:00:00+00:00
2025-04-29 11:00:00+00:00,long,EXECUTE,pullback_recovery,219542.0,5,3314.99,2025-04-29 12:30:00+00:00
2025-04-29 12:00:00+00:00,long,EXECUTE,pullback_recovery,219547.0,6,3313.46,2025-04-29 13:45:00+00:00
2025-04-29 13:00:00+00:00,long,EXECUTE,pullback_recovery,219547.0,2,3313.46,2025-04-29 13:45:00+00:00
2025-04-29 14:00:00+00:00,long,EXECUTE,pullback_recovery,219552.0,3,3309.22,2025-04-29 15:00:00+00:00
2025-04-29 15:00:00+00:00,long,EXECUTE,pullback_recovery,219554.0,1,3311.18,2025-04-29 15:30:00+00:00
2025-04-30 11:00:00+00:00,long,EXECUTE,pullback_recovery,219630.0,1,3285.49,2025-04-30 11:30:00+00:00
2025-04-30 12:00:00+00:00,long,EXECUTE,pullback_recovery,219638.0,5,3277.25,2025-04-30 13:30:00+00:00
2025-04-30 13:00:00+00:00,long,EXECUTE,pullback_recovery,219641.0,4,3275.94,2025-04-30 14:15:00+00:00
2025-04-30 14:00:00+00:00,long,EXECUTE,pullback_recovery,219644.0,3,3272.24,2025-04-30 15:00:00+00:00
2025-04-30 15:00:00+00:00,long,INVALIDATE,adverse_move_limit,,0,,
2025-05-02 07:00:00+00:00,long,EXECUTE,pullback_recovery,219800.0,3,3251.69,2025-05-02 08:00:00+00:00
2025-05-02 08:00:00+00:00,long,EXECUTE,pullback_recovery,219802.0,1,3252.43,2025-05-02 08:30:00+00:00
2025-05-02 09:00:00+00:00,long,EXECUTE,pullback_recovery,219806.0,1,3257.94,2025-05-02 09:30:00+00:00
2025-05-02 10:00:00+00:00,long,EXECUTE,pullback_recovery,219810.0,1,3255.82,2025-05-02 10:30:00+00:00
2025-05-02 11:00:00+00:00,long,EXECUTE,pullback_recovery,219814.0,1,3257.48,2025-05-02 11:30:00+00:00
2025-05-02 12:00:00+00:00,long,EXECUTE,pullback_recovery,219819.0,2,3265.72,2025-05-02 12:45:00+00:00
2025-05-02 13:00:00+00:00,long,EXECUTE,pullback_recovery,219822.0,1,3262.78,2025-05-02 13:30:00+00:00
2025-05-02 14:00:00+00:00,long,EXECUTE,pullback_recovery,219826.0,1,3265.6,2025-05-02 14:30:00+00:00
2025-05-02 15:00:00+00:00,long,EXECUTE,pullback_recovery,219834.0,5,3257.15,2025-05-02 16:30:00+00:00
2025-05-05 07:00:00+00:00,long,EXECUTE,pullback_recovery,219890.0,1,3256.27,2025-05-05 07:30:00+00:00
2025-05-05 08:00:00+00:00,long,EXECUTE,pullback_recovery,219896.0,3,3259.51,2025-05-05 09:00:00+00:00
2025-05-05 09:00:00+00:00,long,EXECUTE,pullback_recovery,219899.0,2,3262.53,2025-05-05 09:45:00+00:00
2025-05-05 10:00:00+00:00,long,EXECUTE,pullback_recovery,219903.0,2,3263.99,2025-05-05 10:45:00+00:00
2025-05-05 11:00:00+00:00,long,INVALIDATE,adverse_move_limit,,0,,
2025-05-05 12:00:00+00:00,long,EXECUTE,pullback_recovery,219910.0,1,3302.03,2025-05-05 12:30:00+00:00
2025-05-05 13:00:00+00:00,long,EXECUTE,pullback_recovery,219914.0,1,3314.13,2025-05-05 13:30:00+00:00
2025-05-05 14:00:00+00:00,long,EXECUTE,pullback_recovery,219920.0,3,3312.61,2025-05-05 15:00:00+00:00
2025-05-05 15:00:00+00:00,long,EXECUTE,pullback_recovery,219922.0,1,3318.56,2025-05-05 15:30:00+00:00
2025-05-06 08:00:00+00:00,long,EXECUTE,pullback_recovery,219988.0,3,3361.78,2025-05-06 09:00:00+00:00
2025-05-06 09:00:00+00:00,long,EXECUTE,pullback_recovery,219990.0,1,3363.27,2025-05-06 09:30:00+00:00
2025-05-06 10:00:00+00:00,long,EXECUTE,pullback_recovery,219994.0,1,3374.04,2025-05-06 10:30:00+00:00
2025-05-06 11:00:00+00:00,long,EXECUTE,pullback_recovery,220000.0,3,3377.13,2025-05-06 12:00:00+00:00
2025-05-06 12:00:00+00:00,long,EXECUTE,pullback_recovery,220003.0,2,3378.2,2025-05-06 12:45:00+00:00
2025-05-06 13:00:00+00:00,long,EXECUTE,pullback_recovery,220008.0,3,3383.53,2025-05-06 14:00:00+00:00
2025-05-06 14:00:00+00:00,long,EXECUTE,pullback_recovery,220012.0,3,3378.96,2025-05-06 15:00:00+00:00
2025-05-06 15:00:00+00:00,long,EXECUTE,pullback_recovery,220015.0,2,3389.71,2025-05-06 15:45:00+00:00
2025-05-12 09:00:00+00:00,short,EXECUTE,pullback_recovery,220358.0,1,3277.27,2025-05-12 09:30:00+00:00
2025-05-13 08:00:00+00:00,long,EXECUTE,pullback_recovery,220446.0,1,3257.76,2025-05-13 08:30:00+00:00
2025-05-13 09:00:00+00:00,long,EXECUTE,pullback_recovery,220451.0,2,3257.49,2025-05-13 09:45:00+00:00
2025-05-13 10:00:00+00:00,long,EXECUTE,pullback_recovery,220456.0,3,3259.2,2025-05-13 11:00:00+00:00
2025-05-13 11:00:00+00:00,long,EXECUTE,pullback_recovery,220459.0,2,3254.35,2025-05-13 11:45:00+00:00
2025-05-13 12:00:00+00:00,long,EXECUTE,pullback_recovery,220464.0,3,3253.24,2025-05-13 13:00:00+00:00
2025-05-14 07:00:00+00:00,long,EXECUTE,pullback_recovery,220534.0,1,3226.19,2025-05-14 07:30:00+00:00
2025-05-14 08:00:00+00:00,short,EXECUTE,pullback_recovery,220541.0,4,3233.24,2025-05-14 09:15:00+00:00
2025-05-14 09:00:00+00:00,short,EXECUTE,pullback_recovery,220542.0,1,3230.54,2025-05-14 09:30:00+00:00
2025-05-15 14:00:00+00:00,long,EXECUTE,pullback_recovery,220655.0,2,3175.96,2025-05-15 14:45:00+00:00
2025-05-15 15:00:00+00:00,long,EXECUTE,pullback_recovery,220660.0,3,3188.6,2025-05-15 16:00:00+00:00
2025-05-16 07:00:00+00:00,long,EXECUTE,pullback_recovery,220719.0,2,3217.14,2025-05-16 07:45:00+00:00
2025-05-16 08:00:00+00:00,long,EXECUTE,pullback_recovery,220723.0,2,3218.91,2025-05-16 08:45:00+00:00
2025-05-16 09:00:00+00:00,long,EXECUTE,pullback_recovery,220728.0,3,3214.63,2025-05-16 10:00:00+00:00
2025-05-21 11:00:00+00:00,short,EXECUTE,pullback_recovery,221010.0,1,3306.95,2025-05-21 11:30:00+00:00
2025-05-21 12:00:00+00:00,short,EXECUTE,pullback_recovery,221019.0,6,3310.83,2025-05-21 13:45:00+00:00
2025-05-21 13:00:00+00:00,long,EXECUTE,pullback_recovery,221018.0,1,3316.25,2025-05-21 13:30:00+00:00
2025-05-21 14:00:00+00:00,long,EXECUTE,pullback_recovery,221022.0,1,3312.49,2025-05-21 14:30:00+00:00
2025-05-21 15:00:00+00:00,long,EXECUTE,pullback_recovery,221027.0,2,3298.68,2025-05-21 15:45:00+00:00
2025-05-23 08:00:00+00:00,long,EXECUTE,pullback_recovery,221184.0,3,3323.65,2025-05-23 09:00:00+00:00
2025-05-23 15:00:00+00:00,long,EXECUTE,pullback_recovery,221211.0,2,3357.91,2025-05-23 15:45:00+00:00
2025-05-26 12:00:00+00:00,long,EXECUTE,pullback_recovery,221290.0,1,3326.99,2025-05-26 12:30:00+00:00
2025-05-27 12:00:00+00:00,long,EXECUTE,pullback_recovery,221373.0,2,3296.14,2025-05-27 12:45:00+00:00
2025-05-27 13:00:00+00:00,long,EXECUTE,pullback_recovery,221376.0,1,3294.53,2025-05-27 13:30:00+00:00
2025-05-27 14:00:00+00:00,long,EXECUTE,pullback_recovery,221391.0,12,3297.78,2025-05-27 17:15:00+00:00
2025-05-27 15:00:00+00:00,long,EXECUTE,pullback_recovery,221385.0,2,3294.37,2025-05-27 15:45:00+00:00
2025-05-30 07:00:00+00:00,long,EXECUTE,pullback_recovery,221630.0,3,3295.96,2025-05-30 08:00:00+00:00
2025-05-30 11:00:00+00:00,long,EXECUTE,pullback_recovery,221644.0,1,3297.75,2025-05-30 11:30:00+00:00
2025-05-30 12:00:00+00:00,long,EXECUTE,pullback_recovery,221649.0,2,3297.64,2025-05-30 12:45:00+00:00
2025-05-30 13:00:00+00:00,long,EXECUTE,pullback_recovery,221654.0,3,3295.04,2025-05-30 14:00:00+00:00
2025-05-30 14:00:00+00:00,long,EXECUTE,pullback_recovery,221656.0,1,3293.31,2025-05-30 14:30:00+00:00
2025-06-02 09:00:00+00:00,long,EXECUTE,pullback_recovery,221728.0,1,3337.33,2025-06-02 09:30:00+00:00
2025-06-02 11:00:00+00:00,long,EXECUTE,pullback_recovery,221736.0,1,3352.86,2025-06-02 11:30:00+00:00
2025-06-02 12:00:00+00:00,long,EXECUTE,pullback_recovery,221741.0,2,3346.52,2025-06-02 12:45:00+00:00
2025-06-02 13:00:00+00:00,long,EXECUTE,pullback_recovery,221744.0,1,3349.16,2025-06-02 13:30:00+00:00
2025-06-02 14:00:00+00:00,long,EXECUTE,pullback_recovery,221748.0,1,3353.32,2025-06-02 14:30:00+00:00
2025-06-02 15:00:00+00:00,long,EXECUTE,pullback_recovery,221755.0,4,3356.23,2025-06-02 16:15:00+00:00
2025-06-04 09:00:00+00:00,short,EXECUTE,pullback_recovery,221913.0,2,3355.99,2025-06-04 09:45:00+00:00
2025-06-04 10:00:00+00:00,short,EXECUTE,pullback_recovery,221918.0,3,3354.48,2025-06-04 11:00:00+00:00
2025-06-04 11:00:00+00:00,short,EXECUTE,pullback_recovery,221922.0,3,3362.69,2025-06-04 12:00:00+00:00
2025-06-04 12:00:00+00:00,short,EXECUTE,pullback_recovery,221925.0,2,3361.53,2025-06-04 12:45:00+00:00
2025-06-04 13:00:00+00:00,short,EXECUTE,pullback_recovery,221929.0,2,3354.31,2025-06-04 13:45:00+00:00
2025-06-04 14:00:00+00:00,short,EXECUTE,pullback_recovery,221932.0,1,3346.48,2025-06-04 14:30:00+00:00
2025-06-05 08:00:00+00:00,long,EXECUTE,pullback_recovery,222001.0,2,3365.77,2025-06-05 08:45:00+00:00
2025-06-05 09:00:00+00:00,long,EXECUTE,pullback_recovery,222006.0,3,3365.89,2025-06-05 10:00:00+00:00
2025-06-05 11:00:00+00:00,long,EXECUTE,pullback_recovery,222012.0,1,3372.94,2025-06-05 11:30:00+00:00
2025-06-05 12:00:00+00:00,long,EXECUTE,pullback_recovery,222016.0,1,3387.85,2025-06-05 12:30:00+00:00
2025-06-05 13:00:00+00:00,short,EXECUTE,pullback_recovery,222024.0,5,3395.21,2025-06-05 14:30:00+00:00
2025-06-05 14:00:00+00:00,short,EXECUTE,pullback_recovery,222024.0,1,3395.21,2025-06-05 14:30:00+00:00
2025-06-06 07:00:00+00:00,long,EXECUTE,pullback_recovery,222088.0,1,3371.95,2025-06-06 07:30:00+00:00
2025-06-10 07:00:00+00:00,long,EXECUTE,pullback_recovery,222274.0,3,3307.18,2025-06-10 08:00:00+00:00
2025-06-10 13:00:00+00:00,long,EXECUTE,pullback_recovery,222296.0,1,3333.83,2025-06-10 13:30:00+00:00
2025-06-10 14:00:00+00:00,long,EXECUTE,pullback_recovery,222302.0,3,3333.63,2025-06-10 15:00:00+00:00
2025-06-11 09:00:00+00:00,long,EXECUTE,pullback_recovery,222373.0,2,3337.26,2025-06-11 09:45:00+00:00
2025-06-11 11:00:00+00:00,long,EXECUTE,pullback_recovery,222380.0,1,3345.2,2025-06-11 11:30:00+00:00
2025-06-16 11:00:00+00:00,short,EXECUTE,pullback_recovery,222656.0,1,3413.85,2025-06-16 11:30:00+00:00
2025-06-16 12:00:00+00:00,short,EXECUTE,pullback_recovery,222662.0,3,3412.05,2025-06-16 13:00:00+00:00
2025-06-16 13:00:00+00:00,short,EXECUTE,pullback_recovery,222667.0,4,3419.73,2025-06-16 14:15:00+00:00
2025-06-16 14:00:00+00:00,short,EXECUTE,pullback_recovery,222669.0,2,3415.23,2025-06-16 14:45:00+00:00
2025-06-17 08:00:00+00:00,long,EXECUTE,pullback_recovery,222736.0,1,3393.52,2025-06-17 08:30:00+00:00
2025-06-17 09:00:00+00:00,long,EXECUTE,pullback_recovery,222742.0,3,3385.31,2025-06-17 10:00:00+00:00
2025-06-17 10:00:00+00:00,long,EXECUTE,pullback_recovery,222744.0,1,3387.13,2025-06-17 10:30:00+00:00
2025-06-17 11:00:00+00:00,long,EXECUTE,pullback_recovery,222750.0,3,3378.79,2025-06-17 12:00:00+00:00
2025-06-17 12:00:00+00:00,long,EXECUTE,pullback_recovery,222753.0,2,3384.52,2025-06-17 12:45:00+00:00
2025-06-17 13:00:00+00:00,long,EXECUTE,pullback_recovery,222757.0,2,3395.92,2025-06-17 13:45:00+00:00
2025-06-17 14:00:00+00:00,long,EXECUTE,pullback_recovery,222764.0,5,3388.1,2025-06-17 15:30:00+00:00
2025-06-17 15:00:00+00:00,long,EXECUTE,pullback_recovery,222764.0,1,3388.1,2025-06-17 15:30:00+00:00
2025-06-18 14:00:00+00:00,long,EXECUTE,pullback_recovery,222852.0,1,3385.64,2025-06-18 14:30:00+00:00
2025-06-19 10:00:00+00:00,long,EXECUTE,pullback_recovery,222929.0,2,3366.7,2025-06-19 10:45:00+00:00
2025-06-20 08:00:00+00:00,long,EXECUTE,pullback_recovery,223000.0,3,3344.61,2025-06-20 09:00:00+00:00
2025-06-20 09:00:00+00:00,long,EXECUTE,pullback_recovery,223004.0,3,3345.2,2025-06-20 10:00:00+00:00
2025-06-20 10:00:00+00:00,short,EXECUTE,pullback_recovery,223007.0,2,3348.0,2025-06-20 10:45:00+00:00
2025-06-20 11:00:00+00:00,long,EXECUTE,pullback_recovery,223011.0,2,3352.21,2025-06-20 11:45:00+00:00
2025-06-20 13:00:00+00:00,long,EXECUTE,pullback_recovery,223021.0,4,3354.17,2025-06-20 14:15:00+00:00
2025-06-20 14:00:00+00:00,long,EXECUTE,pullback_recovery,223025.0,4,3348.01,2025-06-20 15:15:00+00:00
2025-06-20 15:00:00+00:00,long,EXECUTE,pullback_recovery,223027.0,2,3346.47,2025-06-20 15:45:00+00:00
2025-06-23 11:00:00+00:00,short,EXECUTE,pullback_recovery,223106.0,5,3364.85,2025-06-23 12:30:00+00:00
2025-06-23 12:00:00+00:00,long,EXECUTE,pullback_recovery,223107.0,2,3364.37,2025-06-23 12:45:00+00:00
2025-06-23 13:00:00+00:00,short,INVALIDATE,adverse_move_limit,,4,,
2025-06-23 14:00:00+00:00,long,EXECUTE,pullback_recovery,223114.0,1,3378.02,2025-06-23 14:30:00+00:00
2025-06-25 08:00:00+00:00,long,EXECUTE,pullback_recovery,223275.0,2,3332.52,2025-06-25 08:45:00+00:00
2025-06-25 09:00:00+00:00,long,EXECUTE,pullback_recovery,223278.0,1,3330.33,2025-06-25 09:30:00+00:00
2025-06-25 10:00:00+00:00,long,EXECUTE,pullback_recovery,223282.0,1,3333.94,2025-06-25 10:30:00+00:00
2025-06-25 11:00:00+00:00,long,EXECUTE,pullback_recovery,223286.0,1,3329.57,2025-06-25 11:30:00+00:00
2025-06-25 12:00:00+00:00,long,EXECUTE,pullback_recovery,223291.0,2,3323.43,2025-06-25 12:45:00+00:00
2025-06-25 13:00:00+00:00,long,EXECUTE,pullback_recovery,223301.0,8,3325.79,2025-06-25 15:15:00+00:00
2025-06-25 14:00:00+00:00,long,EXECUTE,pullback_recovery,223301.0,4,3325.79,2025-06-25 15:15:00+00:00
2025-06-25 15:00:00+00:00,long,EXECUTE,pullback_recovery,223304.0,3,3320.56,2025-06-25 16:00:00+00:00
2025-06-25 23:00:00+00:00,long,EXECUTE,pullback_recovery,223337.0,4,3333.32,2025-06-26 01:15:00+00:00
2025-06-26 01:00:00+00:00,long,EXECUTE,pullback_recovery,223338.0,1,3332.0,2025-06-26 01:30:00+00:00
2025-06-26 07:00:00+00:00,long,EXECUTE,pullback_recovery,223364.0,3,3333.8,2025-06-26 08:00:00+00:00
2025-06-26 08:00:00+00:00,long,EXECUTE,pullback_recovery,223366.0,1,3334.17,2025-06-26 08:30:00+00:00
2025-06-26 09:00:00+00:00,short,EXECUTE,pullback_recovery,223372.0,3,3339.67,2025-06-26 10:00:00+00:00
2025-06-26 10:00:00+00:00,long,EXECUTE,pullback_recovery,223374.0,1,3345.32,2025-06-26 10:30:00+00:00
2025-06-26 11:00:00+00:00,long,EXECUTE,pullback_recovery,223379.0,2,3346.71,2025-06-26 11:45:00+00:00
2025-06-26 12:00:00+00:00,long,EXECUTE,pullback_recovery,223382.0,1,3340.41,2025-06-26 12:30:00+00:00
2025-06-26 13:00:00+00:00,long,EXECUTE,pullback_recovery,223388.0,3,3343.27,2025-06-26 14:00:00+00:00
2025-06-26 14:00:00+00:00,long,EXECUTE,pullback_recovery,223392.0,3,3332.76,2025-06-26 15:00:00+00:00
2025-06-27 07:00:00+00:00,long,EXECUTE,pullback_recovery,223454.0,1,3294.05,2025-06-27 07:30:00+00:00
2025-06-27 08:00:00+00:00,long,EXECUTE,pullback_recovery,223458.0,1,3297.94,2025-06-27 08:30:00+00:00
2025-06-27 09:00:00+00:00,long,EXECUTE,pullback_recovery,223462.0,1,3294.51,2025-06-27 09:30:00+00:00
2025-06-27 12:00:00+00:00,long,EXECUTE,pullback_recovery,223480.0,7,3285.56,2025-06-27 14:00:00+00:00
2025-07-01 08:00:00+00:00,long,EXECUTE,pullback_recovery,223642.0,1,3329.51,2025-07-01 08:30:00+00:00
2025-07-01 09:00:00+00:00,long,EXECUTE,pullback_recovery,223647.0,2,3331.89,2025-07-01 09:45:00+00:00
2025-07-01 10:00:00+00:00,long,EXECUTE,pullback_recovery,223650.0,1,3338.47,2025-07-01 10:30:00+00:00
2025-07-01 11:00:00+00:00,long,EXECUTE,pullback_recovery,223654.0,1,3339.69,2025-07-01 11:30:00+00:00
2025-07-01 12:00:00+00:00,long,EXECUTE,pullback_recovery,223658.0,1,3342.71,2025-07-01 12:30:00+00:00
2025-07-01 13:00:00+00:00,long,EXECUTE,pullback_recovery,223663.0,2,3347.55,2025-07-01 13:45:00+00:00
2025-07-01 14:00:00+00:00,long,EXECUTE,pullback_recovery,223667.0,2,3348.42,2025-07-01 14:45:00+00:00
2025-07-01 15:00:00+00:00,long,EXECUTE,pullback_recovery,223671.0,2,3355.81,2025-07-01 15:45:00+00:00
2025-07-01 16:00:00+00:00,long,EXECUTE,pullback_recovery,223674.0,1,3349.59,2025-07-01 16:30:00+00:00
2025-07-02 03:00:00+00:00,long,EXECUTE,pullback_recovery,223714.0,1,3339.0,2025-07-02 03:30:00+00:00
2025-07-02 07:00:00+00:00,long,EXECUTE,pullback_recovery,223733.0,4,3340.05,2025-07-02 08:15:00+00:00
2025-07-02 08:00:00+00:00,long,EXECUTE,pullback_recovery,223736.0,3,3338.6,2025-07-02 09:00:00+00:00
2025-07-02 09:00:00+00:00,long,EXECUTE,pullback_recovery,223739.0,2,3332.83,2025-07-02 09:45:00+00:00
2025-07-02 10:00:00+00:00,long,EXECUTE,pullback_recovery,223744.0,3,3334.45,2025-07-02 11:00:00+00:00
2025-07-02 11:00:00+00:00,long,EXECUTE,pullback_recovery,223748.0,3,3333.28,2025-07-02 12:00:00+00:00
2025-07-02 12:00:00+00:00,long,EXECUTE,pullback_recovery,223750.0,1,3338.89,2025-07-02 12:30:00+00:00
2025-07-02 13:00:00+00:00,long,EXECUTE,pullback_recovery,223754.0,1,3342.91,2025-07-02 13:30:00+00:00
2025-07-02 14:00:00+00:00,long,EXECUTE,pullback_recovery,223758.0,1,3343.91,2025-07-02 14:30:00+00:00
2025-07-02 15:00:00+00:00,long,EXECUTE,pullback_recovery,223762.0,1,3346.36,2025-07-02 15:30:00+00:00
2025-07-03 07:00:00+00:00,long,EXECUTE,pullback_recovery,223824.0,3,3350.65,2025-07-03 08:00:00+00:00
2025-07-03 08:00:00+00:00,long,EXECUTE,pullback_recovery,223828.0,3,3359.26,2025-07-03 09:00:00+00:00
2025-07-03 09:00:00+00:00,long,EXECUTE,pullback_recovery,223830.0,1,3360.08,2025-07-03 09:30:00+00:00
2025-07-03 10:00:00+00:00,long,EXECUTE,pullback_recovery,223838.0,5,3355.0,2025-07-03 11:30:00+00:00
2025-07-03 11:00:00+00:00,long,EXECUTE,pullback_recovery,223838.0,1,3355.0,2025-07-03 11:30:00+00:00
2025-07-03 12:00:00+00:00,long,EXECUTE,pullback_recovery,223844.0,3,3345.62,2025-07-03 13:00:00+00:00
2025-07-03 13:00:00+00:00,long,EXECUTE,pullback_recovery,223847.0,2,3353.21,2025-07-03 13:45:00+00:00
2025-07-03 14:00:00+00:00,long,EXECUTE,pullback_recovery,223851.0,2,3345.84,2025-07-03 14:45:00+00:00
2025-07-04 07:00:00+00:00,long,EXECUTE,pullback_recovery,223914.0,1,3340.63,2025-07-04 07:30:00+00:00
2025-07-04 08:00:00+00:00,long,EXECUTE,pullback_recovery,223919.0,2,3339.12,2025-07-04 08:45:00+00:00
2025-07-04 09:00:00+00:00,long,EXECUTE,pullback_recovery,223922.0,1,3343.97,2025-07-04 09:30:00+00:00
2025-07-04 10:00:00+00:00,long,EXECUTE,pullback_recovery,223927.0,2,3341.38,2025-07-04 10:45:00+00:00
2025-07-04 11:00:00+00:00,long,EXECUTE,pullback_recovery,223930.0,1,3342.78,2025-07-04 11:30:00+00:00
2025-07-04 12:00:00+00:00,long,EXECUTE,pullback_recovery,223935.0,2,3334.3,2025-07-04 12:45:00+00:00
2025-07-04 13:00:00+00:00,long,EXECUTE,pullback_recovery,223939.0,2,3334.29,2025-07-04 13:45:00+00:00
2025-07-04 14:00:00+00:00,long,EXECUTE,pullback_recovery,223945.0,4,3336.45,2025-07-04 15:15:00+00:00
2025-07-04 15:00:00+00:00,long,EXECUTE,pullback_recovery,223948.0,3,3333.69,2025-07-04 16:00:00+00:00
2025-07-04 16:00:00+00:00,long,EXECUTE,pullback_recovery,223950.0,1,3333.97,2025-07-04 16:30:00+00:00
2025-07-07 07:00:00+00:00,long,EXECUTE,pullback_recovery,223990.0,1,3307.34,2025-07-07 07:30:00+00:00
2025-07-07 08:00:00+00:00,long,EXECUTE,pullback_recovery,223995.0,2,3310.57,2025-07-07 08:45:00+00:00
2025-07-07 09:00:00+00:00,long,EXECUTE,pullback_recovery,223999.0,2,3311.88,2025-07-07 09:45:00+00:00
2025-07-07 10:00:00+00:00,long,EXECUTE,pullback_recovery,224004.0,3,3302.03,2025-07-07 11:00:00+00:00
2025-07-07 11:00:00+00:00,long,EXECUTE,pullback_recovery,224006.0,1,3310.29,2025-07-07 11:30:00+00:00
2025-07-07 12:00:00+00:00,long,EXECUTE,pullback_recovery,224011.0,2,3308.86,2025-07-07 12:45:00+00:00
2025-07-07 15:00:00+00:00,long,EXECUTE,pullback_recovery,224023.0,2,3307.81,2025-07-07 15:45:00+00:00
2025-07-08 08:00:00+00:00,long,EXECUTE,pullback_recovery,224086.0,1,3335.47,2025-07-08 08:30:00+00:00
2025-07-08 09:00:00+00:00,long,EXECUTE,pullback_recovery,224090.0,1,3334.63,2025-07-08 09:30:00+00:00
2025-07-08 10:00:00+00:00,long,EXECUTE,pullback_recovery,224095.0,2,3332.62,2025-07-08 10:45:00+00:00
2025-07-08 11:00:00+00:00,long,EXECUTE,pullback_recovery,224101.0,4,3324.23,2025-07-08 12:15:00+00:00
2025-07-08 12:00:00+00:00,long,EXECUTE,pullback_recovery,224104.0,3,3321.95,2025-07-08 13:00:00+00:00
2025-07-08 13:00:00+00:00,long,EXECUTE,pullback_recovery,224106.0,1,3323.28,2025-07-08 13:30:00+00:00
2025-07-08 14:00:00+00:00,long,EXECUTE,pullback_recovery,224110.0,1,3324.78,2025-07-08 14:30:00+00:00
2025-07-08 15:00:00+00:00,long,EXECUTE,pullback_recovery,224114.0,1,3327.29,2025-07-08 15:30:00+00:00
2025-07-09 08:00:00+00:00,long,EXECUTE,pullback_recovery,224183.0,6,3289.17,2025-07-09 09:45:00+00:00
2025-07-09 09:00:00+00:00,long,EXECUTE,pullback_recovery,224183.0,2,3289.17,2025-07-09 09:45:00+00:00
2025-07-09 10:00:00+00:00,long,EXECUTE,pullback_recovery,224187.0,2,3291.8,2025-07-09 10:45:00+00:00
2025-07-09 11:00:00+00:00,long,EXECUTE,pullback_recovery,224191.0,2,3286.93,2025-07-09 11:45:00+00:00
2025-07-09 12:00:00+00:00,long,EXECUTE,pullback_recovery,224195.0,2,3288.74,2025-07-09 12:45:00+00:00
2025-07-09 13:00:00+00:00,long,EXECUTE,pullback_recovery,224199.0,2,3294.5,2025-07-09 13:45:00+00:00
2025-07-09 14:00:00+00:00,long,EXECUTE,pullback_recovery,224204.0,3,3284.9,2025-07-09 15:00:00+00:00
2025-07-09 15:00:00+00:00,long,EXECUTE,pullback_recovery,224208.0,3,3296.3,2025-07-09 16:00:00+00:00
2025-07-10 08:00:00+00:00,long,EXECUTE,pullback_recovery,224280.0,11,3320.88,2025-07-10 11:00:00+00:00
2025-07-10 09:00:00+00:00,long,EXECUTE,pullback_recovery,224274.0,1,3324.7,2025-07-10 09:30:00+00:00
2025-07-10 10:00:00+00:00,long,EXECUTE,pullback_recovery,224280.0,3,3320.88,2025-07-10 11:00:00+00:00
2025-07-10 11:00:00+00:00,long,EXECUTE,pullback_recovery,224283.0,2,3325.41,2025-07-10 11:45:00+00:00
2025-07-10 12:00:00+00:00,long,EXECUTE,pullback_recovery,224287.0,2,3324.94,2025-07-10 12:45:00+00:00
2025-07-10 13:00:00+00:00,long,EXECUTE,pullback_recovery,224290.0,1,3325.34,2025-07-10 13:30:00+00:00
2025-07-10 14:00:00+00:00,long,EXECUTE,pullback_recovery,224296.0,3,3320.36,2025-07-10 15:00:00+00:00
2025-07-10 15:00:00+00:00,long,EXECUTE,pullback_recovery,224298.0,1,3320.69,2025-07-10 15:30:00+00:00
2025-07-11 07:00:00+00:00,long,EXECUTE,pullback_recovery,224360.0,3,3331.81,2025-07-11 08:00:00+00:00
2025-07-11 08:00:00+00:00,long,EXECUTE,pullback_recovery,224362.0,1,3340.1,2025-07-11 08:30:00+00:00
2025-07-11 09:00:00+00:00,long,EXECUTE,pullback_recovery,224369.0,4,3333.48,2025-07-11 10:15:00+00:00
2025-07-11 10:00:00+00:00,long,EXECUTE,pullback_recovery,224371.0,2,3338.19,2025-07-11 10:45:00+00:00
2025-07-11 11:00:00+00:00,long,INVALIDATE,max_wait_exceeded,,16,,
2025-07-11 12:00:00+00:00,long,EXECUTE,pullback_recovery,224380.0,3,3339.37,2025-07-11 13:00:00+00:00
2025-07-11 13:00:00+00:00,long,EXECUTE,pullback_recovery,224382.0,1,3345.62,2025-07-11 13:30:00+00:00
2025-07-11 14:00:00+00:00,long,EXECUTE,pullback_recovery,224386.0,1,3344.88,2025-07-11 14:30:00+00:00
2025-07-11 15:00:00+00:00,long,EXECUTE,pullback_recovery,224391.0,2,3352.36,2025-07-11 15:45:00+00:00
2025-07-14 08:00:00+00:00,long,EXECUTE,pullback_recovery,224454.0,1,3355.53,2025-07-14 08:30:00+00:00
2025-07-14 13:00:00+00:00,long,EXECUTE,pullback_recovery,224475.0,2,3370.99,2025-07-14 13:45:00+00:00
2025-07-14 14:00:00+00:00,long,INVALIDATE,adverse_move_limit,,5,,
2025-07-15 05:00:00+00:00,short,EXECUTE,pullback_recovery,224534.0,1,3349.94,2025-07-15 05:30:00+00:00
2025-07-15 08:00:00+00:00,long,EXECUTE,pullback_recovery,224549.0,4,3362.58,2025-07-15 09:15:00+00:00
2025-07-15 09:00:00+00:00,short,EXECUTE,pullback_recovery,224550.0,1,3359.7,2025-07-15 09:30:00+00:00
2025-07-15 10:00:00+00:00,short,EXECUTE,pullback_recovery,224556.0,3,3364.11,2025-07-15 11:00:00+00:00
2025-07-15 11:00:00+00:00,short,EXECUTE,pullback_recovery,224558.0,1,3357.65,2025-07-15 11:30:00+00:00
2025-07-15 12:00:00+00:00,short,EXECUTE,pullback_recovery,224565.0,4,3364.45,2025-07-15 13:15:00+00:00
2025-07-15 13:00:00+00:00,short,EXECUTE,pullback_recovery,224566.0,1,3362.82,2025-07-15 13:30:00+00:00
2025-07-15 14:00:00+00:00,short,EXECUTE,pullback_recovery,224571.0,2,3356.9,2025-07-15 14:45:00+00:00
2025-07-15 15:00:00+00:00,short,INVALIDATE,adverse_move_limit,,1,,
2025-07-16 07:00:00+00:00,long,EXECUTE,pullback_recovery,224636.0,3,3338.16,2025-07-16 08:00:00+00:00
2025-07-16 08:00:00+00:00,long,EXECUTE,pullback_recovery,224640.0,3,3337.96,2025-07-16 09:00:00+00:00
2025-07-16 09:00:00+00:00,long,EXECUTE,pullback_recovery,224644.0,3,3339.01,2025-07-16 10:00:00+00:00
2025-07-16 10:00:00+00:00,long,EXECUTE,pullback_recovery,224648.0,3,3337.89,2025-07-16 11:00:00+00:00
2025-07-16 11:00:00+00:00,long,EXECUTE,pullback_recovery,224650.0,1,3340.47,2025-07-16 11:30:00+00:00
2025-07-16 12:00:00+00:00,long,EXECUTE,pullback_recovery,224655.0,2,3341.27,2025-07-16 12:45:00+00:00
2025-07-16 13:00:00+00:00,long,EXECUTE,pullback_recovery,224660.0,3,3334.89,2025-07-16 14:00:00+00:00
2025-07-16 14:00:00+00:00,long,EXECUTE,pullback_recovery,224663.0,2,3338.06,2025-07-16 14:45:00+00:00
2025-07-16 15:00:00+00:00,long,EXECUTE,pullback_recovery,224666.0,1,3334.1,2025-07-16 15:30:00+00:00
2025-07-17 08:00:00+00:00,long,EXECUTE,pullback_recovery,224730.0,1,3340.39,2025-07-17 08:30:00+00:00
2025-07-17 09:00:00+00:00,long,EXECUTE,pullback_recovery,224736.0,3,3335.27,2025-07-17 10:00:00+00:00
2025-07-17 10:00:00+00:00,long,EXECUTE,pullback_recovery,224740.0,3,3325.77,2025-07-17 11:00:00+00:00
2025-07-17 11:00:00+00:00,long,EXECUTE,pullback_recovery,224745.0,4,3328.18,2025-07-17 12:15:00+00:00
2025-07-17 14:00:00+00:00,long,EXECUTE,pullback_recovery,224756.0,3,3324.1,2025-07-17 15:00:00+00:00
2025-07-17 15:00:00+00:00,long,EXECUTE,pullback_recovery,224760.0,3,3312.95,2025-07-17 16:00:00+00:00
2025-07-18 08:00:00+00:00,long,EXECUTE,pullback_recovery,224825.0,4,3337.08,2025-07-18 09:15:00+00:00
2025-07-18 09:00:00+00:00,long,EXECUTE,pullback_recovery,224828.0,3,3341.95,2025-07-18 10:00:00+00:00
2025-07-18 10:00:00+00:00,long,EXECUTE,pullback_recovery,224831.0,2,3347.75,2025-07-18 10:45:00+00:00
2025-07-18 11:00:00+00:00,long,EXECUTE,pullback_recovery,224834.0,1,3348.46,2025-07-18 11:30:00+00:00
2025-07-18 12:00:00+00:00,long,EXECUTE,pullback_recovery,224838.0,1,3351.83,2025-07-18 12:30:00+00:00
2025-07-18 13:00:00+00:00,long,EXECUTE,pullback_recovery,224842.0,1,3350.48,2025-07-18 13:30:00+00:00
2025-07-18 14:00:00+00:00,long,EXECUTE,pullback_recovery,224847.0,2,3355.68,2025-07-18 14:45:00+00:00
2025-07-18 16:00:00+00:00,long,EXECUTE,pullback_recovery,224855.0,2,3355.29,2025-07-18 16:45:00+00:00
2025-07-21 06:00:00+00:00,short,EXECUTE,pullback_recovery,224907.0,2,3352.33,2025-07-21 06:45:00+00:00
2025-07-21 12:00:00+00:00,long,EXECUTE,pullback_recovery,224932.0,3,3365.99,2025-07-21 13:00:00+00:00
2025-07-21 13:00:00+00:00,long,EXECUTE,pullback_recovery,224934.0,1,3365.5,2025-07-21 13:30:00+00:00
2025-07-22 08:00:00+00:00,long,EXECUTE,pullback_recovery,225008.0,3,3385.37,2025-07-22 09:00:00+00:00
2025-07-22 09:00:00+00:00,long,EXECUTE,pullback_recovery,225015.0,6,3386.0,2025-07-22 10:45:00+00:00
2025-07-22 10:00:00+00:00,long,EXECUTE,pullback_recovery,225015.0,2,3386.0,2025-07-22 10:45:00+00:00
2025-07-22 11:00:00+00:00,long,EXECUTE,pullback_recovery,225018.0,1,3388.48,2025-07-22 11:30:00+00:00
2025-07-22 12:00:00+00:00,short,EXECUTE,pullback_recovery,225022.0,1,3385.46,2025-07-22 12:30:00+00:00
2025-07-22 14:00:00+00:00,short,INVALIDATE,adverse_move_limit,,4,,
2025-07-23 09:00:00+00:00,long,EXECUTE,pullback_recovery,225102.0,1,3423.36,2025-07-23 09:30:00+00:00
2025-07-23 10:00:00+00:00,long,EXECUTE,pullback_recovery,225108.0,3,3420.5,2025-07-23 11:00:00+00:00
2025-07-23 11:00:00+00:00,short,EXECUTE,pullback_recovery,225117.0,8,3424.62,2025-07-23 13:15:00+00:00
2025-07-24 15:00:00+00:00,long,EXECUTE,pullback_recovery,225220.0,3,3353.38,2025-07-24 16:00:00+00:00
2025-07-25 03:00:00+00:00,long,EXECUTE,pullback_recovery,225262.0,1,3371.84,2025-07-25 03:30:00+00:00
2025-07-25 05:00:00+00:00,long,EXECUTE,pullback_recovery,225272.0,3,3362.95,2025-07-25 06:00:00+00:00
2025-07-25 07:00:00+00:00,long,EXECUTE,pullback_recovery,225278.0,1,3360.81,2025-07-25 07:30:00+00:00
2025-07-25 08:00:00+00:00,long,EXECUTE,pullback_recovery,225284.0,3,3358.62,2025-07-25 09:00:00+00:00
2025-07-25 09:00:00+00:00,long,EXECUTE,pullback_recovery,225287.0,2,3358.53,2025-07-25 09:45:00+00:00
2025-07-25 10:00:00+00:00,long,EXECUTE,pullback_recovery,225291.0,2,3353.38,2025-07-25 10:45:00+00:00
2025-07-25 11:00:00+00:00,long,EXECUTE,pullback_recovery,225295.0,2,3347.65,2025-07-25 11:45:00+00:00
2025-07-25 12:00:00+00:00,long,EXECUTE,pullback_recovery,225298.0,1,3347.25,2025-07-25 12:30:00+00:00
2025-07-25 13:00:00+00:00,long,EXECUTE,pullback_recovery,225304.0,3,3342.85,2025-07-25 14:00:00+00:00
2025-07-25 14:00:00+00:00,long,EXECUTE,pullback_recovery,225307.0,2,3340.28,2025-07-25 14:45:00+00:00
2025-07-25 15:00:00+00:00,long,EXECUTE,pullback_recovery,225311.0,2,3340.4,2025-07-25 15:45:00+00:00
2025-07-28 08:00:00+00:00,long,EXECUTE,pullback_recovery,225376.0,3,3343.09,2025-07-28 09:00:00+00:00
2025-07-28 09:00:00+00:00,long,EXECUTE,pullback_recovery,225379.0,2,3338.56,2025-07-28 09:45:00+00:00
2025-07-28 10:00:00+00:00,long,EXECUTE,pullback_recovery,225384.0,3,3334.88,2025-07-28 11:00:00+00:00
2025-07-28 11:00:00+00:00,long,EXECUTE,pullback_recovery,225388.0,3,3336.02,2025-07-28 12:00:00+00:00
2025-07-28 12:00:00+00:00,long,EXECUTE,pullback_recovery,225391.0,2,3337.63,2025-07-28 12:45:00+00:00
2025-07-28 13:00:00+00:00,long,EXECUTE,pullback_recovery,225395.0,2,3336.21,2025-07-28 13:45:00+00:00
2025-07-28 14:00:00+00:00,long,EXECUTE,pullback_recovery,225398.0,1,3335.49,2025-07-28 14:30:00+00:00
2025-07-29 11:00:00+00:00,short,EXECUTE,pullback_recovery,225478.0,1,3327.37,2025-07-29 11:30:00+00:00
2025-07-29 12:00:00+00:00,short,EXECUTE,pullback_recovery,225482.0,1,3324.99,2025-07-29 12:30:00+00:00
2025-07-29 13:00:00+00:00,short,EXECUTE,pullback_recovery,225488.0,3,3322.0,2025-07-29 14:00:00+00:00
2025-07-29 14:00:00+00:00,long,EXECUTE,pullback_recovery,225499.0,10,3320.04,2025-07-29 16:45:00+00:00
2025-07-30 09:00:00+00:00,long,EXECUTE,pullback_recovery,225563.0,2,3325.37,2025-07-30 09:45:00+00:00
2025-07-30 10:00:00+00:00,long,EXECUTE,pullback_recovery,225566.0,1,3326.75,2025-07-30 10:30:00+00:00
2025-07-30 11:00:00+00:00,short,EXECUTE,pullback_recovery,225570.0,1,3329.87,2025-07-30 11:30:00+00:00
2025-07-30 12:00:00+00:00,short,EXECUTE,pullback_recovery,225574.0,1,3331.66,2025-07-30 12:30:00+00:00
2025-07-30 13:00:00+00:00,short,EXECUTE,pullback_recovery,225578.0,1,3329.0,2025-07-30 13:30:00+00:00
2025-07-30 14:00:00+00:00,short,EXECUTE,pullback_recovery,225584.0,3,3330.71,2025-07-30 15:00:00+00:00
2025-07-30 15:00:00+00:00,long,EXECUTE,pullback_recovery,225588.0,3,3313.33,2025-07-30 16:00:00+00:00
2025-07-31 07:00:00+00:00,long,EXECUTE,pullback_recovery,225647.0,2,3296.46,2025-07-31 07:45:00+00:00
2025-07-31 08:00:00+00:00,long,EXECUTE,pullback_recovery,225652.0,3,3299.46,2025-07-31 09:00:00+00:00
2025-07-31 09:00:00+00:00,long,EXECUTE,pullback_recovery,225656.0,3,3299.01,2025-07-31 10:00:00+00:00
2025-07-31 10:00:00+00:00,long,EXECUTE,pullback_recovery,225659.0,2,3304.02,2025-07-31 10:45:00+00:00
2025-07-31 11:00:00+00:00,long,EXECUTE,pullback_recovery,225662.0,1,3310.6,2025-07-31 11:30:00+00:00
2025-07-31 12:00:00+00:00,long,EXECUTE,pullback_recovery,225668.0,3,3306.54,2025-07-31 13:00:00+00:00
2025-07-31 13:00:00+00:00,long,EXECUTE,pullback_recovery,225672.0,3,3296.2,2025-07-31 14:00:00+00:00
2025-07-31 15:00:00+00:00,long,EXECUTE,pullback_recovery,225678.0,1,3306.19,2025-07-31 15:30:00+00:00
2025-08-01 07:00:00+00:00,long,EXECUTE,pullback_recovery,225738.0,1,3292.68,2025-08-01 07:30:00+00:00
2025-08-01 08:00:00+00:00,long,EXECUTE,pullback_recovery,225743.0,2,3295.34,2025-08-01 08:45:00+00:00
2025-08-01 09:00:00+00:00,long,EXECUTE,pullback_recovery,225746.0,1,3291.99,2025-08-01 09:30:00+00:00
2025-08-01 10:00:00+00:00,long,EXECUTE,pullback_recovery,225751.0,2,3287.17,2025-08-01 10:45:00+00:00
2025-08-01 11:00:00+00:00,long,EXECUTE,pullback_recovery,225756.0,3,3294.16,2025-08-01 12:00:00+00:00
2025-08-01 12:00:00+00:00,long,EXECUTE,pullback_recovery,225758.0,1,3294.2,2025-08-01 12:30:00+00:00
2025-08-01 13:00:00+00:00,long,EXECUTE,pullback_recovery,225764.0,3,3298.32,2025-08-01 14:00:00+00:00
2025-08-01 14:00:00+00:00,long,EXECUTE,pullback_recovery,225766.0,1,3299.72,2025-08-01 14:30:00+00:00
2025-08-04 08:00:00+00:00,long,EXECUTE,pullback_recovery,225835.0,2,3356.86,2025-08-04 08:45:00+00:00
2025-08-04 09:00:00+00:00,long,EXECUTE,pullback_recovery,225839.0,2,3360.06,2025-08-04 09:45:00+00:00
2025-08-04 10:00:00+00:00,long,EXECUTE,pullback_recovery,225843.0,2,3354.79,2025-08-04 10:45:00+00:00
2025-08-04 11:00:00+00:00,long,EXECUTE,pullback_recovery,225846.0,1,3358.74,2025-08-04 11:30:00+00:00
2025-08-04 12:00:00+00:00,long,EXECUTE,pullback_recovery,225852.0,3,3357.82,2025-08-04 13:00:00+00:00
2025-08-04 13:00:00+00:00,long,EXECUTE,pullback_recovery,225854.0,1,3356.36,2025-08-04 13:30:00+00:00
2025-08-04 14:00:00+00:00,long,EXECUTE,pullback_recovery,225858.0,1,3367.58,2025-08-04 14:30:00+00:00
2025-08-05 08:00:00+00:00,long,EXECUTE,pullback_recovery,225928.0,3,3373.94,2025-08-05 09:00:00+00:00
2025-08-05 10:00:00+00:00,long,EXECUTE,pullback_recovery,225934.0,1,3374.11,2025-08-05 10:30:00+00:00
2025-08-05 11:00:00+00:00,long,EXECUTE,pullback_recovery,225941.0,4,3365.1,2025-08-05 12:15:00+00:00
2025-08-05 12:00:00+00:00,long,EXECUTE,pullback_recovery,225944.0,3,3359.54,2025-08-05 13:00:00+00:00
2025-08-05 13:00:00+00:00,long,EXECUTE,pullback_recovery,225949.0,4,3353.31,2025-08-05 14:15:00+00:00
2025-08-05 14:00:00+00:00,long,EXECUTE,pullback_recovery,225951.0,2,3351.25,2025-08-05 14:45:00+00:00
2025-08-05 15:00:00+00:00,long,INVALIDATE,adverse_move_limit,,0,,
2025-08-06 07:00:00+00:00,long,EXECUTE,pullback_recovery,226017.0,4,3371.96,2025-08-06 08:15:00+00:00
2025-08-06 08:00:00+00:00,short,EXECUTE,pullback_recovery,226021.0,4,3375.28,2025-08-06 09:15:00+00:00
2025-08-06 09:00:00+00:00,short,EXECUTE,pullback_recovery,226024.0,3,3374.97,2025-08-06 10:00:00+00:00
2025-08-06 10:00:00+00:00,short,EXECUTE,pullback_recovery,226028.0,3,3373.39,2025-08-06 11:00:00+00:00
2025-08-06 11:00:00+00:00,short,EXECUTE,pullback_recovery,226030.0,1,3366.59,2025-08-06 11:30:00+00:00
2025-08-06 12:00:00+00:00,long,EXECUTE,pullback_recovery,226036.0,3,3358.75,2025-08-06 13:00:00+00:00
2025-08-06 13:00:00+00:00,long,EXECUTE,pullback_recovery,226038.0,1,3363.62,2025-08-06 13:30:00+00:00
2025-08-06 14:00:00+00:00,long,EXECUTE,pullback_recovery,226042.0,1,3366.12,2025-08-06 14:30:00+00:00
2025-08-06 15:00:00+00:00,long,EXECUTE,pullback_recovery,226046.0,1,3364.32,2025-08-06 15:30:00+00:00
2025-08-07 08:00:00+00:00,long,EXECUTE,pullback_recovery,226112.0,3,3375.54,2025-08-07 09:00:00+00:00
2025-08-07 11:00:00+00:00,long,EXECUTE,pullback_recovery,226123.0,2,3378.36,2025-08-07 11:45:00+00:00
2025-08-07 12:00:00+00:00,long,EXECUTE,pullback_recovery,226127.0,2,3378.31,2025-08-07 12:45:00+00:00
2025-08-07 13:00:00+00:00,long,EXECUTE,pullback_recovery,226132.0,3,3372.88,2025-08-07 14:00:00+00:00
2025-08-07 14:00:00+00:00,long,EXECUTE,pullback_recovery,226135.0,2,3378.97,2025-08-07 14:45:00+00:00
2025-08-07 15:00:00+00:00,long,EXECUTE,pullback_recovery,226138.0,1,3380.88,2025-08-07 15:30:00+00:00
2025-08-08 04:00:00+00:00,long,EXECUTE,pullback_recovery,226186.0,1,3384.45,2025-08-08 04:30:00+00:00
2025-08-08 05:00:00+00:00,long,EXECUTE,pullback_recovery,226191.0,2,3388.54,2025-08-08 05:45:00+00:00
2025-08-08 06:00:00+00:00,long,EXECUTE,pullback_recovery,226195.0,2,3395.51,2025-08-08 06:45:00+00:00
2025-08-08 08:00:00+00:00,long,EXECUTE,pullback_recovery,226202.0,1,3391.77,2025-08-08 08:30:00+00:00
2025-08-08 09:00:00+00:00,long,EXECUTE,pullback_recovery,226206.0,1,3393.71,2025-08-08 09:30:00+00:00
2025-08-11 08:00:00+00:00,long,EXECUTE,pullback_recovery,226295.0,2,3376.14,2025-08-11 08:45:00+00:00
2025-08-13 07:00:00+00:00,long,EXECUTE,pullback_recovery,226476.0,3,3351.61,2025-08-13 08:00:00+00:00
2025-08-13 08:00:00+00:00,long,EXECUTE,pullback_recovery,226480.0,3,3349.25,2025-08-13 09:00:00+00:00
2025-08-13 09:00:00+00:00,long,EXECUTE,pullback_recovery,226484.0,3,3356.74,2025-08-13 10:00:00+00:00
2025-08-13 10:00:00+00:00,long,EXECUTE,pullback_recovery,226489.0,4,3353.68,2025-08-13 11:15:00+00:00
2025-08-13 11:00:00+00:00,long,EXECUTE,pullback_recovery,226491.0,2,3360.04,2025-08-13 11:45:00+00:00
2025-08-13 12:00:00+00:00,long,EXECUTE,pullback_recovery,226494.0,1,3361.97,2025-08-13 12:30:00+00:00
2025-08-13 13:00:00+00:00,long,EXECUTE,pullback_recovery,226499.0,2,3365.46,2025-08-13 13:45:00+00:00
2025-08-13 14:00:00+00:00,long,EXECUTE,pullback_recovery,226504.0,3,3362.24,2025-08-13 15:00:00+00:00
2025-08-13 15:00:00+00:00,long,EXECUTE,pullback_recovery,226506.0,1,3358.62,2025-08-13 15:30:00+00:00
2025-08-14 08:00:00+00:00,long,EXECUTE,pullback_recovery,226571.0,2,3358.89,2025-08-14 08:45:00+00:00
2025-08-14 10:00:00+00:00,long,EXECUTE,pullback_recovery,226580.0,3,3345.9,2025-08-14 11:00:00+00:00
2025-08-14 11:00:00+00:00,long,EXECUTE,pullback_recovery,226582.0,1,3349.58,2025-08-14 11:30:00+00:00
2025-08-14 12:00:00+00:00,long,EXECUTE,pullback_recovery,226586.0,1,3356.19,2025-08-14 12:30:00+00:00
2025-08-14 13:00:00+00:00,long,EXECUTE,pullback_recovery,226592.0,3,3354.81,2025-08-14 14:00:00+00:00
2025-08-14 14:00:00+00:00,long,EXECUTE,pullback_recovery,226594.0,1,3355.05,2025-08-14 14:30:00+00:00
2025-08-14 15:00:00+00:00,long,EXECUTE,pullback_recovery,226599.0,2,3352.79,2025-08-14 15:45:00+00:00
2025-08-15 07:00:00+00:00,long,EXECUTE,pullback_recovery,226658.0,1,3345.55,2025-08-15 07:30:00+00:00
2025-08-15 08:00:00+00:00,long,EXECUTE,pullback_recovery,226663.0,2,3346.65,2025-08-15 08:45:00+00:00
2025-08-15 09:00:00+00:00,long,EXECUTE,pullback_recovery,226676.0,11,3341.09,2025-08-15 12:00:00+00:00
2025-08-15 10:00:00+00:00,long,EXECUTE,pullback_recovery,226670.0,1,3344.62,2025-08-15 10:30:00+00:00
2025-08-15 11:00:00+00:00,long,EXECUTE,pullback_recovery,226676.0,3,3341.09,2025-08-15 12:00:00+00:00
2025-08-15 12:00:00+00:00,long,EXECUTE,pullback_recovery,226678.0,1,3344.08,2025-08-15 12:30:00+00:00
2025-08-15 13:00:00+00:00,long,EXECUTE,pullback_recovery,226683.0,2,3337.97,2025-08-15 13:45:00+00:00
2025-08-15 14:00:00+00:00,long,EXECUTE,pullback_recovery,226686.0,1,3340.04,2025-08-15 14:30:00+00:00
2025-08-15 15:00:00+00:00,long,EXECUTE,pullback_recovery,226691.0,2,3342.76,2025-08-15 15:45:00+00:00
2025-08-18 07:00:00+00:00,long,EXECUTE,pullback_recovery,226751.0,2,3354.94,2025-08-18 07:45:00+00:00
2025-08-18 08:00:00+00:00,long,EXECUTE,pullback_recovery,226755.0,2,3347.98,2025-08-18 08:45:00+00:00
2025-08-18 09:00:00+00:00,long,EXECUTE,pullback_recovery,226758.0,1,3349.35,2025-08-18 09:30:00+00:00
2025-08-18 10:00:00+00:00,long,EXECUTE,pullback_recovery,226764.0,3,3348.87,2025-08-18 11:00:00+00:00
2025-08-18 11:00:00+00:00,long,EXECUTE,pullback_recovery,226766.0,1,3347.73,2025-08-18 11:30:00+00:00
2025-08-18 12:00:00+00:00,long,EXECUTE,pullback_recovery,226772.0,3,3347.87,2025-08-18 13:00:00+00:00
2025-08-18 13:00:00+00:00,long,EXECUTE,pullback_recovery,226781.0,8,3346.9,2025-08-18 15:15:00+00:00
2025-08-18 14:00:00+00:00,long,EXECUTE,pullback_recovery,226780.0,3,3345.34,2025-08-18 15:00:00+00:00
2025-08-18 15:00:00+00:00,long,EXECUTE,pullback_recovery,226784.0,3,3344.48,2025-08-18 16:00:00+00:00
2025-08-19 07:00:00+00:00,long,EXECUTE,pullback_recovery,226844.0,3,3337.44,2025-08-19 08:00:00+00:00
2025-08-19 08:00:00+00:00,long,EXECUTE,pullback_recovery,226849.0,4,3337.14,2025-08-19 09:15:00+00:00
2025-08-19 09:00:00+00:00,long,EXECUTE,pullback_recovery,226852.0,3,3335.98,2025-08-19 10:00:00+00:00
2025-08-19 10:00:00+00:00,long,EXECUTE,pullback_recovery,226854.0,1,3339.64,2025-08-19 10:30:00+00:00
2025-08-19 11:00:00+00:00,long,EXECUTE,pullback_recovery,226858.0,1,3338.4,2025-08-19 11:30:00+00:00
2025-08-19 12:00:00+00:00,long,EXECUTE,pullback_recovery,226863.0,2,3338.66,2025-08-19 12:45:00+00:00
2025-08-19 13:00:00+00:00,long,EXECUTE,pullback_recovery,226866.0,1,3343.6,2025-08-19 13:30:00+00:00
2025-08-19 14:00:00+00:00,long,EXECUTE,pullback_recovery,226871.0,2,3341.17,2025-08-19 14:45:00+00:00
2025-08-19 15:00:00+00:00,long,EXECUTE,pullback_recovery,226876.0,3,3334.63,2025-08-19 16:00:00+00:00
2025-08-19 16:00:00+00:00,long,EXECUTE,pullback_recovery,226878.0,1,3331.54,2025-08-19 16:30:00+00:00
2025-08-20 07:00:00+00:00,long,EXECUTE,pullback_recovery,226935.0,2,3320.17,2025-08-20 07:45:00+00:00
2025-08-20 08:00:00+00:00,long,EXECUTE,pullback_recovery,226940.0,3,3323.27,2025-08-20 09:00:00+00:00
2025-08-20 09:00:00+00:00,long,EXECUTE,pullback_recovery,226944.0,3,3322.84,2025-08-20 10:00:00+00:00
2025-08-20 10:00:00+00:00,long,EXECUTE,pullback_recovery,226947.0,2,3325.41,2025-08-20 10:45:00+00:00
2025-08-20 11:00:00+00:00,long,EXECUTE,pullback_recovery,226951.0,2,3323.37,2025-08-20 11:45:00+00:00
2025-08-20 12:00:00+00:00,long,EXECUTE,pullback_recovery,226955.0,2,3325.69,2025-08-20 12:45:00+00:00
2025-08-20 13:00:00+00:00,long,EXECUTE,pullback_recovery,226958.0,1,3326.73,2025-08-20 13:30:00+00:00
2025-08-20 14:00:00+00:00,long,EXECUTE,pullback_recovery,226962.0,1,3330.65,2025-08-20 14:30:00+00:00
2025-08-20 15:00:00+00:00,long,EXECUTE,pullback_recovery,226968.0,3,3342.73,2025-08-20 16:00:00+00:00
2025-08-20 16:00:00+00:00,long,EXECUTE,pullback_recovery,226971.0,2,3346.59,2025-08-20 16:45:00+00:00
2025-08-21 07:00:00+00:00,long,EXECUTE,pullback_recovery,227030.0,5,3338.95,2025-08-21 08:30:00+00:00
2025-08-21 08:00:00+00:00,long,EXECUTE,pullback_recovery,227030.0,1,3338.95,2025-08-21 08:30:00+00:00
2025-08-21 09:00:00+00:00,long,EXECUTE,pullback_recovery,227035.0,2,3337.29,2025-08-21 09:45:00+00:00
2025-08-21 10:00:00+00:00,long,EXECUTE,pullback_recovery,227039.0,2,3339.84,2025-08-21 10:45:00+00:00
2025-08-21 11:00:00+00:00,long,EXECUTE,pullback_recovery,227042.0,1,3339.84,2025-08-21 11:30:00+00:00
2025-08-21 12:00:00+00:00,long,EXECUTE,pullback_recovery,227048.0,3,3340.66,2025-08-21 13:00:00+00:00
2025-08-21 13:00:00+00:00,long,EXECUTE,pullback_recovery,227052.0,3,3328.67,2025-08-21 14:00:00+00:00
2025-08-21 14:00:00+00:00,long,EXECUTE,pullback_recovery,227055.0,2,3333.64,2025-08-21 14:45:00+00:00
2025-08-21 15:00:00+00:00,long,EXECUTE,pullback_recovery,227060.0,3,3341.76,2025-08-21 16:00:00+00:00
2025-08-22 06:00:00+00:00,long,EXECUTE,pullback_recovery,227117.0,4,3331.73,2025-08-22 07:15:00+00:00
2025-08-22 07:00:00+00:00,long,EXECUTE,pullback_recovery,227120.0,3,3328.21,2025-08-22 08:00:00+00:00
2025-08-22 08:00:00+00:00,long,EXECUTE,pullback_recovery,227122.0,1,3329.52,2025-08-22 08:30:00+00:00
2025-08-22 09:00:00+00:00,long,EXECUTE,pullback_recovery,227128.0,3,3329.33,2025-08-22 10:00:00+00:00
2025-08-22 10:00:00+00:00,long,EXECUTE,pullback_recovery,227132.0,3,3327.33,2025-08-22 11:00:00+00:00
2025-08-22 11:00:00+00:00,long,EXECUTE,pullback_recovery,227134.0,1,3329.03,2025-08-22 11:30:00+00:00
2025-08-22 12:00:00+00:00,long,EXECUTE,pullback_recovery,227139.0,2,3330.36,2025-08-22 12:45:00+00:00
2025-08-22 13:00:00+00:00,long,EXECUTE,pullback_recovery,227142.0,1,3330.27,2025-08-22 13:30:00+00:00
2025-08-22 14:00:00+00:00,long,EXECUTE,pullback_recovery,227146.0,1,3329.31,2025-08-22 14:30:00+00:00
2025-08-22 15:00:00+00:00,long,EXECUTE,pullback_recovery,227151.0,2,3324.2,2025-08-22 15:45:00+00:00
2025-08-25 07:00:00+00:00,long,EXECUTE,pullback_recovery,227210.0,1,3365.47,2025-08-25 07:30:00+00:00
2025-08-25 08:00:00+00:00,long,EXECUTE,pullback_recovery,227215.0,2,3364.64,2025-08-25 08:45:00+00:00
2025-08-25 09:00:00+00:00,long,EXECUTE,pullback_recovery,227218.0,1,3368.54,2025-08-25 09:30:00+00:00
2025-08-25 10:00:00+00:00,long,EXECUTE,pullback_recovery,227225.0,4,3365.51,2025-08-25 11:15:00+00:00
2025-08-25 11:00:00+00:00,long,EXECUTE,pullback_recovery,227227.0,2,3363.94,2025-08-25 11:45:00+00:00
2025-08-25 12:00:00+00:00,long,EXECUTE,pullback_recovery,227231.0,2,3366.07,2025-08-25 12:45:00+00:00
2025-08-25 13:00:00+00:00,long,EXECUTE,pullback_recovery,227235.0,2,3366.94,2025-08-25 13:45:00+00:00
2025-08-25 14:00:00+00:00,long,EXECUTE,pullback_recovery,227239.0,2,3369.64,2025-08-25 14:45:00+00:00
2025-08-25 15:00:00+00:00,long,EXECUTE,pullback_recovery,227245.0,4,3363.62,2025-08-25 16:15:00+00:00
2025-08-26 09:00:00+00:00,long,EXECUTE,pullback_recovery,227311.0,2,3374.77,2025-08-26 09:45:00+00:00
2025-08-26 11:00:00+00:00,long,EXECUTE,pullback_recovery,227318.0,1,3378.8,2025-08-26 11:30:00+00:00
2025-08-26 12:00:00+00:00,long,EXECUTE,pullback_recovery,227324.0,3,3371.91,2025-08-26 13:00:00+00:00
2025-08-26 13:00:00+00:00,long,EXECUTE,pullback_recovery,227328.0,3,3372.06,2025-08-26 14:00:00+00:00
2025-08-26 14:00:00+00:00,long,EXECUTE,pullback_recovery,227330.0,1,3378.23,2025-08-26 14:30:00+00:00
2025-08-26 15:00:00+00:00,long,EXECUTE,pullback_recovery,227336.0,3,3371.89,2025-08-26 16:00:00+00:00
2025-08-27 10:00:00+00:00,short,EXECUTE,pullback_recovery,227409.0,4,3381.93,2025-08-27 11:15:00+00:00
2025-08-27 11:00:00+00:00,short,EXECUTE,pullback_recovery,227410.0,1,3384.16,2025-08-27 11:30:00+00:00
2025-08-27 12:00:00+00:00,short,EXECUTE,pullback_recovery,227416.0,3,3378.19,2025-08-27 13:00:00+00:00
2025-08-27 13:00:00+00:00,short,EXECUTE,pullback_recovery,227418.0,1,3376.37,2025-08-27 13:30:00+00:00
2025-08-27 14:00:00+00:00,short,EXECUTE,pullback_recovery,227424.0,3,3376.65,2025-08-27 15:00:00+00:00
2025-08-27 15:00:00+00:00,short,EXECUTE,pullback_recovery,227426.0,1,3381.59,2025-08-27 15:30:00+00:00
2025-08-27 16:00:00+00:00,long,EXECUTE,pullback_recovery,227432.0,3,3377.72,2025-08-27 17:00:00+00:00
2025-08-28 08:00:00+00:00,long,EXECUTE,pullback_recovery,227492.0,3,3389.12,2025-08-28 09:00:00+00:00
2025-08-28 09:00:00+00:00,short,EXECUTE,pullback_recovery,227498.0,5,3395.09,2025-08-28 10:30:00+00:00
2025-08-28 10:00:00+00:00,short,EXECUTE,pullback_recovery,227498.0,1,3395.09,2025-08-28 10:30:00+00:00
2025-08-28 11:00:00+00:00,short,EXECUTE,pullback_recovery,227505.0,4,3400.95,2025-08-28 12:15:00+00:00
2025-08-28 12:00:00+00:00,short,EXECUTE,pullback_recovery,227506.0,1,3399.26,2025-08-28 12:30:00+00:00
2025-08-28 13:00:00+00:00,short,EXECUTE,pullback_recovery,227511.0,2,3397.04,2025-08-28 13:45:00+00:00
2025-08-28 14:00:00+00:00,short,EXECUTE,pullback_recovery,227515.0,2,3404.68,2025-08-28 14:45:00+00:00
2025-08-28 15:00:00+00:00,short,INVALIDATE,adverse_move_limit,,0,,
2025-08-29 09:00:00+00:00,short,EXECUTE,pullback_recovery,227587.0,2,3409.3,2025-08-29 09:45:00+00:00
2025-08-29 10:00:00+00:00,short,EXECUTE,pullback_recovery,227592.0,3,3412.01,2025-08-29 11:00:00+00:00
2025-08-29 11:00:00+00:00,long,EXECUTE,pullback_recovery,227596.0,3,3410.29,2025-08-29 12:00:00+00:00
2025-08-29 12:00:00+00:00,long,EXECUTE,pullback_recovery,227599.0,2,3407.96,2025-08-29 12:45:00+00:00
2025-08-29 13:00:00+00:00,long,EXECUTE,pullback_recovery,227604.0,3,3405.38,2025-08-29 14:00:00+00:00
2025-08-29 14:00:00+00:00,long,EXECUTE,pullback_recovery,227608.0,3,3410.48,2025-08-29 15:00:00+00:00
2025-08-29 15:00:00+00:00,long,INVALIDATE,adverse_move_limit,,0,,
2025-09-01 03:00:00+00:00,long,EXECUTE,pullback_recovery,227654.0,1,3445.16,2025-09-01 03:30:00+00:00
2025-09-01 04:00:00+00:00,long,INVALIDATE,adverse_move_limit,,0,,
2025-09-01 06:00:00+00:00,long,EXECUTE,pullback_recovery,227667.0,2,3473.95,2025-09-01 06:45:00+00:00
2025-09-01 08:00:00+00:00,long,EXECUTE,pullback_recovery,227674.0,1,3478.02,2025-09-01 08:30:00+00:00
2025-09-01 09:00:00+00:00,long,EXECUTE,pullback_recovery,227684.0,7,3477.7,2025-09-01 11:00:00+00:00
2025-09-02 19:00:00+00:00,long,EXECUTE,pullback_recovery,227800.0,1,3524.78,2025-09-02 19:30:00+00:00
2025-09-02 20:00:00+00:00,long,EXECUTE,pullback_recovery,227804.0,1,3527.95,2025-09-02 20:30:00+00:00
2025-09-02 21:00:00+00:00,long,EXECUTE,pullback_recovery,227810.0,3,3528.27,2025-09-02 22:00:00+00:00
2025-09-02 22:00:00+00:00,long,EXECUTE,pullback_recovery,227812.0,1,3536.31,2025-09-02 22:30:00+00:00
2025-09-02 23:00:00+00:00,long,EXECUTE,pullback_recovery,227816.0,1,3536.29,2025-09-02 23:30:00+00:00
2025-09-03 01:00:00+00:00,long,EXECUTE,pullback_recovery,227826.0,7,3529.72,2025-09-03 03:00:00+00:00
2025-09-03 03:00:00+00:00,long,EXECUTE,pullback_recovery,227828.0,1,3536.67,2025-09-03 03:30:00+00:00
2025-09-03 04:00:00+00:00,long,EXECUTE,pullback_recovery,227832.0,1,3537.18,2025-09-03 04:30:00+00:00
2025-09-03 05:00:00+00:00,long,EXECUTE,pullback_recovery,227840.0,5,3530.9,2025-09-03 06:30:00+00:00
2025-09-03 06:00:00+00:00,long,EXECUTE,pullback_recovery,227840.0,1,3530.9,2025-09-03 06:30:00+00:00
2025-09-03 07:00:00+00:00,long,EXECUTE,pullback_recovery,227845.0,2,3537.28,2025-09-03 07:45:00+00:00
2025-09-03 08:00:00+00:00,long,EXECUTE,pullback_recovery,227850.0,3,3529.9,2025-09-03 09:00:00+00:00
2025-09-03 09:00:00+00:00,long,EXECUTE,pullback_recovery,227852.0,1,3533.19,2025-09-03 09:30:00+00:00
2025-09-03 10:00:00+00:00,long,EXECUTE,pullback_recovery,227856.0,1,3531.9,2025-09-03 10:30:00+00:00
2025-09-03 11:00:00+00:00,long,EXECUTE,pullback_recovery,227860.0,1,3540.91,2025-09-03 11:30:00+00:00
2025-09-03 12:00:00+00:00,long,EXECUTE,pullback_recovery,227868.0,5,3536.68,2025-09-03 13:30:00+00:00
2025-09-03 13:00:00+00:00,long,EXECUTE,pullback_recovery,227868.0,1,3536.68,2025-09-03 13:30:00+00:00
2025-09-03 14:00:00+00:00,long,EXECUTE,pullback_recovery,227873.0,2,3548.64,2025-09-03 14:45:00+00:00
2025-09-03 15:00:00+00:00,long,EXECUTE,pullback_recovery,227876.0,1,3547.16,2025-09-03 15:30:00+00:00
2025-09-03 16:00:00+00:00,long,EXECUTE,pullback_recovery,227881.0,2,3551.58,2025-09-03 16:45:00+00:00
2025-09-04 01:00:00+00:00,long,EXECUTE,pullback_recovery,227912.0,1,3563.35,2025-09-04 01:30:00+00:00
2025-09-04 05:00:00+00:00,long,EXECUTE,pullback_recovery,227930.0,3,3530.46,2025-09-04 06:00:00+00:00
2025-09-04 10:00:00+00:00,short,EXECUTE,pullback_recovery,227953.0,6,3541.93,2025-09-04 11:45:00+00:00
2025-09-04 11:00:00+00:00,short,EXECUTE,pullback_recovery,227953.0,2,3541.93,2025-09-04 11:45:00+00:00
2025-09-04 12:00:00+00:00,short,EXECUTE,pullback_recovery,227956.0,1,3539.08,2025-09-04 12:30:00+00:00
2025-09-05 08:00:00+00:00,long,EXECUTE,pullback_recovery,228032.0,1,3557.02,2025-09-05 08:30:00+00:00
2025-09-05 09:00:00+00:00,long,EXECUTE,pullback_recovery,228036.0,1,3551.11,2025-09-05 09:30:00+00:00
2025-09-05 10:00:00+00:00,long,EXECUTE,pullback_recovery,228041.0,2,3549.67,2025-09-05 10:45:00+00:00
2025-09-05 12:00:00+00:00,long,EXECUTE,pullback_recovery,228049.0,2,3551.31,2025-09-05 12:45:00+00:00
2025-09-05 13:00:00+00:00,long,EXECUTE,pullback_recovery,228052.0,1,3552.14,2025-09-05 13:30:00+00:00
2025-09-05 14:00:00+00:00,long,EXECUTE,pullback_recovery,228057.0,2,3551.26,2025-09-05 14:45:00+00:00
2025-09-05 21:00:00+00:00,long,EXECUTE,pullback_recovery,228084.0,1,3594.52,2025-09-05 21:30:00+00:00
2025-09-08 08:00:00+00:00,long,EXECUTE,pullback_recovery,228125.0,2,3587.4,2025-09-08 08:45:00+00:00
2025-09-08 09:00:00+00:00,long,EXECUTE,pullback_recovery,228128.0,1,3594.28,2025-09-08 09:30:00+00:00
2025-09-08 15:00:00+00:00,long,EXECUTE,pullback_recovery,228154.0,3,3624.02,2025-09-08 16:00:00+00:00
2025-09-08 16:00:00+00:00,long,EXECUTE,pullback_recovery,228157.0,2,3631.59,2025-09-08 16:45:00+00:00
2025-09-08 18:00:00+00:00,long,EXECUTE,pullback_recovery,228166.0,3,3639.23,2025-09-08 19:00:00+00:00
2025-09-08 19:00:00+00:00,long,EXECUTE,pullback_recovery,228168.0,1,3641.12,2025-09-08 19:30:00+00:00
2025-09-08 20:00:00+00:00,long,EXECUTE,pullback_recovery,228174.0,3,3633.32,2025-09-08 21:00:00+00:00
2025-09-09 02:00:00+00:00,short,EXECUTE,pullback_recovery,228194.0,3,3634.83,2025-09-09 03:00:00+00:00
2025-09-09 04:00:00+00:00,short,EXECUTE,pullback_recovery,228202.0,3,3646.34,2025-09-09 05:00:00+00:00
2025-09-09 05:00:00+00:00,short,EXECUTE,pullback_recovery,228206.0,3,3647.44,2025-09-09 06:00:00+00:00
2025-09-09 08:00:00+00:00,long,EXECUTE,pullback_recovery,228216.0,1,3654.34,2025-09-09 08:30:00+00:00
2025-09-09 09:00:00+00:00,long,EXECUTE,pullback_recovery,228221.0,2,3649.37,2025-09-09 09:45:00+00:00
2025-09-09 10:00:00+00:00,long,EXECUTE,pullback_recovery,228226.0,3,3643.66,2025-09-09 11:00:00+00:00
2025-09-09 12:00:00+00:00,long,EXECUTE,pullback_recovery,228233.0,2,3654.04,2025-09-09 12:45:00+00:00
2025-09-09 16:00:00+00:00,long,EXECUTE,pullback_recovery,228248.0,1,3660.67,2025-09-09 16:30:00+00:00
2025-09-09 21:00:00+00:00,long,INVALIDATE,adverse_move_limit,,11,,
2025-09-10 05:00:00+00:00,long,EXECUTE,pullback_recovery,228297.0,2,3635.7,2025-09-10 05:45:00+00:00
2025-09-10 08:00:00+00:00,long,EXECUTE,pullback_recovery,228308.0,1,3643.97,2025-09-10 08:30:00+00:00
2025-09-10 09:00:00+00:00,long,EXECUTE,pullback_recovery,228313.0,2,3644.84,2025-09-10 09:45:00+00:00
2025-09-10 10:00:00+00:00,long,EXECUTE,pullback_recovery,228317.0,2,3644.85,2025-09-10 10:45:00+00:00
2025-09-10 12:00:00+00:00,short,EXECUTE,pullback_recovery,228326.0,3,3655.06,2025-09-10 13:00:00+00:00
2025-09-10 14:00:00+00:00,short,EXECUTE,pullback_recovery,228333.0,2,3649.07,2025-09-10 14:45:00+00:00
2025-09-10 21:00:00+00:00,long,EXECUTE,pullback_recovery,228362.0,3,3645.44,2025-09-10 22:00:00+00:00
2025-09-10 22:00:00+00:00,long,EXECUTE,pullback_recovery,228366.0,3,3642.09,2025-09-10 23:00:00+00:00
2025-09-10 23:00:00+00:00,long,EXECUTE,pullback_recovery,228370.0,3,3641.39,2025-09-11 01:00:00+00:00
2025-09-11 04:00:00+00:00,long,EXECUTE,pullback_recovery,228386.0,3,3640.81,2025-09-11 05:00:00+00:00
2025-09-11 05:00:00+00:00,long,EXECUTE,pullback_recovery,228390.0,3,3637.16,2025-09-11 06:00:00+00:00
2025-09-11 07:00:00+00:00,long,EXECUTE,pullback_recovery,228399.0,4,3630.31,2025-09-11 08:15:00+00:00
2025-09-11 08:00:00+00:00,long,EXECUTE,pullback_recovery,228402.0,3,3624.97,2025-09-11 09:00:00+00:00
2025-09-11 09:00:00+00:00,long,EXECUTE,pullback_recovery,228404.0,1,3633.37,2025-09-11 09:30:00+00:00
2025-09-11 10:00:00+00:00,long,EXECUTE,pullback_recovery,228409.0,2,3627.65,2025-09-11 10:45:00+00:00
2025-09-11 11:00:00+00:00,long,EXECUTE,pullback_recovery,228414.0,3,3626.01,2025-09-11 12:00:00+00:00
2025-09-11 12:00:00+00:00,long,EXECUTE,pullback_recovery,228417.0,2,3619.2,2025-09-11 12:45:00+00:00
2025-09-11 13:00:00+00:00,long,EXECUTE,pullback_recovery,228421.0,2,3622.4,2025-09-11 13:45:00+00:00
2025-09-11 14:00:00+00:00,long,EXECUTE,pullback_recovery,228426.0,3,3616.81,2025-09-11 15:00:00+00:00
2025-09-11 15:00:00+00:00,long,EXECUTE,pullback_recovery,228428.0,1,3623.21,2025-09-11 15:30:00+00:00
2025-09-12 07:00:00+00:00,long,EXECUTE,pullback_recovery,228488.0,1,3654.6,2025-09-12 07:30:00+00:00
2025-09-12 08:00:00+00:00,long,EXECUTE,pullback_recovery,228493.0,2,3654.73,2025-09-12 08:45:00+00:00
2025-09-12 09:00:00+00:00,long,EXECUTE,pullback_recovery,228496.0,1,3650.68,2025-09-12 09:30:00+00:00
2025-09-12 10:00:00+00:00,long,EXECUTE,pullback_recovery,228502.0,3,3648.12,2025-09-12 11:00:00+00:00
2025-09-12 11:00:00+00:00,long,EXECUTE,pullback_recovery,228506.0,3,3640.88,2025-09-12 12:00:00+00:00
2025-09-12 12:00:00+00:00,long,EXECUTE,pullback_recovery,228508.0,1,3646.18,2025-09-12 12:30:00+00:00
2025-09-12 13:00:00+00:00,long,EXECUTE,pullback_recovery,228512.0,1,3650.6,2025-09-12 13:30:00+00:00
2025-09-12 14:00:00+00:00,long,EXECUTE,pullback_recovery,228519.0,4,3645.81,2025-09-12 15:15:00+00:00
2025-09-15 09:00:00+00:00,long,EXECUTE,pullback_recovery,228591.0,4,3635.99,2025-09-15 10:15:00+00:00
2025-09-15 10:00:00+00:00,long,EXECUTE,pullback_recovery,228593.0,2,3641.17,2025-09-15 10:45:00+00:00
2025-09-15 11:00:00+00:00,long,EXECUTE,pullback_recovery,228598.0,3,3645.27,2025-09-15 12:00:00+00:00
2025-09-15 12:00:00+00:00,long,EXECUTE,pullback_recovery,228600.0,1,3640.26,2025-09-15 12:30:00+00:00
2025-09-15 13:00:00+00:00,long,EXECUTE,pullback_recovery,228606.0,3,3639.89,2025-09-15 14:00:00+00:00
2025-09-15 14:00:00+00:00,long,EXECUTE,pullback_recovery,228613.0,6,3644.72,2025-09-15 15:45:00+00:00
2025-09-16 08:00:00+00:00,short,EXECUTE,pullback_recovery,228677.0,2,3681.43,2025-09-16 08:45:00+00:00
2025-09-16 09:00:00+00:00,long,EXECUTE,pullback_recovery,228681.0,2,3689.71,2025-09-16 09:45:00+00:00
2025-09-16 10:00:00+00:00,long,INVALIDATE,max_wait_exceeded,,16,,
2025-09-16 11:00:00+00:00,long,EXECUTE,pullback_recovery,228689.0,2,3695.18,2025-09-16 11:45:00+00:00
2025-09-16 12:00:00+00:00,long,EXECUTE,pullback_recovery,228693.0,2,3696.22,2025-09-16 12:45:00+00:00
2025-09-16 13:00:00+00:00,short,EXECUTE,pullback_recovery,228697.0,2,3694.37,2025-09-16 13:45:00+00:00
2025-09-16 14:00:00+00:00,short,EXECUTE,pullback_recovery,228702.0,3,3697.16,2025-09-16 15:00:00+00:00
2025-09-17 02:00:00+00:00,short,EXECUTE,pullback_recovery,228744.0,1,3694.39,2025-09-17 02:30:00+00:00
2025-09-17 03:00:00+00:00,short,EXECUTE,pullback_recovery,228750.0,3,3691.12,2025-09-17 04:00:00+00:00
2025-09-17 07:00:00+00:00,short,EXECUTE,pullback_recovery,228764.0,1,3680.92,2025-09-17 07:30:00+00:00
2025-09-17 08:00:00+00:00,short,EXECUTE,pullback_recovery,228768.0,1,3680.67,2025-09-17 08:30:00+00:00
2025-09-17 09:00:00+00:00,short,EXECUTE,pullback_recovery,228772.0,1,3675.75,2025-09-17 09:30:00+00:00
2025-09-17 10:00:00+00:00,short,EXECUTE,pullback_recovery,228776.0,1,3667.47,2025-09-17 10:30:00+00:00
2025-09-17 11:00:00+00:00,long,EXECUTE,pullback_recovery,228780.0,1,3666.82,2025-09-17 11:30:00+00:00
2025-09-17 12:00:00+00:00,short,EXECUTE,pullback_recovery,228784.0,1,3668.56,2025-09-17 12:30:00+00:00
2025-09-17 13:00:00+00:00,long,EXECUTE,pullback_recovery,228790.0,3,3661.45,2025-09-17 14:00:00+00:00
2025-09-17 14:00:00+00:00,short,EXECUTE,pullback_recovery,228794.0,3,3665.94,2025-09-17 15:00:00+00:00
2025-09-17 15:00:00+00:00,short,EXECUTE,pullback_recovery,228799.0,4,3678.34,2025-09-17 16:15:00+00:00
2025-09-19 10:00:00+00:00,long,EXECUTE,pullback_recovery,228960.0,1,3652.73,2025-09-19 10:30:00+00:00
2025-09-19 11:00:00+00:00,short,EXECUTE,pullback_recovery,228966.0,3,3655.44,2025-09-19 12:00:00+00:00
2025-09-19 12:00:00+00:00,long,EXECUTE,pullback_recovery,228969.0,2,3657.45,2025-09-19 12:45:00+00:00
2025-09-22 07:00:00+00:00,long,EXECUTE,pullback_recovery,229041.0,2,3691.18,2025-09-22 07:45:00+00:00
2025-09-22 08:00:00+00:00,long,EXECUTE,pullback_recovery,229044.0,1,3696.12,2025-09-22 08:30:00+00:00
2025-09-22 09:00:00+00:00,long,EXECUTE,pullback_recovery,229049.0,2,3716.8,2025-09-22 09:45:00+00:00
2025-09-22 10:00:00+00:00,long,EXECUTE,pullback_recovery,229052.0,1,3713.29,2025-09-22 10:30:00+00:00
2025-09-22 11:00:00+00:00,long,EXECUTE,pullback_recovery,229057.0,2,3721.82,2025-09-22 11:45:00+00:00
2025-09-22 12:00:00+00:00,long,EXECUTE,pullback_recovery,229060.0,1,3725.18,2025-09-22 12:30:00+00:00
2025-09-22 13:00:00+00:00,long,EXECUTE,pullback_recovery,229064.0,1,3725.04,2025-09-22 13:30:00+00:00
2025-09-22 14:00:00+00:00,long,EXECUTE,pullback_recovery,229070.0,3,3724.51,2025-09-22 15:00:00+00:00
2025-09-22 15:00:00+00:00,long,EXECUTE,pullback_recovery,229074.0,3,3721.51,2025-09-22 16:00:00+00:00
2025-09-23 08:00:00+00:00,long,EXECUTE,pullback_recovery,229136.0,1,3749.87,2025-09-23 08:30:00+00:00
2025-09-23 09:00:00+00:00,long,EXECUTE,pullback_recovery,229141.0,2,3752.77,2025-09-23 09:45:00+00:00
2025-09-23 10:00:00+00:00,long,EXECUTE,pullback_recovery,229144.0,1,3754.78,2025-09-23 10:30:00+00:00
2025-09-23 11:00:00+00:00,long,INVALIDATE,adverse_move_limit,,0,,
2025-09-23 12:00:00+00:00,long,EXECUTE,pullback_recovery,229152.0,1,3786.75,2025-09-23 12:30:00+00:00
2025-09-23 13:00:00+00:00,long,EXECUTE,pullback_recovery,229156.0,1,3782.39,2025-09-23 13:30:00+00:00
2025-09-23 14:00:00+00:00,long,EXECUTE,pullback_recovery,229160.0,1,3788.06,2025-09-23 14:30:00+00:00
2025-09-23 15:00:00+00:00,long,EXECUTE,pullback_recovery,229164.0,1,3781.14,2025-09-23 15:30:00+00:00
2025-09-24 14:00:00+00:00,long,EXECUTE,pullback_recovery,229253.0,2,3768.2,2025-09-24 14:45:00+00:00
2025-09-25 08:00:00+00:00,long,EXECUTE,pullback_recovery,229320.0,1,3736.22,2025-09-25 08:30:00+00:00
2025-09-25 09:00:00+00:00,long,EXECUTE,pullback_recovery,229326.0,3,3740.93,2025-09-25 10:00:00+00:00
2025-09-26 12:00:00+00:00,long,EXECUTE,pullback_recovery,229430.0,3,3751.28,2025-09-26 13:00:00+00:00
2025-09-26 13:00:00+00:00,long,EXECUTE,pullback_recovery,229434.0,3,3744.57,2025-09-26 14:00:00+00:00
2025-09-26 14:00:00+00:00,long,EXECUTE,pullback_recovery,229436.0,1,3751.02,2025-09-26 14:30:00+00:00
2025-09-30 07:00:00+00:00,long,EXECUTE,pullback_recovery,229594.0,3,3866.83,2025-09-30 08:00:00+00:00
2025-09-30 08:00:00+00:00,long,EXECUTE,pullback_recovery,229597.0,2,3868.6,2025-09-30 08:45:00+00:00
2025-10-01 12:00:00+00:00,long,EXECUTE,pullback_recovery,229705.0,2,3888.55,2025-10-01 12:45:00+00:00
2025-10-01 13:00:00+00:00,long,EXECUTE,pullback_recovery,229709.0,2,3887.21,2025-10-01 13:45:00+00:00
2025-10-01 14:00:00+00:00,long,EXECUTE,pullback_recovery,229713.0,2,3881.76,2025-10-01 14:45:00+00:00
2025-10-02 12:00:00+00:00,long,EXECUTE,pullback_recovery,229797.0,2,3877.63,2025-10-02 12:45:00+00:00
2025-10-02 13:00:00+00:00,long,EXECUTE,pullback_recovery,229800.0,1,3882.27,2025-10-02 13:30:00+00:00
2025-10-03 06:00:00+00:00,long,EXECUTE,pullback_recovery,229865.0,2,3840.54,2025-10-03 06:45:00+00:00
2025-10-03 12:00:00+00:00,long,EXECUTE,pullback_recovery,229890.0,3,3864.19,2025-10-03 13:00:00+00:00
2025-10-03 13:00:00+00:00,long,EXECUTE,pullback_recovery,229893.0,2,3865.3,2025-10-03 13:45:00+00:00
2025-10-03 14:00:00+00:00,long,EXECUTE,pullback_recovery,229897.0,2,3859.95,2025-10-03 14:45:00+00:00
2025-10-03 15:00:00+00:00,long,EXECUTE,pullback_recovery,229901.0,2,3870.59,2025-10-03 15:45:00+00:00
2025-10-07 08:00:00+00:00,long,EXECUTE,pullback_recovery,230056.0,1,3963.32,2025-10-07 08:30:00+00:00
2025-10-07 09:00:00+00:00,long,EXECUTE,pullback_recovery,230062.0,3,3955.05,2025-10-07 10:00:00+00:00
2025-10-07 11:00:00+00:00,short,EXECUTE,pullback_recovery,230068.0,1,3950.41,2025-10-07 11:30:00+00:00
2025-10-07 12:00:00+00:00,long,EXECUTE,pullback_recovery,230075.0,4,3956.71,2025-10-07 13:15:00+00:00
2025-10-08 07:00:00+00:00,long,EXECUTE,pullback_recovery,230146.0,3,4026.77,2025-10-08 08:00:00+00:00
2025-10-08 08:00:00+00:00,long,EXECUTE,pullback_recovery,230150.0,3,4029.08,2025-10-08 09:00:00+00:00
2025-10-08 09:00:00+00:00,long,EXECUTE,pullback_recovery,230152.0,1,4026.36,2025-10-08 09:30:00+00:00
2025-10-08 10:00:00+00:00,long,EXECUTE,pullback_recovery,230156.0,1,4036.09,2025-10-08 10:30:00+00:00
2025-10-08 11:00:00+00:00,long,EXECUTE,pullback_recovery,230160.0,1,4038.03,2025-10-08 11:30:00+00:00
2025-10-08 12:00:00+00:00,long,INVALIDATE,adverse_move_limit,,1,,
2025-10-08 13:00:00+00:00,long,EXECUTE,pullback_recovery,230169.0,2,4036.98,2025-10-08 13:45:00+00:00
2025-10-08 14:00:00+00:00,long,EXECUTE,pullback_recovery,230174.0,3,4037.9,2025-10-08 15:00:00+00:00
2025-10-08 15:00:00+00:00,long,EXECUTE,pullback_recovery,230176.0,1,4040.18,2025-10-08 15:30:00+00:00
2025-10-16 10:00:00+00:00,short,EXECUTE,pullback_recovery,230709.0,2,4230.28,2025-10-16 10:45:00+00:00
2025-10-16 11:00:00+00:00,short,EXECUTE,pullback_recovery,230712.0,1,4231.54,2025-10-16 11:30:00+00:00
2025-10-16 12:00:00+00:00,short,EXECUTE,pullback_recovery,230718.0,3,4239.18,2025-10-16 13:00:00+00:00
2025-10-20 11:00:00+00:00,long,EXECUTE,pullback_recovery,230897.0,2,4258.93,2025-10-20 11:45:00+00:00
2025-10-20 12:00:00+00:00,long,EXECUTE,pullback_recovery,230901.0,2,4258.26,2025-10-20 12:45:00+00:00
2025-10-20 13:00:00+00:00,long,EXECUTE,pullback_recovery,230904.0,1,4255.89,2025-10-20 13:30:00+00:00
2025-10-20 14:00:00+00:00,long,EXECUTE,pullback_recovery,230910.0,3,4279.1,2025-10-20 15:00:00+00:00
2025-10-20 15:00:00+00:00,long,INVALIDATE,adverse_move_limit,,0,,
2025-10-21 08:00:00+00:00,long,EXECUTE,pullback_recovery,230977.0,2,4322.78,2025-10-21 08:45:00+00:00
2025-10-21 09:00:00+00:00,long,EXECUTE,pullback_recovery,230981.0,2,4337.53,2025-10-21 09:45:00+00:00
2025-10-21 10:00:00+00:00,long,EXECUTE,pullback_recovery,230985.0,2,4300.87,2025-10-21 10:45:00+00:00
2025-10-21 11:00:00+00:00,long,EXECUTE,pullback_recovery,230988.0,1,4267.45,2025-10-21 11:30:00+00:00
2025-10-21 12:00:00+00:00,long,EXECUTE,pullback_recovery,230992.0,1,4270.88,2025-10-21 12:30:00+00:00
2025-10-21 13:00:00+00:00,long,EXECUTE,pullback_recovery,230996.0,1,4264.42,2025-10-21 13:30:00+00:00
2025-10-24 07:00:00+00:00,long,EXECUTE,pullback_recovery,231250.0,3,4111.71,2025-10-24 08:00:00+00:00
2025-10-24 09:00:00+00:00,long,EXECUTE,pullback_recovery,231256.0,1,4089.59,2025-10-24 09:30:00+00:00
2025-10-24 10:00:00+00:00,long,EXECUTE,pullback_recovery,231262.0,3,4074.14,2025-10-24 11:00:00+00:00
2025-10-27 07:00:00+00:00,long,EXECUTE,pullback_recovery,231344.0,1,4081.57,2025-10-27 07:30:00+00:00
2025-10-27 08:00:00+00:00,long,EXECUTE,pullback_recovery,231350.0,3,4077.99,2025-10-27 09:00:00+00:00
2025-10-27 09:00:00+00:00,long,EXECUTE,pullback_recovery,231352.0,1,4068.17,2025-10-27 09:30:00+00:00
2025-10-27 13:00:00+00:00,short,EXECUTE,pullback_recovery,231369.0,2,4020.31,2025-10-27 13:45:00+00:00
2025-10-27 14:00:00+00:00,short,EXECUTE,pullback_recovery,231375.0,4,4039.57,2025-10-27 15:15:00+00:00
2025-10-28 15:00:00+00:00,long,EXECUTE,pullback_recovery,231468.0,1,3932.4,2025-10-28 15:30:00+00:00
2025-10-29 07:00:00+00:00,long,EXECUTE,pullback_recovery,231529.0,2,3964.72,2025-10-29 07:45:00+00:00
2025-10-29 08:00:00+00:00,long,EXECUTE,pullback_recovery,231533.0,2,3980.87,2025-10-29 08:45:00+00:00
2025-10-29 09:00:00+00:00,long,EXECUTE,pullback_recovery,231538.0,3,4001.23,2025-10-29 10:00:00+00:00
2025-10-29 10:00:00+00:00,long,EXECUTE,pullback_recovery,231542.0,3,4016.6,2025-10-29 11:00:00+00:00
2025-10-29 11:00:00+00:00,long,EXECUTE,pullback_recovery,231546.0,3,4023.82,2025-10-29 12:00:00+00:00
2025-10-29 12:00:00+00:00,long,EXECUTE,pullback_recovery,231548.0,1,4024.39,2025-10-29 12:30:00+00:00
2025-10-29 13:00:00+00:00,long,EXECUTE,pullback_recovery,231553.0,2,4017.82,2025-10-29 13:45:00+00:00
2025-10-29 14:00:00+00:00,long,EXECUTE,pullback_recovery,231556.0,1,4026.12,2025-10-29 14:30:00+00:00
2025-10-29 15:00:00+00:00,long,EXECUTE,pullback_recovery,231562.0,3,4012.23,2025-10-29 16:00:00+00:00
2025-10-29 16:00:00+00:00,long,EXECUTE,pullback_recovery,231567.0,4,4009.39,2025-10-29 17:15:00+00:00
2025-10-31 07:00:00+00:00,long,EXECUTE,pullback_recovery,231712.0,1,4001.77,2025-10-31 07:30:00+00:00
2025-10-31 08:00:00+00:00,long,EXECUTE,pullback_recovery,231717.0,2,4010.14,2025-10-31 08:45:00+00:00
2025-10-31 09:00:00+00:00,long,EXECUTE,pullback_recovery,231720.0,1,4023.0,2025-10-31 09:30:00+00:00
2025-10-31 10:00:00+00:00,long,EXECUTE,pullback_recovery,231726.0,3,4010.22,2025-10-31 11:00:00+00:00
2025-10-31 11:00:00+00:00,long,EXECUTE,pullback_recovery,231730.0,3,4008.27,2025-10-31 12:00:00+00:00
2025-10-31 12:00:00+00:00,long,EXECUTE,pullback_recovery,231734.0,3,4007.33,2025-10-31 13:00:00+00:00
2025-10-31 13:00:00+00:00,long,EXECUTE,pullback_recovery,231737.0,2,4008.61,2025-10-31 13:45:00+00:00
2025-10-31 14:00:00+00:00,long,EXECUTE,pullback_recovery,231740.0,1,4019.34,2025-10-31 14:30:00+00:00
2025-10-31 15:00:00+00:00,long,EXECUTE,pullback_recovery,231745.0,2,4015.76,2025-10-31 15:45:00+00:00
2025-11-03 07:00:00+00:00,long,EXECUTE,pullback_recovery,231800.0,1,4011.76,2025-11-03 07:30:00+00:00
2025-11-03 08:00:00+00:00,long,EXECUTE,pullback_recovery,231804.0,1,4016.26,2025-11-03 08:30:00+00:00
2025-11-03 09:00:00+00:00,long,EXECUTE,pullback_recovery,231809.0,2,4021.89,2025-11-03 09:45:00+00:00
2025-11-03 10:00:00+00:00,long,EXECUTE,pullback_recovery,231813.0,2,4016.59,2025-11-03 10:45:00+00:00
2025-11-03 11:00:00+00:00,long,EXECUTE,pullback_recovery,231818.0,3,4000.47,2025-11-03 12:00:00+00:00
2025-11-03 12:00:00+00:00,long,EXECUTE,pullback_recovery,231820.0,1,3997.51,2025-11-03 12:30:00+00:00
2025-11-03 13:00:00+00:00,long,EXECUTE,pullback_recovery,231824.0,1,4006.3,2025-11-03 13:30:00+00:00
2025-11-03 14:00:00+00:00,long,EXECUTE,pullback_recovery,231830.0,3,4013.39,2025-11-03 15:00:00+00:00
2025-11-03 15:00:00+00:00,long,EXECUTE,pullback_recovery,231833.0,2,4017.19,2025-11-03 15:45:00+00:00
2025-11-04 07:00:00+00:00,long,EXECUTE,pullback_recovery,231895.0,4,3974.5,2025-11-04 08:15:00+00:00
2025-11-04 08:00:00+00:00,long,EXECUTE,pullback_recovery,231897.0,2,3979.42,2025-11-04 08:45:00+00:00
2025-11-04 09:00:00+00:00,long,EXECUTE,pullback_recovery,231900.0,1,3993.7,2025-11-04 09:30:00+00:00
2025-11-04 13:00:00+00:00,long,EXECUTE,pullback_recovery,231916.0,1,3994.19,2025-11-04 13:30:00+00:00
2025-11-04 14:00:00+00:00,long,EXECUTE,pullback_recovery,231922.0,3,3984.71,2025-11-04 15:00:00+00:00
2025-11-04 15:00:00+00:00,long,EXECUTE,pullback_recovery,231926.0,3,3975.68,2025-11-04 16:00:00+00:00
2025-11-06 13:00:00+00:00,long,EXECUTE,pullback_recovery,232101.0,2,4015.78,2025-11-06 13:45:00+00:00
2025-11-10 08:00:00+00:00,long,EXECUTE,pullback_recovery,232264.0,1,4072.83,2025-11-10 08:30:00+00:00
2025-11-10 09:00:00+00:00,long,EXECUTE,pullback_recovery,232268.0,1,4075.55,2025-11-10 09:30:00+00:00
2025-11-10 10:00:00+00:00,long,EXECUTE,pullback_recovery,232272.0,1,4080.21,2025-11-10 10:30:00+00:00
2025-11-10 11:00:00+00:00,long,EXECUTE,pullback_recovery,232276.0,1,4079.81,2025-11-10 11:30:00+00:00
2025-11-10 12:00:00+00:00,long,EXECUTE,pullback_recovery,232282.0,3,4080.8,2025-11-10 13:00:00+00:00
2025-11-10 13:00:00+00:00,long,EXECUTE,pullback_recovery,232285.0,2,4082.54,2025-11-10 13:45:00+00:00
2025-11-10 14:00:00+00:00,short,EXECUTE,pullback_recovery,232290.0,3,4097.53,2025-11-10 15:00:00+00:00
2025-11-10 15:00:00+00:00,long,EXECUTE,pullback_recovery,232294.0,3,4091.59,2025-11-10 16:00:00+00:00
2025-11-11 07:00:00+00:00,long,EXECUTE,pullback_recovery,232353.0,2,4129.66,2025-11-11 07:45:00+00:00
2025-11-11 08:00:00+00:00,long,EXECUTE,pullback_recovery,232357.0,2,4129.16,2025-11-11 08:45:00+00:00
2025-11-11 09:00:00+00:00,long,EXECUTE,pullback_recovery,232360.0,1,4131.1,2025-11-11 09:30:00+00:00
2025-11-11 10:00:00+00:00,long,EXECUTE,pullback_recovery,232364.0,1,4134.58,2025-11-11 10:30:00+00:00
2025-11-11 11:00:00+00:00,long,EXECUTE,pullback_recovery,232368.0,1,4143.69,2025-11-11 11:30:00+00:00
2025-11-11 12:00:00+00:00,long,EXECUTE,pullback_recovery,232372.0,1,4142.02,2025-11-11 12:30:00+00:00
2025-11-11 13:00:00+00:00,long,EXECUTE,pullback_recovery,232376.0,1,4141.31,2025-11-11 13:30:00+00:00
2025-11-11 14:00:00+00:00,long,EXECUTE,pullback_recovery,232382.0,3,4134.32,2025-11-11 15:00:00+00:00
2025-11-11 15:00:00+00:00,long,EXECUTE,pullback_recovery,232384.0,1,4141.44,2025-11-11 15:30:00+00:00
2025-11-12 07:00:00+00:00,long,EXECUTE,pullback_recovery,232445.0,2,4105.04,2025-11-12 07:45:00+00:00
2025-11-12 08:00:00+00:00,short,EXECUTE,pullback_recovery,232453.0,6,4114.14,2025-11-12 09:45:00+00:00
2025-11-12 09:00:00+00:00,short,EXECUTE,pullback_recovery,232453.0,2,4114.14,2025-11-12 09:45:00+00:00
2025-11-12 13:00:00+00:00,short,EXECUTE,pullback_recovery,232468.0,1,4124.21,2025-11-12 13:30:00+00:00
2025-11-12 14:00:00+00:00,short,EXECUTE,pullback_recovery,232473.0,2,4134.34,2025-11-12 14:45:00+00:00
2025-11-13 08:00:00+00:00,long,EXECUTE,pullback_recovery,232540.0,1,4209.05,2025-11-13 08:30:00+00:00
2025-11-13 09:00:00+00:00,long,EXECUTE,pullback_recovery,232544.0,1,4216.19,2025-11-13 09:30:00+00:00
2025-11-13 10:00:00+00:00,long,EXECUTE,pullback_recovery,232548.0,1,4237.3,2025-11-13 10:30:00+00:00
2025-11-13 11:00:00+00:00,long,EXECUTE,pullback_recovery,232554.0,3,4233.02,2025-11-13 12:00:00+00:00
2025-11-13 12:00:00+00:00,long,EXECUTE,pullback_recovery,232558.0,3,4225.41,2025-11-13 13:00:00+00:00
2025-11-13 13:00:00+00:00,long,EXECUTE,pullback_recovery,232561.0,2,4231.81,2025-11-13 13:45:00+00:00
2025-11-13 14:00:00+00:00,long,EXECUTE,pullback_recovery,232566.0,3,4242.48,2025-11-13 15:00:00+00:00
2025-11-13 15:00:00+00:00,long,EXECUTE,pullback_recovery,232568.0,1,4235.34,2025-11-13 15:30:00+00:00
2025-11-19 09:00:00+00:00,short,EXECUTE,pullback_recovery,232912.0,1,4088.37,2025-11-19 09:30:00+00:00
2025-11-19 10:00:00+00:00,short,EXECUTE,pullback_recovery,232917.0,2,4081.48,2025-11-19 10:45:00+00:00
2025-11-24 09:00:00+00:00,long,EXECUTE,pullback_recovery,233189.0,2,4063.69,2025-11-24 09:45:00+00:00
2025-11-24 10:00:00+00:00,long,EXECUTE,pullback_recovery,233192.0,1,4062.73,2025-11-24 10:30:00+00:00
2025-11-24 11:00:00+00:00,long,EXECUTE,pullback_recovery,233197.0,2,4070.16,2025-11-24 11:45:00+00:00
2025-11-24 12:00:00+00:00,long,INVALIDATE,max_wait_exceeded,,16,,
2025-11-24 13:00:00+00:00,long,EXECUTE,pullback_recovery,233204.0,1,4070.24,2025-11-24 13:30:00+00:00
2025-11-24 14:00:00+00:00,long,EXECUTE,pullback_recovery,233209.0,2,4078.96,2025-11-24 14:45:00+00:00
2025-11-24 15:00:00+00:00,long,EXECUTE,pullback_recovery,233213.0,2,4077.29,2025-11-24 15:45:00+00:00
2025-11-25 14:00:00+00:00,long,EXECUTE,pullback_recovery,233302.0,3,4129.64,2025-11-25 15:00:00+00:00
2025-11-25 18:00:00+00:00,long,EXECUTE,pullback_recovery,233316.0,1,4140.34,2025-11-25 18:30:00+00:00
2025-11-26 08:00:00+00:00,long,EXECUTE,pullback_recovery,233369.0,2,4150.72,2025-11-26 08:45:00+00:00
2025-11-26 09:00:00+00:00,long,EXECUTE,pullback_recovery,233373.0,2,4155.15,2025-11-26 09:45:00+00:00
2025-11-26 10:00:00+00:00,long,EXECUTE,pullback_recovery,233378.0,3,4161.07,2025-11-26 11:00:00+00:00
2025-11-26 11:00:00+00:00,long,EXECUTE,pullback_recovery,233380.0,1,4162.69,2025-11-26 11:30:00+00:00
2025-11-26 13:00:00+00:00,long,EXECUTE,pullback_recovery,233389.0,2,4170.97,2025-11-26 13:45:00+00:00
2025-11-26 14:00:00+00:00,long,EXECUTE,pullback_recovery,233394.0,3,4155.21,2025-11-26 15:00:00+00:00
2025-11-26 15:00:00+00:00,long,EXECUTE,pullback_recovery,233398.0,3,4153.22,2025-11-26 16:00:00+00:00
2025-11-27 07:00:00+00:00,long,EXECUTE,pullback_recovery,233458.0,3,4147.12,2025-11-27 08:00:00+00:00
2025-11-27 08:00:00+00:00,short,EXECUTE,pullback_recovery,233461.0,2,4153.64,2025-11-27 08:45:00+00:00
2025-11-27 09:00:00+00:00,long,EXECUTE,pullback_recovery,233465.0,2,4158.68,2025-11-27 09:45:00+00:00
2025-11-27 10:00:00+00:00,long,EXECUTE,pullback_recovery,233468.0,1,4164.84,2025-11-27 10:30:00+00:00
2025-11-27 11:00:00+00:00,long,EXECUTE,pullback_recovery,233472.0,1,4154.75,2025-11-27 11:30:00+00:00
2025-11-27 12:00:00+00:00,long,EXECUTE,pullback_recovery,233478.0,3,4156.31,2025-11-27 13:00:00+00:00
2025-11-27 13:00:00+00:00,long,EXECUTE,pullback_recovery,233480.0,1,4158.79,2025-11-27 13:30:00+00:00
2025-11-27 14:00:00+00:00,long,EXECUTE,pullback_recovery,233488.0,5,4152.33,2025-11-27 15:30:00+00:00
2025-11-27 15:00:00+00:00,long,EXECUTE,pullback_recovery,233488.0,1,4152.33,2025-11-27 15:30:00+00:00
2025-11-28 07:00:00+00:00,long,EXECUTE,pullback_recovery,233534.0,1,4184.92,2025-11-28 07:30:00+00:00
2025-11-28 08:00:00+00:00,long,EXECUTE,pullback_recovery,233538.0,1,4184.8,2025-11-28 08:30:00+00:00
2025-11-28 09:00:00+00:00,long,INVALIDATE,adverse_move_limit,,3,,
2025-11-28 10:00:00+00:00,long,EXECUTE,pullback_recovery,233546.0,1,4164.89,2025-11-28 10:30:00+00:00
2025-11-28 11:00:00+00:00,long,EXECUTE,pullback_recovery,233550.0,1,4165.19,2025-11-28 11:30:00+00:00
2025-11-28 12:00:00+00:00,long,EXECUTE,pullback_recovery,233555.0,2,4165.51,2025-11-28 12:45:00+00:00
2025-11-28 13:00:00+00:00,short,EXECUTE,pullback_recovery,233558.0,1,4173.99,2025-11-28 13:30:00+00:00
2025-11-28 14:00:00+00:00,short,EXECUTE,pullback_recovery,233562.0,1,4174.08,2025-11-28 14:30:00+00:00
2025-12-02 08:00:00+00:00,long,EXECUTE,pullback_recovery,233710.0,2,4209.06,2025-12-02 08:45:00+00:00
2025-12-02 09:00:00+00:00,long,EXECUTE,pullback_recovery,233715.0,3,4213.47,2025-12-02 10:00:00+00:00
2025-12-02 10:00:00+00:00,long,EXECUTE,pullback_recovery,233720.0,4,4207.91,2025-12-02 11:15:00+00:00
2025-12-02 11:00:00+00:00,long,EXECUTE,pullback_recovery,233722.0,2,4190.3,2025-12-02 11:45:00+00:00
2025-12-02 12:00:00+00:00,long,EXECUTE,pullback_recovery,233725.0,1,4186.31,2025-12-02 12:30:00+00:00
2025-12-02 13:00:00+00:00,long,EXECUTE,pullback_recovery,233729.0,1,4196.81,2025-12-02 13:30:00+00:00
2025-12-02 15:00:00+00:00,long,EXECUTE,pullback_recovery,233739.0,3,4212.26,2025-12-02 16:00:00+00:00
2025-12-02 16:00:00+00:00,long,EXECUTE,pullback_recovery,233742.0,2,4217.83,2025-12-02 16:45:00+00:00
2025-12-03 07:00:00+00:00,long,EXECUTE,pullback_recovery,233798.0,2,4207.01,2025-12-03 07:45:00+00:00
2025-12-03 08:00:00+00:00,long,EXECUTE,pullback_recovery,233801.0,1,4208.96,2025-12-03 08:30:00+00:00
2025-12-03 09:00:00+00:00,long,EXECUTE,pullback_recovery,233806.0,2,4205.83,2025-12-03 09:45:00+00:00
2025-12-05 08:00:00+00:00,long,EXECUTE,pullback_recovery,233991.0,7,4224.3,2025-12-05 10:00:00+00:00
2025-12-05 09:00:00+00:00,long,EXECUTE,pullback_recovery,233991.0,3,4224.3,2025-12-05 10:00:00+00:00
2025-12-05 10:00:00+00:00,long,EXECUTE,pullback_recovery,233997.0,5,4221.01,2025-12-05 11:30:00+00:00
2025-12-05 11:00:00+00:00,long,EXECUTE,pullback_recovery,233997.0,1,4221.01,2025-12-05 11:30:00+00:00
2025-12-05 12:00:00+00:00,long,EXECUTE,pullback_recovery,234004.0,4,4224.1,2025-12-05 13:15:00+00:00
2025-12-05 13:00:00+00:00,long,EXECUTE,pullback_recovery,234006.0,2,4222.93,2025-12-05 13:45:00+00:00
2025-12-05 14:00:00+00:00,long,EXECUTE,pullback_recovery,234011.0,3,4228.72,2025-12-05 15:00:00+00:00
2025-12-05 15:00:00+00:00,long,EXECUTE,pullback_recovery,234013.0,1,4232.94,2025-12-05 15:30:00+00:00
2025-12-05 16:00:00+00:00,long,EXECUTE,pullback_recovery,234018.0,2,4236.0,2025-12-05 16:45:00+00:00
2025-12-08 12:00:00+00:00,long,EXECUTE,pullback_recovery,234094.0,2,4206.16,2025-12-08 12:45:00+00:00
2025-12-08 13:00:00+00:00,long,EXECUTE,pullback_recovery,234097.0,1,4209.45,2025-12-08 13:30:00+00:00
2025-12-09 08:00:00+00:00,long,EXECUTE,pullback_recovery,234169.0,1,4178.39,2025-12-09 08:30:00+00:00
2025-12-09 09:00:00+00:00,long,EXECUTE,pullback_recovery,234175.0,3,4182.15,2025-12-09 10:00:00+00:00
2025-12-09 10:00:00+00:00,long,EXECUTE,pullback_recovery,234178.0,2,4190.71,2025-12-09 10:45:00+00:00
2025-12-10 07:00:00+00:00,long,EXECUTE,pullback_recovery,234258.0,2,4211.91,2025-12-10 07:45:00+00:00
2025-12-10 08:00:00+00:00,long,EXECUTE,pullback_recovery,234261.0,1,4207.17,2025-12-10 08:30:00+00:00
2025-12-10 09:00:00+00:00,long,EXECUTE,pullback_recovery,234268.0,4,4202.31,2025-12-10 10:15:00+00:00
2025-12-10 10:00:00+00:00,long,EXECUTE,pullback_recovery,234271.0,3,4197.84,2025-12-10 11:00:00+00:00
2025-12-10 11:00:00+00:00,long,EXECUTE,pullback_recovery,234275.0,3,4194.07,2025-12-10 12:00:00+00:00
2025-12-10 12:00:00+00:00,long,EXECUTE,pullback_recovery,234278.0,2,4193.85,2025-12-10 12:45:00+00:00
2025-12-10 13:00:00+00:00,long,EXECUTE,pullback_recovery,234283.0,3,4197.12,2025-12-10 14:00:00+00:00
2025-12-10 14:00:00+00:00,long,EXECUTE,pullback_recovery,234287.0,3,4196.2,2025-12-10 15:00:00+00:00
2025-12-10 15:00:00+00:00,long,EXECUTE,pullback_recovery,234289.0,1,4197.84,2025-12-10 15:30:00+00:00
2025-12-10 16:00:00+00:00,long,EXECUTE,pullback_recovery,234294.0,2,4197.53,2025-12-10 16:45:00+00:00
2025-12-10 17:00:00+00:00,long,EXECUTE,pullback_recovery,234297.0,1,4196.47,2025-12-10 17:30:00+00:00
2025-12-11 10:00:00+00:00,long,EXECUTE,pullback_recovery,234362.0,2,4217.25,2025-12-11 10:45:00+00:00
2025-12-11 11:00:00+00:00,long,EXECUTE,pullback_recovery,234366.0,2,4217.6,2025-12-11 11:45:00+00:00
2025-12-11 12:00:00+00:00,long,EXECUTE,pullback_recovery,234370.0,2,4215.09,2025-12-11 12:45:00+00:00
2025-12-11 14:00:00+00:00,long,EXECUTE,pullback_recovery,234377.0,1,4217.85,2025-12-11 14:30:00+00:00
2025-12-11 15:00:00+00:00,long,EXECUTE,pullback_recovery,234382.0,2,4219.45,2025-12-11 15:45:00+00:00
2025-12-12 09:00:00+00:00,long,EXECUTE,pullback_recovery,234449.0,1,4285.68,2025-12-12 09:30:00+00:00
2025-12-12 11:00:00+00:00,short,EXECUTE,pullback_recovery,234459.0,3,4318.19,2025-12-12 12:00:00+00:00
2025-12-12 12:00:00+00:00,short,EXECUTE,pullback_recovery,234463.0,3,4329.76,2025-12-12 13:00:00+00:00
2025-12-12 15:00:00+00:00,long,EXECUTE,pullback_recovery,234474.0,2,4339.74,2025-12-12 15:45:00+00:00
2025-12-15 11:00:00+00:00,long,EXECUTE,pullback_recovery,234552.0,4,4343.42,2025-12-15 12:15:00+00:00
2025-12-16 08:00:00+00:00,short,EXECUTE,pullback_recovery,234631.0,3,4288.98,2025-12-16 09:00:00+00:00
2025-12-16 09:00:00+00:00,short,EXECUTE,pullback_recovery,234636.0,4,4281.47,2025-12-16 10:15:00+00:00
2025-12-16 11:00:00+00:00,short,EXECUTE,pullback_recovery,234641.0,1,4281.62,2025-12-16 11:30:00+00:00
2025-12-17 12:00:00+00:00,long,EXECUTE,pullback_recovery,234738.0,2,4314.88,2025-12-17 12:45:00+00:00
2025-12-17 15:00:00+00:00,long,EXECUTE,pullback_recovery,234750.0,2,4338.14,2025-12-17 15:45:00+00:00
2025-12-18 07:00:00+00:00,long,EXECUTE,pullback_recovery,234811.0,3,4333.03,2025-12-18 08:00:00+00:00
2025-12-18 08:00:00+00:00,long,EXECUTE,pullback_recovery,234813.0,1,4333.19,2025-12-18 08:30:00+00:00
2025-12-18 09:00:00+00:00,long,EXECUTE,pullback_recovery,234817.0,1,4334.79,2025-12-18 09:30:00+00:00
2025-12-18 10:00:00+00:00,long,EXECUTE,pullback_recovery,234821.0,1,4327.13,2025-12-18 10:30:00+00:00
2025-12-18 11:00:00+00:00,long,EXECUTE,pullback_recovery,234826.0,2,4324.29,2025-12-18 11:45:00+00:00
2025-12-18 12:00:00+00:00,long,EXECUTE,pullback_recovery,234830.0,2,4327.0,2025-12-18 12:45:00+00:00
2025-12-18 13:00:00+00:00,long,EXECUTE,pullback_recovery,234835.0,3,4325.36,2025-12-18 14:00:00+00:00
2025-12-18 14:00:00+00:00,long,EXECUTE,pullback_recovery,234837.0,1,4319.11,2025-12-18 14:30:00+00:00
2025-12-18 15:00:00+00:00,long,INVALIDATE,adverse_move_limit,,0,,
2025-12-19 12:00:00+00:00,long,EXECUTE,pullback_recovery,234922.0,2,4327.1,2025-12-19 12:45:00+00:00
2025-12-19 13:00:00+00:00,long,EXECUTE,pullback_recovery,234925.0,1,4327.11,2025-12-19 13:30:00+00:00
2025-12-19 14:00:00+00:00,long,EXECUTE,pullback_recovery,234929.0,1,4325.43,2025-12-19 14:30:00+00:00
2025-12-19 15:00:00+00:00,long,EXECUTE,pullback_recovery,234933.0,1,4334.73,2025-12-19 15:30:00+00:00
2025-12-22 07:00:00+00:00,long,EXECUTE,pullback_recovery,234993.0,1,4404.74,2025-12-22 07:30:00+00:00
2025-12-22 08:00:00+00:00,long,INVALIDATE,adverse_move_limit,,0,,
2025-12-22 09:00:00+00:00,long,EXECUTE,pullback_recovery,235001.0,1,4415.61,2025-12-22 09:30:00+00:00
2025-12-22 10:00:00+00:00,long,EXECUTE,pullback_recovery,235006.0,2,4409.89,2025-12-22 10:45:00+00:00
2025-12-22 11:00:00+00:00,long,EXECUTE,pullback_recovery,235014.0,6,4408.97,2025-12-22 12:45:00+00:00
2025-12-22 12:00:00+00:00,long,EXECUTE,pullback_recovery,235014.0,2,4408.97,2025-12-22 12:45:00+00:00
2025-12-22 13:00:00+00:00,long,EXECUTE,pullback_recovery,235018.0,2,4410.16,2025-12-22 13:45:00+00:00
2025-12-23 08:00:00+00:00,long,EXECUTE,pullback_recovery,235091.0,3,4481.25,2025-12-23 09:00:00+00:00
2025-12-23 09:00:00+00:00,long,EXECUTE,pullback_recovery,235093.0,1,4483.9,2025-12-23 09:30:00+00:00
2025-12-23 10:00:00+00:00,long,EXECUTE,pullback_recovery,235098.0,2,4491.8,2025-12-23 10:45:00+00:00
2025-12-23 11:00:00+00:00,long,EXECUTE,pullback_recovery,235101.0,1,4483.02,2025-12-23 11:30:00+00:00
2025-12-23 12:00:00+00:00,long,EXECUTE,pullback_recovery,235105.0,1,4485.68,2025-12-23 12:30:00+00:00
2025-12-23 13:00:00+00:00,long,EXECUTE,pullback_recovery,235110.0,2,4488.36,2025-12-23 13:45:00+00:00
2025-12-24 13:00:00+00:00,long,EXECUTE,pullback_recovery,235202.0,2,4487.9,2025-12-24 13:45:00+00:00
2025-12-26 11:00:00+00:00,long,EXECUTE,pullback_recovery,235278.0,7,4514.31,2025-12-26 13:00:00+00:00
2025-12-26 12:00:00+00:00,long,EXECUTE,pullback_recovery,235278.0,3,4514.31,2025-12-26 13:00:00+00:00
2025-12-26 13:00:00+00:00,long,EXECUTE,pullback_recovery,235281.0,2,4507.7,2025-12-26 13:45:00+00:00
2025-12-26 16:00:00+00:00,long,EXECUTE,pullback_recovery,235293.0,2,4520.79,2025-12-26 16:45:00+00:00
2025-12-29 05:00:00+00:00,short,EXECUTE,pullback_recovery,235341.0,2,4516.26,2025-12-29 05:45:00+00:00
2026-01-02 13:00:00+00:00,long,EXECUTE,pullback_recovery,235649.0,2,4394.9,2026-01-02 13:45:00+00:00
2026-01-02 14:00:00+00:00,long,EXECUTE,pullback_recovery,235654.0,3,4394.3,2026-01-02 15:00:00+00:00
2026-01-05 11:00:00+00:00,long,EXECUTE,pullback_recovery,235732.0,1,4432.43,2026-01-05 11:30:00+00:00
2026-01-05 12:00:00+00:00,long,EXECUTE,pullback_recovery,235737.0,2,4434.81,2026-01-05 12:45:00+00:00
2026-01-05 14:00:00+00:00,long,EXECUTE,pullback_recovery,235745.0,2,4409.69,2026-01-05 14:45:00+00:00
2026-01-05 15:00:00+00:00,long,EXECUTE,pullback_recovery,235749.0,2,4411.92,2026-01-05 15:45:00+00:00
2026-01-06 08:00:00+00:00,long,EXECUTE,pullback_recovery,235812.0,1,4461.24,2026-01-06 08:30:00+00:00
2026-01-06 09:00:00+00:00,long,EXECUTE,pullback_recovery,235818.0,3,4459.21,2026-01-06 10:00:00+00:00
2026-01-06 10:00:00+00:00,long,EXECUTE,pullback_recovery,235820.0,1,4470.68,2026-01-06 10:30:00+00:00
2026-01-06 11:00:00+00:00,short,EXECUTE,pullback_recovery,235826.0,3,4446.32,2026-01-06 12:00:00+00:00
2026-01-06 12:00:00+00:00,short,EXECUTE,pullback_recovery,235829.0,2,4451.01,2026-01-06 12:45:00+00:00
2026-01-06 13:00:00+00:00,short,EXECUTE,pullback_recovery,235834.0,3,4463.16,2026-01-06 14:00:00+00:00
2026-01-06 14:00:00+00:00,short,EXECUTE,pullback_recovery,235836.0,1,4464.32,2026-01-06 14:30:00+00:00
2026-01-07 09:00:00+00:00,long,EXECUTE,pullback_recovery,235908.0,1,4454.68,2026-01-07 09:30:00+00:00
2026-01-07 11:00:00+00:00,short,EXECUTE,pullback_recovery,235916.0,1,4462.28,2026-01-07 11:30:00+00:00
2026-01-08 15:00:00+00:00,long,EXECUTE,pullback_recovery,236024.0,1,4433.67,2026-01-08 15:30:00+00:00
2026-01-09 09:00:00+00:00,long,EXECUTE,pullback_recovery,236092.0,1,4470.3,2026-01-09 09:30:00+00:00
2026-01-09 10:00:00+00:00,long,EXECUTE,pullback_recovery,236098.0,3,4468.44,2026-01-09 11:00:00+00:00
2026-01-09 11:00:00+00:00,long,EXECUTE,pullback_recovery,236103.0,4,4471.94,2026-01-09 12:15:00+00:00
2026-01-09 12:00:00+00:00,long,EXECUTE,pullback_recovery,236106.0,3,4472.39,2026-01-09 13:00:00+00:00
2026-01-09 13:00:00+00:00,long,EXECUTE,pullback_recovery,236110.0,3,4475.31,2026-01-09 14:00:00+00:00
2026-01-09 14:00:00+00:00,long,EXECUTE,pullback_recovery,236113.0,2,4465.95,2026-01-09 14:45:00+00:00
2026-01-09 15:00:00+00:00,long,EXECUTE,pullback_recovery,236116.0,1,4472.44,2026-01-09 15:30:00+00:00
2026-01-12 08:00:00+00:00,long,EXECUTE,pullback_recovery,236182.0,3,4578.32,2026-01-12 09:00:00+00:00
2026-01-12 09:00:00+00:00,long,EXECUTE,pullback_recovery,236185.0,2,4583.77,2026-01-12 09:45:00+00:00
2026-01-12 10:00:00+00:00,long,EXECUTE,pullback_recovery,236190.0,3,4596.72,2026-01-12 11:00:00+00:00
2026-01-12 11:00:00+00:00,short,EXECUTE,pullback_recovery,236194.0,3,4589.14,2026-01-12 12:00:00+00:00
2026-01-12 12:00:00+00:00,short,EXECUTE,pullback_recovery,236198.0,3,4594.2,2026-01-12 13:00:00+00:00
2026-01-12 13:00:00+00:00,short,EXECUTE,pullback_recovery,236200.0,1,4585.15,2026-01-12 13:30:00+00:00
2026-01-12 14:00:00+00:00,short,INVALIDATE,adverse_move_limit,,6,,
2026-01-13 12:00:00+00:00,short,EXECUTE,pullback_recovery,236289.0,2,4587.07,2026-01-13 12:45:00+00:00
2026-01-14 07:00:00+00:00,long,EXECUTE,pullback_recovery,236362.0,3,4619.47,2026-01-14 08:00:00+00:00
2026-01-14 09:00:00+00:00,long,EXECUTE,pullback_recovery,236373.0,6,4632.25,2026-01-14 10:45:00+00:00
2026-01-14 11:00:00+00:00,short,EXECUTE,pullback_recovery,236377.0,2,4627.56,2026-01-14 11:45:00+00:00
2026-01-14 12:00:00+00:00,long,EXECUTE,pullback_recovery,236380.0,1,4634.66,2026-01-14 12:30:00+00:00
2026-01-14 14:00:00+00:00,long,EXECUTE,pullback_recovery,236390.0,3,4638.5,2026-01-14 15:00:00+00:00
2026-01-14 15:00:00+00:00,long,EXECUTE,pullback_recovery,236392.0,1,4631.88,2026-01-14 15:30:00+00:00
2026-01-16 07:00:00+00:00,long,EXECUTE,pullback_recovery,236545.0,2,4606.79,2026-01-16 07:45:00+00:00
2026-01-16 11:00:00+00:00,short,EXECUTE,pullback_recovery,236560.0,1,4601.0,2026-01-16 11:30:00+00:00
2026-01-16 12:00:00+00:00,long,EXECUTE,pullback_recovery,236567.0,4,4606.29,2026-01-16 13:15:00+00:00
2026-01-16 13:00:00+00:00,short,EXECUTE,pullback_recovery,236570.0,3,4612.36,2026-01-16 14:00:00+00:00
2026-01-16 14:00:00+00:00,short,EXECUTE,pullback_recovery,236572.0,1,4606.37,2026-01-16 14:30:00+00:00
2026-01-16 15:00:00+00:00,long,EXECUTE,pullback_recovery,236577.0,2,4599.45,2026-01-16 15:45:00+00:00
2026-01-19 15:00:00+00:00,long,EXECUTE,pullback_recovery,236670.0,3,4666.13,2026-01-19 16:00:00+00:00
2026-01-20 07:00:00+00:00,long,EXECUTE,pullback_recovery,236719.0,2,4704.78,2026-01-20 07:45:00+00:00
2026-01-20 08:00:00+00:00,long,EXECUTE,pullback_recovery,236722.0,1,4712.34,2026-01-20 08:30:00+00:00
2026-01-20 09:00:00+00:00,long,EXECUTE,pullback_recovery,236726.0,1,4717.86,2026-01-20 09:30:00+00:00
2026-01-20 10:00:00+00:00,long,EXECUTE,pullback_recovery,236731.0,2,4722.87,2026-01-20 10:45:00+00:00
2026-01-20 11:00:00+00:00,long,EXECUTE,pullback_recovery,236734.0,1,4733.09,2026-01-20 11:30:00+00:00
2026-01-20 12:00:00+00:00,long,EXECUTE,pullback_recovery,236740.0,3,4726.36,2026-01-20 13:00:00+00:00
2026-01-20 13:00:00+00:00,long,EXECUTE,pullback_recovery,236743.0,2,4732.18,2026-01-20 13:45:00+00:00
2026-01-20 14:00:00+00:00,long,EXECUTE,pullback_recovery,236747.0,2,4726.59,2026-01-20 14:45:00+00:00
2026-01-20 15:00:00+00:00,long,INVALIDATE,adverse_move_limit,,1,,
2026-01-21 10:00:00+00:00,short,EXECUTE,pullback_recovery,236823.0,2,4861.18,2026-01-21 10:45:00+00:00
2026-01-21 11:00:00+00:00,short,EXECUTE,pullback_recovery,236827.0,2,4866.28,2026-01-21 11:45:00+00:00
2026-01-21 12:00:00+00:00,short,EXECUTE,pullback_recovery,236830.0,1,4860.42,2026-01-21 12:30:00+00:00
2026-01-22 11:00:00+00:00,short,EXECUTE,pullback_recovery,236919.0,2,4816.18,2026-01-22 11:45:00+00:00
2026-01-22 12:00:00+00:00,short,EXECUTE,pullback_recovery,236924.0,3,4828.89,2026-01-22 13:00:00+00:00
2026-01-23 08:00:00+00:00,long,EXECUTE,pullback_recovery,236998.0,1,4952.79,2026-01-23 08:30:00+00:00
2026-01-23 09:00:00+00:00,short,EXECUTE,pullback_recovery,237003.0,2,4946.33,2026-01-23 09:45:00+00:00
2026-01-23 10:00:00+00:00,long,EXECUTE,pullback_recovery,237006.0,1,4913.35,2026-01-23 10:30:00+00:00
2026-01-23 11:00:00+00:00,long,EXECUTE,pullback_recovery,237011.0,2,4916.91,2026-01-23 11:45:00+00:00
2026-01-23 12:00:00+00:00,long,EXECUTE,pullback_recovery,237014.0,1,4929.26,2026-01-23 12:30:00+00:00
2026-01-23 13:00:00+00:00,long,EXECUTE,pullback_recovery,237018.0,1,4920.9,2026-01-23 13:30:00+00:00
2026-01-23 14:00:00+00:00,long,EXECUTE,pullback_recovery,237023.0,2,4936.07,2026-01-23 14:45:00+00:00
2026-01-23 15:00:00+00:00,long,EXECUTE,pullback_recovery,237026.0,1,4931.38,2026-01-23 15:30:00+00:00
2026-01-26 08:00:00+00:00,short,EXECUTE,pullback_recovery,237092.0,3,5077.49,2026-01-26 09:00:00+00:00
2026-01-26 09:00:00+00:00,short,EXECUTE,pullback_recovery,237095.0,2,5088.44,2026-01-26 09:45:00+00:00
2026-01-26 10:00:00+00:00,short,EXECUTE,pullback_recovery,237100.0,3,5083.29,2026-01-26 11:00:00+00:00
2026-01-26 11:00:00+00:00,long,EXECUTE,pullback_recovery,237104.0,3,5083.94,2026-01-26 12:00:00+00:00
2026-01-26 12:00:00+00:00,long,EXECUTE,pullback_recovery,237107.0,2,5092.87,2026-01-26 12:45:00+00:00
2026-01-26 13:00:00+00:00,long,EXECUTE,pullback_recovery,237110.0,1,5087.2,2026-01-26 13:30:00+00:00
2026-01-26 14:00:00+00:00,long,EXECUTE,pullback_recovery,237116.0,3,5078.96,2026-01-26 15:00:00+00:00
2026-01-27 02:00:00+00:00,short,EXECUTE,pullback_recovery,237159.0,2,5031.68,2026-01-27 02:45:00+00:00
2026-01-27 11:00:00+00:00,long,EXECUTE,pullback_recovery,237196.0,3,5098.59,2026-01-27 12:00:00+00:00
2026-01-27 12:00:00+00:00,long,EXECUTE,pullback_recovery,237199.0,2,5084.64,2026-01-27 12:45:00+00:00
2026-01-27 14:00:00+00:00,long,EXECUTE,pullback_recovery,237207.0,2,5089.24,2026-01-27 14:45:00+00:00
2026-01-27 15:00:00+00:00,long,EXECUTE,pullback_recovery,237212.0,3,5077.35,2026-01-27 16:00:00+00:00
2026-01-29 02:00:00+00:00,short,EXECUTE,pullback_recovery,237343.0,2,5508.7,2026-01-29 02:45:00+00:00
2026-01-29 03:00:00+00:00,short,EXECUTE,pullback_recovery,237347.0,2,5539.85,2026-01-29 03:45:00+00:00
2026-01-29 04:00:00+00:00,short,EXECUTE,pullback_recovery,237351.0,2,5525.98,2026-01-29 04:45:00+00:00
2026-01-29 05:00:00+00:00,short,EXECUTE,pullback_recovery,237357.0,4,5534.44,2026-01-29 06:15:00+00:00
2026-01-29 06:00:00+00:00,short,EXECUTE,pullback_recovery,237359.0,2,5557.27,2026-01-29 06:45:00+00:00
2026-01-29 07:00:00+00:00,short,EXECUTE,pullback_recovery,237368.0,7,5561.28,2026-01-29 09:00:00+00:00
2026-01-29 09:00:00+00:00,short,EXECUTE,pullback_recovery,237370.0,1,5541.29,2026-01-29 09:30:00+00:00
2026-01-29 12:00:00+00:00,short,EXECUTE,pullback_recovery,237384.0,3,5483.47,2026-01-29 13:00:00+00:00
2026-01-29 13:00:00+00:00,short,EXECUTE,pullback_recovery,237388.0,3,5522.5,2026-01-29 14:00:00+00:00
2026-01-30 02:00:00+00:00,short,EXECUTE,pullback_recovery,237434.0,1,5426.11,2026-01-30 02:30:00+00:00
2026-01-30 03:00:00+00:00,short,EXECUTE,pullback_recovery,237440.0,3,5300.29,2026-01-30 04:00:00+00:00
2026-01-30 04:00:00+00:00,short,EXECUTE,pullback_recovery,237444.0,3,5224.85,2026-01-30 05:00:00+00:00
2026-01-30 05:00:00+00:00,short,EXECUTE,pullback_recovery,237446.0,1,5199.41,2026-01-30 05:30:00+00:00
2026-01-30 06:00:00+00:00,short,EXECUTE,pullback_recovery,237450.0,1,5210.38,2026-01-30 06:30:00+00:00
2026-01-30 07:00:00+00:00,short,EXECUTE,pullback_recovery,237456.0,3,5184.14,2026-01-30 08:00:00+00:00
2026-02-03 08:00:00+00:00,long,EXECUTE,pullback_recovery,237642.0,1,4871.25,2026-02-03 08:30:00+00:00
2026-02-03 09:00:00+00:00,long,EXECUTE,pullback_recovery,237646.0,1,4899.89,2026-02-03 09:30:00+00:00
2026-02-03 10:00:00+00:00,long,EXECUTE,pullback_recovery,237653.0,4,4916.04,2026-02-03 11:15:00+00:00
2026-02-03 11:00:00+00:00,long,EXECUTE,pullback_recovery,237655.0,2,4921.36,2026-02-03 11:45:00+00:00
2026-02-05 08:00:00+00:00,long,EXECUTE,pullback_recovery,237826.0,1,4929.11,2026-02-05 08:30:00+00:00
2026-02-05 09:00:00+00:00,long,EXECUTE,pullback_recovery,237831.0,2,4909.81,2026-02-05 09:45:00+00:00
2026-02-05 10:00:00+00:00,long,EXECUTE,pullback_recovery,237836.0,3,4911.81,2026-02-05 11:00:00+00:00
2026-02-05 11:00:00+00:00,long,EXECUTE,pullback_recovery,237840.0,3,4854.83,2026-02-05 12:00:00+00:00
2026-02-05 12:00:00+00:00,long,EXECUTE,pullback_recovery,237843.0,2,4876.29,2026-02-05 12:45:00+00:00
2026-02-05 13:00:00+00:00,long,EXECUTE,pullback_recovery,237850.0,5,4847.99,2026-02-05 14:30:00+00:00
2026-02-05 14:00:00+00:00,long,EXECUTE,pullback_recovery,237850.0,1,4847.99,2026-02-05 14:30:00+00:00
2026-02-05 15:00:00+00:00,long,EXECUTE,pullback_recovery,237854.0,1,4850.42,2026-02-05 15:30:00+00:00
2026-02-09 07:00:00+00:00,long,EXECUTE,pullback_recovery,238006.0,1,5029.85,2026-02-09 07:30:00+00:00
2026-02-09 08:00:00+00:00,long,EXECUTE,pullback_recovery,238010.0,1,5024.72,2026-02-09 08:30:00+00:00
2026-02-09 09:00:00+00:00,long,EXECUTE,pullback_recovery,238014.0,1,5008.3,2026-02-09 09:30:00+00:00
2026-02-09 10:00:00+00:00,long,EXECUTE,pullback_recovery,238018.0,1,5025.81,2026-02-09 10:30:00+00:00
2026-02-09 11:00:00+00:00,long,EXECUTE,pullback_recovery,238024.0,3,5007.83,2026-02-09 12:00:00+00:00
2026-02-09 12:00:00+00:00,long,EXECUTE,pullback_recovery,238026.0,1,4990.92,2026-02-09 12:30:00+00:00
2026-02-09 13:00:00+00:00,long,EXECUTE,pullback_recovery,238030.0,1,5006.05,2026-02-09 13:30:00+00:00
2026-02-09 14:00:00+00:00,long,EXECUTE,pullback_recovery,238034.0,1,5013.93,2026-02-09 14:30:00+00:00
2026-02-09 15:00:00+00:00,long,EXECUTE,pullback_recovery,238040.0,3,5006.91,2026-02-09 16:00:00+00:00
2026-02-09 18:00:00+00:00,long,EXECUTE,pullback_recovery,238050.0,1,5072.1,2026-02-09 18:30:00+00:00
2026-02-09 19:00:00+00:00,long,EXECUTE,pullback_recovery,238056.0,3,5046.28,2026-02-09 20:00:00+00:00
2026-02-09 20:00:00+00:00,long,EXECUTE,pullback_recovery,238058.0,1,5053.98,2026-02-09 20:30:00+00:00
2026-02-09 23:00:00+00:00,long,EXECUTE,pullback_recovery,238071.0,2,5061.44,2026-02-09 23:45:00+00:00
2026-02-10 01:00:00+00:00,long,EXECUTE,pullback_recovery,238074.0,1,5023.51,2026-02-10 01:30:00+00:00
2026-02-10 07:00:00+00:00,long,EXECUTE,pullback_recovery,238099.0,2,5032.6,2026-02-10 07:45:00+00:00
2026-02-10 08:00:00+00:00,long,EXECUTE,pullback_recovery,238104.0,3,5024.17,2026-02-10 09:00:00+00:00
2026-02-10 09:00:00+00:00,long,EXECUTE,pullback_recovery,238108.0,3,5033.8,2026-02-10 10:00:00+00:00
2026-02-10 10:00:00+00:00,long,EXECUTE,pullback_recovery,238111.0,2,5048.67,2026-02-10 10:45:00+00:00
2026-02-10 11:00:00+00:00,long,EXECUTE,pullback_recovery,238116.0,3,5046.52,2026-02-10 12:00:00+00:00
2026-02-10 12:00:00+00:00,long,EXECUTE,pullback_recovery,238118.0,1,5047.37,2026-02-10 12:30:00+00:00
2026-02-10 13:00:00+00:00,long,EXECUTE,pullback_recovery,238124.0,3,5055.95,2026-02-10 14:00:00+00:00
2026-02-10 14:00:00+00:00,long,EXECUTE,pullback_recovery,238127.0,2,5029.58,2026-02-10 14:45:00+00:00
2026-02-11 07:00:00+00:00,long,EXECUTE,pullback_recovery,238190.0,1,5052.85,2026-02-11 07:30:00+00:00
2026-02-11 08:00:00+00:00,long,EXECUTE,pullback_recovery,238196.0,3,5064.06,2026-02-11 09:00:00+00:00
2026-02-11 09:00:00+00:00,long,EXECUTE,pullback_recovery,238198.0,1,5059.78,2026-02-11 09:30:00+00:00
2026-02-11 10:00:00+00:00,long,EXECUTE,pullback_recovery,238203.0,2,5052.64,2026-02-11 10:45:00+00:00
2026-02-11 11:00:00+00:00,long,EXECUTE,pullback_recovery,238207.0,2,5064.53,2026-02-11 11:45:00+00:00
2026-02-11 12:00:00+00:00,long,EXECUTE,pullback_recovery,238211.0,2,5099.92,2026-02-11 12:45:00+00:00
2026-02-11 13:00:00+00:00,long,EXECUTE,pullback_recovery,238214.0,1,5107.36,2026-02-11 13:30:00+00:00
2026-02-11 14:00:00+00:00,long,EXECUTE,pullback_recovery,238219.0,2,5068.65,2026-02-11 14:45:00+00:00
2026-02-11 19:00:00+00:00,long,EXECUTE,pullback_recovery,238238.0,1,5087.24,2026-02-11 19:30:00+00:00
2026-02-11 20:00:00+00:00,long,EXECUTE,pullback_recovery,238243.0,2,5083.28,2026-02-11 20:45:00+00:00
2026-02-12 07:00:00+00:00,long,EXECUTE,pullback_recovery,238283.0,2,5071.78,2026-02-12 07:45:00+00:00
2026-02-12 08:00:00+00:00,long,EXECUTE,pullback_recovery,238287.0,2,5057.42,2026-02-12 08:45:00+00:00
2026-02-12 11:00:00+00:00,long,EXECUTE,pullback_recovery,238299.0,2,5072.73,2026-02-12 11:45:00+00:00
2026-02-12 12:00:00+00:00,long,EXECUTE,pullback_recovery,238304.0,3,5062.07,2026-02-12 13:00:00+00:00
2026-02-12 13:00:00+00:00,long,EXECUTE,pullback_recovery,238306.0,1,5062.64,2026-02-12 13:30:00+00:00
2026-02-12 14:00:00+00:00,long,EXECUTE,pullback_recovery,238312.0,3,5052.53,2026-02-12 15:00:00+00:00
2026-02-13 07:00:00+00:00,long,INVALIDATE,max_wait_exceeded,,16,,
2026-02-13 08:00:00+00:00,long,EXECUTE,pullback_recovery,238380.0,3,4967.18,2026-02-13 09:00:00+00:00
2026-02-13 09:00:00+00:00,long,EXECUTE,pullback_recovery,238382.0,1,4968.37,2026-02-13 09:30:00+00:00
2026-02-13 10:00:00+00:00,long,EXECUTE,pullback_recovery,238386.0,1,4982.46,2026-02-13 10:30:00+00:00
2026-02-13 11:00:00+00:00,long,EXECUTE,pullback_recovery,238391.0,2,4970.84,2026-02-13 11:45:00+00:00
2026-02-13 12:00:00+00:00,long,EXECUTE,pullback_recovery,238396.0,3,4950.0,2026-02-13 13:00:00+00:00
2026-02-13 13:00:00+00:00,long,EXECUTE,pullback_recovery,238398.0,1,4944.94,2026-02-13 13:30:00+00:00
2026-02-13 14:00:00+00:00,long,EXECUTE,pullback_recovery,238402.0,1,4967.37,2026-02-13 14:30:00+00:00
2026-02-13 15:00:00+00:00,long,EXECUTE,pullback_recovery,238407.0,2,4983.72,2026-02-13 15:45:00+00:00
2026-02-13 19:00:00+00:00,long,EXECUTE,pullback_recovery,238422.0,1,5017.46,2026-02-13 19:30:00+00:00
2026-02-13 20:00:00+00:00,long,EXECUTE,pullback_recovery,238427.0,2,5029.78,2026-02-13 20:45:00+00:00
2026-02-13 21:00:00+00:00,long,EXECUTE,pullback_recovery,238436.0,7,5032.26,2026-02-13 23:00:00+00:00
2026-02-16 07:00:00+00:00,long,EXECUTE,pullback_recovery,238468.0,3,4990.41,2026-02-16 08:00:00+00:00
2026-02-16 08:00:00+00:00,long,EXECUTE,pullback_recovery,238470.0,1,4992.79,2026-02-16 08:30:00+00:00
2026-02-16 09:00:00+00:00,long,EXECUTE,pullback_recovery,238476.0,3,5007.21,2026-02-16 10:00:00+00:00
2026-02-16 10:00:00+00:00,long,EXECUTE,pullback_recovery,238478.0,1,5006.09,2026-02-16 10:30:00+00:00
2026-02-16 11:00:00+00:00,long,EXECUTE,pullback_recovery,238482.0,1,5013.27,2026-02-16 11:30:00+00:00
2026-02-16 12:00:00+00:00,long,EXECUTE,pullback_recovery,238487.0,2,5008.38,2026-02-16 12:45:00+00:00
2026-02-16 13:00:00+00:00,long,EXECUTE,pullback_recovery,238490.0,1,5004.82,2026-02-16 13:30:00+00:00
2026-02-16 14:00:00+00:00,long,EXECUTE,pullback_recovery,238495.0,2,5004.94,2026-02-16 14:45:00+00:00
2026-02-16 15:00:00+00:00,long,EXECUTE,pullback_recovery,238499.0,2,4995.35,2026-02-16 15:45:00+00:00
2026-02-17 07:00:00+00:00,long,EXECUTE,pullback_recovery,238549.0,2,4879.6,2026-02-17 07:45:00+00:00
2026-02-17 13:00:00+00:00,long,EXECUTE,pullback_recovery,238572.0,1,4927.67,2026-02-17 13:30:00+00:00
2026-02-17 14:00:00+00:00,long,EXECUTE,pullback_recovery,238578.0,3,4932.08,2026-02-17 15:00:00+00:00
2026-02-18 03:00:00+00:00,long,EXECUTE,pullback_recovery,238624.0,1,4887.08,2026-02-18 03:30:00+00:00
2026-02-18 04:00:00+00:00,long,EXECUTE,pullback_recovery,238628.0,1,4900.65,2026-02-18 04:30:00+00:00
2026-02-18 05:00:00+00:00,long,EXECUTE,pullback_recovery,238632.0,1,4919.06,2026-02-18 05:30:00+00:00
2026-02-18 06:00:00+00:00,long,EXECUTE,pullback_recovery,238636.0,1,4932.77,2026-02-18 06:30:00+00:00
2026-02-18 07:00:00+00:00,long,EXECUTE,pullback_recovery,238640.0,1,4935.07,2026-02-18 07:30:00+00:00
2026-02-18 08:00:00+00:00,long,EXECUTE,pullback_recovery,238644.0,1,4930.18,2026-02-18 08:30:00+00:00
2026-02-18 09:00:00+00:00,long,EXECUTE,pullback_recovery,238651.0,4,4929.23,2026-02-18 10:15:00+00:00
2026-02-18 10:00:00+00:00,long,EXECUTE,pullback_recovery,238655.0,4,4916.71,2026-02-18 11:15:00+00:00
2026-02-18 11:00:00+00:00,long,EXECUTE,pullback_recovery,238656.0,1,4921.58,2026-02-18 11:30:00+00:00
2026-02-18 12:00:00+00:00,long,EXECUTE,pullback_recovery,238661.0,2,4912.08,2026-02-18 12:45:00+00:00
2026-02-18 13:00:00+00:00,long,EXECUTE,pullback_recovery,238666.0,3,4912.98,2026-02-18 14:00:00+00:00
2026-02-18 14:00:00+00:00,long,EXECUTE,pullback_recovery,238670.0,3,4943.03,2026-02-18 15:00:00+00:00
2026-02-18 15:00:00+00:00,long,EXECUTE,pullback_recovery,238672.0,1,4956.1,2026-02-18 15:30:00+00:00
2026-02-19 07:00:00+00:00,long,EXECUTE,pullback_recovery,238733.0,2,4995.8,2026-02-19 07:45:00+00:00
2026-02-19 08:00:00+00:00,long,EXECUTE,pullback_recovery,238738.0,3,5018.11,2026-02-19 09:00:00+00:00
2026-02-19 09:00:00+00:00,long,EXECUTE,pullback_recovery,238742.0,3,5009.87,2026-02-19 10:00:00+00:00
2026-02-19 10:00:00+00:00,long,EXECUTE,pullback_recovery,238744.0,1,5014.76,2026-02-19 10:30:00+00:00
2026-02-19 11:00:00+00:00,long,EXECUTE,pullback_recovery,238749.0,2,5003.04,2026-02-19 11:45:00+00:00
2026-02-19 12:00:00+00:00,long,EXECUTE,pullback_recovery,238753.0,2,4988.65,2026-02-19 12:45:00+00:00
2026-02-19 13:00:00+00:00,long,EXECUTE,pullback_recovery,238756.0,1,4984.73,2026-02-19 13:30:00+00:00
2026-02-19 14:00:00+00:00,long,EXECUTE,pullback_recovery,238761.0,2,4986.37,2026-02-19 14:45:00+00:00
2026-02-19 15:00:00+00:00,long,EXECUTE,pullback_recovery,238765.0,2,4993.62,2026-02-19 15:45:00+00:00
2026-02-20 08:00:00+00:00,long,EXECUTE,pullback_recovery,238828.0,1,5022.01,2026-02-20 08:30:00+00:00
2026-02-20 09:00:00+00:00,long,INVALIDATE,max_wait_exceeded,,16,,
2026-02-20 10:00:00+00:00,short,EXECUTE,pullback_recovery,238838.0,3,5028.81,2026-02-20 11:00:00+00:00
2026-02-20 11:00:00+00:00,short,EXECUTE,pullback_recovery,238840.0,1,5033.95,2026-02-20 11:30:00+00:00
2026-02-20 12:00:00+00:00,short,EXECUTE,pullback_recovery,238845.0,2,5033.8,2026-02-20 12:45:00+00:00
2026-02-20 13:00:00+00:00,short,EXECUTE,pullback_recovery,238850.0,3,5017.36,2026-02-20 14:00:00+00:00
2026-02-20 14:00:00+00:00,long,EXECUTE,pullback_recovery,238853.0,2,5025.04,2026-02-20 14:45:00+00:00
2026-02-20 15:00:00+00:00,long,EXECUTE,pullback_recovery,238857.0,2,5030.82,2026-02-20 15:45:00+00:00
2026-02-20 18:00:00+00:00,long,EXECUTE,pullback_recovery,238869.0,2,5062.87,2026-02-20 18:45:00+00:00
2026-02-23 07:00:00+00:00,long,EXECUTE,pullback_recovery,238916.0,1,5157.63,2026-02-23 07:30:00+00:00
2026-02-23 08:00:00+00:00,long,EXECUTE,pullback_recovery,238923.0,4,5146.68,2026-02-23 09:15:00+00:00
2026-02-23 09:00:00+00:00,long,EXECUTE,pullback_recovery,238924.0,1,5136.36,2026-02-23 09:30:00+00:00
2026-02-23 10:00:00+00:00,long,EXECUTE,pullback_recovery,238930.0,3,5140.29,2026-02-23 11:00:00+00:00
2026-02-23 11:00:00+00:00,long,EXECUTE,pullback_recovery,238932.0,1,5149.2,2026-02-23 11:30:00+00:00
2026-02-23 12:00:00+00:00,long,EXECUTE,pullback_recovery,238936.0,1,5156.05,2026-02-23 12:30:00+00:00
2026-02-23 13:00:00+00:00,long,EXECUTE,pullback_recovery,238940.0,1,5150.65,2026-02-23 13:30:00+00:00
2026-02-23 14:00:00+00:00,long,EXECUTE,pullback_recovery,238945.0,2,5164.31,2026-02-23 14:45:00+00:00
2026-02-23 15:00:00+00:00,long,EXECUTE,pullback_recovery,238948.0,1,5149.86,2026-02-23 15:30:00+00:00
2026-02-23 21:00:00+00:00,long,EXECUTE,pullback_recovery,238973.0,2,5216.99,2026-02-23 21:45:00+00:00
2026-02-23 22:00:00+00:00,long,EXECUTE,pullback_recovery,238978.0,3,5236.16,2026-02-23 23:00:00+00:00
2026-02-23 23:00:00+00:00,long,EXECUTE,pullback_recovery,238981.0,2,5228.56,2026-02-23 23:45:00+00:00
2026-02-24 12:00:00+00:00,long,EXECUTE,pullback_recovery,239029.0,2,5170.24,2026-02-24 12:45:00+00:00
2026-02-24 13:00:00+00:00,long,EXECUTE,pullback_recovery,239032.0,1,5174.7,2026-02-24 13:30:00+00:00
2026-02-24 14:00:00+00:00,long,EXECUTE,pullback_recovery,239036.0,1,5161.57,2026-02-24 14:30:00+00:00
2026-02-25 08:00:00+00:00,long,EXECUTE,pullback_recovery,239106.0,3,5194.38,2026-02-25 09:00:00+00:00
2026-02-25 09:00:00+00:00,long,EXECUTE,pullback_recovery,239108.0,1,5189.1,2026-02-25 09:30:00+00:00
2026-02-25 10:00:00+00:00,long,EXECUTE,pullback_recovery,239114.0,3,5185.4,2026-02-25 11:00:00+00:00
2026-02-25 11:00:00+00:00,short,EXECUTE,pullback_recovery,239119.0,4,5184.57,2026-02-25 12:15:00+00:00
2026-02-25 12:00:00+00:00,long,EXECUTE,pullback_recovery,239120.0,1,5175.15,2026-02-25 12:30:00+00:00
2026-02-25 13:00:00+00:00,long,EXECUTE,pullback_recovery,239124.0,1,5168.69,2026-02-25 13:30:00+00:00
2026-02-25 15:00:00+00:00,long,EXECUTE,pullback_recovery,239133.0,2,5186.77,2026-02-25 15:45:00+00:00
2026-02-26 08:00:00+00:00,long,EXECUTE,pullback_recovery,239198.0,3,5192.99,2026-02-26 09:00:00+00:00
2026-02-26 09:00:00+00:00,long,EXECUTE,pullback_recovery,239200.0,1,5184.91,2026-02-26 09:30:00+00:00
2026-02-26 10:00:00+00:00,long,EXECUTE,pullback_recovery,239206.0,3,5179.1,2026-02-26 11:00:00+00:00
2026-02-27 07:00:00+00:00,long,EXECUTE,pullback_recovery,239284.0,1,5194.62,2026-02-27 07:30:00+00:00
2026-02-27 08:00:00+00:00,long,INVALIDATE,max_wait_exceeded,,16,,
2026-02-27 09:00:00+00:00,long,EXECUTE,pullback_recovery,239296.0,5,5177.52,2026-02-27 10:30:00+00:00
2026-02-27 10:00:00+00:00,long,EXECUTE,pullback_recovery,239296.0,1,5177.52,2026-02-27 10:30:00+00:00
2026-02-27 13:00:00+00:00,short,EXECUTE,pullback_recovery,239311.0,4,5185.36,2026-02-27 14:15:00+00:00
2026-02-27 14:00:00+00:00,short,EXECUTE,pullback_recovery,239312.0,1,5186.55,2026-02-27 14:30:00+00:00
2026-02-27 15:00:00+00:00,long,EXECUTE,pullback_recovery,239316.0,1,5234.39,2026-02-27 15:30:00+00:00
2026-03-03 03:00:00+00:00,short,EXECUTE,pullback_recovery,239454.0,3,5339.13,2026-03-03 04:00:00+00:00
2026-03-03 04:00:00+00:00,short,EXECUTE,pullback_recovery,239459.0,4,5366.5,2026-03-03 05:15:00+00:00
2026-03-03 07:00:00+00:00,short,EXECUTE,pullback_recovery,239470.0,3,5318.88,2026-03-03 08:00:00+00:00
2026-03-10 08:00:00+00:00,long,EXECUTE,pullback_recovery,239936.0,1,5175.93,2026-03-10 08:30:00+00:00
2026-03-10 09:00:00+00:00,long,EXECUTE,pullback_recovery,239941.0,2,5175.88,2026-03-10 09:45:00+00:00
2026-03-10 10:00:00+00:00,long,EXECUTE,pullback_recovery,239944.0,1,5183.65,2026-03-10 10:30:00+00:00
2026-03-10 11:00:00+00:00,long,EXECUTE,pullback_recovery,239948.0,1,5186.61,2026-03-10 11:30:00+00:00
2026-03-10 12:00:00+00:00,long,EXECUTE,pullback_recovery,239953.0,2,5169.07,2026-03-10 12:45:00+00:00
2026-03-10 13:00:00+00:00,long,EXECUTE,pullback_recovery,239958.0,3,5175.34,2026-03-10 14:00:00+00:00
2026-03-10 14:00:00+00:00,long,EXECUTE,pullback_recovery,239960.0,1,5179.73,2026-03-10 14:30:00+00:00
2026-03-10 15:00:00+00:00,long,EXECUTE,pullback_recovery,239964.0,1,5221.53,2026-03-10 15:30:00+00:00
2026-03-11 07:00:00+00:00,long,EXECUTE,pullback_recovery,240025.0,2,5200.8,2026-03-11 07:45:00+00:00
2026-03-11 08:00:00+00:00,long,EXECUTE,pullback_recovery,240029.0,2,5194.25,2026-03-11 08:45:00+00:00
2026-03-11 09:00:00+00:00,long,EXECUTE,pullback_recovery,240033.0,2,5191.45,2026-03-11 09:45:00+00:00
2026-03-11 10:00:00+00:00,long,EXECUTE,pullback_recovery,240036.0,1,5184.85,2026-03-11 10:30:00+00:00
2026-03-11 11:00:00+00:00,short,EXECUTE,pullback_recovery,240040.0,1,5187.47,2026-03-11 11:30:00+00:00
2026-03-11 12:00:00+00:00,short,EXECUTE,pullback_recovery,240045.0,2,5178.84,2026-03-11 12:45:00+00:00
2026-03-11 13:00:00+00:00,short,EXECUTE,pullback_recovery,240048.0,1,5181.08,2026-03-11 13:30:00+00:00
2026-03-11 14:00:00+00:00,long,EXECUTE,pullback_recovery,240055.0,4,5177.66,2026-03-11 15:15:00+00:00
2026-03-12 07:00:00+00:00,long,EXECUTE,pullback_recovery,240117.0,2,5153.3,2026-03-12 07:45:00+00:00
2026-03-12 08:00:00+00:00,long,EXECUTE,pullback_recovery,240120.0,1,5156.53,2026-03-12 08:30:00+00:00
2026-03-12 09:00:00+00:00,long,EXECUTE,pullback_recovery,240125.0,2,5178.72,2026-03-12 09:45:00+00:00
2026-03-12 10:00:00+00:00,long,EXECUTE,pullback_recovery,240130.0,3,5178.15,2026-03-12 11:00:00+00:00
2026-03-12 15:00:00+00:00,long,EXECUTE,pullback_recovery,240150.0,3,5151.09,2026-03-12 16:00:00+00:00
2026-03-13 07:00:00+00:00,long,EXECUTE,pullback_recovery,240210.0,3,5102.85,2026-03-13 08:00:00+00:00
2026-03-13 08:00:00+00:00,long,EXECUTE,pullback_recovery,240214.0,3,5088.09,2026-03-13 09:00:00+00:00
2026-03-13 09:00:00+00:00,long,EXECUTE,pullback_recovery,240216.0,1,5084.52,2026-03-13 09:30:00+00:00
2026-03-13 10:00:00+00:00,long,EXECUTE,pullback_recovery,240222.0,3,5087.06,2026-03-13 11:00:00+00:00
2026-03-13 11:00:00+00:00,long,EXECUTE,pullback_recovery,240224.0,1,5091.6,2026-03-13 11:30:00+00:00
2026-03-13 12:00:00+00:00,long,EXECUTE,pullback_recovery,240230.0,3,5094.69,2026-03-13 13:00:00+00:00
2026-03-13 13:00:00+00:00,long,EXECUTE,pullback_recovery,240234.0,3,5107.63,2026-03-13 14:00:00+00:00
2026-03-13 14:00:00+00:00,short,EXECUTE,pullback_recovery,240238.0,3,5118.12,2026-03-13 15:00:00+00:00
2026-03-17 07:00:00+00:00,long,EXECUTE,pullback_recovery,240400.0,9,5015.79,2026-03-17 09:30:00+00:00
2026-03-17 08:00:00+00:00,long,EXECUTE,pullback_recovery,240396.0,1,5011.59,2026-03-17 08:30:00+00:00
2026-03-17 09:00:00+00:00,long,EXECUTE,pullback_recovery,240400.0,1,5015.79,2026-03-17 09:30:00+00:00
2026-03-17 10:00:00+00:00,long,EXECUTE,pullback_recovery,240405.0,2,5022.02,2026-03-17 10:45:00+00:00
2026-03-17 12:00:00+00:00,long,EXECUTE,pullback_recovery,240413.0,2,4999.11,2026-03-17 12:45:00+00:00
2026-03-17 14:00:00+00:00,long,EXECUTE,pullback_recovery,240420.0,1,5019.93,2026-03-17 14:30:00+00:00
2026-03-17 15:00:00+00:00,long,EXECUTE,pullback_recovery,240425.0,2,5026.94,2026-03-17 15:45:00+00:00
2026-03-18 02:00:00+00:00,short,EXECUTE,pullback_recovery,240464.0,1,5002.82,2026-03-18 02:30:00+00:00
2026-03-18 06:00:00+00:00,short,EXECUTE,pullback_recovery,240481.0,2,4984.32,2026-03-18 06:45:00+00:00
2026-03-18 07:00:00+00:00,short,EXECUTE,pullback_recovery,240485.0,2,4998.92,2026-03-18 07:45:00+00:00
2026-03-18 08:00:00+00:00,short,EXECUTE,pullback_recovery,240488.0,1,5008.66,2026-03-18 08:30:00+00:00
2026-03-18 11:00:00+00:00,short,EXECUTE,pullback_recovery,240500.0,1,4992.25,2026-03-18 11:30:00+00:00
2026-03-20 09:00:00+00:00,short,EXECUTE,pullback_recovery,240681.0,6,4707.19,2026-03-20 10:45:00+00:00
2026-03-20 10:00:00+00:00,short,EXECUTE,pullback_recovery,240681.0,2,4707.19,2026-03-20 10:45:00+00:00
2026-03-20 11:00:00+00:00,short,EXECUTE,pullback_recovery,240685.0,2,4673.37,2026-03-20 11:45:00+00:00
2026-03-20 12:00:00+00:00,long,EXECUTE,pullback_recovery,240690.0,3,4645.15,2026-03-20 13:00:00+00:00
2026-03-20 13:00:00+00:00,long,EXECUTE,pullback_recovery,240692.0,1,4665.15,2026-03-20 13:30:00+00:00
2026-03-20 14:00:00+00:00,long,EXECUTE,pullback_recovery,240697.0,2,4670.11,2026-03-20 14:45:00+00:00
2026-03-24 02:00:00+00:00,short,EXECUTE,pullback_recovery,240832.0,1,4377.68,2026-03-24 02:30:00+00:00
2026-03-24 03:00:00+00:00,short,EXECUTE,pullback_recovery,240837.0,2,4321.29,2026-03-24 03:45:00+00:00
2026-03-27 12:00:00+00:00,long,EXECUTE,pullback_recovery,241149.0,2,4415.87,2026-03-27 12:45:00+00:00
2026-03-27 13:00:00+00:00,long,EXECUTE,pullback_recovery,241152.0,1,4415.15,2026-03-27 13:30:00+00:00
2026-03-27 14:00:00+00:00,long,EXECUTE,pullback_recovery,241156.0,1,4429.42,2026-03-27 14:30:00+00:00
2026-03-30 08:00:00+00:00,long,EXECUTE,pullback_recovery,241222.0,3,4522.19,2026-03-30 09:00:00+00:00
2026-03-30 09:00:00+00:00,long,EXECUTE,pullback_recovery,241225.0,2,4540.06,2026-03-30 09:45:00+00:00
2026-03-30 10:00:00+00:00,long,EXECUTE,pullback_recovery,241230.0,3,4527.09,2026-03-30 11:00:00+00:00
2026-03-30 11:00:00+00:00,long,EXECUTE,pullback_recovery,241234.0,3,4538.02,2026-03-30 12:00:00+00:00
2026-03-30 12:00:00+00:00,long,EXECUTE,pullback_recovery,241237.0,2,4537.02,2026-03-30 12:45:00+00:00
2026-03-30 13:00:00+00:00,long,EXECUTE,pullback_recovery,241240.0,1,4530.96,2026-03-30 13:30:00+00:00
2026-03-30 14:00:00+00:00,long,EXECUTE,pullback_recovery,241245.0,2,4566.12,2026-03-30 14:45:00+00:00
2026-03-30 15:00:00+00:00,long,EXECUTE,pullback_recovery,241248.0,1,4565.74,2026-03-30 15:30:00+00:00
2026-03-30 19:00:00+00:00,long,EXECUTE,pullback_recovery,241265.0,2,4548.23,2026-03-30 19:45:00+00:00
2026-03-30 20:00:00+00:00,long,EXECUTE,pullback_recovery,241270.0,3,4515.02,2026-03-30 21:00:00+00:00
2026-03-30 21:00:00+00:00,long,EXECUTE,pullback_recovery,241275.0,4,4497.68,2026-03-30 22:15:00+00:00
2026-03-30 23:00:00+00:00,long,EXECUTE,pullback_recovery,241280.0,1,4506.04,2026-03-30 23:30:00+00:00
2026-03-31 01:00:00+00:00,long,EXECUTE,pullback_recovery,241284.0,1,4514.31,2026-03-31 01:30:00+00:00
2026-03-31 10:00:00+00:00,long,EXECUTE,pullback_recovery,241321.0,2,4559.7,2026-03-31 10:45:00+00:00
2026-03-31 11:00:00+00:00,long,EXECUTE,pullback_recovery,241324.0,1,4572.3,2026-03-31 11:30:00+00:00
2026-03-31 12:00:00+00:00,long,EXECUTE,pullback_recovery,241329.0,2,4555.86,2026-03-31 12:45:00+00:00
2026-03-31 13:00:00+00:00,long,EXECUTE,pullback_recovery,241333.0,2,4541.15,2026-03-31 13:45:00+00:00
2026-03-31 14:00:00+00:00,long,EXECUTE,pullback_recovery,241336.0,1,4575.12,2026-03-31 14:30:00+00:00
2026-03-31 23:00:00+00:00,long,EXECUTE,pullback_recovery,241375.0,4,4668.62,2026-04-01 01:15:00+00:00
2026-04-01 01:00:00+00:00,long,EXECUTE,pullback_recovery,241376.0,1,4674.33,2026-04-01 01:30:00+00:00
2026-04-01 07:00:00+00:00,long,EXECUTE,pullback_recovery,241400.0,1,4672.31,2026-04-01 07:30:00+00:00
2026-04-01 08:00:00+00:00,long,EXECUTE,pullback_recovery,241404.0,1,4686.07,2026-04-01 08:30:00+00:00
2026-04-01 09:00:00+00:00,long,EXECUTE,pullback_recovery,241410.0,3,4730.39,2026-04-01 10:00:00+00:00
2026-04-01 10:00:00+00:00,long,EXECUTE,pullback_recovery,241414.0,3,4712.9,2026-04-01 11:00:00+00:00
2026-04-01 11:00:00+00:00,long,EXECUTE,pullback_recovery,241416.0,1,4730.48,2026-04-01 11:30:00+00:00
2026-04-01 12:00:00+00:00,long,EXECUTE,pullback_recovery,241420.0,1,4719.39,2026-04-01 12:30:00+00:00
2026-04-01 13:00:00+00:00,long,EXECUTE,pullback_recovery,241424.0,1,4728.02,2026-04-01 13:30:00+00:00
2026-04-01 14:00:00+00:00,long,EXECUTE,pullback_recovery,241428.0,1,4745.39,2026-04-01 14:30:00+00:00
2026-04-01 15:00:00+00:00,long,EXECUTE,pullback_recovery,241435.0,4,4731.32,2026-04-01 16:15:00+00:00
2026-04-01 18:00:00+00:00,long,EXECUTE,pullback_recovery,241445.0,2,4785.32,2026-04-01 18:45:00+00:00
2026-04-01 19:00:00+00:00,long,EXECUTE,pullback_recovery,241449.0,2,4784.15,2026-04-01 19:45:00+00:00
2026-04-01 20:00:00+00:00,long,EXECUTE,pullback_recovery,241455.0,4,4770.95,2026-04-01 21:15:00+00:00
2026-04-01 23:00:00+00:00,long,EXECUTE,pullback_recovery,241465.0,2,4759.57,2026-04-01 23:45:00+00:00
2026-04-02 01:00:00+00:00,long,EXECUTE,pullback_recovery,241468.0,1,4772.6,2026-04-02 01:30:00+00:00
2026-04-02 02:00:00+00:00,long,EXECUTE,pullback_recovery,241474.0,3,4784.0,2026-04-02 03:00:00+00:00
2026-04-02 03:00:00+00:00,long,INVALIDATE,adverse_move_limit,,3,,
2026-04-06 07:00:00+00:00,long,EXECUTE,pullback_recovery,241585.0,3,4658.67,2026-04-06 08:00:00+00:00
2026-04-06 08:00:00+00:00,long,EXECUTE,pullback_recovery,241590.0,4,4660.77,2026-04-06 09:15:00+00:00
2026-04-06 09:00:00+00:00,long,EXECUTE,pullback_recovery,241593.0,3,4665.68,2026-04-06 10:00:00+00:00
2026-04-06 10:00:00+00:00,long,EXECUTE,pullback_recovery,241597.0,3,4684.68,2026-04-06 11:00:00+00:00
2026-04-06 11:00:00+00:00,long,EXECUTE,pullback_recovery,241599.0,1,4690.96,2026-04-06 11:30:00+00:00
2026-04-06 12:00:00+00:00,long,EXECUTE,pullback_recovery,241605.0,3,4693.54,2026-04-06 13:00:00+00:00
2026-04-06 13:00:00+00:00,long,EXECUTE,pullback_recovery,241607.0,1,4689.76,2026-04-06 13:30:00+00:00
2026-04-06 14:00:00+00:00,long,EXECUTE,pullback_recovery,241616.0,6,4676.87,2026-04-06 15:45:00+00:00
2026-04-06 15:00:00+00:00,long,EXECUTE,pullback_recovery,241616.0,2,4676.87,2026-04-06 15:45:00+00:00
2026-04-07 14:00:00+00:00,long,EXECUTE,pullback_recovery,241703.0,1,4647.32,2026-04-07 14:30:00+00:00
2026-04-07 15:00:00+00:00,long,EXECUTE,pullback_recovery,241709.0,3,4651.4,2026-04-07 16:00:00+00:00
2026-04-07 23:00:00+00:00,long,EXECUTE,pullback_recovery,241739.0,1,4710.84,2026-04-07 23:30:00+00:00
2026-04-08 08:00:00+00:00,long,EXECUTE,pullback_recovery,241772.0,2,4822.28,2026-04-08 08:45:00+00:00
2026-04-08 09:00:00+00:00,long,EXECUTE,pullback_recovery,241779.0,5,4818.31,2026-04-08 10:30:00+00:00
2026-04-08 10:00:00+00:00,long,EXECUTE,pullback_recovery,241779.0,1,4818.31,2026-04-08 10:30:00+00:00
2026-04-08 11:00:00+00:00,long,EXECUTE,pullback_recovery,241784.0,2,4793.42,2026-04-08 11:45:00+00:00
2026-04-08 12:00:00+00:00,long,EXECUTE,pullback_recovery,241788.0,2,4782.26,2026-04-08 12:45:00+00:00
2026-04-08 13:00:00+00:00,long,EXECUTE,pullback_recovery,241791.0,1,4782.6,2026-04-08 13:30:00+00:00
2026-04-08 14:00:00+00:00,long,EXECUTE,pullback_recovery,241796.0,2,4790.11,2026-04-08 14:45:00+00:00
2026-04-08 15:00:00+00:00,long,EXECUTE,pullback_recovery,241799.0,1,4783.98,2026-04-08 15:30:00+00:00
2026-04-09 07:00:00+00:00,long,EXECUTE,pullback_recovery,241860.0,2,4720.86,2026-04-09 07:45:00+00:00
2026-04-09 08:00:00+00:00,long,EXECUTE,pullback_recovery,241865.0,3,4712.88,2026-04-09 09:00:00+00:00
2026-04-09 09:00:00+00:00,long,EXECUTE,pullback_recovery,241869.0,3,4712.26,2026-04-09 10:00:00+00:00
2026-04-09 10:00:00+00:00,long,EXECUTE,pullback_recovery,241872.0,2,4722.58,2026-04-09 10:45:00+00:00
2026-04-09 11:00:00+00:00,long,EXECUTE,pullback_recovery,241876.0,2,4730.02,2026-04-09 11:45:00+00:00
2026-04-09 12:00:00+00:00,long,EXECUTE,pullback_recovery,241881.0,3,4729.24,2026-04-09 13:00:00+00:00
2026-04-09 13:00:00+00:00,long,EXECUTE,pullback_recovery,241883.0,1,4738.11,2026-04-09 13:30:00+00:00
2026-04-09 14:00:00+00:00,long,EXECUTE,pullback_recovery,241888.0,2,4751.05,2026-04-09 14:45:00+00:00
2026-04-09 15:00:00+00:00,long,EXECUTE,pullback_recovery,241892.0,2,4743.73,2026-04-09 15:45:00+00:00
2026-04-09 18:00:00+00:00,long,EXECUTE,pullback_recovery,241904.0,2,4790.29,2026-04-09 18:45:00+00:00
2026-04-10 07:00:00+00:00,long,EXECUTE,pullback_recovery,241954.0,4,4759.8,2026-04-10 08:15:00+00:00
2026-04-10 08:00:00+00:00,long,EXECUTE,pullback_recovery,241956.0,2,4764.54,2026-04-10 08:45:00+00:00
2026-04-10 09:00:00+00:00,long,EXECUTE,pullback_recovery,241961.0,3,4746.22,2026-04-10 10:00:00+00:00
2026-04-10 10:00:00+00:00,long,EXECUTE,pullback_recovery,241963.0,1,4753.61,2026-04-10 10:30:00+00:00
2026-04-10 11:00:00+00:00,long,EXECUTE,pullback_recovery,241969.0,3,4740.76,2026-04-10 12:00:00+00:00
2026-04-10 12:00:00+00:00,long,EXECUTE,pullback_recovery,241971.0,1,4748.66,2026-04-10 12:30:00+00:00
2026-04-10 13:00:00+00:00,long,EXECUTE,pullback_recovery,241975.0,1,4758.09,2026-04-10 13:30:00+00:00
2026-04-10 14:00:00+00:00,long,EXECUTE,pullback_recovery,241979.0,1,4761.54,2026-04-10 14:30:00+00:00
2026-04-10 15:00:00+00:00,long,EXECUTE,pullback_recovery,241984.0,2,4772.51,2026-04-10 15:45:00+00:00
2026-04-13 07:00:00+00:00,long,EXECUTE,pullback_recovery,242044.0,2,4718.41,2026-04-13 07:45:00+00:00
2026-04-13 08:00:00+00:00,long,EXECUTE,pullback_recovery,242049.0,3,4729.21,2026-04-13 09:00:00+00:00
2026-04-13 10:00:00+00:00,long,EXECUTE,pullback_recovery,242055.0,1,4730.95,2026-04-13 10:30:00+00:00
2026-04-13 13:00:00+00:00,long,EXECUTE,pullback_recovery,242068.0,2,4717.96,2026-04-13 13:45:00+00:00
2026-04-13 14:00:00+00:00,long,EXECUTE,pullback_recovery,242072.0,2,4707.64,2026-04-13 14:45:00+00:00
2026-04-13 15:00:00+00:00,long,EXECUTE,pullback_recovery,242077.0,3,4723.46,2026-04-13 16:00:00+00:00
2026-04-14 08:00:00+00:00,long,EXECUTE,pullback_recovery,242140.0,2,4760.98,2026-04-14 08:45:00+00:00
2026-04-14 09:00:00+00:00,long,EXECUTE,pullback_recovery,242145.0,3,4781.91,2026-04-14 10:00:00+00:00
2026-04-14 13:00:00+00:00,long,EXECUTE,pullback_recovery,242160.0,2,4767.37,2026-04-14 13:45:00+00:00
2026-04-14 14:00:00+00:00,long,EXECUTE,pullback_recovery,242165.0,3,4774.27,2026-04-14 15:00:00+00:00
2026-04-14 15:00:00+00:00,long,EXECUTE,pullback_recovery,242167.0,1,4768.82,2026-04-14 15:30:00+00:00
2026-04-15 10:00:00+00:00,short,EXECUTE,pullback_recovery,242239.0,1,4812.84,2026-04-15 10:30:00+00:00
2026-04-15 11:00:00+00:00,short,EXECUTE,pullback_recovery,242245.0,3,4818.39,2026-04-15 12:00:00+00:00
2026-04-15 12:00:00+00:00,short,EXECUTE,pullback_recovery,242247.0,1,4797.49,2026-04-15 12:30:00+00:00
2026-04-15 13:00:00+00:00,short,EXECUTE,pullback_recovery,242253.0,3,4799.96,2026-04-15 14:00:00+00:00
2026-04-15 14:00:00+00:00,short,EXECUTE,pullback_recovery,242257.0,3,4812.39,2026-04-15 15:00:00+00:00
2026-04-15 15:00:00+00:00,long,EXECUTE,pullback_recovery,242259.0,1,4812.72,2026-04-15 15:30:00+00:00
2026-04-16 07:00:00+00:00,short,EXECUTE,pullback_recovery,242322.0,4,4834.21,2026-04-16 08:15:00+00:00
2026-04-16 08:00:00+00:00,long,EXECUTE,pullback_recovery,242328.0,6,4823.99,2026-04-16 09:45:00+00:00
2026-04-16 09:00:00+00:00,short,EXECUTE,pullback_recovery,242329.0,3,4825.76,2026-04-16 10:00:00+00:00
2026-04-16 10:00:00+00:00,short,EXECUTE,pullback_recovery,242333.0,3,4820.87,2026-04-16 11:00:00+00:00
2026-04-16 11:00:00+00:00,short,EXECUTE,pullback_recovery,242339.0,5,4812.98,2026-04-16 12:30:00+00:00
2026-04-16 14:00:00+00:00,short,EXECUTE,pullback_recovery,242356.0,10,4816.21,2026-04-16 16:45:00+00:00
2026-04-16 15:00:00+00:00,short,EXECUTE,pullback_recovery,242351.0,1,4815.34,2026-04-16 15:30:00+00:00
2026-04-17 11:00:00+00:00,short,EXECUTE,pullback_recovery,242430.0,4,4793.04,2026-04-17 12:15:00+00:00
2026-04-17 12:00:00+00:00,short,EXECUTE,pullback_recovery,242432.0,2,4794.49,2026-04-17 12:45:00+00:00
2026-04-17 13:00:00+00:00,short,EXECUTE,pullback_recovery,242435.0,1,4789.49,2026-04-17 13:30:00+00:00
2026-04-17 14:00:00+00:00,long,EXECUTE,pullback_recovery,242439.0,1,4792.85,2026-04-17 14:30:00+00:00
2026-04-17 15:00:00+00:00,long,INVALIDATE,adverse_move_limit,,0,,
2026-04-20 11:00:00+00:00,long,EXECUTE,pullback_recovery,242519.0,1,4791.95,2026-04-20 11:30:00+00:00
2026-04-20 12:00:00+00:00,long,EXECUTE,pullback_recovery,242524.0,2,4792.06,2026-04-20 12:45:00+00:00
2026-04-20 13:00:00+00:00,long,EXECUTE,pullback_recovery,242529.0,3,4795.75,2026-04-20 14:00:00+00:00
2026-04-20 14:00:00+00:00,long,EXECUTE,pullback_recovery,242533.0,3,4810.43,2026-04-20 15:00:00+00:00
2026-04-21 12:00:00+00:00,short,EXECUTE,pullback_recovery,242615.0,1,4782.11,2026-04-21 12:30:00+00:00
2026-04-21 13:00:00+00:00,short,EXECUTE,pullback_recovery,242626.0,8,4791.17,2026-04-21 15:15:00+00:00
2026-04-21 14:00:00+00:00,short,EXECUTE,pullback_recovery,242625.0,3,4794.57,2026-04-21 15:00:00+00:00
2026-04-22 10:00:00+00:00,long,EXECUTE,pullback_recovery,242701.0,3,4760.5,2026-04-22 11:00:00+00:00
2026-04-23 09:00:00+00:00,short,EXECUTE,pullback_recovery,242787.0,1,4712.08,2026-04-23 09:30:00+00:00
2026-04-23 10:00:00+00:00,short,EXECUTE,pullback_recovery,242794.0,4,4718.17,2026-04-23 11:15:00+00:00
2026-04-23 11:00:00+00:00,short,EXECUTE,pullback_recovery,242796.0,2,4703.81,2026-04-23 11:45:00+00:00
2026-04-23 12:00:00+00:00,short,EXECUTE,pullback_recovery,242801.0,3,4697.34,2026-04-23 13:00:00+00:00
2026-04-23 13:00:00+00:00,short,EXECUTE,pullback_recovery,242806.0,4,4697.67,2026-04-23 14:15:00+00:00
2026-04-23 14:00:00+00:00,short,EXECUTE,pullback_recovery,242810.0,4,4729.02,2026-04-23 15:15:00+00:00
2026-04-24 10:00:00+00:00,short,EXECUTE,pullback_recovery,242887.0,5,4687.48,2026-04-24 11:30:00+00:00
2026-04-24 11:00:00+00:00,long,EXECUTE,pullback_recovery,242888.0,2,4688.09,2026-04-24 11:45:00+00:00
2026-04-24 14:00:00+00:00,short,EXECUTE,pullback_recovery,242900.0,2,4705.31,2026-04-24 14:45:00+00:00
2026-04-27 13:00:00+00:00,short,EXECUTE,pullback_recovery,242988.0,2,4709.11,2026-04-27 13:45:00+00:00
2026-04-27 14:00:00+00:00,short,EXECUTE,pullback_recovery,242991.0,1,4705.2,2026-04-27 14:30:00+00:00
2026-04-28 02:00:00+00:00,short,EXECUTE,pullback_recovery,243037.0,3,4691.87,2026-04-28 03:00:00+00:00
2026-04-28 03:00:00+00:00,short,EXECUTE,pullback_recovery,243039.0,1,4694.91,2026-04-28 03:30:00+00:00
2026-04-28 04:00:00+00:00,short,INVALIDATE,adverse_move_limit,,0,,
2026-04-28 05:00:00+00:00,short,EXECUTE,pullback_recovery,243048.0,2,4670.78,2026-04-28 05:45:00+00:00
2026-04-28 07:00:00+00:00,long,EXECUTE,pullback_recovery,243055.0,1,4667.24,2026-04-28 07:30:00+00:00
2026-04-28 08:00:00+00:00,long,EXECUTE,pullback_recovery,243061.0,3,4632.15,2026-04-28 09:00:00+00:00
2026-04-28 09:00:00+00:00,long,EXECUTE,pullback_recovery,243063.0,1,4631.33,2026-04-28 09:30:00+00:00
2026-04-28 10:00:00+00:00,long,EXECUTE,pullback_recovery,243069.0,3,4633.17,2026-04-28 11:00:00+00:00
2026-04-28 11:00:00+00:00,long,EXECUTE,pullback_recovery,243071.0,1,4626.79,2026-04-28 11:30:00+00:00
2026-04-28 12:00:00+00:00,long,INVALIDATE,adverse_move_limit,,9,,
2026-04-28 13:00:00+00:00,long,EXECUTE,pullback_recovery,243083.0,5,4599.34,2026-04-28 14:30:00+00:00
2026-04-28 14:00:00+00:00,long,EXECUTE,pullback_recovery,243085.0,3,4562.6,2026-04-28 15:00:00+00:00
2026-04-28 15:00:00+00:00,long,EXECUTE,pullback_recovery,243088.0,2,4586.88,2026-04-28 15:45:00+00:00
2026-04-29 08:00:00+00:00,long,INVALIDATE,adverse_move_limit,,11,,
2026-04-30 05:00:00+00:00,long,EXECUTE,pullback_recovery,243233.0,3,4564.67,2026-04-30 06:00:00+00:00
2026-04-30 06:00:00+00:00,long,EXECUTE,pullback_recovery,243238.0,4,4555.12,2026-04-30 07:15:00+00:00
2026-04-30 08:00:00+00:00,long,EXECUTE,pullback_recovery,243244.0,2,4563.76,2026-04-30 08:45:00+00:00
2026-05-01 07:00:00+00:00,long,EXECUTE,pullback_recovery,243334.0,4,4614.1,2026-05-01 08:15:00+00:00
2026-05-01 08:00:00+00:00,long,EXECUTE,pullback_recovery,243337.0,3,4604.62,2026-05-01 09:00:00+00:00
2026-05-01 09:00:00+00:00,long,EXECUTE,pullback_recovery,243340.0,2,4593.24,2026-05-01 09:45:00+00:00
2026-05-01 10:00:00+00:00,long,EXECUTE,pullback_recovery,243345.0,3,4578.12,2026-05-01 11:00:00+00:00
2026-05-01 11:00:00+00:00,long,EXECUTE,pullback_recovery,243348.0,2,4570.94,2026-05-01 11:45:00+00:00
2026-05-01 15:00:00+00:00,long,EXECUTE,pullback_recovery,243363.0,1,4602.66,2026-05-01 15:30:00+00:00
2026-05-04 08:00:00+00:00,long,EXECUTE,pullback_recovery,243428.0,2,4598.76,2026-05-04 08:45:00+00:00
2026-05-04 09:00:00+00:00,long,EXECUTE,pullback_recovery,243433.0,3,4588.63,2026-05-04 10:00:00+00:00
2026-05-04 10:00:00+00:00,long,EXECUTE,pullback_recovery,243438.0,4,4580.18,2026-05-04 11:15:00+00:00
2026-05-05 07:00:00+00:00,long,EXECUTE,pullback_recovery,243516.0,2,4531.69,2026-05-05 07:45:00+00:00
2026-05-05 14:00:00+00:00,long,EXECUTE,pullback_recovery,243544.0,2,4563.34,2026-05-05 14:45:00+00:00
2026-05-05 15:00:00+00:00,long,EXECUTE,pullback_recovery,243547.0,1,4573.81,2026-05-05 15:30:00+00:00
2026-05-06 08:00:00+00:00,long,EXECUTE,pullback_recovery,243613.0,3,4662.82,2026-05-06 09:00:00+00:00
2026-05-06 09:00:00+00:00,long,EXECUTE,pullback_recovery,243615.0,1,4666.05,2026-05-06 09:30:00+00:00
2026-05-06 10:00:00+00:00,long,EXECUTE,pullback_recovery,243621.0,3,4681.48,2026-05-06 11:00:00+00:00
2026-05-06 11:00:00+00:00,long,INVALIDATE,adverse_move_limit,,1,,
2026-05-06 12:00:00+00:00,long,EXECUTE,pullback_recovery,243627.0,1,4700.07,2026-05-06 12:30:00+00:00
2026-05-06 13:00:00+00:00,long,EXECUTE,pullback_recovery,243632.0,2,4714.19,2026-05-06 13:45:00+00:00
2026-05-06 14:00:00+00:00,long,INVALIDATE,adverse_move_limit,,4,,
2026-05-07 11:00:00+00:00,short,EXECUTE,pullback_recovery,243716.0,2,4735.17,2026-05-07 11:45:00+00:00
2026-05-07 12:00:00+00:00,short,EXECUTE,pullback_recovery,243721.0,3,4728.94,2026-05-07 13:00:00+00:00
2026-05-07 13:00:00+00:00,short,EXECUTE,pullback_recovery,243725.0,3,4735.63,2026-05-07 14:00:00+00:00
2026-05-07 14:00:00+00:00,short,EXECUTE,pullback_recovery,243730.0,4,4744.07,2026-05-07 15:15:00+00:00
2026-05-08 10:00:00+00:00,short,EXECUTE,pullback_recovery,243803.0,1,4706.68,2026-05-08 10:30:00+00:00
2026-05-08 11:00:00+00:00,short,EXECUTE,pullback_recovery,243807.0,1,4716.85,2026-05-08 11:30:00+00:00
2026-05-08 12:00:00+00:00,short,EXECUTE,pullback_recovery,243812.0,2,4713.28,2026-05-08 12:45:00+00:00
2026-05-11 10:00:00+00:00,long,EXECUTE,pullback_recovery,243897.0,3,4667.72,2026-05-11 11:00:00+00:00
2026-05-11 11:00:00+00:00,long,EXECUTE,pullback_recovery,243902.0,4,4667.47,2026-05-11 12:15:00+00:00
2026-05-11 12:00:00+00:00,long,EXECUTE,pullback_recovery,243904.0,2,4662.87,2026-05-11 12:45:00+00:00
2026-05-11 13:00:00+00:00,long,EXECUTE,pullback_recovery,243907.0,1,4663.38,2026-05-11 13:30:00+00:00
2026-05-11 14:00:00+00:00,long,EXECUTE,pullback_recovery,243911.0,1,4671.78,2026-05-11 14:30:00+00:00
2026-05-12 10:00:00+00:00,long,EXECUTE,pullback_recovery,243987.0,1,4697.99,2026-05-12 10:30:00+00:00
2026-05-12 11:00:00+00:00,long,EXECUTE,pullback_recovery,243991.0,1,4702.93,2026-05-12 11:30:00+00:00
2026-05-12 12:00:00+00:00,long,EXECUTE,pullback_recovery,243995.0,1,4699.6,2026-05-12 12:30:00+00:00
2026-05-12 13:00:00+00:00,long,EXECUTE,pullback_recovery,244000.0,2,4690.59,2026-05-12 13:45:00+00:00
2026-05-12 14:00:00+00:00,long,EXECUTE,pullback_recovery,244003.0,1,4700.08,2026-05-12 14:30:00+00:00
2026-05-12 15:00:00+00:00,long,EXECUTE,pullback_recovery,244008.0,2,4703.04,2026-05-12 15:45:00+00:00
2026-05-13 07:00:00+00:00,long,EXECUTE,pullback_recovery,244067.0,1,4701.27,2026-05-13 07:30:00+00:00
2026-05-13 08:00:00+00:00,long,EXECUTE,pullback_recovery,244073.0,3,4703.92,2026-05-13 09:00:00+00:00
2026-05-13 09:00:00+00:00,long,EXECUTE,pullback_recovery,244077.0,3,4701.38,2026-05-13 10:00:00+00:00
2026-05-13 10:00:00+00:00,long,EXECUTE,pullback_recovery,244081.0,3,4702.72,2026-05-13 11:00:00+00:00
2026-05-13 11:00:00+00:00,long,EXECUTE,pullback_recovery,244085.0,3,4700.67,2026-05-13 12:00:00+00:00
2026-05-13 12:00:00+00:00,long,EXECUTE,pullback_recovery,244088.0,2,4694.02,2026-05-13 12:45:00+00:00
2026-05-13 13:00:00+00:00,long,EXECUTE,pullback_recovery,244094.0,4,4698.97,2026-05-13 14:15:00+00:00
2026-05-13 14:00:00+00:00,long,EXECUTE,pullback_recovery,244095.0,1,4698.39,2026-05-13 14:30:00+00:00
2026-05-14 08:00:00+00:00,short,EXECUTE,pullback_recovery,244163.0,1,4693.66,2026-05-14 08:30:00+00:00
2026-05-14 09:00:00+00:00,short,EXECUTE,pullback_recovery,244169.0,3,4699.97,2026-05-14 10:00:00+00:00
2026-05-14 10:00:00+00:00,short,EXECUTE,pullback_recovery,244173.0,3,4693.14,2026-05-14 11:00:00+00:00
2026-05-14 11:00:00+00:00,short,EXECUTE,pullback_recovery,244176.0,2,4696.84,2026-05-14 11:45:00+00:00
2026-05-14 12:00:00+00:00,short,EXECUTE,pullback_recovery,244181.0,3,4699.52,2026-05-14 13:00:00+00:00
2026-05-14 13:00:00+00:00,short,EXECUTE,pullback_recovery,244183.0,1,4697.48,2026-05-14 13:30:00+00:00
2026-05-14 14:00:00+00:00,short,EXECUTE,pullback_recovery,244187.0,1,4691.99,2026-05-14 14:30:00+00:00
2026-05-14 15:00:00+00:00,long,EXECUTE,pullback_recovery,244191.0,1,4702.72,2026-05-14 15:30:00+00:00
2026-05-15 09:00:00+00:00,short,EXECUTE,pullback_recovery,244260.0,2,4567.44,2026-05-15 09:45:00+00:00
2026-05-15 12:00:00+00:00,short,EXECUTE,pullback_recovery,244272.0,2,4543.44,2026-05-15 12:45:00+00:00
2026-05-15 15:00:00+00:00,short,EXECUTE,pullback_recovery,244284.0,2,4545.55,2026-05-15 15:45:00+00:00
2026-05-18 09:00:00+00:00,short,EXECUTE,pullback_recovery,244354.0,4,4543.5,2026-05-18 10:15:00+00:00
2026-05-18 11:00:00+00:00,short,EXECUTE,pullback_recovery,244360.0,2,4548.19,2026-05-18 11:45:00+00:00
2026-05-18 12:00:00+00:00,short,EXECUTE,pullback_recovery,244363.0,1,4544.84,2026-05-18 12:30:00+00:00
2026-05-18 14:00:00+00:00,short,EXECUTE,pullback_recovery,244373.0,3,4550.52,2026-05-18 15:00:00+00:00
2026-05-19 11:00:00+00:00,long,EXECUTE,pullback_recovery,244452.0,2,4543.22,2026-05-19 11:45:00+00:00
2026-05-19 13:00:00+00:00,long,EXECUTE,pullback_recovery,244461.0,3,4544.6,2026-05-19 14:00:00+00:00
2026-05-19 14:00:00+00:00,long,EXECUTE,pullback_recovery,244466.0,4,4542.18,2026-05-19 15:15:00+00:00
2026-05-19 15:00:00+00:00,long,INVALIDATE,adverse_move_limit,,4,,
2026-05-20 07:00:00+00:00,long,EXECUTE,pullback_recovery,244529.0,3,4461.97,2026-05-20 08:00:00+00:00
2026-05-20 09:00:00+00:00,long,EXECUTE,pullback_recovery,244535.0,1,4471.73,2026-05-20 09:30:00+00:00
2026-05-21 07:00:00+00:00,long,EXECUTE,pullback_recovery,244619.0,1,4539.71,2026-05-21 07:30:00+00:00
2026-05-21 08:00:00+00:00,long,EXECUTE,pullback_recovery,244624.0,2,4526.07,2026-05-21 08:45:00+00:00
2026-05-21 09:00:00+00:00,long,EXECUTE,pullback_recovery,244629.0,3,4521.47,2026-05-21 10:00:00+00:00
2026-05-21 11:00:00+00:00,long,EXECUTE,pullback_recovery,244635.0,1,4535.47,2026-05-21 11:30:00+00:00
2026-05-21 12:00:00+00:00,long,EXECUTE,pullback_recovery,244641.0,3,4530.61,2026-05-21 13:00:00+00:00
2026-05-21 13:00:00+00:00,long,EXECUTE,pullback_recovery,244644.0,2,4516.96,2026-05-21 13:45:00+00:00
2026-05-22 09:00:00+00:00,long,EXECUTE,pullback_recovery,244719.0,1,4525.28,2026-05-22 09:30:00+00:00
2026-05-22 10:00:00+00:00,long,EXECUTE,pullback_recovery,244724.0,2,4519.79,2026-05-22 10:45:00+00:00
2026-05-22 11:00:00+00:00,long,EXECUTE,pullback_recovery,244728.0,2,4522.47,2026-05-22 11:45:00+00:00
2026-05-22 12:00:00+00:00,long,EXECUTE,pullback_recovery,244732.0,2,4525.19,2026-05-22 12:45:00+00:00
2026-05-22 13:00:00+00:00,long,EXECUTE,pullback_recovery,244737.0,3,4514.62,2026-05-22 14:00:00+00:00
2026-05-22 14:00:00+00:00,long,EXECUTE,pullback_recovery,244740.0,2,4521.69,2026-05-22 14:45:00+00:00
2026-05-22 15:00:00+00:00,long,EXECUTE,pullback_recovery,244745.0,3,4528.02,2026-05-22 16:00:00+00:00
2026-05-25 12:00:00+00:00,short,EXECUTE,pullback_recovery,244825.0,3,4567.63,2026-05-25 13:00:00+00:00
2026-05-25 13:00:00+00:00,short,EXECUTE,pullback_recovery,244827.0,1,4570.66,2026-05-25 13:30:00+00:00
2026-05-25 14:00:00+00:00,short,EXECUTE,pullback_recovery,244831.0,1,4571.42,2026-05-25 14:30:00+00:00
2026-05-26 07:00:00+00:00,long,EXECUTE,pullback_recovery,244887.0,3,4525.4,2026-05-26 08:00:00+00:00
2026-05-26 08:00:00+00:00,long,EXECUTE,pullback_recovery,244891.0,3,4527.19,2026-05-26 09:00:00+00:00
2026-05-26 11:00:00+00:00,short,EXECUTE,pullback_recovery,244901.0,1,4522.18,2026-05-26 11:30:00+00:00
2026-05-27 07:00:00+00:00,long,EXECUTE,pullback_recovery,244978.0,2,4508.33,2026-05-27 07:45:00+00:00
2026-05-27 08:00:00+00:00,long,EXECUTE,pullback_recovery,244983.0,3,4497.25,2026-05-27 09:00:00+00:00
2026-05-27 09:00:00+00:00,long,EXECUTE,pullback_recovery,244985.0,1,4486.03,2026-05-27 09:30:00+00:00
2026-05-28 09:00:00+00:00,short,EXECUTE,pullback_recovery,245078.0,2,4380.2,2026-05-28 09:45:00+00:00
2026-05-28 10:00:00+00:00,short,EXECUTE,pullback_recovery,245082.0,2,4389.28,2026-05-28 10:45:00+00:00
2026-05-28 11:00:00+00:00,short,EXECUTE,pullback_recovery,245085.0,1,4389.61,2026-05-28 11:30:00+00:00
2026-05-28 12:00:00+00:00,short,EXECUTE,pullback_recovery,245090.0,2,4391.09,2026-05-28 12:45:00+00:00
2026-05-28 13:00:00+00:00,short,EXECUTE,pullback_recovery,245094.0,2,4389.07,2026-05-28 13:45:00+00:00
2026-05-28 14:00:00+00:00,short,EXECUTE,pullback_recovery,245097.0,1,4384.86,2026-05-28 14:30:00+00:00
2026-05-29 08:00:00+00:00,long,EXECUTE,pullback_recovery,245167.0,3,4515.04,2026-05-29 09:00:00+00:00
2026-05-29 09:00:00+00:00,long,EXECUTE,pullback_recovery,245171.0,3,4523.42,2026-05-29 10:00:00+00:00
2026-05-29 13:00:00+00:00,long,EXECUTE,pullback_recovery,245186.0,2,4537.93,2026-05-29 13:45:00+00:00
2026-05-29 14:00:00+00:00,long,EXECUTE,pullback_recovery,245191.0,3,4538.44,2026-05-29 15:00:00+00:00
2026-05-29 15:00:00+00:00,long,EXECUTE,pullback_recovery,245193.0,1,4522.28,2026-05-29 15:30:00+00:00
2026-06-01 10:00:00+00:00,short,EXECUTE,pullback_recovery,245265.0,1,4503.92,2026-06-01 10:30:00+00:00
2026-06-01 11:00:00+00:00,short,EXECUTE,pullback_recovery,245271.0,3,4497.94,2026-06-01 12:00:00+00:00
2026-06-01 12:00:00+00:00,short,EXECUTE,pullback_recovery,245273.0,1,4496.32,2026-06-01 12:30:00+00:00
2026-06-01 13:00:00+00:00,short,EXECUTE,pullback_recovery,245279.0,3,4503.8,2026-06-01 14:00:00+00:00
2026-06-01 14:00:00+00:00,short,EXECUTE,pullback_recovery,245282.0,2,4507.11,2026-06-01 14:45:00+00:00
2026-06-01 15:00:00+00:00,short,EXECUTE,pullback_recovery,245287.0,3,4502.13,2026-06-01 16:00:00+00:00
2026-06-02 07:00:00+00:00,long,EXECUTE,pullback_recovery,245347.0,3,4517.33,2026-06-02 08:00:00+00:00
2026-06-02 08:00:00+00:00,long,INVALIDATE,max_wait_exceeded,,16,,
2026-06-02 09:00:00+00:00,long,EXECUTE,pullback_recovery,245353.0,1,4533.15,2026-06-02 09:30:00+00:00
2026-06-02 15:00:00+00:00,long,EXECUTE,pullback_recovery,245380.0,4,4514.04,2026-06-02 16:15:00+00:00
2026-06-03 09:00:00+00:00,long,EXECUTE,pullback_recovery,245445.0,1,4462.28,2026-06-03 09:30:00+00:00
2026-06-03 10:00:00+00:00,long,EXECUTE,pullback_recovery,245452.0,4,4455.7,2026-06-03 11:15:00+00:00
2026-06-03 11:00:00+00:00,long,EXECUTE,pullback_recovery,245455.0,3,4443.59,2026-06-03 12:00:00+00:00
2026-06-03 12:00:00+00:00,long,EXECUTE,pullback_recovery,245458.0,2,4446.48,2026-06-03 12:45:00+00:00
2026-06-03 13:00:00+00:00,long,EXECUTE,pullback_recovery,245461.0,1,4459.85,2026-06-03 13:30:00+00:00
2026-06-03 14:00:00+00:00,long,EXECUTE,pullback_recovery,245465.0,1,4464.49,2026-06-03 14:30:00+00:00
2026-06-03 15:00:00+00:00,long,EXECUTE,pullback_recovery,245470.0,2,4458.72,2026-06-03 15:45:00+00:00
2026-06-04 08:00:00+00:00,long,EXECUTE,pullback_recovery,245535.0,3,4469.17,2026-06-04 09:00:00+00:00
2026-06-04 09:00:00+00:00,long,EXECUTE,pullback_recovery,245539.0,3,4467.8,2026-06-04 10:00:00+00:00
2026-06-04 10:00:00+00:00,short,EXECUTE,pullback_recovery,245541.0,1,4465.13,2026-06-04 10:30:00+00:00
2026-06-04 11:00:00+00:00,short,EXECUTE,pullback_recovery,245545.0,1,4463.47,2026-06-04 11:30:00+00:00
2026-06-04 12:00:00+00:00,short,EXECUTE,pullback_recovery,245551.0,3,4470.31,2026-06-04 13:00:00+00:00
2026-06-04 13:00:00+00:00,short,EXECUTE,pullback_recovery,245556.0,4,4473.44,2026-06-04 14:15:00+00:00
2026-06-04 14:00:00+00:00,short,EXECUTE,pullback_recovery,245559.0,3,4511.31,2026-06-04 15:00:00+00:00
2026-06-05 12:00:00+00:00,long,EXECUTE,pullback_recovery,245642.0,2,4465.82,2026-06-05 12:45:00+00:00
2026-06-05 13:00:00+00:00,long,EXECUTE,pullback_recovery,245645.0,1,4465.96,2026-06-05 13:30:00+00:00
2026-06-05 14:00:00+00:00,long,EXECUTE,pullback_recovery,245649.0,1,4466.02,2026-06-05 14:30:00+00:00
2026-06-08 11:00:00+00:00,short,EXECUTE,pullback_recovery,245729.0,1,4287.98,2026-06-08 11:30:00+00:00
2026-06-08 12:00:00+00:00,short,EXECUTE,pullback_recovery,245734.0,2,4293.54,2026-06-08 12:45:00+00:00
2026-06-08 13:00:00+00:00,short,EXECUTE,pullback_recovery,245739.0,3,4301.97,2026-06-08 14:00:00+00:00
2026-06-10 07:00:00+00:00,long,EXECUTE,pullback_recovery,245899.0,3,4174.81,2026-06-10 08:00:00+00:00
2026-06-10 11:00:00+00:00,short,EXECUTE,pullback_recovery,245913.0,1,4172.18,2026-06-10 11:30:00+00:00
2026-06-10 12:00:00+00:00,short,EXECUTE,pullback_recovery,245917.0,1,4166.26,2026-06-10 12:30:00+00:00
2026-06-10 14:00:00+00:00,short,EXECUTE,pullback_recovery,245926.0,2,4154.39,2026-06-10 14:45:00+00:00
2026-06-11 14:00:00+00:00,long,EXECUTE,pullback_recovery,246022.0,6,4073.1,2026-06-11 15:45:00+00:00
2026-06-11 15:00:00+00:00,long,EXECUTE,pullback_recovery,246022.0,2,4073.1,2026-06-11 15:45:00+00:00
2026-06-12 08:00:00+00:00,long,EXECUTE,pullback_recovery,246087.0,3,4173.12,2026-06-12 09:00:00+00:00
2026-06-12 09:00:00+00:00,long,EXECUTE,pullback_recovery,246089.0,1,4182.0,2026-06-12 09:30:00+00:00
2026-06-16 09:00:00+00:00,short,EXECUTE,pullback_recovery,246276.0,4,4325.85,2026-06-16 10:15:00+00:00
2026-06-16 10:00:00+00:00,short,EXECUTE,pullback_recovery,246285.0,9,4339.88,2026-06-16 12:30:00+00:00
2026-06-16 11:00:00+00:00,short,EXECUTE,pullback_recovery,246284.0,4,4346.09,2026-06-16 12:15:00+00:00
2026-06-16 12:00:00+00:00,short,EXECUTE,pullback_recovery,246285.0,1,4339.88,2026-06-16 12:30:00+00:00
2026-06-16 13:00:00+00:00,short,EXECUTE,pullback_recovery,246300.0,12,4343.55,2026-06-16 16:15:00+00:00
2026-06-16 14:00:00+00:00,short,EXECUTE,pullback_recovery,246293.0,1,4341.91,2026-06-16 14:30:00+00:00
2026-06-16 15:00:00+00:00,short,INVALIDATE,max_wait_exceeded,,16,,
2026-06-17 07:00:00+00:00,short,EXECUTE,pullback_recovery,246357.0,1,4324.42,2026-06-17 07:30:00+00:00
2026-06-17 08:00:00+00:00,short,EXECUTE,pullback_recovery,246362.0,2,4329.6,2026-06-17 08:45:00+00:00
2026-06-17 09:00:00+00:00,short,EXECUTE,pullback_recovery,246368.0,4,4327.06,2026-06-17 10:15:00+00:00
2026-06-17 10:00:00+00:00,short,EXECUTE,pullback_recovery,246371.0,3,4325.1,2026-06-17 11:00:00+00:00
2026-06-17 11:00:00+00:00,short,EXECUTE,pullback_recovery,246376.0,4,4325.22,2026-06-17 12:15:00+00:00
2026-06-17 12:00:00+00:00,short,EXECUTE,pullback_recovery,246378.0,2,4328.39,2026-06-17 12:45:00+00:00
2026-06-17 13:00:00+00:00,short,EXECUTE,pullback_recovery,246383.0,3,4331.29,2026-06-17 14:00:00+00:00
2026-06-17 14:00:00+00:00,short,EXECUTE,pullback_recovery,246386.0,2,4325.9,2026-06-17 14:45:00+00:00
2026-06-17 15:00:00+00:00,short,EXECUTE,pullback_recovery,246391.0,3,4333.49,2026-06-17 16:00:00+00:00
2026-06-19 12:00:00+00:00,short,EXECUTE,pullback_recovery,246561.0,1,4162.69,2026-06-19 12:30:00+00:00
2026-06-19 13:00:00+00:00,short,EXECUTE,pullback_recovery,246565.0,1,4153.67,2026-06-19 13:30:00+00:00
2026-06-19 14:00:00+00:00,short,EXECUTE,pullback_recovery,246571.0,3,4152.59,2026-06-19 15:00:00+00:00
2026-06-22 11:00:00+00:00,short,INVALIDATE,max_wait_exceeded,,16,,
2026-06-22 12:00:00+00:00,long,EXECUTE,pullback_recovery,246639.0,2,4206.9,2026-06-22 12:45:00+00:00
2026-06-22 13:00:00+00:00,long,EXECUTE,pullback_recovery,246644.0,3,4204.68,2026-06-22 14:00:00+00:00
2026-06-22 14:00:00+00:00,long,EXECUTE,pullback_recovery,246647.0,2,4206.63,2026-06-22 14:45:00+00:00
2026-06-23 07:00:00+00:00,long,EXECUTE,pullback_recovery,246712.0,3,4118.0,2026-06-23 08:00:00+00:00
2026-06-24 13:00:00+00:00,short,EXECUTE,pullback_recovery,246828.0,3,4055.59,2026-06-24 14:00:00+00:00
2026-06-25 10:00:00+00:00,long,EXECUTE,pullback_recovery,246906.0,1,3984.93,2026-06-25 10:30:00+00:00
2026-06-25 11:00:00+00:00,long,EXECUTE,pullback_recovery,246910.0,1,3993.62,2026-06-25 11:30:00+00:00
2026-06-25 12:00:00+00:00,long,EXECUTE,pullback_recovery,246915.0,2,3988.36,2026-06-25 12:45:00+00:00
2026-06-25 15:00:00+00:00,long,EXECUTE,pullback_recovery,246927.0,2,4005.47,2026-06-25 15:45:00+00:00
2026-06-26 13:00:00+00:00,long,EXECUTE,pullback_recovery,247012.0,3,4054.65,2026-06-26 14:00:00+00:00
2026-06-26 23:00:00+00:00,long,EXECUTE,pullback_recovery,247052.0,3,4082.53,2026-06-29 01:00:00+00:00
2026-06-29 07:00:00+00:00,long,EXECUTE,pullback_recovery,247080.0,3,4052.04,2026-06-29 08:00:00+00:00
2026-06-29 08:00:00+00:00,long,EXECUTE,pullback_recovery,247083.0,2,4050.38,2026-06-29 08:45:00+00:00
2026-06-29 09:00:00+00:00,long,EXECUTE,pullback_recovery,247086.0,1,4060.73,2026-06-29 09:30:00+00:00
2026-06-29 10:00:00+00:00,long,EXECUTE,pullback_recovery,247090.0,1,4066.05,2026-06-29 10:30:00+00:00
2026-06-29 11:00:00+00:00,long,EXECUTE,pullback_recovery,247096.0,3,4047.0,2026-06-29 12:00:00+00:00
2026-06-29 12:00:00+00:00,long,EXECUTE,pullback_recovery,247100.0,3,4031.47,2026-06-29 13:00:00+00:00
2026-06-29 13:00:00+00:00,long,EXECUTE,pullback_recovery,247102.0,1,4037.29,2026-06-29 13:30:00+00:00
2026-06-29 14:00:00+00:00,long,EXECUTE,pullback_recovery,247107.0,2,4035.23,2026-06-29 14:45:00+00:00
2026-06-30 08:00:00+00:00,long,EXECUTE,pullback_recovery,247175.0,2,3979.18,2026-06-30 08:45:00+00:00
2026-06-30 14:00:00+00:00,long,EXECUTE,pullback_recovery,247199.0,2,4034.5,2026-06-30 14:45:00+00:00
2026-07-01 07:00:00+00:00,long,EXECUTE,pullback_recovery,247262.0,1,3977.46,2026-07-01 07:30:00+00:00
2026-07-01 09:00:00+00:00,short,EXECUTE,pullback_recovery,247271.0,2,3971.58,2026-07-01 09:45:00+00:00
2026-07-01 10:00:00+00:00,short,EXECUTE,pullback_recovery,247276.0,3,3975.99,2026-07-01 11:00:00+00:00
2026-07-01 11:00:00+00:00,short,EXECUTE,pullback_recovery,247278.0,1,3978.7,2026-07-01 11:30:00+00:00
2026-07-01 12:00:00+00:00,short,EXECUTE,pullback_recovery,247284.0,3,3984.55,2026-07-01 13:00:00+00:00
2026-07-01 13:00:00+00:00,short,INVALIDATE,adverse_move_limit,,4,,
2026-07-01 14:00:00+00:00,long,EXECUTE,pullback_recovery,247290.0,1,4026.57,2026-07-01 14:30:00+00:00
2026-07-02 07:00:00+00:00,long,EXECUTE,pullback_recovery,247359.0,6,4061.6,2026-07-02 08:45:00+00:00
2026-07-02 08:00:00+00:00,long,EXECUTE,pullback_recovery,247359.0,2,4061.6,2026-07-02 08:45:00+00:00
2026-07-02 09:00:00+00:00,long,EXECUTE,pullback_recovery,247362.0,1,4074.0,2026-07-02 09:30:00+00:00
2026-07-02 10:00:00+00:00,long,EXECUTE,pullback_recovery,247367.0,2,4074.33,2026-07-02 10:45:00+00:00
2026-07-02 11:00:00+00:00,long,EXECUTE,pullback_recovery,247370.0,1,4074.93,2026-07-02 11:30:00+00:00
2026-07-02 12:00:00+00:00,long,EXECUTE,pullback_recovery,247378.0,5,4066.09,2026-07-02 13:30:00+00:00
2026-07-02 13:00:00+00:00,long,EXECUTE,pullback_recovery,247378.0,1,4066.09,2026-07-02 13:30:00+00:00
2026-07-02 14:00:00+00:00,long,EXECUTE,pullback_recovery,247382.0,1,4065.54,2026-07-02 14:30:00+00:00
2026-07-03 08:00:00+00:00,long,EXECUTE,pullback_recovery,247452.0,3,4170.99,2026-07-03 09:00:00+00:00
2026-07-03 09:00:00+00:00,long,EXECUTE,pullback_recovery,247455.0,2,4170.79,2026-07-03 09:45:00+00:00
2026-07-03 10:00:00+00:00,long,EXECUTE,pullback_recovery,247458.0,1,4175.32,2026-07-03 10:30:00+00:00
2026-07-03 11:00:00+00:00,short,EXECUTE,pullback_recovery,247462.0,1,4183.06,2026-07-03 11:30:00+00:00
2026-07-03 12:00:00+00:00,short,EXECUTE,pullback_recovery,247466.0,1,4171.76,2026-07-03 12:30:00+00:00
2026-07-03 13:00:00+00:00,short,EXECUTE,pullback_recovery,247470.0,1,4178.43,2026-07-03 13:30:00+00:00
2026-07-03 14:00:00+00:00,short,EXECUTE,pullback_recovery,247474.0,1,4182.97,2026-07-03 14:30:00+00:00
2026-07-03 15:00:00+00:00,long,EXECUTE,pullback_recovery,247478.0,1,4174.7,2026-07-03 15:30:00+00:00
2026-07-06 11:00:00+00:00,long,EXECUTE,pullback_recovery,247540.0,3,4150.31,2026-07-06 12:00:00+00:00
2026-07-07 02:00:00+00:00,short,EXECUTE,pullback_recovery,247596.0,3,4157.13,2026-07-07 03:00:00+00:00
2026-07-07 03:00:00+00:00,short,EXECUTE,pullback_recovery,247599.0,2,4149.54,2026-07-07 03:45:00+00:00
2026-07-07 08:00:00+00:00,short,EXECUTE,pullback_recovery,247619.0,2,4122.36,2026-07-07 08:45:00+00:00
2026-07-07 10:00:00+00:00,short,EXECUTE,pullback_recovery,247626.0,1,4126.54,2026-07-07 10:30:00+00:00
2026-07-07 12:00:00+00:00,short,EXECUTE,pullback_recovery,247636.0,3,4131.2,2026-07-07 13:00:00+00:00
2026-07-07 13:00:00+00:00,short,EXECUTE,pullback_recovery,247639.0,2,4135.66,2026-07-07 13:45:00+00:00
2026-07-07 15:00:00+00:00,long,EXECUTE,pullback_recovery,247648.0,3,4172.3,2026-07-07 16:00:00+00:00
2026-07-08 08:00:00+00:00,long,EXECUTE,pullback_recovery,247711.0,2,4128.24,2026-07-08 08:45:00+00:00
2026-07-08 09:00:00+00:00,long,EXECUTE,pullback_recovery,247718.0,5,4120.3,2026-07-08 10:30:00+00:00
2026-07-08 10:00:00+00:00,long,EXECUTE,pullback_recovery,247718.0,1,4120.3,2026-07-08 10:30:00+00:00
2026-07-09 09:00:00+00:00,short,EXECUTE,pullback_recovery,247809.0,4,4101.57,2026-07-09 10:15:00+00:00
2026-07-09 10:00:00+00:00,short,EXECUTE,pullback_recovery,247811.0,2,4109.15,2026-07-09 10:45:00+00:00
2026-07-09 11:00:00+00:00,short,EXECUTE,pullback_recovery,247816.0,3,4108.29,2026-07-09 12:00:00+00:00
2026-07-09 12:00:00+00:00,short,EXECUTE,pullback_recovery,247818.0,1,4108.48,2026-07-09 12:30:00+00:00
2026-07-09 13:00:00+00:00,short,EXECUTE,pullback_recovery,247824.0,3,4099.06,2026-07-09 14:00:00+00:00
2026-07-09 14:00:00+00:00,short,EXECUTE,pullback_recovery,247828.0,3,4108.61,2026-07-09 15:00:00+00:00
2026-07-10 10:00:00+00:00,long,EXECUTE,pullback_recovery,247904.0,3,4108.89,2026-07-10 11:00:00+00:00
2026-07-10 11:00:00+00:00,long,EXECUTE,pullback_recovery,247908.0,3,4097.89,2026-07-10 12:00:00+00:00
2026-07-10 12:00:00+00:00,long,EXECUTE,pullback_recovery,247910.0,1,4102.67,2026-07-10 12:30:00+00:00
2026-07-10 13:00:00+00:00,long,EXECUTE,pullback_recovery,247919.0,6,4106.61,2026-07-10 14:45:00+00:00
2026-07-10 14:00:00+00:00,long,EXECUTE,pullback_recovery,247919.0,2,4106.61,2026-07-10 14:45:00+00:00
2026-07-10 15:00:00+00:00,long,EXECUTE,pullback_recovery,247924.0,3,4100.99,2026-07-10 16:00:00+00:00
